
  .   ____          _            __ _ _
 /\\ / ___'_ __ _ _(_)_ __  __ _ \ \ \ \
( ( )\___ | '_ | '_| | '_ \/ _` | \ \ \ \
 \\/  ___)| |_)| | | | | || (_| |  ) ) ) )
  '  |____| .__|_| |_|_| |_\__, | / / / /
 =========|_|==============|___/=/_/_/_/
 :: Spring Boot ::               (v2.7.18)

2026-03-28 11:14:11.631  INFO 17828 --- [           main] c.e.T.TigoStarSystemApplication          : Starting TigoStarSystemApplication using Java 1.8.0_471 on DESKTOP-B4OJ8TG with PID 17828 (D:\Nueva carpeta (4)\version3\BackMakiro-backV3\target\classes started by Stefania in D:\Nueva carpeta (4)\version3\BackMakiro-backV3)
2026-03-28 11:14:11.656 DEBUG 17828 --- [           main] c.e.T.TigoStarSystemApplication          : Running with Spring Boot v2.7.18, Spring v5.3.31
2026-03-28 11:14:11.658  INFO 17828 --- [           main] c.e.T.TigoStarSystemApplication          : No active profile set, falling back to 1 default profile: "default"
2026-03-28 11:14:11.658 DEBUG 17828 --- [           main] o.s.boot.SpringApplication               : Loading source class com.example.TigoStarSystem.TigoStarSystemApplication
2026-03-28 11:14:11.681 DEBUG 17828 --- [           main] ConfigServletWebServerApplicationContext : Refreshing org.springframework.boot.web.servlet.context.AnnotationConfigServletWebServerApplicationContext@4e07b95f
2026-03-28 11:14:12.725 DEBUG 17828 --- [           main] .s.b.w.e.t.TomcatServletWebServerFactory : Code archive: C:\Users\Stefania\.m2\repository\org\springframework\boot\spring-boot\2.7.18\spring-boot-2.7.18.jar
2026-03-28 11:14:12.736 DEBUG 17828 --- [           main] .s.b.w.e.t.TomcatServletWebServerFactory : Code archive: C:\Users\Stefania\.m2\repository\org\springframework\boot\spring-boot\2.7.18\spring-boot-2.7.18.jar
2026-03-28 11:14:12.736 DEBUG 17828 --- [           main] .s.b.w.e.t.TomcatServletWebServerFactory : None of the document roots [src/main/webapp, public, static] point to a directory and will be ignored.
2026-03-28 11:14:12.749  INFO 17828 --- [           main] o.s.b.w.embedded.tomcat.TomcatWebServer  : Tomcat initialized with port(s): 8089 (http)
2026-03-28 11:14:12.756  INFO 17828 --- [           main] o.apache.catalina.core.StandardService   : Starting service [Tomcat]
2026-03-28 11:14:12.757  INFO 17828 --- [           main] org.apache.catalina.core.StandardEngine  : Starting Servlet engine: [Apache Tomcat/9.0.83]
2026-03-28 11:14:12.869  INFO 17828 --- [           main] o.a.c.c.C.[Tomcat].[localhost].[/]       : Initializing Spring embedded WebApplicationContext
2026-03-28 11:14:12.870 DEBUG 17828 --- [           main] w.s.c.ServletWebServerApplicationContext : Published root WebApplicationContext as ServletContext attribute with name [org.springframework.web.context.WebApplicationContext.ROOT]
2026-03-28 11:14:12.871  INFO 17828 --- [           main] w.s.c.ServletWebServerApplicationContext : Root WebApplicationContext: initialization completed in 1190 ms
2026-03-28 11:14:12.898 DEBUG 17828 --- [           main] o.s.b.w.s.ServletContextInitializerBeans : Mapping filters: filterRegistrationBean urls=[/*] order=-2147483648, characterEncodingFilter urls=[/*] order=-2147483648, formContentFilter urls=[/*] order=-9900, requestContextFilter urls=[/*] order=-105
2026-03-28 11:14:12.899 DEBUG 17828 --- [           main] o.s.b.w.s.ServletContextInitializerBeans : Mapping servlets: dispatcherServlet urls=[/]
2026-03-28 11:14:12.912 DEBUG 17828 --- [           main] o.s.b.w.s.f.OrderedRequestContextFilter  : Filter 'requestContextFilter' configured for use
2026-03-28 11:14:12.913 DEBUG 17828 --- [           main] o.springframework.web.filter.CorsFilter  : Filter 'corsFilter' configured for use
2026-03-28 11:14:12.914 DEBUG 17828 --- [           main] s.b.w.s.f.OrderedCharacterEncodingFilter : Filter 'characterEncodingFilter' configured for use
2026-03-28 11:14:12.914 DEBUG 17828 --- [           main] o.s.b.w.s.f.OrderedFormContentFilter     : Filter 'formContentFilter' configured for use
2026-03-28 11:14:12.945 DEBUG 17828 --- [           main] com.zaxxer.hikari.HikariConfig           : Driver class com.microsoft.sqlserver.jdbc.SQLServerDriver found in Thread context class loader sun.misc.Launcher$AppClassLoader@7506e922
2026-03-28 11:14:13.000 DEBUG 17828 --- [           main] com.zaxxer.hikari.HikariConfig           : Driver class com.microsoft.sqlserver.jdbc.SQLServerDriver found in Thread context class loader sun.misc.Launcher$AppClassLoader@7506e922
2026-03-28 11:14:13.001 DEBUG 17828 --- [           main] com.zaxxer.hikari.HikariConfig           : CentralHikariPool - configuration:
2026-03-28 11:14:13.002 DEBUG 17828 --- [           main] com.zaxxer.hikari.HikariConfig           : allowPoolSuspension................................false
2026-03-28 11:14:13.003 DEBUG 17828 --- [           main] com.zaxxer.hikari.HikariConfig           : autoCommit................................true
2026-03-28 11:14:13.004 DEBUG 17828 --- [           main] com.zaxxer.hikari.HikariConfig           : catalog................................none
2026-03-28 11:14:13.004 DEBUG 17828 --- [           main] com.zaxxer.hikari.HikariConfig           : connectionInitSql................................none
2026-03-28 11:14:13.005 DEBUG 17828 --- [           main] com.zaxxer.hikari.HikariConfig           : connectionTestQuery................................"SELECT 1"
2026-03-28 11:14:13.006 DEBUG 17828 --- [           main] com.zaxxer.hikari.HikariConfig           : connectionTimeout................................15000
2026-03-28 11:14:13.006 DEBUG 17828 --- [           main] com.zaxxer.hikari.HikariConfig           : dataSource................................none
2026-03-28 11:14:13.007 DEBUG 17828 --- [           main] com.zaxxer.hikari.HikariConfig           : dataSourceClassName................................none
2026-03-28 11:14:13.007 DEBUG 17828 --- [           main] com.zaxxer.hikari.HikariConfig           : dataSourceJNDI................................none
2026-03-28 11:14:13.008 DEBUG 17828 --- [           main] com.zaxxer.hikari.HikariConfig           : dataSourceProperties................................{password=<masked>}
2026-03-28 11:14:13.009 DEBUG 17828 --- [           main] com.zaxxer.hikari.HikariConfig           : driverClassName................................"com.microsoft.sqlserver.jdbc.SQLServerDriver"
2026-03-28 11:14:13.010 DEBUG 17828 --- [           main] com.zaxxer.hikari.HikariConfig           : exceptionOverrideClassName................................none
2026-03-28 11:14:13.011 DEBUG 17828 --- [           main] com.zaxxer.hikari.HikariConfig           : healthCheckProperties................................{}
2026-03-28 11:14:13.012 DEBUG 17828 --- [           main] com.zaxxer.hikari.HikariConfig           : healthCheckRegistry................................none
2026-03-28 11:14:13.012 DEBUG 17828 --- [           main] com.zaxxer.hikari.HikariConfig           : idleTimeout................................300000
2026-03-28 11:14:13.015 DEBUG 17828 --- [           main] com.zaxxer.hikari.HikariConfig           : initializationFailTimeout................................-1
2026-03-28 11:14:13.015 DEBUG 17828 --- [           main] com.zaxxer.hikari.HikariConfig           : isolateInternalQueries................................false
2026-03-28 11:14:13.016 DEBUG 17828 --- [           main] com.zaxxer.hikari.HikariConfig           : jdbcUrl................................jdbc:sqlserver://172.16.0.13;databaseName=BDControlOrdenes;encrypt=false;trustServerCertificate=true
2026-03-28 11:14:13.016 DEBUG 17828 --- [           main] com.zaxxer.hikari.HikariConfig           : keepaliveTime................................120000
2026-03-28 11:14:13.017 DEBUG 17828 --- [           main] com.zaxxer.hikari.HikariConfig           : leakDetectionThreshold................................0
2026-03-28 11:14:13.018 DEBUG 17828 --- [           main] com.zaxxer.hikari.HikariConfig           : maxLifetime................................900000
2026-03-28 11:14:13.018 DEBUG 17828 --- [           main] com.zaxxer.hikari.HikariConfig           : maximumPoolSize................................10
2026-03-28 11:14:13.019 DEBUG 17828 --- [           main] com.zaxxer.hikari.HikariConfig           : metricRegistry................................none
2026-03-28 11:14:13.020 DEBUG 17828 --- [           main] com.zaxxer.hikari.HikariConfig           : metricsTrackerFactory................................none
2026-03-28 11:14:13.021 DEBUG 17828 --- [           main] com.zaxxer.hikari.HikariConfig           : minimumIdle................................0
2026-03-28 11:14:13.023 DEBUG 17828 --- [           main] com.zaxxer.hikari.HikariConfig           : password................................<masked>
2026-03-28 11:14:13.024 DEBUG 17828 --- [           main] com.zaxxer.hikari.HikariConfig           : poolName................................"CentralHikariPool"
2026-03-28 11:14:13.024 DEBUG 17828 --- [           main] com.zaxxer.hikari.HikariConfig           : readOnly................................false
2026-03-28 11:14:13.025 DEBUG 17828 --- [           main] com.zaxxer.hikari.HikariConfig           : registerMbeans................................false
2026-03-28 11:14:13.025 DEBUG 17828 --- [           main] com.zaxxer.hikari.HikariConfig           : scheduledExecutor................................none
2026-03-28 11:14:13.026 DEBUG 17828 --- [           main] com.zaxxer.hikari.HikariConfig           : schema................................none
2026-03-28 11:14:13.027 DEBUG 17828 --- [           main] com.zaxxer.hikari.HikariConfig           : threadFactory................................internal
2026-03-28 11:14:13.027 DEBUG 17828 --- [           main] com.zaxxer.hikari.HikariConfig           : transactionIsolation................................default
2026-03-28 11:14:13.028 DEBUG 17828 --- [           main] com.zaxxer.hikari.HikariConfig           : username................................"sistemas"
2026-03-28 11:14:13.029 DEBUG 17828 --- [           main] com.zaxxer.hikari.HikariConfig           : validationTimeout................................5000
2026-03-28 11:14:13.032  INFO 17828 --- [           main] com.zaxxer.hikari.HikariDataSource       : CentralHikariPool - Starting...
2026-03-28 11:14:13.039  INFO 17828 --- [           main] com.zaxxer.hikari.HikariDataSource       : CentralHikariPool - Start completed.
2026-03-28 11:14:13.092 DEBUG 17828 --- [           main] o.s.j.d.DriverManagerDataSource          : Loaded JDBC driver: com.microsoft.sqlserver.jdbc.SQLServerDriver
2026-03-28 11:14:13.147 DEBUG 17828 --- [ool housekeeper] com.zaxxer.hikari.pool.HikariPool        : CentralHikariPool - Before cleanup stats (total=0, active=0, idle=0, waiting=0)
2026-03-28 11:14:13.148 DEBUG 17828 --- [ool housekeeper] com.zaxxer.hikari.pool.HikariPool        : CentralHikariPool - After cleanup  stats (total=0, active=0, idle=0, waiting=0)
2026-03-28 11:14:13.148 DEBUG 17828 --- [ool housekeeper] com.zaxxer.hikari.pool.HikariPool        : CentralHikariPool - Fill pool skipped, pool is at sufficient level.
2026-03-28 11:14:13.269 DEBUG 17828 --- [           main] o.s.b.a.AutoConfigurationPackages        : @EnableAutoConfiguration was declared on a class in the package 'com.example.TigoStarSystem'. Automatic @Repository and @Entity scanning is enabled.
2026-03-28 11:14:13.311 DEBUG 17828 --- [           main] s.w.s.m.m.a.RequestMappingHandlerAdapter : ControllerAdvice beans: 0 @ModelAttribute, 0 @InitBinder, 1 RequestBodyAdvice, 1 ResponseBodyAdvice
2026-03-28 11:14:13.417 DEBUG 17828 --- [           main] s.w.s.m.m.a.RequestMappingHandlerMapping : 76 mappings in 'requestMappingHandlerMapping'
2026-03-28 11:14:13.431 DEBUG 17828 --- [           main] o.s.w.s.handler.SimpleUrlHandlerMapping  : Patterns [/webjars/**, /**, /swagger-ui*/*swagger-initializer.js, /swagger-ui*/**] in 'resourceHandlerMapping'
2026-03-28 11:14:13.438 DEBUG 17828 --- [           main] .m.m.a.ExceptionHandlerExceptionResolver : ControllerAdvice beans: 2 @ExceptionHandler, 1 ResponseBodyAdvice
2026-03-28 11:14:13.509  INFO 17828 --- [           main] o.s.b.w.embedded.tomcat.TomcatWebServer  : Tomcat started on port(s): 8089 (http) with context path ''
2026-03-28 11:14:13.531 DEBUG 17828 --- [           main] ConditionEvaluationReportLoggingListener : 


============================
CONDITIONS EVALUATION REPORT
============================


Positive matches:
-----------------

   AopAutoConfiguration matched:
      - @ConditionalOnProperty (spring.aop.auto=true) matched (OnPropertyCondition)

   AopAutoConfiguration.ClassProxyingConfiguration matched:
      - @ConditionalOnMissingClass did not find unwanted class 'org.aspectj.weaver.Advice' (OnClassCondition)
      - @ConditionalOnProperty (spring.aop.proxy-target-class=true) matched (OnPropertyCondition)

   ApplicationAvailabilityAutoConfiguration#applicationAvailability matched:
      - @ConditionalOnMissingBean (types: org.springframework.boot.availability.ApplicationAvailability; SearchStrategy: all) did not find any beans (OnBeanCondition)

   DataSourceAutoConfiguration matched:
      - @ConditionalOnClass found required classes 'javax.sql.DataSource', 'org.springframework.jdbc.datasource.embedded.EmbeddedDatabaseType' (OnClassCondition)
      - @ConditionalOnMissingBean (types: io.r2dbc.spi.ConnectionFactory; SearchStrategy: all) did not find any beans (OnBeanCondition)

   DataSourceAutoConfiguration.PooledDataSourceConfiguration matched:
      - AnyNestedCondition 1 matched 1 did not; NestedCondition on DataSourceAutoConfiguration.PooledDataSourceCondition.PooledDataSourceAvailable PooledDataSource found supported DataSource; NestedCondition on DataSourceAutoConfiguration.PooledDataSourceCondition.ExplicitType @ConditionalOnProperty (spring.datasource.type) did not find property 'type' (DataSourceAutoConfiguration.PooledDataSourceCondition)
      - @ConditionalOnMissingBean (types: javax.sql.DataSource,javax.sql.XADataSource; SearchStrategy: all) did not find any beans (OnBeanCondition)

   DataSourceConfiguration.Hikari matched:
      - @ConditionalOnClass found required class 'com.zaxxer.hikari.HikariDataSource' (OnClassCondition)
      - @ConditionalOnProperty (spring.datasource.type=com.zaxxer.hikari.HikariDataSource) matched (OnPropertyCondition)
      - @ConditionalOnMissingBean (types: javax.sql.DataSource; SearchStrategy: all) did not find any beans (OnBeanCondition)

   DataSourceInitializationConfiguration matched:
      - @ConditionalOnClass found required class 'org.springframework.jdbc.datasource.init.DatabasePopulator' (OnClassCondition)
      - @ConditionalOnSingleCandidate (types: javax.sql.DataSource; SearchStrategy: all) found a single bean 'dataSource'; @ConditionalOnMissingBean (types: org.springframework.boot.autoconfigure.sql.init.SqlDataSourceScriptDatabaseInitializer,org.springframework.boot.autoconfigure.sql.init.SqlR2dbcScriptDatabaseInitializer; SearchStrategy: all) did not find any beans (OnBeanCondition)

   DataSourceJmxConfiguration matched:
      - @ConditionalOnProperty (spring.jmx.enabled=true) matched (OnPropertyCondition)

   DataSourceJmxConfiguration.Hikari matched:
      - @ConditionalOnClass found required class 'com.zaxxer.hikari.HikariDataSource' (OnClassCondition)
      - @ConditionalOnSingleCandidate (types: javax.sql.DataSource; SearchStrategy: all) found a single bean 'dataSource' (OnBeanCondition)

   DataSourcePoolMetadataProvidersConfiguration.HikariPoolDataSourceMetadataProviderConfiguration matched:
      - @ConditionalOnClass found required class 'com.zaxxer.hikari.HikariDataSource' (OnClassCondition)

   DataSourceTransactionManagerAutoConfiguration matched:
      - @ConditionalOnClass found required classes 'org.springframework.jdbc.core.JdbcTemplate', 'org.springframework.transaction.TransactionManager' (OnClassCondition)

   DataSourceTransactionManagerAutoConfiguration.JdbcTransactionManagerConfiguration matched:
      - @ConditionalOnSingleCandidate (types: javax.sql.DataSource; SearchStrategy: all) found a single bean 'dataSource' (OnBeanCondition)

   DataSourceTransactionManagerAutoConfiguration.JdbcTransactionManagerConfiguration#transactionManager matched:
      - @ConditionalOnMissingBean (types: org.springframework.transaction.TransactionManager; SearchStrategy: all) did not find any beans (OnBeanCondition)

   DispatcherServletAutoConfiguration matched:
      - @ConditionalOnClass found required class 'org.springframework.web.servlet.DispatcherServlet' (OnClassCondition)
      - found 'session' scope (OnWebApplicationCondition)

   DispatcherServletAutoConfiguration.DispatcherServletConfiguration matched:
      - @ConditionalOnClass found required class 'javax.servlet.ServletRegistration' (OnClassCondition)
      - Default DispatcherServlet did not find dispatcher servlet beans (DispatcherServletAutoConfiguration.DefaultDispatcherServletCondition)

   DispatcherServletAutoConfiguration.DispatcherServletRegistrationConfiguration matched:
      - @ConditionalOnClass found required class 'javax.servlet.ServletRegistration' (OnClassCondition)
      - DispatcherServlet Registration did not find servlet registration bean (DispatcherServletAutoConfiguration.DispatcherServletRegistrationCondition)

   DispatcherServletAutoConfiguration.DispatcherServletRegistrationConfiguration#dispatcherServletRegistration matched:
      - @ConditionalOnBean (names: dispatcherServlet types: org.springframework.web.servlet.DispatcherServlet; SearchStrategy: all) found bean 'dispatcherServlet' (OnBeanCondition)

   EmbeddedWebServerFactoryCustomizerAutoConfiguration matched:
      - @ConditionalOnWebApplication (required) found 'session' scope (OnWebApplicationCondition)
      - @ConditionalOnWarDeployment the application is not deployed as a WAR file. (OnWarDeploymentCondition)

   EmbeddedWebServerFactoryCustomizerAutoConfiguration.TomcatWebServerFactoryCustomizerConfiguration matched:
      - @ConditionalOnClass found required classes 'org.apache.catalina.startup.Tomcat', 'org.apache.coyote.UpgradeProtocol' (OnClassCondition)

   ErrorMvcAutoConfiguration matched:
      - @ConditionalOnClass found required classes 'javax.servlet.Servlet', 'org.springframework.web.servlet.DispatcherServlet' (OnClassCondition)
      - found 'session' scope (OnWebApplicationCondition)

   ErrorMvcAutoConfiguration#basicErrorController matched:
      - @ConditionalOnMissingBean (types: org.springframework.boot.web.servlet.error.ErrorController; SearchStrategy: current) did not find any beans (OnBeanCondition)

   ErrorMvcAutoConfiguration#errorAttributes matched:
      - @ConditionalOnMissingBean (types: org.springframework.boot.web.servlet.error.ErrorAttributes; SearchStrategy: current) did not find any beans (OnBeanCondition)

   ErrorMvcAutoConfiguration.DefaultErrorViewResolverConfiguration#conventionErrorViewResolver matched:
      - @ConditionalOnBean (types: org.springframework.web.servlet.DispatcherServlet; SearchStrategy: all) found bean 'dispatcherServlet'; @ConditionalOnMissingBean (types: org.springframework.boot.autoconfigure.web.servlet.error.ErrorViewResolver; SearchStrategy: all) did not find any beans (OnBeanCondition)

   ErrorMvcAutoConfiguration.WhitelabelErrorViewConfiguration matched:
      - @ConditionalOnProperty (server.error.whitelabel.enabled) matched (OnPropertyCondition)
      - ErrorTemplate Missing did not find error template view (ErrorMvcAutoConfiguration.ErrorTemplateMissingCondition)

   ErrorMvcAutoConfiguration.WhitelabelErrorViewConfiguration#beanNameViewResolver matched:
      - @ConditionalOnMissingBean (types: org.springframework.web.servlet.view.BeanNameViewResolver; SearchStrategy: all) did not find any beans (OnBeanCondition)

   ErrorMvcAutoConfiguration.WhitelabelErrorViewConfiguration#defaultErrorView matched:
      - @ConditionalOnMissingBean (names: error; SearchStrategy: all) did not find any beans (OnBeanCondition)

   GenericCacheConfiguration matched:
      - Cache org.springframework.boot.autoconfigure.cache.GenericCacheConfiguration automatic cache type (CacheCondition)

   HttpEncodingAutoConfiguration matched:
      - @ConditionalOnClass found required class 'org.springframework.web.filter.CharacterEncodingFilter' (OnClassCondition)
      - found 'session' scope (OnWebApplicationCondition)
      - @ConditionalOnProperty (server.servlet.encoding.enabled) matched (OnPropertyCondition)

   HttpEncodingAutoConfiguration#characterEncodingFilter matched:
      - @ConditionalOnMissingBean (types: org.springframework.web.filter.CharacterEncodingFilter; SearchStrategy: all) did not find any beans (OnBeanCondition)

   HttpMessageConvertersAutoConfiguration matched:
      - @ConditionalOnClass found required class 'org.springframework.http.converter.HttpMessageConverter' (OnClassCondition)
      - NoneNestedConditions 0 matched 1 did not; NestedCondition on HttpMessageConvertersAutoConfiguration.NotReactiveWebApplicationCondition.ReactiveWebApplication did not find reactive web application classes (HttpMessageConvertersAutoConfiguration.NotReactiveWebApplicationCondition)

   HttpMessageConvertersAutoConfiguration#messageConverters matched:
      - @ConditionalOnMissingBean (types: org.springframework.boot.autoconfigure.http.HttpMessageConverters; SearchStrategy: all) did not find any beans (OnBeanCondition)

   HttpMessageConvertersAutoConfiguration.StringHttpMessageConverterConfiguration matched:
      - @ConditionalOnClass found required class 'org.springframework.http.converter.StringHttpMessageConverter' (OnClassCondition)

   HttpMessageConvertersAutoConfiguration.StringHttpMessageConverterConfiguration#stringHttpMessageConverter matched:
      - @ConditionalOnMissingBean (types: org.springframework.http.converter.StringHttpMessageConverter; SearchStrategy: all) did not find any beans (OnBeanCondition)

   JacksonAutoConfiguration matched:
      - @ConditionalOnClass found required class 'com.fasterxml.jackson.databind.ObjectMapper' (OnClassCondition)

   JacksonAutoConfiguration.Jackson2ObjectMapperBuilderCustomizerConfiguration matched:
      - @ConditionalOnClass found required class 'org.springframework.http.converter.json.Jackson2ObjectMapperBuilder' (OnClassCondition)

   JacksonAutoConfiguration.JacksonObjectMapperBuilderConfiguration matched:
      - @ConditionalOnClass found required class 'org.springframework.http.converter.json.Jackson2ObjectMapperBuilder' (OnClassCondition)

   JacksonAutoConfiguration.JacksonObjectMapperBuilderConfiguration#jacksonObjectMapperBuilder matched:
      - @ConditionalOnMissingBean (types: org.springframework.http.converter.json.Jackson2ObjectMapperBuilder; SearchStrategy: all) did not find any beans (OnBeanCondition)

   JacksonAutoConfiguration.JacksonObjectMapperConfiguration matched:
      - @ConditionalOnClass found required class 'org.springframework.http.converter.json.Jackson2ObjectMapperBuilder' (OnClassCondition)

   JacksonAutoConfiguration.JacksonObjectMapperConfiguration#jacksonObjectMapper matched:
      - @ConditionalOnMissingBean (types: com.fasterxml.jackson.databind.ObjectMapper; SearchStrategy: all) did not find any beans (OnBeanCondition)

   JacksonAutoConfiguration.ParameterNamesModuleConfiguration matched:
      - @ConditionalOnClass found required class 'com.fasterxml.jackson.module.paramnames.ParameterNamesModule' (OnClassCondition)

   JacksonAutoConfiguration.ParameterNamesModuleConfiguration#parameterNamesModule matched:
      - @ConditionalOnMissingBean (types: com.fasterxml.jackson.module.paramnames.ParameterNamesModule; SearchStrategy: all) did not find any beans (OnBeanCondition)

   JacksonHttpMessageConvertersConfiguration.MappingJackson2HttpMessageConverterConfiguration matched:
      - @ConditionalOnClass found required class 'com.fasterxml.jackson.databind.ObjectMapper' (OnClassCondition)
      - @ConditionalOnProperty (spring.mvc.converters.preferred-json-mapper=jackson) matched (OnPropertyCondition)
      - @ConditionalOnBean (types: com.fasterxml.jackson.databind.ObjectMapper; SearchStrategy: all) found bean 'jacksonObjectMapper' (OnBeanCondition)

   JacksonHttpMessageConvertersConfiguration.MappingJackson2HttpMessageConverterConfiguration#mappingJackson2HttpMessageConverter matched:
      - @ConditionalOnMissingBean (types: org.springframework.http.converter.json.MappingJackson2HttpMessageConverter ignored: org.springframework.hateoas.server.mvc.TypeConstrainedMappingJackson2HttpMessageConverter,org.springframework.data.rest.webmvc.alps.AlpsJsonHttpMessageConverter; SearchStrategy: all) did not find any beans (OnBeanCondition)

   JdbcTemplateAutoConfiguration matched:
      - @ConditionalOnClass found required classes 'javax.sql.DataSource', 'org.springframework.jdbc.core.JdbcTemplate' (OnClassCondition)
      - @ConditionalOnSingleCandidate (types: javax.sql.DataSource; SearchStrategy: all) found a single bean 'dataSource' (OnBeanCondition)

   LifecycleAutoConfiguration#defaultLifecycleProcessor matched:
      - @ConditionalOnMissingBean (names: lifecycleProcessor; SearchStrategy: current) did not find any beans (OnBeanCondition)

   MailSenderAutoConfiguration matched:
      - @ConditionalOnClass found required classes 'javax.mail.internet.MimeMessage', 'javax.activation.MimeType', 'org.springframework.mail.MailSender' (OnClassCondition)
      - AnyNestedCondition 1 matched 1 did not; NestedCondition on MailSenderAutoConfiguration.MailSenderCondition.JndiNameProperty @ConditionalOnProperty (spring.mail.jndi-name) did not find property 'jndi-name'; NestedCondition on MailSenderAutoConfiguration.MailSenderCondition.HostProperty @ConditionalOnProperty (spring.mail.host) matched (MailSenderAutoConfiguration.MailSenderCondition)
      - @ConditionalOnMissingBean (types: org.springframework.mail.MailSender; SearchStrategy: all) did not find any beans (OnBeanCondition)

   MailSenderPropertiesConfiguration matched:
      - @ConditionalOnProperty (spring.mail.host) matched (OnPropertyCondition)

   MailSenderPropertiesConfiguration#mailSender matched:
      - @ConditionalOnMissingBean (types: org.springframework.mail.javamail.JavaMailSender; SearchStrategy: all) did not find any beans (OnBeanCondition)

   MultipartAutoConfiguration matched:
      - @ConditionalOnClass found required classes 'javax.servlet.Servlet', 'org.springframework.web.multipart.support.StandardServletMultipartResolver', 'javax.servlet.MultipartConfigElement' (OnClassCondition)
      - found 'session' scope (OnWebApplicationCondition)
      - @ConditionalOnProperty (spring.servlet.multipart.enabled) matched (OnPropertyCondition)

   MultipartAutoConfiguration#multipartConfigElement matched:
      - @ConditionalOnMissingBean (types: javax.servlet.MultipartConfigElement,org.springframework.web.multipart.commons.CommonsMultipartResolver; SearchStrategy: all) did not find any beans (OnBeanCondition)

   MultipartAutoConfiguration#multipartResolver matched:
      - @ConditionalOnMissingBean (types: org.springframework.web.multipart.MultipartResolver; SearchStrategy: all) did not find any beans (OnBeanCondition)

   NamedParameterJdbcTemplateConfiguration matched:
      - @ConditionalOnSingleCandidate (types: org.springframework.jdbc.core.JdbcTemplate; SearchStrategy: all) found a single primary bean 'jdbcTemplate' from beans 'jdbcTemplate', 'centralJdbcTemplate'; @ConditionalOnMissingBean (types: org.springframework.jdbc.core.namedparam.NamedParameterJdbcOperations; SearchStrategy: all) did not find any beans (OnBeanCondition)

   NoOpCacheConfiguration matched:
      - Cache org.springframework.boot.autoconfigure.cache.NoOpCacheConfiguration automatic cache type (CacheCondition)

   PersistenceExceptionTranslationAutoConfiguration matched:
      - @ConditionalOnClass found required class 'org.springframework.dao.annotation.PersistenceExceptionTranslationPostProcessor' (OnClassCondition)

   PersistenceExceptionTranslationAutoConfiguration#persistenceExceptionTranslationPostProcessor matched:
      - @ConditionalOnProperty (spring.dao.exceptiontranslation.enabled) matched (OnPropertyCondition)
      - @ConditionalOnMissingBean (types: org.springframework.dao.annotation.PersistenceExceptionTranslationPostProcessor; SearchStrategy: all) did not find any beans (OnBeanCondition)

   PropertyPlaceholderAutoConfiguration#propertySourcesPlaceholderConfigurer matched:
      - @ConditionalOnMissingBean (types: org.springframework.context.support.PropertySourcesPlaceholderConfigurer; SearchStrategy: current) did not find any beans (OnBeanCondition)

   RestTemplateAutoConfiguration matched:
      - @ConditionalOnClass found required class 'org.springframework.web.client.RestTemplate' (OnClassCondition)
      - NoneNestedConditions 0 matched 1 did not; NestedCondition on RestTemplateAutoConfiguration.NotReactiveWebApplicationCondition.ReactiveWebApplication did not find reactive web application classes (RestTemplateAutoConfiguration.NotReactiveWebApplicationCondition)

   RestTemplateAutoConfiguration#restTemplateBuilder matched:
      - @ConditionalOnMissingBean (types: org.springframework.boot.web.client.RestTemplateBuilder; SearchStrategy: all) did not find any beans (OnBeanCondition)

   RestTemplateAutoConfiguration#restTemplateBuilderConfigurer matched:
      - @ConditionalOnMissingBean (types: org.springframework.boot.autoconfigure.web.client.RestTemplateBuilderConfigurer; SearchStrategy: all) did not find any beans (OnBeanCondition)

   ServletWebServerFactoryAutoConfiguration matched:
      - @ConditionalOnClass found required class 'javax.servlet.ServletRequest' (OnClassCondition)
      - found 'session' scope (OnWebApplicationCondition)

   ServletWebServerFactoryAutoConfiguration#tomcatServletWebServerFactoryCustomizer matched:
      - @ConditionalOnClass found required class 'org.apache.catalina.startup.Tomcat' (OnClassCondition)

   ServletWebServerFactoryConfiguration.EmbeddedTomcat matched:
      - @ConditionalOnClass found required classes 'javax.servlet.Servlet', 'org.apache.catalina.startup.Tomcat', 'org.apache.coyote.UpgradeProtocol' (OnClassCondition)
      - @ConditionalOnMissingBean (types: org.springframework.boot.web.servlet.server.ServletWebServerFactory; SearchStrategy: current) did not find any beans (OnBeanCondition)

   SimpleCacheConfiguration matched:
      - Cache org.springframework.boot.autoconfigure.cache.SimpleCacheConfiguration automatic cache type (CacheCondition)

   SpringDocConfigProperties matched:
      - @ConditionalOnProperty (springdoc.api-docs.enabled) matched (OnPropertyCondition)

   SpringDocConfiguration matched:
      - @ConditionalOnWebApplication (required) found 'session' scope (OnWebApplicationCondition)
      - @ConditionalOnProperty (springdoc.api-docs.enabled) matched (OnPropertyCondition)

   SpringDocConfiguration#fileSupportConverter matched:
      - @ConditionalOnMissingBean (types: org.springdoc.core.converters.FileSupportConverter; SearchStrategy: all) did not find any beans (OnBeanCondition)

   SpringDocConfiguration#openAPIBuilder matched:
      - @ConditionalOnMissingBean (types: org.springdoc.core.OpenAPIService; SearchStrategy: all) did not find any beans (OnBeanCondition)

   SpringDocConfiguration#operationBuilder matched:
      - @ConditionalOnMissingBean (types: org.springdoc.core.OperationService; SearchStrategy: all) did not find any beans (OnBeanCondition)

   SpringDocConfiguration#parameterBuilder matched:
      - @ConditionalOnMissingBean (types: org.springdoc.core.GenericParameterService; SearchStrategy: all) did not find any beans (OnBeanCondition)

   SpringDocConfiguration#polymorphicModelConverter matched:
      - @ConditionalOnProperty (springdoc.model-converters.polymorphic-converter.enabled) matched (OnPropertyCondition)
      - @ConditionalOnMissingBean (types: org.springdoc.core.converters.PolymorphicModelConverter; SearchStrategy: all) did not find any beans (OnBeanCondition)

   SpringDocConfiguration#requestBodyBuilder matched:
      - @ConditionalOnMissingBean (types: org.springdoc.core.RequestBodyService; SearchStrategy: all) did not find any beans (OnBeanCondition)

   SpringDocConfiguration#responseSupportConverter matched:
      - @ConditionalOnMissingBean (types: org.springdoc.core.converters.ResponseSupportConverter; SearchStrategy: all) did not find any beans (OnBeanCondition)

   SpringDocConfiguration#schemaPropertyDeprecatingConverter matched:
      - @ConditionalOnProperty (springdoc.model-converters.deprecating-converter.enabled) matched (OnPropertyCondition)
      - @ConditionalOnMissingBean (types: org.springdoc.core.converters.SchemaPropertyDeprecatingConverter; SearchStrategy: all) did not find any beans (OnBeanCondition)

   SpringDocConfiguration#securityParser matched:
      - @ConditionalOnMissingBean (types: org.springdoc.core.SecurityService; SearchStrategy: all) did not find any beans (OnBeanCondition)

   SpringDocConfiguration#springDocCustomizers matched:
      - @ConditionalOnMissingBean (types: org.springdoc.core.customizers.SpringDocCustomizers; SearchStrategy: all) did not find any beans (OnBeanCondition)

   SpringDocConfiguration#springDocObjectMapperProvider matched:
      - @ConditionalOnMissingBean (types: org.springdoc.core.providers.ObjectMapperProvider; SearchStrategy: all) did not find any beans (OnBeanCondition)

   SpringDocConfiguration#springDocProviders matched:
      - @ConditionalOnMissingBean (types: org.springdoc.core.SpringDocProviders; SearchStrategy: all) did not find any beans (OnBeanCondition)

   SpringDocConfiguration.SpringDocSpringDataWebPropertiesProvider matched:
      - @ConditionalOnClass found required class 'org.springframework.boot.autoconfigure.data.web.SpringDataWebProperties' (OnClassCondition)

   SpringDocConfiguration.SpringDocSpringDataWebPropertiesProvider#springDataWebPropertiesProvider matched:
      - @ConditionalOnMissingBean (types: org.springdoc.core.providers.SpringDataWebPropertiesProvider; SearchStrategy: all) did not find any beans (OnBeanCondition)

   SpringDocConfiguration.WebConversionServiceConfiguration matched:
      - @ConditionalOnClass found required class 'org.springframework.boot.autoconfigure.web.format.WebConversionService' (OnClassCondition)

   SpringDocUIConfiguration matched:
      - @ConditionalOnWebApplication (required) found 'session' scope (OnWebApplicationCondition)
      - @ConditionalOnExpression (#{${springdoc.api-docs.enabled:true}}) resulted in true (OnExpressionCondition)
      - @ConditionalOnBean (types: org.springdoc.core.SpringDocConfiguration; SearchStrategy: all) found bean 'org.springdoc.core.SpringDocConfiguration' (OnBeanCondition)

   SpringDocWebMvcConfiguration matched:
      - found 'session' scope (OnWebApplicationCondition)
      - @ConditionalOnProperty (springdoc.api-docs.enabled) matched (OnPropertyCondition)
      - @ConditionalOnBean (types: org.springdoc.core.SpringDocConfiguration; SearchStrategy: all) found bean 'org.springdoc.core.SpringDocConfiguration' (OnBeanCondition)

   SpringDocWebMvcConfiguration#openApiResource matched:
      - @ConditionalOnProperty (springdoc.use-management-port=false) matched (OnPropertyCondition)
      - @ConditionalOnMissingBean (types: org.springdoc.webmvc.api.OpenApiWebMvcResource; SearchStrategy: all) did not find any beans (OnBeanCondition)

   SpringDocWebMvcConfiguration#requestBuilder matched:
      - @ConditionalOnMissingBean (types: org.springdoc.webmvc.core.RequestService; SearchStrategy: all) did not find any beans (OnBeanCondition)

   SpringDocWebMvcConfiguration#responseBuilder matched:
      - @ConditionalOnMissingBean (types: org.springdoc.core.GenericResponseService; SearchStrategy: all) did not find any beans (OnBeanCondition)

   SpringDocWebMvcConfiguration#springWebProvider matched:
      - @ConditionalOnMissingBean (types: org.springdoc.core.providers.SpringWebProvider; SearchStrategy: all) did not find any beans (OnBeanCondition)

   SpringDocWebMvcConfiguration.SpringDocWebMvcRouterConfiguration matched:
      - @ConditionalOnClass found required class 'org.springframework.web.servlet.function.RouterFunction' (OnClassCondition)

   SpringDocWebMvcConfiguration.SpringDocWebMvcRouterConfiguration#routerFunctionProvider matched:
      - @ConditionalOnMissingBean (types: org.springdoc.webmvc.core.RouterFunctionWebMvcProvider; SearchStrategy: all) did not find any beans (OnBeanCondition)

   SqlInitializationAutoConfiguration matched:
      - @ConditionalOnProperty (spring.sql.init.enabled) matched (OnPropertyCondition)
      - NoneNestedConditions 0 matched 1 did not; NestedCondition on SqlInitializationAutoConfiguration.SqlInitializationModeCondition.ModeIsNever @ConditionalOnProperty (spring.sql.init.mode=never) did not find property 'mode' (SqlInitializationAutoConfiguration.SqlInitializationModeCondition)

   SwaggerConfig matched:
      - found 'session' scope (OnWebApplicationCondition)
      - @ConditionalOnProperty (springdoc.swagger-ui.enabled) matched (OnPropertyCondition)
      - @ConditionalOnBean (types: org.springdoc.core.SpringDocConfiguration; SearchStrategy: all) found bean 'org.springdoc.core.SpringDocConfiguration' (OnBeanCondition)

   SwaggerConfig#indexPageTransformer matched:
      - @ConditionalOnMissingBean (types: org.springdoc.webmvc.ui.SwaggerIndexTransformer; SearchStrategy: all) did not find any beans (OnBeanCondition)

   SwaggerConfig#swaggerConfigResource matched:
      - @ConditionalOnProperty (springdoc.use-management-port=false) matched (OnPropertyCondition)
      - @ConditionalOnMissingBean (types: org.springdoc.webmvc.ui.SwaggerConfigResource; SearchStrategy: all) did not find any beans (OnBeanCondition)

   SwaggerConfig#swaggerResourceResolver matched:
      - @ConditionalOnMissingBean (types: org.springdoc.webmvc.ui.SwaggerResourceResolver; SearchStrategy: all) did not find any beans (OnBeanCondition)

   SwaggerConfig#swaggerWebMvcConfigurer matched:
      - @ConditionalOnMissingBean (types: org.springdoc.webmvc.ui.SwaggerWebMvcConfigurer; SearchStrategy: all) did not find any beans (OnBeanCondition)

   SwaggerConfig#swaggerWelcome matched:
      - @ConditionalOnProperty (springdoc.use-management-port=false) matched (OnPropertyCondition)
      - @ConditionalOnMissingBean (types: org.springdoc.webmvc.ui.SwaggerWelcomeWebMvc; SearchStrategy: all) did not find any beans (OnBeanCondition)

   SwaggerUiConfigParameters matched:
      - @ConditionalOnProperty (springdoc.swagger-ui.enabled) matched (OnPropertyCondition)
      - @ConditionalOnBean (types: org.springdoc.core.SpringDocConfiguration; SearchStrategy: all) found bean 'org.springdoc.core.SpringDocConfiguration' (OnBeanCondition)

   SwaggerUiConfigProperties matched:
      - @ConditionalOnProperty (springdoc.swagger-ui.enabled) matched (OnPropertyCondition)
      - @ConditionalOnBean (types: org.springdoc.core.SpringDocConfiguration; SearchStrategy: all) found bean 'org.springdoc.core.SpringDocConfiguration' (OnBeanCondition)

   SwaggerUiOAuthProperties matched:
      - @ConditionalOnProperty (springdoc.swagger-ui.enabled) matched (OnPropertyCondition)
      - @ConditionalOnBean (types: org.springdoc.core.SpringDocConfiguration; SearchStrategy: all) found bean 'org.springdoc.core.SpringDocConfiguration' (OnBeanCondition)

   TaskExecutionAutoConfiguration matched:
      - @ConditionalOnClass found required class 'org.springframework.scheduling.concurrent.ThreadPoolTaskExecutor' (OnClassCondition)

   TaskExecutionAutoConfiguration#applicationTaskExecutor matched:
      - @ConditionalOnMissingBean (types: java.util.concurrent.Executor; SearchStrategy: all) did not find any beans (OnBeanCondition)

   TaskExecutionAutoConfiguration#taskExecutorBuilder matched:
      - @ConditionalOnMissingBean (types: org.springframework.boot.task.TaskExecutorBuilder; SearchStrategy: all) did not find any beans (OnBeanCondition)

   TaskSchedulingAutoConfiguration matched:
      - @ConditionalOnClass found required class 'org.springframework.scheduling.concurrent.ThreadPoolTaskScheduler' (OnClassCondition)

   TaskSchedulingAutoConfiguration#taskSchedulerBuilder matched:
      - @ConditionalOnMissingBean (types: org.springframework.boot.task.TaskSchedulerBuilder; SearchStrategy: all) did not find any beans (OnBeanCondition)

   TransactionAutoConfiguration matched:
      - @ConditionalOnClass found required class 'org.springframework.transaction.PlatformTransactionManager' (OnClassCondition)

   TransactionAutoConfiguration#platformTransactionManagerCustomizers matched:
      - @ConditionalOnMissingBean (types: org.springframework.boot.autoconfigure.transaction.TransactionManagerCustomizers; SearchStrategy: all) did not find any beans (OnBeanCondition)

   TransactionAutoConfiguration.EnableTransactionManagementConfiguration matched:
      - @ConditionalOnBean (types: org.springframework.transaction.TransactionManager; SearchStrategy: all) found bean 'transactionManager'; @ConditionalOnMissingBean (types: org.springframework.transaction.annotation.AbstractTransactionManagementConfiguration; SearchStrategy: all) did not find any beans (OnBeanCondition)

   TransactionAutoConfiguration.EnableTransactionManagementConfiguration.CglibAutoProxyConfiguration matched:
      - @ConditionalOnProperty (spring.aop.proxy-target-class=true) matched (OnPropertyCondition)

   TransactionAutoConfiguration.TransactionTemplateConfiguration matched:
      - @ConditionalOnSingleCandidate (types: org.springframework.transaction.PlatformTransactionManager; SearchStrategy: all) found a single bean 'transactionManager' (OnBeanCondition)

   TransactionAutoConfiguration.TransactionTemplateConfiguration#transactionTemplate matched:
      - @ConditionalOnMissingBean (types: org.springframework.transaction.support.TransactionOperations; SearchStrategy: all) did not find any beans (OnBeanCondition)

   ValidationAutoConfiguration matched:
      - @ConditionalOnClass found required class 'javax.validation.executable.ExecutableValidator' (OnClassCondition)
      - @ConditionalOnResource found location classpath:META-INF/services/javax.validation.spi.ValidationProvider (OnResourceCondition)

   ValidationAutoConfiguration#defaultValidator matched:
      - @ConditionalOnMissingBean (types: javax.validation.Validator; SearchStrategy: all) did not find any beans (OnBeanCondition)

   ValidationAutoConfiguration#methodValidationPostProcessor matched:
      - @ConditionalOnMissingBean (types: org.springframework.validation.beanvalidation.MethodValidationPostProcessor; SearchStrategy: current) did not find any beans (OnBeanCondition)

   WebMvcAutoConfiguration matched:
      - @ConditionalOnClass found required classes 'javax.servlet.Servlet', 'org.springframework.web.servlet.DispatcherServlet', 'org.springframework.web.servlet.config.annotation.WebMvcConfigurer' (OnClassCondition)
      - found 'session' scope (OnWebApplicationCondition)
      - @ConditionalOnMissingBean (types: org.springframework.web.servlet.config.annotation.WebMvcConfigurationSupport; SearchStrategy: all) did not find any beans (OnBeanCondition)

   WebMvcAutoConfiguration#formContentFilter matched:
      - @ConditionalOnProperty (spring.mvc.formcontent.filter.enabled) matched (OnPropertyCondition)
      - @ConditionalOnMissingBean (types: org.springframework.web.filter.FormContentFilter; SearchStrategy: all) did not find any beans (OnBeanCondition)

   WebMvcAutoConfiguration.EnableWebMvcConfiguration#flashMapManager matched:
      - @ConditionalOnMissingBean (names: flashMapManager; SearchStrategy: all) did not find any beans (OnBeanCondition)

   WebMvcAutoConfiguration.EnableWebMvcConfiguration#localeResolver matched:
      - @ConditionalOnMissingBean (names: localeResolver; SearchStrategy: all) did not find any beans (OnBeanCondition)

   WebMvcAutoConfiguration.EnableWebMvcConfiguration#themeResolver matched:
      - @ConditionalOnMissingBean (names: themeResolver; SearchStrategy: all) did not find any beans (OnBeanCondition)

   WebMvcAutoConfiguration.WebMvcAutoConfigurationAdapter#defaultViewResolver matched:
      - @ConditionalOnMissingBean (types: org.springframework.web.servlet.view.InternalResourceViewResolver; SearchStrategy: all) did not find any beans (OnBeanCondition)

   WebMvcAutoConfiguration.WebMvcAutoConfigurationAdapter#requestContextFilter matched:
      - @ConditionalOnMissingBean (types: org.springframework.web.context.request.RequestContextListener,org.springframework.web.filter.RequestContextFilter; SearchStrategy: all) did not find any beans (OnBeanCondition)

   WebMvcAutoConfiguration.WebMvcAutoConfigurationAdapter#viewResolver matched:
      - @ConditionalOnBean (types: org.springframework.web.servlet.ViewResolver; SearchStrategy: all) found beans 'defaultViewResolver', 'beanNameViewResolver', 'mvcViewResolver'; @ConditionalOnMissingBean (names: viewResolver types: org.springframework.web.servlet.view.ContentNegotiatingViewResolver; SearchStrategy: all) did not find any beans (OnBeanCondition)

   WebSocketServletAutoConfiguration matched:
      - @ConditionalOnClass found required classes 'javax.servlet.Servlet', 'javax.websocket.server.ServerContainer' (OnClassCondition)
      - found 'session' scope (OnWebApplicationCondition)

   WebSocketServletAutoConfiguration.TomcatWebSocketConfiguration matched:
      - @ConditionalOnClass found required classes 'org.apache.catalina.startup.Tomcat', 'org.apache.tomcat.websocket.server.WsSci' (OnClassCondition)

   WebSocketServletAutoConfiguration.TomcatWebSocketConfiguration#websocketServletWebServerCustomizer matched:
      - @ConditionalOnMissingBean (names: websocketServletWebServerCustomizer; SearchStrategy: all) did not find any beans (OnBeanCondition)


Negative matches:
-----------------

   ActiveMQAutoConfiguration:
      Did not match:
         - @ConditionalOnClass did not find required class 'javax.jms.ConnectionFactory' (OnClassCondition)

   AopAutoConfiguration.AspectJAutoProxyingConfiguration:
      Did not match:
         - @ConditionalOnClass did not find required class 'org.aspectj.weaver.Advice' (OnClassCondition)

   ArtemisAutoConfiguration:
      Did not match:
         - @ConditionalOnClass did not find required class 'javax.jms.ConnectionFactory' (OnClassCondition)

   BatchAutoConfiguration:
      Did not match:
         - @ConditionalOnClass did not find required class 'org.springframework.batch.core.launch.JobLauncher' (OnClassCondition)

   Cache2kCacheConfiguration:
      Did not match:
         - @ConditionalOnClass did not find required class 'org.cache2k.Cache2kBuilder' (OnClassCondition)

   CacheAutoConfiguration:
      Did not match:
         - @ConditionalOnBean (types: org.springframework.cache.interceptor.CacheAspectSupport; SearchStrategy: all) did not find any beans of type org.springframework.cache.interceptor.CacheAspectSupport (OnBeanCondition)
      Matched:
         - @ConditionalOnClass found required class 'org.springframework.cache.CacheManager' (OnClassCondition)

   CacheAutoConfiguration.CacheManagerEntityManagerFactoryDependsOnPostProcessor:
      Did not match:
         - @ConditionalOnClass did not find required class 'org.springframework.orm.jpa.LocalContainerEntityManagerFactoryBean' (OnClassCondition)
         - Ancestor org.springframework.boot.autoconfigure.cache.CacheAutoConfiguration did not match (ConditionEvaluationReport.AncestorsMatchedCondition)

   CaffeineCacheConfiguration:
      Did not match:
         - @ConditionalOnClass did not find required class 'com.github.benmanes.caffeine.cache.Caffeine' (OnClassCondition)

   CassandraAutoConfiguration:
      Did not match:
         - @ConditionalOnClass did not find required class 'com.datastax.oss.driver.api.core.CqlSession' (OnClassCondition)

   CassandraDataAutoConfiguration:
      Did not match:
         - @ConditionalOnClass did not find required class 'com.datastax.oss.driver.api.core.CqlSession' (OnClassCondition)

   CassandraReactiveDataAutoConfiguration:
      Did not match:
         - @ConditionalOnClass did not find required class 'com.datastax.oss.driver.api.core.CqlSession' (OnClassCondition)

   CassandraReactiveRepositoriesAutoConfiguration:
      Did not match:
         - @ConditionalOnClass did not find required class 'org.springframework.data.cassandra.ReactiveSession' (OnClassCondition)

   CassandraRepositoriesAutoConfiguration:
      Did not match:
         - @ConditionalOnClass did not find required class 'com.datastax.oss.driver.api.core.CqlSession' (OnClassCondition)

   ClientHttpConnectorAutoConfiguration:
      Did not match:
         - @ConditionalOnClass did not find required class 'org.springframework.web.reactive.function.client.WebClient' (OnClassCondition)

   CodecsAutoConfiguration:
      Did not match:
         - @ConditionalOnClass did not find required class 'org.springframework.web.reactive.function.client.WebClient' (OnClassCondition)

   CouchbaseAutoConfiguration:
      Did not match:
         - @ConditionalOnClass did not find required class 'com.couchbase.client.java.Cluster' (OnClassCondition)

   CouchbaseCacheConfiguration:
      Did not match:
         - @ConditionalOnClass did not find required class 'com.couchbase.client.java.Cluster' (OnClassCondition)

   CouchbaseDataAutoConfiguration:
      Did not match:
         - @ConditionalOnClass did not find required class 'com.couchbase.client.java.Bucket' (OnClassCondition)

   CouchbaseReactiveDataAutoConfiguration:
      Did not match:
         - @ConditionalOnClass did not find required class 'com.couchbase.client.java.Cluster' (OnClassCondition)

   CouchbaseReactiveRepositoriesAutoConfiguration:
      Did not match:
         - @ConditionalOnClass did not find required class 'com.couchbase.client.java.Cluster' (OnClassCondition)

   CouchbaseRepositoriesAutoConfiguration:
      Did not match:
         - @ConditionalOnClass did not find required class 'com.couchbase.client.java.Bucket' (OnClassCondition)

   DataSourceAutoConfiguration.EmbeddedDatabaseConfiguration:
      Did not match:
         - EmbeddedDataSource spring.datasource.url is set (DataSourceAutoConfiguration.EmbeddedDatabaseCondition)

   DataSourceConfiguration.Dbcp2:
      Did not match:
         - @ConditionalOnClass did not find required class 'org.apache.commons.dbcp2.BasicDataSource' (OnClassCondition)

   DataSourceConfiguration.Generic:
      Did not match:
         - @ConditionalOnProperty (spring.datasource.type) did not find property 'spring.datasource.type' (OnPropertyCondition)

   DataSourceConfiguration.OracleUcp:
      Did not match:
         - @ConditionalOnClass did not find required classes 'oracle.ucp.jdbc.PoolDataSourceImpl', 'oracle.jdbc.OracleConnection' (OnClassCondition)

   DataSourceConfiguration.Tomcat:
      Did not match:
         - @ConditionalOnClass did not find required class 'org.apache.tomcat.jdbc.pool.DataSource' (OnClassCondition)

   DataSourceJmxConfiguration.TomcatDataSourceJmxConfiguration:
      Did not match:
         - @ConditionalOnClass did not find required class 'org.apache.tomcat.jdbc.pool.DataSourceProxy' (OnClassCondition)

   DataSourcePoolMetadataProvidersConfiguration.CommonsDbcp2PoolDataSourceMetadataProviderConfiguration:
      Did not match:
         - @ConditionalOnClass did not find required class 'org.apache.commons.dbcp2.BasicDataSource' (OnClassCondition)

   DataSourcePoolMetadataProvidersConfiguration.OracleUcpPoolDataSourceMetadataProviderConfiguration:
      Did not match:
         - @ConditionalOnClass did not find required classes 'oracle.ucp.jdbc.PoolDataSource', 'oracle.jdbc.OracleConnection' (OnClassCondition)

   DataSourcePoolMetadataProvidersConfiguration.TomcatDataSourcePoolMetadataProviderConfiguration:
      Did not match:
         - @ConditionalOnClass did not find required class 'org.apache.tomcat.jdbc.pool.DataSource' (OnClassCondition)

   DispatcherServletAutoConfiguration.DispatcherServletConfiguration#multipartResolver:
      Did not match:
         - @ConditionalOnBean (types: org.springframework.web.multipart.MultipartResolver; SearchStrategy: all) did not find any beans of type org.springframework.web.multipart.MultipartResolver (OnBeanCondition)

   EhCacheCacheConfiguration:
      Did not match:
         - @ConditionalOnClass did not find required class 'net.sf.ehcache.Cache' (OnClassCondition)

   ElasticsearchDataAutoConfiguration:
      Did not match:
         - @ConditionalOnClass did not find required class 'org.springframework.data.elasticsearch.core.ElasticsearchRestTemplate' (OnClassCondition)

   ElasticsearchRepositoriesAutoConfiguration:
      Did not match:
         - @ConditionalOnClass did not find required class 'org.elasticsearch.client.Client' (OnClassCondition)

   ElasticsearchRestClientAutoConfiguration:
      Did not match:
         - @ConditionalOnClass did not find required class 'org.elasticsearch.client.RestClientBuilder' (OnClassCondition)

   EmbeddedLdapAutoConfiguration:
      Did not match:
         - @ConditionalOnClass did not find required class 'com.unboundid.ldap.listener.InMemoryDirectoryServer' (OnClassCondition)

   EmbeddedMongoAutoConfiguration:
      Did not match:
         - @ConditionalOnClass did not find required class 'com.mongodb.MongoClientSettings' (OnClassCondition)

   EmbeddedWebServerFactoryCustomizerAutoConfiguration.JettyWebServerFactoryCustomizerConfiguration:
      Did not match:
         - @ConditionalOnClass did not find required classes 'org.eclipse.jetty.server.Server', 'org.eclipse.jetty.util.Loader', 'org.eclipse.jetty.webapp.WebAppContext' (OnClassCondition)

   EmbeddedWebServerFactoryCustomizerAutoConfiguration.NettyWebServerFactoryCustomizerConfiguration:
      Did not match:
         - @ConditionalOnClass did not find required class 'reactor.netty.http.server.HttpServer' (OnClassCondition)

   EmbeddedWebServerFactoryCustomizerAutoConfiguration.UndertowWebServerFactoryCustomizerConfiguration:
      Did not match:
         - @ConditionalOnClass did not find required classes 'io.undertow.Undertow', 'org.xnio.SslClientAuthMode' (OnClassCondition)

   ErrorWebFluxAutoConfiguration:
      Did not match:
         - @ConditionalOnClass did not find required class 'org.springframework.web.reactive.config.WebFluxConfigurer' (OnClassCondition)

   FlywayAutoConfiguration:
      Did not match:
         - @ConditionalOnClass did not find required class 'org.flywaydb.core.Flyway' (OnClassCondition)

   FreeMarkerAutoConfiguration:
      Did not match:
         - @ConditionalOnClass did not find required class 'freemarker.template.Configuration' (OnClassCondition)

   GraphQlAutoConfiguration:
      Did not match:
         - @ConditionalOnClass did not find required class 'graphql.GraphQL' (OnClassCondition)

   GraphQlQueryByExampleAutoConfiguration:
      Did not match:
         - @ConditionalOnClass did not find required class 'graphql.GraphQL' (OnClassCondition)

   GraphQlQuerydslAutoConfiguration:
      Did not match:
         - @ConditionalOnClass did not find required class 'graphql.GraphQL' (OnClassCondition)

   GraphQlRSocketAutoConfiguration:
      Did not match:
         - @ConditionalOnClass did not find required class 'graphql.GraphQL' (OnClassCondition)

   GraphQlReactiveQueryByExampleAutoConfiguration:
      Did not match:
         - @ConditionalOnClass did not find required class 'graphql.GraphQL' (OnClassCondition)

   GraphQlReactiveQuerydslAutoConfiguration:
      Did not match:
         - @ConditionalOnClass did not find required class 'graphql.GraphQL' (OnClassCondition)

   GraphQlWebFluxAutoConfiguration:
      Did not match:
         - @ConditionalOnClass did not find required class 'graphql.GraphQL' (OnClassCondition)

   GraphQlWebFluxSecurityAutoConfiguration:
      Did not match:
         - @ConditionalOnClass did not find required class 'graphql.GraphQL' (OnClassCondition)

   GraphQlWebMvcAutoConfiguration:
      Did not match:
         - @ConditionalOnClass did not find required class 'graphql.GraphQL' (OnClassCondition)

   GraphQlWebMvcSecurityAutoConfiguration:
      Did not match:
         - @ConditionalOnClass did not find required class 'graphql.GraphQL' (OnClassCondition)

   GroovyTemplateAutoConfiguration:
      Did not match:
         - @ConditionalOnClass did not find required class 'groovy.text.markup.MarkupTemplateEngine' (OnClassCondition)

   GsonAutoConfiguration:
      Did not match:
         - @ConditionalOnClass did not find required class 'com.google.gson.Gson' (OnClassCondition)

   GsonHttpMessageConvertersConfiguration:
      Did not match:
         - @ConditionalOnClass did not find required class 'com.google.gson.Gson' (OnClassCondition)

   H2ConsoleAutoConfiguration:
      Did not match:
         - @ConditionalOnClass did not find required class 'org.h2.server.web.WebServlet' (OnClassCondition)

   HazelcastAutoConfiguration:
      Did not match:
         - @ConditionalOnClass did not find required class 'com.hazelcast.core.HazelcastInstance' (OnClassCondition)

   HazelcastCacheConfiguration:
      Did not match:
         - @ConditionalOnClass did not find required class 'com.hazelcast.core.HazelcastInstance' (OnClassCondition)

   HazelcastJpaDependencyAutoConfiguration:
      Did not match:
         - @ConditionalOnClass did not find required class 'com.hazelcast.core.HazelcastInstance' (OnClassCondition)

   HibernateJpaAutoConfiguration:
      Did not match:
         - @ConditionalOnClass did not find required class 'javax.persistence.EntityManager' (OnClassCondition)

   HttpHandlerAutoConfiguration:
      Did not match:
         - @ConditionalOnClass did not find required class 'org.springframework.web.reactive.DispatcherHandler' (OnClassCondition)

   HypermediaAutoConfiguration:
      Did not match:
         - @ConditionalOnClass did not find required class 'org.springframework.hateoas.EntityModel' (OnClassCondition)

   InfinispanCacheConfiguration:
      Did not match:
         - @ConditionalOnClass did not find required class 'org.infinispan.spring.embedded.provider.SpringEmbeddedCacheManager' (OnClassCondition)

   InfluxDbAutoConfiguration:
      Did not match:
         - @ConditionalOnClass did not find required class 'org.influxdb.InfluxDB' (OnClassCondition)

   IntegrationAutoConfiguration:
      Did not match:
         - @ConditionalOnClass did not find required class 'org.springframework.integration.config.EnableIntegration' (OnClassCondition)

   JCacheCacheConfiguration:
      Did not match:
         - @ConditionalOnClass did not find required class 'javax.cache.Caching' (OnClassCondition)

   JacksonHttpMessageConvertersConfiguration.MappingJackson2XmlHttpMessageConverterConfiguration:
      Did not match:
         - @ConditionalOnClass did not find required class 'com.fasterxml.jackson.dataformat.xml.XmlMapper' (OnClassCondition)

   JdbcRepositoriesAutoConfiguration:
      Did not match:
         - @ConditionalOnClass did not find required class 'org.springframework.data.jdbc.repository.config.AbstractJdbcConfiguration' (OnClassCondition)

   JdbcTemplateConfiguration:
      Did not match:
         - @ConditionalOnMissingBean (types: org.springframework.jdbc.core.JdbcOperations; SearchStrategy: all) found beans of type 'org.springframework.jdbc.core.JdbcOperations' jdbcTemplate, centralJdbcTemplate (OnBeanCondition)

   JerseyAutoConfiguration:
      Did not match:
         - @ConditionalOnClass did not find required class 'org.glassfish.jersey.server.spring.SpringComponentProvider' (OnClassCondition)

   JmsAutoConfiguration:
      Did not match:
         - @ConditionalOnClass did not find required class 'javax.jms.Message' (OnClassCondition)

   JmxAutoConfiguration:
      Did not match:
         - @ConditionalOnProperty (spring.jmx.enabled=true) did not find property 'enabled' (OnPropertyCondition)
      Matched:
         - @ConditionalOnClass found required class 'org.springframework.jmx.export.MBeanExporter' (OnClassCondition)

   JndiConnectionFactoryAutoConfiguration:
      Did not match:
         - @ConditionalOnClass did not find required class 'org.springframework.jms.core.JmsTemplate' (OnClassCondition)

   JndiDataSourceAutoConfiguration:
      Did not match:
         - @ConditionalOnProperty (spring.datasource.jndi-name) did not find property 'jndi-name' (OnPropertyCondition)
      Matched:
         - @ConditionalOnClass found required classes 'javax.sql.DataSource', 'org.springframework.jdbc.datasource.embedded.EmbeddedDatabaseType' (OnClassCondition)

   JooqAutoConfiguration:
      Did not match:
         - @ConditionalOnClass did not find required class 'org.jooq.DSLContext' (OnClassCondition)

   JpaRepositoriesAutoConfiguration:
      Did not match:
         - @ConditionalOnClass did not find required class 'org.springframework.data.jpa.repository.JpaRepository' (OnClassCondition)

   JsonbAutoConfiguration:
      Did not match:
         - @ConditionalOnClass did not find required class 'javax.json.bind.Jsonb' (OnClassCondition)

   JsonbHttpMessageConvertersConfiguration:
      Did not match:
         - @ConditionalOnClass did not find required class 'javax.json.bind.Jsonb' (OnClassCondition)

   JtaAutoConfiguration:
      Did not match:
         - @ConditionalOnClass did not find required class 'javax.transaction.Transaction' (OnClassCondition)

   KafkaAutoConfiguration:
      Did not match:
         - @ConditionalOnClass did not find required class 'org.springframework.kafka.core.KafkaTemplate' (OnClassCondition)

   LdapAutoConfiguration:
      Did not match:
         - @ConditionalOnClass did not find required class 'org.springframework.ldap.core.ContextSource' (OnClassCondition)

   LdapRepositoriesAutoConfiguration:
      Did not match:
         - @ConditionalOnClass did not find required class 'org.springframework.data.ldap.repository.LdapRepository' (OnClassCondition)

   LiquibaseAutoConfiguration:
      Did not match:
         - @ConditionalOnClass did not find required class 'liquibase.change.DatabaseChange' (OnClassCondition)

   MailSenderJndiConfiguration:
      Did not match:
         - @ConditionalOnProperty (spring.mail.jndi-name) did not find property 'jndi-name' (OnPropertyCondition)
      Matched:
         - @ConditionalOnClass found required class 'javax.mail.Session' (OnClassCondition)

   MailSenderValidatorAutoConfiguration:
      Did not match:
         - @ConditionalOnProperty (spring.mail.test-connection) did not find property 'test-connection' (OnPropertyCondition)

   MessageSourceAutoConfiguration:
      Did not match:
         - ResourceBundle did not find bundle with basename messages (MessageSourceAutoConfiguration.ResourceBundleCondition)

   MongoAutoConfiguration:
      Did not match:
         - @ConditionalOnClass did not find required class 'com.mongodb.client.MongoClient' (OnClassCondition)

   MongoDataAutoConfiguration:
      Did not match:
         - @ConditionalOnClass did not find required class 'com.mongodb.client.MongoClient' (OnClassCondition)

   MongoReactiveAutoConfiguration:
      Did not match:
         - @ConditionalOnClass did not find required class 'com.mongodb.reactivestreams.client.MongoClient' (OnClassCondition)

   MongoReactiveDataAutoConfiguration:
      Did not match:
         - @ConditionalOnClass did not find required class 'com.mongodb.reactivestreams.client.MongoClient' (OnClassCondition)

   MongoReactiveRepositoriesAutoConfiguration:
      Did not match:
         - @ConditionalOnClass did not find required class 'com.mongodb.reactivestreams.client.MongoClient' (OnClassCondition)

   MongoRepositoriesAutoConfiguration:
      Did not match:
         - @ConditionalOnClass did not find required class 'com.mongodb.client.MongoClient' (OnClassCondition)

   MultipleOpenApiSupportConfiguration:
      Did not match:
         - AnyNestedCondition 0 matched 2 did not; NestedCondition on MultipleOpenApiSupportCondition.OnActuatorDifferentPort @ConditionalOnProperty (springdoc.show-actuator) did not find property 'springdoc.show-actuator'; NestedCondition on MultipleOpenApiSupportCondition.OnMultipleOpenApiSupportCondition AnyNestedCondition 0 matched 2 did not; NestedCondition on MultipleOpenApiGroupsCondition.OnGroupConfigProperty @ConditionalOnProperty (springdoc.group-configs[0].group) did not find property 'springdoc.group-configs[0].group'; NestedCondition on MultipleOpenApiGroupsCondition.OnGroupedOpenApiBean @ConditionalOnBean (types: org.springdoc.core.GroupedOpenApi; SearchStrategy: all) did not find any beans of type org.springdoc.core.GroupedOpenApi (MultipleOpenApiSupportCondition)
      Matched:
         - found 'session' scope (OnWebApplicationCondition)
         - @ConditionalOnProperty (springdoc.api-docs.enabled) matched (OnPropertyCondition)

   MultipleOpenApiSupportConfiguration.SpringDocWebMvcActuatorDifferentConfiguration:
      Did not match:
         - @ConditionalOnClass did not find required class 'org.springframework.boot.actuate.endpoint.web.servlet.WebMvcEndpointHandlerMapping' (OnClassCondition)
         - Ancestor org.springdoc.webmvc.core.MultipleOpenApiSupportConfiguration did not match (ConditionEvaluationReport.AncestorsMatchedCondition)

   MustacheAutoConfiguration:
      Did not match:
         - @ConditionalOnClass did not find required class 'com.samskivert.mustache.Mustache' (OnClassCondition)

   Neo4jAutoConfiguration:
      Did not match:
         - @ConditionalOnClass did not find required class 'org.neo4j.driver.Driver' (OnClassCondition)

   Neo4jDataAutoConfiguration:
      Did not match:
         - @ConditionalOnClass did not find required class 'org.neo4j.driver.Driver' (OnClassCondition)

   Neo4jReactiveDataAutoConfiguration:
      Did not match:
         - @ConditionalOnClass did not find required class 'org.neo4j.driver.Driver' (OnClassCondition)

   Neo4jReactiveRepositoriesAutoConfiguration:
      Did not match:
         - @ConditionalOnClass did not find required class 'org.neo4j.driver.Driver' (OnClassCondition)

   Neo4jRepositoriesAutoConfiguration:
      Did not match:
         - @ConditionalOnClass did not find required class 'org.neo4j.driver.Driver' (OnClassCondition)

   NettyAutoConfiguration:
      Did not match:
         - @ConditionalOnClass did not find required class 'io.netty.util.NettyRuntime' (OnClassCondition)

   OAuth2ClientAutoConfiguration:
      Did not match:
         - @ConditionalOnClass did not find required class 'org.springframework.security.config.annotation.web.configuration.EnableWebSecurity' (OnClassCondition)

   OAuth2ResourceServerAutoConfiguration:
      Did not match:
         - @ConditionalOnClass did not find required class 'org.springframework.security.oauth2.server.resource.BearerTokenAuthenticationToken' (OnClassCondition)

   ProjectInfoAutoConfiguration#buildProperties:
      Did not match:
         - @ConditionalOnResource did not find resource '${spring.info.build.location:classpath:META-INF/build-info.properties}' (OnResourceCondition)

   ProjectInfoAutoConfiguration#gitProperties:
      Did not match:
         - GitResource did not find git info at classpath:git.properties (ProjectInfoAutoConfiguration.GitResourceAvailableCondition)

   QuartzAutoConfiguration:
      Did not match:
         - @ConditionalOnClass did not find required class 'org.quartz.Scheduler' (OnClassCondition)

   R2dbcAutoConfiguration:
      Did not match:
         - @ConditionalOnClass did not find required class 'io.r2dbc.spi.ConnectionFactory' (OnClassCondition)

   R2dbcDataAutoConfiguration:
      Did not match:
         - @ConditionalOnClass did not find required class 'org.springframework.data.r2dbc.core.R2dbcEntityTemplate' (OnClassCondition)

   R2dbcInitializationConfiguration:
      Did not match:
         - @ConditionalOnClass did not find required classes 'io.r2dbc.spi.ConnectionFactory', 'org.springframework.r2dbc.connection.init.DatabasePopulator' (OnClassCondition)

   R2dbcRepositoriesAutoConfiguration:
      Did not match:
         - @ConditionalOnClass did not find required class 'io.r2dbc.spi.ConnectionFactory' (OnClassCondition)

   R2dbcTransactionManagerAutoConfiguration:
      Did not match:
         - @ConditionalOnClass did not find required class 'org.springframework.r2dbc.connection.R2dbcTransactionManager' (OnClassCondition)

   RSocketGraphQlClientAutoConfiguration:
      Did not match:
         - @ConditionalOnClass did not find required class 'graphql.GraphQL' (OnClassCondition)

   RSocketMessagingAutoConfiguration:
      Did not match:
         - @ConditionalOnClass did not find required class 'io.rsocket.RSocket' (OnClassCondition)

   RSocketRequesterAutoConfiguration:
      Did not match:
         - @ConditionalOnClass did not find required class 'io.rsocket.RSocket' (OnClassCondition)

   RSocketSecurityAutoConfiguration:
      Did not match:
         - @ConditionalOnClass did not find required class 'org.springframework.security.rsocket.core.SecuritySocketAcceptorInterceptor' (OnClassCondition)

   RSocketServerAutoConfiguration:
      Did not match:
         - @ConditionalOnClass did not find required class 'io.rsocket.core.RSocketServer' (OnClassCondition)

   RSocketStrategiesAutoConfiguration:
      Did not match:
         - @ConditionalOnClass did not find required class 'io.netty.buffer.PooledByteBufAllocator' (OnClassCondition)

   RabbitAutoConfiguration:
      Did not match:
         - @ConditionalOnClass did not find required class 'com.rabbitmq.client.Channel' (OnClassCondition)

   ReactiveElasticsearchRepositoriesAutoConfiguration:
      Did not match:
         - @ConditionalOnClass did not find required class 'org.springframework.data.elasticsearch.client.reactive.ReactiveElasticsearchClient' (OnClassCondition)

   ReactiveElasticsearchRestClientAutoConfiguration:
      Did not match:
         - @ConditionalOnClass did not find required class 'reactor.netty.http.client.HttpClient' (OnClassCondition)

   ReactiveMultipartAutoConfiguration:
      Did not match:
         - @ConditionalOnClass did not find required class 'org.springframework.web.reactive.config.WebFluxConfigurer' (OnClassCondition)

   ReactiveOAuth2ClientAutoConfiguration:
      Did not match:
         - @ConditionalOnClass did not find required class 'reactor.core.publisher.Flux' (OnClassCondition)

   ReactiveOAuth2ResourceServerAutoConfiguration:
      Did not match:
         - @ConditionalOnClass did not find required class 'org.springframework.security.config.annotation.web.reactive.EnableWebFluxSecurity' (OnClassCondition)

   ReactiveSecurityAutoConfiguration:
      Did not match:
         - @ConditionalOnClass did not find required class 'reactor.core.publisher.Flux' (OnClassCondition)

   ReactiveUserDetailsServiceAutoConfiguration:
      Did not match:
         - @ConditionalOnClass did not find required class 'org.springframework.security.authentication.ReactiveAuthenticationManager' (OnClassCondition)

   ReactiveWebServerFactoryAutoConfiguration:
      Did not match:
         - @ConditionalOnWebApplication did not find reactive web application classes (OnWebApplicationCondition)

   RedisAutoConfiguration:
      Did not match:
         - @ConditionalOnClass did not find required class 'org.springframework.data.redis.core.RedisOperations' (OnClassCondition)

   RedisCacheConfiguration:
      Did not match:
         - @ConditionalOnClass did not find required class 'org.springframework.data.redis.connection.RedisConnectionFactory' (OnClassCondition)

   RedisReactiveAutoConfiguration:
      Did not match:
         - @ConditionalOnClass did not find required class 'reactor.core.publisher.Flux' (OnClassCondition)

   RedisRepositoriesAutoConfiguration:
      Did not match:
         - @ConditionalOnClass did not find required class 'org.springframework.data.redis.repository.configuration.EnableRedisRepositories' (OnClassCondition)

   RepositoryRestMvcAutoConfiguration:
      Did not match:
         - @ConditionalOnClass did not find required class 'org.springframework.data.rest.webmvc.config.RepositoryRestMvcConfiguration' (OnClassCondition)

   Saml2RelyingPartyAutoConfiguration:
      Did not match:
         - @ConditionalOnClass did not find required class 'org.springframework.security.saml2.provider.service.registration.RelyingPartyRegistrationRepository' (OnClassCondition)

   SecurityAutoConfiguration:
      Did not match:
         - @ConditionalOnClass did not find required class 'org.springframework.security.authentication.DefaultAuthenticationEventPublisher' (OnClassCondition)

   SecurityFilterAutoConfiguration:
      Did not match:
         - @ConditionalOnClass did not find required class 'org.springframework.security.config.http.SessionCreationPolicy' (OnClassCondition)

   SendGridAutoConfiguration:
      Did not match:
         - @ConditionalOnClass did not find required class 'com.sendgrid.SendGrid' (OnClassCondition)

   ServletWebServerFactoryAutoConfiguration.ForwardedHeaderFilterConfiguration:
      Did not match:
         - @ConditionalOnProperty (server.forward-headers-strategy=framework) did not find property 'server.forward-headers-strategy' (OnPropertyCondition)

   ServletWebServerFactoryConfiguration.EmbeddedJetty:
      Did not match:
         - @ConditionalOnClass did not find required classes 'org.eclipse.jetty.server.Server', 'org.eclipse.jetty.util.Loader', 'org.eclipse.jetty.webapp.WebAppContext' (OnClassCondition)

   ServletWebServerFactoryConfiguration.EmbeddedUndertow:
      Did not match:
         - @ConditionalOnClass did not find required classes 'io.undertow.Undertow', 'org.xnio.SslClientAuthMode' (OnClassCondition)

   SessionAutoConfiguration:
      Did not match:
         - @ConditionalOnClass did not find required class 'org.springframework.session.Session' (OnClassCondition)

   SolrAutoConfiguration:
      Did not match:
         - @ConditionalOnClass did not find required class 'org.apache.solr.client.solrj.impl.CloudSolrClient' (OnClassCondition)

   SpringApplicationAdminJmxAutoConfiguration:
      Did not match:
         - @ConditionalOnProperty (spring.application.admin.enabled=true) did not find property 'enabled' (OnPropertyCondition)

   SpringDataWebAutoConfiguration:
      Did not match:
         - @ConditionalOnClass did not find required class 'org.springframework.data.web.PageableHandlerMethodArgumentResolver' (OnClassCondition)

   SpringDocConfiguration#propertiesResolverForSchema:
      Did not match:
         - @ConditionalOnProperty (springdoc.api-docs.resolve-schema-properties) did not find property 'springdoc.api-docs.resolve-schema-properties' (OnPropertyCondition)

   SpringDocConfiguration#propertyCustomizingConverter:
      Did not match:
         - @ConditionalOnBean (types: org.springdoc.core.customizers.PropertyCustomizer; SearchStrategy: all) did not find any beans of type org.springdoc.core.customizers.PropertyCustomizer (OnBeanCondition)

   SpringDocConfiguration#springdocBeanFactoryPostProcessor:
      Did not match:
         - AnyNestedCondition 0 matched 2 did not; NestedCondition on CacheOrGroupedOpenApiCondition.OnCacheDisabled found non-matching nested conditions @ConditionalOnProperty (springdoc.cache.disabled) did not find property 'springdoc.cache.disabled'; NestedCondition on CacheOrGroupedOpenApiCondition.OnMultipleOpenApiSupportCondition AnyNestedCondition 0 matched 2 did not; NestedCondition on MultipleOpenApiSupportCondition.OnActuatorDifferentPort @ConditionalOnProperty (springdoc.show-actuator) did not find property 'springdoc.show-actuator'; NestedCondition on MultipleOpenApiSupportCondition.OnMultipleOpenApiSupportCondition AnyNestedCondition 0 matched 2 did not; NestedCondition on MultipleOpenApiGroupsCondition.OnGroupConfigProperty @ConditionalOnProperty (springdoc.group-configs[0].group) did not find property 'springdoc.group-configs[0].group'; NestedCondition on MultipleOpenApiGroupsCondition.OnGroupedOpenApiBean @ConditionalOnBean (types: org.springdoc.core.GroupedOpenApi; SearchStrategy: all) did not find any beans of type org.springdoc.core.GroupedOpenApi (CacheOrGroupedOpenApiCondition)
      Matched:
         - @ConditionalOnClass found required class 'org.springframework.boot.context.properties.bind.BindResult' (OnClassCondition)

   SpringDocConfiguration#springdocBeanFactoryPostProcessor2:
      Did not match:
         - @ConditionalOnMissingClass found unwanted class 'org.springframework.boot.context.properties.bind.BindResult' (OnClassCondition)

   SpringDocConfiguration.SpringDocActuatorConfiguration:
      Did not match:
         - @ConditionalOnClass did not find required class 'org.springframework.boot.actuate.autoconfigure.endpoint.web.WebEndpointProperties' (OnClassCondition)

   SpringDocConfiguration.SpringDocFunctionCatalogConfiguration:
      Did not match:
         - @ConditionalOnClass did not find required class 'org.springframework.cloud.function.web.function.FunctionEndpointInitializer' (OnClassCondition)

   SpringDocConfiguration.SpringDocPageableConfiguration:
      Did not match:
         - @ConditionalOnClass did not find required class 'org.springframework.data.domain.Pageable' (OnClassCondition)

   SpringDocConfiguration.SpringDocRepositoryRestConfiguration:
      Did not match:
         - @ConditionalOnClass did not find required class 'org.springframework.data.rest.core.config.RepositoryRestConfiguration' (OnClassCondition)

   SpringDocConfiguration.SpringDocSortConfiguration:
      Did not match:
         - @ConditionalOnClass did not find required class 'org.springframework.data.domain.Sort' (OnClassCondition)

   SpringDocConfiguration.SpringDocWebFluxSupportConfiguration:
      Did not match:
         - @ConditionalOnClass did not find required class 'reactor.core.publisher.Flux' (OnClassCondition)

   SpringDocWebMvcConfiguration.SpringDocWebMvcActuatorConfiguration:
      Did not match:
         - @ConditionalOnClass did not find required class 'org.springframework.boot.actuate.endpoint.web.servlet.WebMvcEndpointHandlerMapping' (OnClassCondition)

   SwaggerConfig#springWebProvider:
      Did not match:
         - @ConditionalOnMissingBean (types: org.springdoc.core.providers.SpringWebProvider; SearchStrategy: all) found beans of type 'org.springdoc.core.providers.SpringWebProvider' springWebProvider (OnBeanCondition)

   SwaggerConfig#swaggerUiConfigParameters:
      Did not match:
         - @ConditionalOnMissingBean (types: org.springdoc.core.SwaggerUiConfigParameters; SearchStrategy: all) found beans of type 'org.springdoc.core.SwaggerUiConfigParameters' org.springdoc.core.SwaggerUiConfigParameters (OnBeanCondition)

   SwaggerConfig#swaggerUiHome:
      Did not match:
         - @ConditionalOnProperty (springdoc.swagger-ui.use-root-path=true) did not find property 'springdoc.swagger-ui.use-root-path' (OnPropertyCondition)

   SwaggerConfig.SwaggerActuatorWelcomeConfiguration:
      Did not match:
         - @ConditionalOnClass did not find required class 'org.springframework.boot.actuate.endpoint.web.servlet.WebMvcEndpointHandlerMapping' (OnClassCondition)

   TaskSchedulingAutoConfiguration#scheduledBeanLazyInitializationExcludeFilter:
      Did not match:
         - @ConditionalOnBean (names: org.springframework.context.annotation.internalScheduledAnnotationProcessor; SearchStrategy: all) did not find any beans named org.springframework.context.annotation.internalScheduledAnnotationProcessor (OnBeanCondition)

   TaskSchedulingAutoConfiguration#taskScheduler:
      Did not match:
         - @ConditionalOnBean (names: org.springframework.context.annotation.internalScheduledAnnotationProcessor; SearchStrategy: all) did not find any beans named org.springframework.context.annotation.internalScheduledAnnotationProcessor (OnBeanCondition)

   ThymeleafAutoConfiguration:
      Did not match:
         - @ConditionalOnClass did not find required class 'org.thymeleaf.spring5.SpringTemplateEngine' (OnClassCondition)

   TransactionAutoConfiguration#transactionalOperator:
      Did not match:
         - @ConditionalOnSingleCandidate (types: org.springframework.transaction.ReactiveTransactionManager; SearchStrategy: all) did not find any beans (OnBeanCondition)

   TransactionAutoConfiguration.AspectJTransactionManagementConfiguration:
      Did not match:
         - @ConditionalOnBean did not find required type 'org.springframework.transaction.aspectj.AbstractTransactionAspect' (OnBeanCondition)
         - @ConditionalOnBean (types: org.springframework.transaction.aspectj.AbstractTransactionAspect; SearchStrategy: all) did not find any beans of type org.springframework.transaction.aspectj.AbstractTransactionAspect (OnBeanCondition)

   TransactionAutoConfiguration.EnableTransactionManagementConfiguration.JdkDynamicAutoProxyConfiguration:
      Did not match:
         - @ConditionalOnProperty (spring.aop.proxy-target-class=false) did not find property 'proxy-target-class' (OnPropertyCondition)

   UserDetailsServiceAutoConfiguration:
      Did not match:
         - @ConditionalOnClass did not find required class 'org.springframework.security.authentication.AuthenticationManager' (OnClassCondition)

   WebClientAutoConfiguration:
      Did not match:
         - @ConditionalOnClass did not find required class 'org.springframework.web.reactive.function.client.WebClient' (OnClassCondition)

   WebFluxAutoConfiguration:
      Did not match:
         - @ConditionalOnClass did not find required class 'org.springframework.web.reactive.config.WebFluxConfigurer' (OnClassCondition)

   WebMvcAutoConfiguration#hiddenHttpMethodFilter:
      Did not match:
         - @ConditionalOnProperty (spring.mvc.hiddenmethod.filter.enabled) did not find property 'enabled' (OnPropertyCondition)

   WebMvcAutoConfiguration.ResourceChainCustomizerConfiguration:
      Did not match:
         - @ConditionalOnEnabledResourceChain did not find class org.webjars.WebJarAssetLocator (OnEnabledResourceChainCondition)

   WebMvcAutoConfiguration.WebMvcAutoConfigurationAdapter#beanNameViewResolver:
      Did not match:
         - @ConditionalOnMissingBean (types: org.springframework.web.servlet.view.BeanNameViewResolver; SearchStrategy: all) found beans of type 'org.springframework.web.servlet.view.BeanNameViewResolver' beanNameViewResolver (OnBeanCondition)

   WebServiceTemplateAutoConfiguration:
      Did not match:
         - @ConditionalOnClass did not find required class 'org.springframework.oxm.Marshaller' (OnClassCondition)

   WebServicesAutoConfiguration:
      Did not match:
         - @ConditionalOnClass did not find required class 'org.springframework.ws.transport.http.MessageDispatcherServlet' (OnClassCondition)

   WebSessionIdResolverAutoConfiguration:
      Did not match:
         - @ConditionalOnClass did not find required class 'reactor.core.publisher.Mono' (OnClassCondition)

   WebSocketMessagingAutoConfiguration:
      Did not match:
         - @ConditionalOnClass did not find required class 'org.springframework.web.socket.config.annotation.WebSocketMessageBrokerConfigurer' (OnClassCondition)

   WebSocketReactiveAutoConfiguration:
      Did not match:
         - @ConditionalOnWebApplication did not find reactive web application classes (OnWebApplicationCondition)

   WebSocketServletAutoConfiguration.Jetty10WebSocketConfiguration:
      Did not match:
         - @ConditionalOnClass did not find required classes 'org.eclipse.jetty.websocket.javax.server.internal.JavaxWebSocketServerContainer', 'org.eclipse.jetty.websocket.server.JettyWebSocketServerContainer' (OnClassCondition)

   WebSocketServletAutoConfiguration.JettyWebSocketConfiguration:
      Did not match:
         - @ConditionalOnClass did not find required class 'org.eclipse.jetty.websocket.jsr356.server.deploy.WebSocketServerContainerInitializer' (OnClassCondition)

   WebSocketServletAutoConfiguration.UndertowWebSocketConfiguration:
      Did not match:
         - @ConditionalOnClass did not find required class 'io.undertow.websockets.jsr.Bootstrap' (OnClassCondition)

   XADataSourceAutoConfiguration:
      Did not match:
         - @ConditionalOnClass did not find required class 'javax.transaction.TransactionManager' (OnClassCondition)


Exclusions:
-----------

    None


Unconditional classes:
----------------------

    org.springframework.boot.autoconfigure.context.ConfigurationPropertiesAutoConfiguration

    org.springframework.boot.autoconfigure.context.LifecycleAutoConfiguration

    org.springframework.boot.autoconfigure.context.PropertyPlaceholderAutoConfiguration

    org.springframework.boot.autoconfigure.availability.ApplicationAvailabilityAutoConfiguration

    org.springframework.boot.autoconfigure.info.ProjectInfoAutoConfiguration



2026-03-28 11:14:13.536  INFO 17828 --- [           main] c.e.T.TigoStarSystemApplication          : Started TigoStarSystemApplication in 2.649 seconds (JVM running for 2.962)
2026-03-28 11:14:13.539 DEBUG 17828 --- [           main] o.s.b.a.ApplicationAvailabilityBean      : Application availability state LivenessState changed to CORRECT
2026-03-28 11:14:13.541  INFO 17828 --- [           main] c.e.T.config.StartupInfoLogger           : spring.profiles.active=[]
2026-03-28 11:14:13.542  INFO 17828 --- [           main] c.e.T.config.StartupInfoLogger           : spring.datasource.url=jdbc:sqlserver://tigo.makiro.com.bo;databaseName=BDSistemaAntenaUTecnico;encrypt=false;trustServerCertificate=true
2026-03-28 11:14:13.542  INFO 17828 --- [           main] c.e.T.config.StartupInfoLogger           : spring.datasource.driver-class-name=com.microsoft.sqlserver.jdbc.SQLServerDriver
2026-03-28 11:14:13.543  INFO 17828 --- [           main] c.e.T.config.StartupInfoLogger           : app.central.datasource.url=jdbc:sqlserver://172.16.0.13;databaseName=BDControlOrdenes;encrypt=false;trustServerCertificate=true
2026-03-28 11:14:13.544  INFO 17828 --- [           main] c.e.T.config.StartupInfoLogger           : app.central.datasource.driver-class-name=com.microsoft.sqlserver.jdbc.SQLServerDriver
2026-03-28 11:14:13.544  INFO 17828 --- [           main] c.e.T.config.StartupInfoLogger           : app.cuadrilla.mail.enabled=true
2026-03-28 11:14:13.545  INFO 17828 --- [           main] c.e.T.config.StartupInfoLogger           : app.cuadrilla.mail.to=cabrerajosue715@gmail.com
2026-03-28 11:14:13.546  INFO 17828 --- [           main] c.e.T.config.StartupInfoLogger           : app.cuadrilla.mail.from=sistemas_sc@makiro.com.bo
2026-03-28 11:14:13.548  INFO 17828 --- [           main] c.e.T.config.StartupInfoLogger           : spring.mail.host=vps-1537170-x.dattaweb.com
2026-03-28 11:14:13.549  INFO 17828 --- [           main] c.e.T.config.StartupInfoLogger           : spring.mail.port=587
2026-03-28 11:14:13.550  INFO 17828 --- [           main] c.e.T.config.StartupInfoLogger           : java.version=1.8.0_471
2026-03-28 11:14:13.550  INFO 17828 --- [           main] c.e.T.config.StartupInfoLogger           : java.home=C:\Program Files\Java\jdk-1.8\jre
2026-03-28 11:14:13.551  INFO 17828 --- [           main] c.e.T.config.StartupInfoLogger           : java.security.properties=null
2026-03-28 11:14:13.551  INFO 17828 --- [           main] c.e.T.config.StartupInfoLogger           : jdk.tls.client.protocols=TLSv1,TLSv1.1,TLSv1.2
2026-03-28 11:14:13.552  INFO 17828 --- [           main] c.e.T.config.StartupInfoLogger           : https.protocols=TLSv1,TLSv1.1,TLSv1.2
2026-03-28 11:14:13.552  INFO 17828 --- [           main] c.e.T.config.StartupInfoLogger           : jdk.tls.disabledAlgorithms=null
2026-03-28 11:14:13.554 DEBUG 17828 --- [           main] o.s.b.a.ApplicationAvailabilityBean      : Application availability state ReadinessState changed to ACCEPTING_TRAFFIC
2026-03-28 11:14:29.094  INFO 17828 --- [nio-8089-exec-1] o.a.c.c.C.[Tomcat].[localhost].[/]       : Initializing Spring DispatcherServlet 'dispatcherServlet'
2026-03-28 11:14:29.095  INFO 17828 --- [nio-8089-exec-1] o.s.web.servlet.DispatcherServlet        : Initializing Servlet 'dispatcherServlet'
2026-03-28 11:14:29.096 DEBUG 17828 --- [nio-8089-exec-1] o.s.web.servlet.DispatcherServlet        : Detected StandardServletMultipartResolver
2026-03-28 11:14:29.096 DEBUG 17828 --- [nio-8089-exec-1] o.s.web.servlet.DispatcherServlet        : Detected AcceptHeaderLocaleResolver
2026-03-28 11:14:29.097 DEBUG 17828 --- [nio-8089-exec-1] o.s.web.servlet.DispatcherServlet        : Detected FixedThemeResolver
2026-03-28 11:14:29.098 DEBUG 17828 --- [nio-8089-exec-1] o.s.web.servlet.DispatcherServlet        : Detected org.springframework.web.servlet.view.DefaultRequestToViewNameTranslator@1f47180e
2026-03-28 11:14:29.099 DEBUG 17828 --- [nio-8089-exec-1] o.s.web.servlet.DispatcherServlet        : Detected org.springframework.web.servlet.support.SessionFlashMapManager@221ec96b
2026-03-28 11:14:29.099 DEBUG 17828 --- [nio-8089-exec-1] o.s.web.servlet.DispatcherServlet        : enableLoggingRequestDetails='false': request parameters and headers will be masked to prevent unsafe logging of potentially sensitive data
2026-03-28 11:14:29.100  INFO 17828 --- [nio-8089-exec-1] o.s.web.servlet.DispatcherServlet        : Completed initialization in 4 ms
2026-03-28 11:14:29.107 DEBUG 17828 --- [nio-8089-exec-1] o.s.web.servlet.DispatcherServlet        : GET "/ot/spx_ValidarVentaYDetallewb?fecha=28/03/2026&nroOT=28759209&numeroCliente=2620591", parameters={masked}
2026-03-28 11:14:29.110 DEBUG 17828 --- [nio-8089-exec-1] s.w.s.m.m.a.RequestMappingHandlerMapping : Mapped to com.example.TigoStarSystem.ot.controller.OtController#validarVentaYDetalleWb(String, String, Integer, Integer)
2026-03-28 11:14:29.190 DEBUG 17828 --- [nio-8089-exec-1] o.s.jdbc.core.JdbcTemplate               : Executing prepared SQL query
2026-03-28 11:14:29.190 DEBUG 17828 --- [nio-8089-exec-1] o.s.jdbc.core.JdbcTemplate               : Executing prepared SQL statement [EXEC dbo.spx_ValidarVentaYDetallewb ?, ?, ?]
2026-03-28 11:14:29.192 DEBUG 17828 --- [nio-8089-exec-1] o.s.jdbc.datasource.DataSourceUtils      : Fetching JDBC Connection from DataSource
2026-03-28 11:14:29.193 DEBUG 17828 --- [nio-8089-exec-1] com.zaxxer.hikari.HikariConfig           : HikariPool-1 - configuration:
2026-03-28 11:14:29.194 DEBUG 17828 --- [nio-8089-exec-1] com.zaxxer.hikari.HikariConfig           : allowPoolSuspension................................false
2026-03-28 11:14:29.194 DEBUG 17828 --- [nio-8089-exec-1] com.zaxxer.hikari.HikariConfig           : autoCommit................................true
2026-03-28 11:14:29.195 DEBUG 17828 --- [nio-8089-exec-1] com.zaxxer.hikari.HikariConfig           : catalog................................none
2026-03-28 11:14:29.195 DEBUG 17828 --- [nio-8089-exec-1] com.zaxxer.hikari.HikariConfig           : connectionInitSql................................none
2026-03-28 11:14:29.196 DEBUG 17828 --- [nio-8089-exec-1] com.zaxxer.hikari.HikariConfig           : connectionTestQuery................................"SELECT 1"
2026-03-28 11:14:29.196 DEBUG 17828 --- [nio-8089-exec-1] com.zaxxer.hikari.HikariConfig           : connectionTimeout................................15000
2026-03-28 11:14:29.197 DEBUG 17828 --- [nio-8089-exec-1] com.zaxxer.hikari.HikariConfig           : dataSource................................none
2026-03-28 11:14:29.198 DEBUG 17828 --- [nio-8089-exec-1] com.zaxxer.hikari.HikariConfig           : dataSourceClassName................................none
2026-03-28 11:14:29.198 DEBUG 17828 --- [nio-8089-exec-1] com.zaxxer.hikari.HikariConfig           : dataSourceJNDI................................none
2026-03-28 11:14:29.200 DEBUG 17828 --- [nio-8089-exec-1] com.zaxxer.hikari.HikariConfig           : dataSourceProperties................................{trustServerCertificate=true, password=<masked>, encrypt=false}
2026-03-28 11:14:29.201 DEBUG 17828 --- [nio-8089-exec-1] com.zaxxer.hikari.HikariConfig           : driverClassName................................"com.microsoft.sqlserver.jdbc.SQLServerDriver"
2026-03-28 11:14:29.201 DEBUG 17828 --- [nio-8089-exec-1] com.zaxxer.hikari.HikariConfig           : exceptionOverrideClassName................................none
2026-03-28 11:14:29.202 DEBUG 17828 --- [nio-8089-exec-1] com.zaxxer.hikari.HikariConfig           : healthCheckProperties................................{}
2026-03-28 11:14:29.204 DEBUG 17828 --- [nio-8089-exec-1] com.zaxxer.hikari.HikariConfig           : healthCheckRegistry................................none
2026-03-28 11:14:29.205 DEBUG 17828 --- [nio-8089-exec-1] com.zaxxer.hikari.HikariConfig           : idleTimeout................................300000
2026-03-28 11:14:29.206 DEBUG 17828 --- [nio-8089-exec-1] com.zaxxer.hikari.HikariConfig           : initializationFailTimeout................................-1
2026-03-28 11:14:29.206 DEBUG 17828 --- [nio-8089-exec-1] com.zaxxer.hikari.HikariConfig           : isolateInternalQueries................................false
2026-03-28 11:14:29.207 DEBUG 17828 --- [nio-8089-exec-1] com.zaxxer.hikari.HikariConfig           : jdbcUrl................................jdbc:sqlserver://tigo.makiro.com.bo;databaseName=BDSistemaAntenaUTecnico;encrypt=false;trustServerCertificate=true
2026-03-28 11:14:29.207 DEBUG 17828 --- [nio-8089-exec-1] com.zaxxer.hikari.HikariConfig           : keepaliveTime................................120000
2026-03-28 11:14:29.208 DEBUG 17828 --- [nio-8089-exec-1] com.zaxxer.hikari.HikariConfig           : leakDetectionThreshold................................0
2026-03-28 11:14:29.208 DEBUG 17828 --- [nio-8089-exec-1] com.zaxxer.hikari.HikariConfig           : maxLifetime................................900000
2026-03-28 11:14:29.209 DEBUG 17828 --- [nio-8089-exec-1] com.zaxxer.hikari.HikariConfig           : maximumPoolSize................................10
2026-03-28 11:14:29.210 DEBUG 17828 --- [nio-8089-exec-1] com.zaxxer.hikari.HikariConfig           : metricRegistry................................none
2026-03-28 11:14:29.210 DEBUG 17828 --- [nio-8089-exec-1] com.zaxxer.hikari.HikariConfig           : metricsTrackerFactory................................none
2026-03-28 11:14:29.213 DEBUG 17828 --- [nio-8089-exec-1] com.zaxxer.hikari.HikariConfig           : minimumIdle................................0
2026-03-28 11:14:29.214 DEBUG 17828 --- [nio-8089-exec-1] com.zaxxer.hikari.HikariConfig           : password................................<masked>
2026-03-28 11:14:29.214 DEBUG 17828 --- [nio-8089-exec-1] com.zaxxer.hikari.HikariConfig           : poolName................................"HikariPool-1"
2026-03-28 11:14:29.215 DEBUG 17828 --- [nio-8089-exec-1] com.zaxxer.hikari.HikariConfig           : readOnly................................false
2026-03-28 11:14:29.215 DEBUG 17828 --- [nio-8089-exec-1] com.zaxxer.hikari.HikariConfig           : registerMbeans................................false
2026-03-28 11:14:29.216 DEBUG 17828 --- [nio-8089-exec-1] com.zaxxer.hikari.HikariConfig           : scheduledExecutor................................none
2026-03-28 11:14:29.216 DEBUG 17828 --- [nio-8089-exec-1] com.zaxxer.hikari.HikariConfig           : schema................................none
2026-03-28 11:14:29.217 DEBUG 17828 --- [nio-8089-exec-1] com.zaxxer.hikari.HikariConfig           : threadFactory................................internal
2026-03-28 11:14:29.218 DEBUG 17828 --- [nio-8089-exec-1] com.zaxxer.hikari.HikariConfig           : transactionIsolation................................default
2026-03-28 11:14:29.218 DEBUG 17828 --- [nio-8089-exec-1] com.zaxxer.hikari.HikariConfig           : username................................"sistemas"
2026-03-28 11:14:29.220 DEBUG 17828 --- [nio-8089-exec-1] com.zaxxer.hikari.HikariConfig           : validationTimeout................................5000
2026-03-28 11:14:29.221  INFO 17828 --- [nio-8089-exec-1] com.zaxxer.hikari.HikariDataSource       : HikariPool-1 - Starting...
2026-03-28 11:14:29.222  INFO 17828 --- [nio-8089-exec-1] com.zaxxer.hikari.HikariDataSource       : HikariPool-1 - Start completed.
2026-03-28 11:14:29.336 DEBUG 17828 --- [l-1 housekeeper] com.zaxxer.hikari.pool.HikariPool        : HikariPool-1 - Before cleanup stats (total=0, active=0, idle=0, waiting=1)
2026-03-28 11:14:29.337 DEBUG 17828 --- [l-1 housekeeper] com.zaxxer.hikari.pool.HikariPool        : HikariPool-1 - After cleanup  stats (total=0, active=0, idle=0, waiting=1)
2026-03-28 11:14:29.337 DEBUG 17828 --- [l-1 housekeeper] com.zaxxer.hikari.pool.HikariPool        : HikariPool-1 - Fill pool skipped, pool is at sufficient level.
2026-03-28 11:14:29.684 DEBUG 17828 --- [onnection adder] com.zaxxer.hikari.pool.HikariPool        : HikariPool-1 - Added connection ConnectionID:1 ClientConnectionId: 2b444233-0b40-48cb-88fb-d447dfc8d4cc
2026-03-28 11:14:29.806 DEBUG 17828 --- [nio-8089-exec-1] o.s.w.s.m.m.a.HttpEntityMethodProcessor  : Using 'application/json', given [*/*] and supported [application/json, application/*+json, application/json, application/*+json]
2026-03-28 11:14:29.807 DEBUG 17828 --- [nio-8089-exec-1] o.s.w.s.m.m.a.HttpEntityMethodProcessor  : Writing [com.example.TigoStarSystem.common.ApiResponse@5c827abf]
2026-03-28 11:14:29.820 DEBUG 17828 --- [nio-8089-exec-1] o.s.web.servlet.DispatcherServlet        : Completed 200 OK
2026-03-28 11:14:43.024 DEBUG 17828 --- [nio-8089-exec-2] o.s.web.servlet.DispatcherServlet        : GET "/ot/spx_ValidarVentaYDetallewb?fecha=28/03/2026&nroOT=28759209&numeroCliente=2620591", parameters={masked}
2026-03-28 11:14:43.030 DEBUG 17828 --- [nio-8089-exec-2] s.w.s.m.m.a.RequestMappingHandlerMapping : Mapped to com.example.TigoStarSystem.ot.controller.OtController#validarVentaYDetalleWb(String, String, Integer, Integer)
2026-03-28 11:14:43.077 DEBUG 17828 --- [nio-8089-exec-2] o.s.jdbc.core.JdbcTemplate               : Executing prepared SQL query
2026-03-28 11:14:43.078 DEBUG 17828 --- [nio-8089-exec-2] o.s.jdbc.core.JdbcTemplate               : Executing prepared SQL statement [EXEC dbo.spx_ValidarVentaYDetallewb ?, ?, ?]
2026-03-28 11:14:43.078 DEBUG 17828 --- [nio-8089-exec-2] o.s.jdbc.datasource.DataSourceUtils      : Fetching JDBC Connection from DataSource
2026-03-28 11:14:43.145 DEBUG 17828 --- [nio-8089-exec-2] o.s.w.s.m.m.a.HttpEntityMethodProcessor  : Using 'application/json', given [*/*] and supported [application/json, application/*+json, application/json, application/*+json]
2026-03-28 11:14:43.154 DEBUG 17828 --- [nio-8089-exec-2] o.s.w.s.m.m.a.HttpEntityMethodProcessor  : Writing [com.example.TigoStarSystem.common.ApiResponse@10d26ddf]
2026-03-28 11:14:43.159 DEBUG 17828 --- [ool housekeeper] com.zaxxer.hikari.pool.HikariPool        : CentralHikariPool - Before cleanup stats (total=0, active=0, idle=0, waiting=0)
2026-03-28 11:14:43.193 DEBUG 17828 --- [nio-8089-exec-2] o.s.web.servlet.DispatcherServlet        : Completed 200 OK
2026-03-28 11:14:43.234 DEBUG 17828 --- [ool housekeeper] com.zaxxer.hikari.pool.HikariPool        : CentralHikariPool - After cleanup  stats (total=0, active=0, idle=0, waiting=0)
2026-03-28 11:14:43.235 DEBUG 17828 --- [ool housekeeper] com.zaxxer.hikari.pool.HikariPool        : CentralHikariPool - Fill pool skipped, pool is at sufficient level.
2026-03-28 11:14:59.352 DEBUG 17828 --- [l-1 housekeeper] com.zaxxer.hikari.pool.HikariPool        : HikariPool-1 - Before cleanup stats (total=1, active=0, idle=1, waiting=0)
2026-03-28 11:14:59.353 DEBUG 17828 --- [l-1 housekeeper] com.zaxxer.hikari.pool.HikariPool        : HikariPool-1 - After cleanup  stats (total=1, active=0, idle=1, waiting=0)
2026-03-28 11:14:59.354 DEBUG 17828 --- [l-1 housekeeper] com.zaxxer.hikari.pool.HikariPool        : HikariPool-1 - Fill pool skipped, pool is at sufficient level.
2026-03-28 11:15:13.246 DEBUG 17828 --- [ool housekeeper] com.zaxxer.hikari.pool.HikariPool        : CentralHikariPool - Before cleanup stats (total=0, active=0, idle=0, waiting=0)
2026-03-28 11:15:13.247 DEBUG 17828 --- [ool housekeeper] com.zaxxer.hikari.pool.HikariPool        : CentralHikariPool - After cleanup  stats (total=0, active=0, idle=0, waiting=0)
2026-03-28 11:15:13.249 DEBUG 17828 --- [ool housekeeper] com.zaxxer.hikari.pool.HikariPool        : CentralHikariPool - Fill pool skipped, pool is at sufficient level.
2026-03-28 11:15:29.363 DEBUG 17828 --- [l-1 housekeeper] com.zaxxer.hikari.pool.HikariPool        : HikariPool-1 - Before cleanup stats (total=1, active=0, idle=1, waiting=0)
2026-03-28 11:15:29.398 DEBUG 17828 --- [l-1 housekeeper] com.zaxxer.hikari.pool.HikariPool        : HikariPool-1 - After cleanup  stats (total=1, active=0, idle=1, waiting=0)
2026-03-28 11:15:29.399 DEBUG 17828 --- [l-1 housekeeper] com.zaxxer.hikari.pool.HikariPool        : HikariPool-1 - Fill pool skipped, pool is at sufficient level.
2026-03-28 11:15:43.262 DEBUG 17828 --- [ool housekeeper] com.zaxxer.hikari.pool.HikariPool        : CentralHikariPool - Before cleanup stats (total=0, active=0, idle=0, waiting=0)
2026-03-28 11:15:43.263 DEBUG 17828 --- [ool housekeeper] com.zaxxer.hikari.pool.HikariPool        : CentralHikariPool - After cleanup  stats (total=0, active=0, idle=0, waiting=0)
2026-03-28 11:15:43.263 DEBUG 17828 --- [ool housekeeper] com.zaxxer.hikari.pool.HikariPool        : CentralHikariPool - Fill pool skipped, pool is at sufficient level.
2026-03-28 11:15:59.509 DEBUG 17828 --- [l-1 housekeeper] com.zaxxer.hikari.pool.HikariPool        : HikariPool-1 - Before cleanup stats (total=1, active=0, idle=1, waiting=0)
2026-03-28 11:15:59.510 DEBUG 17828 --- [l-1 housekeeper] com.zaxxer.hikari.pool.HikariPool        : HikariPool-1 - After cleanup  stats (total=1, active=0, idle=1, waiting=0)
2026-03-28 11:15:59.510 DEBUG 17828 --- [l-1 housekeeper] com.zaxxer.hikari.pool.HikariPool        : HikariPool-1 - Fill pool skipped, pool is at sufficient level.
2026-03-28 11:16:13.273 DEBUG 17828 --- [ool housekeeper] com.zaxxer.hikari.pool.HikariPool        : CentralHikariPool - Before cleanup stats (total=0, active=0, idle=0, waiting=0)
2026-03-28 11:16:13.274 DEBUG 17828 --- [ool housekeeper] com.zaxxer.hikari.pool.HikariPool        : CentralHikariPool - After cleanup  stats (total=0, active=0, idle=0, waiting=0)
2026-03-28 11:16:13.275 DEBUG 17828 --- [ool housekeeper] com.zaxxer.hikari.pool.HikariPool        : CentralHikariPool - Fill pool skipped, pool is at sufficient level.
2026-03-28 11:16:27.542 DEBUG 17828 --- [nio-8089-exec-3] o.s.web.servlet.DispatcherServlet        : GET "/ot/spx_ValidarVentaYDetallewb?fecha=28/03/2026&nroOT=28759209&numeroCliente=2620591", parameters={masked}
2026-03-28 11:16:27.543 DEBUG 17828 --- [nio-8089-exec-3] s.w.s.m.m.a.RequestMappingHandlerMapping : Mapped to com.example.TigoStarSystem.ot.controller.OtController#validarVentaYDetalleWb(String, String, Integer, Integer)
2026-03-28 11:16:27.544 DEBUG 17828 --- [nio-8089-exec-3] o.s.jdbc.core.JdbcTemplate               : Executing prepared SQL query
2026-03-28 11:16:27.545 DEBUG 17828 --- [nio-8089-exec-3] o.s.jdbc.core.JdbcTemplate               : Executing prepared SQL statement [EXEC dbo.spx_ValidarVentaYDetallewb ?, ?, ?]
2026-03-28 11:16:27.546 DEBUG 17828 --- [nio-8089-exec-3] o.s.jdbc.datasource.DataSourceUtils      : Fetching JDBC Connection from DataSource
2026-03-28 11:16:27.612 DEBUG 17828 --- [nio-8089-exec-3] o.s.w.s.m.m.a.HttpEntityMethodProcessor  : Using 'application/json', given [*/*] and supported [application/json, application/*+json, application/json, application/*+json]
2026-03-28 11:16:27.614 DEBUG 17828 --- [nio-8089-exec-3] o.s.w.s.m.m.a.HttpEntityMethodProcessor  : Writing [com.example.TigoStarSystem.common.ApiResponse@41af9e01]
2026-03-28 11:16:27.615 DEBUG 17828 --- [nio-8089-exec-3] o.s.web.servlet.DispatcherServlet        : Completed 200 OK
2026-03-28 11:16:29.520 DEBUG 17828 --- [l-1 housekeeper] com.zaxxer.hikari.pool.HikariPool        : HikariPool-1 - Before cleanup stats (total=1, active=0, idle=1, waiting=0)
2026-03-28 11:16:29.593 DEBUG 17828 --- [l-1 housekeeper] com.zaxxer.hikari.pool.HikariPool        : HikariPool-1 - After cleanup  stats (total=1, active=0, idle=1, waiting=0)
2026-03-28 11:16:29.684 DEBUG 17828 --- [l-1 housekeeper] com.zaxxer.hikari.pool.HikariPool        : HikariPool-1 - Fill pool skipped, pool is at sufficient level.
2026-03-28 11:16:29.687 DEBUG 17828 --- [l-1 housekeeper] com.zaxxer.hikari.pool.HikariPool        : HikariPool-1 - keepalive: connection ConnectionID:1 ClientConnectionId: 2b444233-0b40-48cb-88fb-d447dfc8d4cc is alive
2026-03-28 11:16:43.278 DEBUG 17828 --- [ool housekeeper] com.zaxxer.hikari.pool.HikariPool        : CentralHikariPool - Before cleanup stats (total=0, active=0, idle=0, waiting=0)
2026-03-28 11:16:43.279 DEBUG 17828 --- [ool housekeeper] com.zaxxer.hikari.pool.HikariPool        : CentralHikariPool - After cleanup  stats (total=0, active=0, idle=0, waiting=0)
2026-03-28 11:16:43.281 DEBUG 17828 --- [ool housekeeper] com.zaxxer.hikari.pool.HikariPool        : CentralHikariPool - Fill pool skipped, pool is at sufficient level.
2026-03-28 11:16:49.450 DEBUG 17828 --- [nio-8089-exec-5] o.s.web.servlet.DispatcherServlet        : GET "/auth/permisos", parameters={}
2026-03-28 11:16:49.503 DEBUG 17828 --- [nio-8089-exec-5] s.w.s.m.m.a.RequestMappingHandlerMapping : Mapped to com.example.TigoStarSystem.auth.controller.AuthPermisosController#permisos(String)
2026-03-28 11:16:49.505 DEBUG 17828 --- [nio-8089-exec-5] .m.m.a.ExceptionHandlerExceptionResolver : Using @ExceptionHandler com.example.TigoStarSystem.common.GlobalExceptionHandler#handleApiException(ApiException, HttpServletRequest)
2026-03-28 11:16:49.534 DEBUG 17828 --- [nio-8089-exec-5] o.s.w.s.m.m.a.HttpEntityMethodProcessor  : Using 'application/json', given [application/json, text/plain, */*] and supported [application/json, application/*+json, application/json, application/*+json]
2026-03-28 11:16:49.535 DEBUG 17828 --- [nio-8089-exec-5] o.s.w.s.m.m.a.HttpEntityMethodProcessor  : Writing [com.example.TigoStarSystem.common.ApiError@57839dfc]
2026-03-28 11:16:49.536 DEBUG 17828 --- [nio-8089-exec-5] .m.m.a.ExceptionHandlerExceptionResolver : Resolved [com.example.TigoStarSystem.common.ApiException: Sesión inválida.]
2026-03-28 11:16:49.538 DEBUG 17828 --- [nio-8089-exec-5] o.s.web.servlet.DispatcherServlet        : Completed 401 UNAUTHORIZED
2026-03-28 11:16:49.539 DEBUG 17828 --- [nio-8089-exec-6] o.s.web.servlet.DispatcherServlet        : GET "/auth/permisos", parameters={}
2026-03-28 11:16:49.540 DEBUG 17828 --- [nio-8089-exec-6] s.w.s.m.m.a.RequestMappingHandlerMapping : Mapped to com.example.TigoStarSystem.auth.controller.AuthPermisosController#permisos(String)
2026-03-28 11:16:49.541 DEBUG 17828 --- [nio-8089-exec-6] .m.m.a.ExceptionHandlerExceptionResolver : Using @ExceptionHandler com.example.TigoStarSystem.common.GlobalExceptionHandler#handleApiException(ApiException, HttpServletRequest)
2026-03-28 11:16:49.542 DEBUG 17828 --- [nio-8089-exec-6] o.s.w.s.m.m.a.HttpEntityMethodProcessor  : Using 'application/json', given [application/json, text/plain, */*] and supported [application/json, application/*+json, application/json, application/*+json]
2026-03-28 11:16:49.543 DEBUG 17828 --- [nio-8089-exec-6] o.s.w.s.m.m.a.HttpEntityMethodProcessor  : Writing [com.example.TigoStarSystem.common.ApiError@7d123cb6]
2026-03-28 11:16:49.544 DEBUG 17828 --- [nio-8089-exec-6] .m.m.a.ExceptionHandlerExceptionResolver : Resolved [com.example.TigoStarSystem.common.ApiException: Sesión inválida.]
2026-03-28 11:16:49.545 DEBUG 17828 --- [nio-8089-exec-6] o.s.web.servlet.DispatcherServlet        : Completed 401 UNAUTHORIZED
2026-03-28 11:16:49.571 DEBUG 17828 --- [nio-8089-exec-7] o.s.web.servlet.DispatcherServlet        : GET "/auth/sucursales", parameters={}
2026-03-28 11:16:49.573 DEBUG 17828 --- [nio-8089-exec-7] s.w.s.m.m.a.RequestMappingHandlerMapping : Mapped to com.example.TigoStarSystem.auth.controller.AuthController#listarSucursales()
2026-03-28 11:16:49.585  INFO 17828 --- [nio-8089-exec-7] c.e.T.auth.controller.AuthController     : Request GET /auth/sucursales
2026-03-28 11:16:49.590 DEBUG 17828 --- [nio-8089-exec-7] o.s.jdbc.core.JdbcTemplate               : Executing SQL query [EXEC dbo.spx_ObtenerSucursalesConexion]
2026-03-28 11:16:49.593 DEBUG 17828 --- [nio-8089-exec-7] o.s.jdbc.datasource.DataSourceUtils      : Fetching JDBC Connection from DataSource
2026-03-28 11:16:49.620 DEBUG 17828 --- [nio-8089-exec-7] o.s.w.s.m.m.a.HttpEntityMethodProcessor  : Using 'application/json', given [application/json, text/plain, */*] and supported [application/json, application/*+json, application/json, application/*+json]
2026-03-28 11:16:49.703 DEBUG 17828 --- [nio-8089-exec-7] o.s.w.s.m.m.a.HttpEntityMethodProcessor  : Writing [com.example.TigoStarSystem.common.ApiResponse@7f3e2da]
2026-03-28 11:16:49.787 DEBUG 17828 --- [nio-8089-exec-8] o.s.web.servlet.DispatcherServlet        : GET "/auth/sucursales", parameters={}
2026-03-28 11:16:49.822 DEBUG 17828 --- [nio-8089-exec-8] s.w.s.m.m.a.RequestMappingHandlerMapping : Mapped to com.example.TigoStarSystem.auth.controller.AuthController#listarSucursales()
2026-03-28 11:16:49.823  INFO 17828 --- [nio-8089-exec-8] c.e.T.auth.controller.AuthController     : Request GET /auth/sucursales
2026-03-28 11:16:49.823 DEBUG 17828 --- [nio-8089-exec-8] o.s.jdbc.core.JdbcTemplate               : Executing SQL query [EXEC dbo.spx_ObtenerSucursalesConexion]
2026-03-28 11:16:49.823 DEBUG 17828 --- [nio-8089-exec-8] o.s.jdbc.datasource.DataSourceUtils      : Fetching JDBC Connection from DataSource
2026-03-28 11:16:49.824 DEBUG 17828 --- [nio-8089-exec-7] o.s.web.servlet.DispatcherServlet        : Completed 200 OK
2026-03-28 11:16:49.832 DEBUG 17828 --- [nio-8089-exec-8] o.s.w.s.m.m.a.HttpEntityMethodProcessor  : Using 'application/json', given [application/json, text/plain, */*] and supported [application/json, application/*+json, application/json, application/*+json]
2026-03-28 11:16:49.832 DEBUG 17828 --- [nio-8089-exec-8] o.s.w.s.m.m.a.HttpEntityMethodProcessor  : Writing [com.example.TigoStarSystem.common.ApiResponse@28425219]
2026-03-28 11:16:49.836 DEBUG 17828 --- [nio-8089-exec-8] o.s.web.servlet.DispatcherServlet        : Completed 200 OK
2026-03-28 11:16:59.694 DEBUG 17828 --- [l-1 housekeeper] com.zaxxer.hikari.pool.HikariPool        : HikariPool-1 - Before cleanup stats (total=1, active=0, idle=1, waiting=0)
2026-03-28 11:16:59.695 DEBUG 17828 --- [l-1 housekeeper] com.zaxxer.hikari.pool.HikariPool        : HikariPool-1 - After cleanup  stats (total=1, active=0, idle=1, waiting=0)
2026-03-28 11:16:59.696 DEBUG 17828 --- [l-1 housekeeper] com.zaxxer.hikari.pool.HikariPool        : HikariPool-1 - Fill pool skipped, pool is at sufficient level.
2026-03-28 11:17:01.673 DEBUG 17828 --- [io-8089-exec-10] o.s.web.servlet.DispatcherServlet        : GET "/auth/sucursales", parameters={}
2026-03-28 11:17:01.674 DEBUG 17828 --- [io-8089-exec-10] s.w.s.m.m.a.RequestMappingHandlerMapping : Mapped to com.example.TigoStarSystem.auth.controller.AuthController#listarSucursales()
2026-03-28 11:17:01.675 DEBUG 17828 --- [nio-8089-exec-1] o.s.web.servlet.DispatcherServlet        : POST "/auth/login", parameters={}
2026-03-28 11:17:01.676  INFO 17828 --- [io-8089-exec-10] c.e.T.auth.controller.AuthController     : Request GET /auth/sucursales
2026-03-28 11:17:01.676 DEBUG 17828 --- [nio-8089-exec-1] s.w.s.m.m.a.RequestMappingHandlerMapping : Mapped to com.example.TigoStarSystem.auth.controller.AuthController#login(AuthLoginRequest)
2026-03-28 11:17:01.677 DEBUG 17828 --- [io-8089-exec-10] o.s.jdbc.core.JdbcTemplate               : Executing SQL query [EXEC dbo.spx_ObtenerSucursalesConexion]
2026-03-28 11:17:01.678 DEBUG 17828 --- [io-8089-exec-10] o.s.jdbc.datasource.DataSourceUtils      : Fetching JDBC Connection from DataSource
2026-03-28 11:17:01.730 DEBUG 17828 --- [io-8089-exec-10] o.s.w.s.m.m.a.HttpEntityMethodProcessor  : Using 'application/json', given [application/json, text/plain, */*] and supported [application/json, application/*+json, application/json, application/*+json]
2026-03-28 11:17:01.731 DEBUG 17828 --- [io-8089-exec-10] o.s.w.s.m.m.a.HttpEntityMethodProcessor  : Writing [com.example.TigoStarSystem.common.ApiResponse@2289c282]
2026-03-28 11:17:01.732 DEBUG 17828 --- [io-8089-exec-10] o.s.web.servlet.DispatcherServlet        : Completed 200 OK
2026-03-28 11:17:01.746 DEBUG 17828 --- [nio-8089-exec-1] m.m.a.RequestResponseBodyMethodProcessor : Read "application/json;charset=UTF-8" to [com.example.TigoStarSystem.auth.dto.AuthLoginRequest@3d6a988b]
2026-03-28 11:17:01.806  INFO 17828 --- [nio-8089-exec-1] c.e.T.auth.service.AuthService           : Login attempt usuario=barrosook, idSucursal=9, validarSucursal=false
2026-03-28 11:17:01.807 DEBUG 17828 --- [nio-8089-exec-1] o.s.jdbc.core.JdbcTemplate               : Executing SQL query [EXEC dbo.spx_ObtenerSucursalesConexion]
2026-03-28 11:17:01.808 DEBUG 17828 --- [nio-8089-exec-1] o.s.jdbc.datasource.DataSourceUtils      : Fetching JDBC Connection from DataSource
2026-03-28 11:17:01.856 DEBUG 17828 --- [nio-8089-exec-1] c.e.T.auth.service.AuthService           : Sucursal resolved idSucursal=9, host=tigo.makiro.com.bo, baseDeDatos=BDSistemaAntenaPM
2026-03-28 11:17:01.857 DEBUG 17828 --- [nio-8089-exec-1] c.e.T.auth.service.AuthService           : Login target resolved idSucursal=9, sucursal=Santa_Cruz, host=tigo.makiro.com.bo, baseDeDatos=BDSistemaAntenaUTecnico
2026-03-28 11:17:01.858 DEBUG 17828 --- [nio-8089-exec-1] c.e.T.auth.service.AuthService           : Creating JDBC connection for sucursal host=tigo.makiro.com.bo baseDeDatos=BDSistemaAntenaUTecnico
2026-03-28 11:17:01.859 DEBUG 17828 --- [nio-8089-exec-1] com.zaxxer.hikari.HikariConfig           : Driver class com.microsoft.sqlserver.jdbc.SQLServerDriver found in Thread context class loader TomcatEmbeddedWebappClassLoader
  context: ROOT
  delegate: true
----------> Parent Classloader:
sun.misc.Launcher$AppClassLoader@7506e922

2026-03-28 11:17:01.859 DEBUG 17828 --- [nio-8089-exec-1] com.zaxxer.hikari.HikariConfig           : ConnDb-Santa_Cruz - configuration:
2026-03-28 11:17:01.860 DEBUG 17828 --- [nio-8089-exec-1] com.zaxxer.hikari.HikariConfig           : allowPoolSuspension................................false
2026-03-28 11:17:01.861 DEBUG 17828 --- [nio-8089-exec-1] com.zaxxer.hikari.HikariConfig           : autoCommit................................true
2026-03-28 11:17:01.862 DEBUG 17828 --- [nio-8089-exec-1] com.zaxxer.hikari.HikariConfig           : catalog................................none
2026-03-28 11:17:01.862 DEBUG 17828 --- [nio-8089-exec-1] com.zaxxer.hikari.HikariConfig           : connectionInitSql................................none
2026-03-28 11:17:01.863 DEBUG 17828 --- [nio-8089-exec-1] com.zaxxer.hikari.HikariConfig           : connectionTestQuery................................"SELECT 1"
2026-03-28 11:17:01.863 DEBUG 17828 --- [nio-8089-exec-1] com.zaxxer.hikari.HikariConfig           : connectionTimeout................................30000
2026-03-28 11:17:01.864 DEBUG 17828 --- [nio-8089-exec-1] com.zaxxer.hikari.HikariConfig           : dataSource................................none
2026-03-28 11:17:01.866 DEBUG 17828 --- [nio-8089-exec-1] com.zaxxer.hikari.HikariConfig           : dataSourceClassName................................none
2026-03-28 11:17:01.867 DEBUG 17828 --- [nio-8089-exec-1] com.zaxxer.hikari.HikariConfig           : dataSourceJNDI................................none
2026-03-28 11:17:01.868 DEBUG 17828 --- [nio-8089-exec-1] com.zaxxer.hikari.HikariConfig           : dataSourceProperties................................{password=<masked>}
2026-03-28 11:17:01.868 DEBUG 17828 --- [nio-8089-exec-1] com.zaxxer.hikari.HikariConfig           : driverClassName................................"com.microsoft.sqlserver.jdbc.SQLServerDriver"
2026-03-28 11:17:01.869 DEBUG 17828 --- [nio-8089-exec-1] com.zaxxer.hikari.HikariConfig           : exceptionOverrideClassName................................none
2026-03-28 11:17:01.869 DEBUG 17828 --- [nio-8089-exec-1] com.zaxxer.hikari.HikariConfig           : healthCheckProperties................................{}
2026-03-28 11:17:01.870 DEBUG 17828 --- [nio-8089-exec-1] com.zaxxer.hikari.HikariConfig           : healthCheckRegistry................................none
2026-03-28 11:17:01.871 DEBUG 17828 --- [nio-8089-exec-1] com.zaxxer.hikari.HikariConfig           : idleTimeout................................600000
2026-03-28 11:17:01.871 DEBUG 17828 --- [nio-8089-exec-1] com.zaxxer.hikari.HikariConfig           : initializationFailTimeout................................-1
2026-03-28 11:17:01.872 DEBUG 17828 --- [nio-8089-exec-1] com.zaxxer.hikari.HikariConfig           : isolateInternalQueries................................false
2026-03-28 11:17:01.872 DEBUG 17828 --- [nio-8089-exec-1] com.zaxxer.hikari.HikariConfig           : jdbcUrl................................jdbc:sqlserver://tigo.makiro.com.bo;databaseName=BDSistemaAntenaUTecnico;encrypt=false;trustServerCertificate=true
2026-03-28 11:17:01.875 DEBUG 17828 --- [nio-8089-exec-1] com.zaxxer.hikari.HikariConfig           : keepaliveTime................................0
2026-03-28 11:17:01.875 DEBUG 17828 --- [nio-8089-exec-1] com.zaxxer.hikari.HikariConfig           : leakDetectionThreshold................................0
2026-03-28 11:17:01.876 DEBUG 17828 --- [nio-8089-exec-1] com.zaxxer.hikari.HikariConfig           : maxLifetime................................1800000
2026-03-28 11:17:01.876 DEBUG 17828 --- [nio-8089-exec-1] com.zaxxer.hikari.HikariConfig           : maximumPoolSize................................5
2026-03-28 11:17:01.877 DEBUG 17828 --- [nio-8089-exec-1] com.zaxxer.hikari.HikariConfig           : metricRegistry................................none
2026-03-28 11:17:01.878 DEBUG 17828 --- [nio-8089-exec-1] com.zaxxer.hikari.HikariConfig           : metricsTrackerFactory................................none
2026-03-28 11:17:01.878 DEBUG 17828 --- [nio-8089-exec-1] com.zaxxer.hikari.HikariConfig           : minimumIdle................................0
2026-03-28 11:17:01.879 DEBUG 17828 --- [nio-8089-exec-1] com.zaxxer.hikari.HikariConfig           : password................................<masked>
2026-03-28 11:17:01.879 DEBUG 17828 --- [nio-8089-exec-1] com.zaxxer.hikari.HikariConfig           : poolName................................"ConnDb-Santa_Cruz"
2026-03-28 11:17:01.880 DEBUG 17828 --- [nio-8089-exec-1] com.zaxxer.hikari.HikariConfig           : readOnly................................false
2026-03-28 11:17:01.880 DEBUG 17828 --- [nio-8089-exec-1] com.zaxxer.hikari.HikariConfig           : registerMbeans................................false
2026-03-28 11:17:01.882 DEBUG 17828 --- [nio-8089-exec-1] com.zaxxer.hikari.HikariConfig           : scheduledExecutor................................none
2026-03-28 11:17:01.883 DEBUG 17828 --- [nio-8089-exec-1] com.zaxxer.hikari.HikariConfig           : schema................................none
2026-03-28 11:17:01.883 DEBUG 17828 --- [nio-8089-exec-1] com.zaxxer.hikari.HikariConfig           : threadFactory................................internal
2026-03-28 11:17:01.884 DEBUG 17828 --- [nio-8089-exec-1] com.zaxxer.hikari.HikariConfig           : transactionIsolation................................default
2026-03-28 11:17:01.884 DEBUG 17828 --- [nio-8089-exec-1] com.zaxxer.hikari.HikariConfig           : username................................"sistemas"
2026-03-28 11:17:01.885 DEBUG 17828 --- [nio-8089-exec-1] com.zaxxer.hikari.HikariConfig           : validationTimeout................................5000
2026-03-28 11:17:01.886  INFO 17828 --- [nio-8089-exec-1] com.zaxxer.hikari.HikariDataSource       : ConnDb-Santa_Cruz - Starting...
2026-03-28 11:17:01.886  INFO 17828 --- [nio-8089-exec-1] com.zaxxer.hikari.HikariDataSource       : ConnDb-Santa_Cruz - Start completed.
2026-03-28 11:17:01.888 DEBUG 17828 --- [nio-8089-exec-1] c.e.T.auth.service.AuthService           : Calling SP dbo.spx_ValidarUsuario
2026-03-28 11:17:01.890 DEBUG 17828 --- [nio-8089-exec-1] o.s.jdbc.core.JdbcTemplate               : Executing prepared SQL query
2026-03-28 11:17:01.890 DEBUG 17828 --- [nio-8089-exec-1] o.s.jdbc.core.JdbcTemplate               : Executing prepared SQL statement [EXEC dbo.spx_ValidarUsuario ?, ?]
2026-03-28 11:17:01.891 DEBUG 17828 --- [nio-8089-exec-1] o.s.jdbc.datasource.DataSourceUtils      : Fetching JDBC Connection from DataSource
2026-03-28 11:17:01.925 DEBUG 17828 --- [onnection adder] com.zaxxer.hikari.pool.HikariPool        : ConnDb-Santa_Cruz - Added connection ConnectionID:2 ClientConnectionId: 8d586edc-ab48-4155-a233-2e8159736005
2026-03-28 11:17:01.928 DEBUG 17828 --- [nio-8089-exec-1] c.e.T.auth.service.AuthService           : Login SP returned 0 rows
2026-03-28 11:17:01.929  WARN 17828 --- [nio-8089-exec-1] c.e.T.auth.service.AuthService           : Login invalid credentials usuario=barrosook, idSucursal=9, validarSucursal=false
2026-03-28 11:17:01.930 DEBUG 17828 --- [nio-8089-exec-1] .m.m.a.ExceptionHandlerExceptionResolver : Using @ExceptionHandler com.example.TigoStarSystem.common.GlobalExceptionHandler#handleApiException(ApiException, HttpServletRequest)
2026-03-28 11:17:01.931 DEBUG 17828 --- [nio-8089-exec-1] o.s.w.s.m.m.a.HttpEntityMethodProcessor  : Using 'application/json', given [application/json, text/plain, */*] and supported [application/json, application/*+json, application/json, application/*+json]
2026-03-28 11:17:01.931 DEBUG 17828 --- [nio-8089-exec-1] o.s.w.s.m.m.a.HttpEntityMethodProcessor  : Writing [com.example.TigoStarSystem.common.ApiError@712f303b]
2026-03-28 11:17:01.932 DEBUG 17828 --- [nio-8089-exec-1] .m.m.a.ExceptionHandlerExceptionResolver : Resolved [com.example.TigoStarSystem.common.ApiException: Usuario o password inválidos.]
2026-03-28 11:17:01.933 DEBUG 17828 --- [nio-8089-exec-1] o.s.web.servlet.DispatcherServlet        : Completed 401 UNAUTHORIZED
2026-03-28 11:17:01.942 DEBUG 17828 --- [nio-8089-exec-2] o.s.web.servlet.DispatcherServlet        : GET "/auth/sucursales", parameters={}
2026-03-28 11:17:01.943 DEBUG 17828 --- [nio-8089-exec-2] s.w.s.m.m.a.RequestMappingHandlerMapping : Mapped to com.example.TigoStarSystem.auth.controller.AuthController#listarSucursales()
2026-03-28 11:17:01.945  INFO 17828 --- [nio-8089-exec-2] c.e.T.auth.controller.AuthController     : Request GET /auth/sucursales
2026-03-28 11:17:01.946 DEBUG 17828 --- [nio-8089-exec-2] o.s.jdbc.core.JdbcTemplate               : Executing SQL query [EXEC dbo.spx_ObtenerSucursalesConexion]
2026-03-28 11:17:01.947 DEBUG 17828 --- [nio-8089-exec-2] o.s.jdbc.datasource.DataSourceUtils      : Fetching JDBC Connection from DataSource
2026-03-28 11:17:01.954 DEBUG 17828 --- [nio-8089-exec-2] o.s.w.s.m.m.a.HttpEntityMethodProcessor  : Using 'application/json', given [application/json, text/plain, */*] and supported [application/json, application/*+json, application/json, application/*+json]
2026-03-28 11:17:01.955 DEBUG 17828 --- [nio-8089-exec-2] o.s.w.s.m.m.a.HttpEntityMethodProcessor  : Writing [com.example.TigoStarSystem.common.ApiResponse@64cf138b]
2026-03-28 11:17:01.958 DEBUG 17828 --- [nio-8089-exec-2] o.s.web.servlet.DispatcherServlet        : Completed 200 OK
2026-03-28 11:17:02.000 DEBUG 17828 --- [ruz housekeeper] com.zaxxer.hikari.pool.HikariPool        : ConnDb-Santa_Cruz - Before cleanup stats (total=1, active=0, idle=1, waiting=0)
2026-03-28 11:17:02.001 DEBUG 17828 --- [ruz housekeeper] com.zaxxer.hikari.pool.HikariPool        : ConnDb-Santa_Cruz - After cleanup  stats (total=1, active=0, idle=1, waiting=0)
2026-03-28 11:17:02.002 DEBUG 17828 --- [ruz housekeeper] com.zaxxer.hikari.pool.HikariPool        : ConnDb-Santa_Cruz - Fill pool skipped, pool is at sufficient level.
2026-03-28 11:17:13.287 DEBUG 17828 --- [ool housekeeper] com.zaxxer.hikari.pool.HikariPool        : CentralHikariPool - Before cleanup stats (total=0, active=0, idle=0, waiting=0)
2026-03-28 11:17:13.288 DEBUG 17828 --- [ool housekeeper] com.zaxxer.hikari.pool.HikariPool        : CentralHikariPool - After cleanup  stats (total=0, active=0, idle=0, waiting=0)
2026-03-28 11:17:13.289 DEBUG 17828 --- [ool housekeeper] com.zaxxer.hikari.pool.HikariPool        : CentralHikariPool - Fill pool skipped, pool is at sufficient level.
2026-03-28 11:17:20.749 DEBUG 17828 --- [nio-8089-exec-3] o.s.web.servlet.DispatcherServlet        : POST "/auth/login", parameters={}
2026-03-28 11:17:20.749 DEBUG 17828 --- [nio-8089-exec-4] o.s.web.servlet.DispatcherServlet        : GET "/auth/sucursales", parameters={}
2026-03-28 11:17:20.750 DEBUG 17828 --- [nio-8089-exec-3] s.w.s.m.m.a.RequestMappingHandlerMapping : Mapped to com.example.TigoStarSystem.auth.controller.AuthController#login(AuthLoginRequest)
2026-03-28 11:17:20.751 DEBUG 17828 --- [nio-8089-exec-4] s.w.s.m.m.a.RequestMappingHandlerMapping : Mapped to com.example.TigoStarSystem.auth.controller.AuthController#listarSucursales()
2026-03-28 11:17:20.752 DEBUG 17828 --- [nio-8089-exec-3] m.m.a.RequestResponseBodyMethodProcessor : Read "application/json;charset=UTF-8" to [com.example.TigoStarSystem.auth.dto.AuthLoginRequest@48933f69]
2026-03-28 11:17:20.753  INFO 17828 --- [nio-8089-exec-4] c.e.T.auth.controller.AuthController     : Request GET /auth/sucursales
2026-03-28 11:17:20.754  INFO 17828 --- [nio-8089-exec-3] c.e.T.auth.service.AuthService           : Login attempt usuario=barrosok, idSucursal=9, validarSucursal=false
2026-03-28 11:17:20.754 DEBUG 17828 --- [nio-8089-exec-4] o.s.jdbc.core.JdbcTemplate               : Executing SQL query [EXEC dbo.spx_ObtenerSucursalesConexion]
2026-03-28 11:17:20.755 DEBUG 17828 --- [nio-8089-exec-3] o.s.jdbc.core.JdbcTemplate               : Executing SQL query [EXEC dbo.spx_ObtenerSucursalesConexion]
2026-03-28 11:17:20.756 DEBUG 17828 --- [nio-8089-exec-4] o.s.jdbc.datasource.DataSourceUtils      : Fetching JDBC Connection from DataSource
2026-03-28 11:17:20.757 DEBUG 17828 --- [nio-8089-exec-3] o.s.jdbc.datasource.DataSourceUtils      : Fetching JDBC Connection from DataSource
2026-03-28 11:17:20.766 DEBUG 17828 --- [nio-8089-exec-4] o.s.w.s.m.m.a.HttpEntityMethodProcessor  : Using 'application/json', given [application/json, text/plain, */*] and supported [application/json, application/*+json, application/json, application/*+json]
2026-03-28 11:17:20.767 DEBUG 17828 --- [nio-8089-exec-4] o.s.w.s.m.m.a.HttpEntityMethodProcessor  : Writing [com.example.TigoStarSystem.common.ApiResponse@25736847]
2026-03-28 11:17:20.771 DEBUG 17828 --- [nio-8089-exec-4] o.s.web.servlet.DispatcherServlet        : Completed 200 OK
2026-03-28 11:17:20.771 DEBUG 17828 --- [nio-8089-exec-3] c.e.T.auth.service.AuthService           : Sucursal resolved idSucursal=9, host=tigo.makiro.com.bo, baseDeDatos=BDSistemaAntenaPM
2026-03-28 11:17:20.773 DEBUG 17828 --- [nio-8089-exec-3] c.e.T.auth.service.AuthService           : Login target resolved idSucursal=9, sucursal=Santa_Cruz, host=tigo.makiro.com.bo, baseDeDatos=BDSistemaAntenaUTecnico
2026-03-28 11:17:20.774 DEBUG 17828 --- [nio-8089-exec-3] c.e.T.auth.service.AuthService           : Creating JDBC connection for sucursal host=tigo.makiro.com.bo baseDeDatos=BDSistemaAntenaUTecnico
2026-03-28 11:17:20.775 DEBUG 17828 --- [nio-8089-exec-3] com.zaxxer.hikari.HikariConfig           : Driver class com.microsoft.sqlserver.jdbc.SQLServerDriver found in Thread context class loader TomcatEmbeddedWebappClassLoader
  context: ROOT
  delegate: true
----------> Parent Classloader:
sun.misc.Launcher$AppClassLoader@7506e922

2026-03-28 11:17:20.776 DEBUG 17828 --- [nio-8089-exec-3] com.zaxxer.hikari.HikariConfig           : ConnDb-Santa_Cruz - configuration:
2026-03-28 11:17:20.778 DEBUG 17828 --- [nio-8089-exec-3] com.zaxxer.hikari.HikariConfig           : allowPoolSuspension................................false
2026-03-28 11:17:20.780 DEBUG 17828 --- [nio-8089-exec-3] com.zaxxer.hikari.HikariConfig           : autoCommit................................true
2026-03-28 11:17:20.781 DEBUG 17828 --- [nio-8089-exec-3] com.zaxxer.hikari.HikariConfig           : catalog................................none
2026-03-28 11:17:20.782 DEBUG 17828 --- [nio-8089-exec-3] com.zaxxer.hikari.HikariConfig           : connectionInitSql................................none
2026-03-28 11:17:20.782 DEBUG 17828 --- [nio-8089-exec-3] com.zaxxer.hikari.HikariConfig           : connectionTestQuery................................"SELECT 1"
2026-03-28 11:17:20.783 DEBUG 17828 --- [nio-8089-exec-3] com.zaxxer.hikari.HikariConfig           : connectionTimeout................................30000
2026-03-28 11:17:20.784 DEBUG 17828 --- [nio-8089-exec-3] com.zaxxer.hikari.HikariConfig           : dataSource................................none
2026-03-28 11:17:20.784 DEBUG 17828 --- [nio-8089-exec-3] com.zaxxer.hikari.HikariConfig           : dataSourceClassName................................none
2026-03-28 11:17:20.784 DEBUG 17828 --- [onnection adder] com.zaxxer.hikari.pool.HikariPool        : HikariPool-1 - Added connection ConnectionID:3 ClientConnectionId: dddb7997-98bc-4ca1-97a2-1b9ba4af601b
2026-03-28 11:17:20.785 DEBUG 17828 --- [nio-8089-exec-3] com.zaxxer.hikari.HikariConfig           : dataSourceJNDI................................none
2026-03-28 11:17:20.786 DEBUG 17828 --- [nio-8089-exec-3] com.zaxxer.hikari.HikariConfig           : dataSourceProperties................................{password=<masked>}
2026-03-28 11:17:20.787 DEBUG 17828 --- [nio-8089-exec-3] com.zaxxer.hikari.HikariConfig           : driverClassName................................"com.microsoft.sqlserver.jdbc.SQLServerDriver"
2026-03-28 11:17:20.788 DEBUG 17828 --- [nio-8089-exec-3] com.zaxxer.hikari.HikariConfig           : exceptionOverrideClassName................................none
2026-03-28 11:17:20.788 DEBUG 17828 --- [nio-8089-exec-3] com.zaxxer.hikari.HikariConfig           : healthCheckProperties................................{}
2026-03-28 11:17:20.789 DEBUG 17828 --- [nio-8089-exec-3] com.zaxxer.hikari.HikariConfig           : healthCheckRegistry................................none
2026-03-28 11:17:20.789 DEBUG 17828 --- [nio-8089-exec-3] com.zaxxer.hikari.HikariConfig           : idleTimeout................................600000
2026-03-28 11:17:20.790 DEBUG 17828 --- [nio-8089-exec-3] com.zaxxer.hikari.HikariConfig           : initializationFailTimeout................................-1
2026-03-28 11:17:20.790 DEBUG 17828 --- [nio-8089-exec-3] com.zaxxer.hikari.HikariConfig           : isolateInternalQueries................................false
2026-03-28 11:17:20.791 DEBUG 17828 --- [nio-8089-exec-3] com.zaxxer.hikari.HikariConfig           : jdbcUrl................................jdbc:sqlserver://tigo.makiro.com.bo;databaseName=BDSistemaAntenaUTecnico;encrypt=false;trustServerCertificate=true
2026-03-28 11:17:20.792 DEBUG 17828 --- [nio-8089-exec-3] com.zaxxer.hikari.HikariConfig           : keepaliveTime................................0
2026-03-28 11:17:20.793 DEBUG 17828 --- [nio-8089-exec-3] com.zaxxer.hikari.HikariConfig           : leakDetectionThreshold................................0
2026-03-28 11:17:20.793 DEBUG 17828 --- [nio-8089-exec-3] com.zaxxer.hikari.HikariConfig           : maxLifetime................................1800000
2026-03-28 11:17:20.794 DEBUG 17828 --- [nio-8089-exec-3] com.zaxxer.hikari.HikariConfig           : maximumPoolSize................................5
2026-03-28 11:17:20.795 DEBUG 17828 --- [nio-8089-exec-3] com.zaxxer.hikari.HikariConfig           : metricRegistry................................none
2026-03-28 11:17:20.795 DEBUG 17828 --- [nio-8089-exec-3] com.zaxxer.hikari.HikariConfig           : metricsTrackerFactory................................none
2026-03-28 11:17:20.796 DEBUG 17828 --- [nio-8089-exec-3] com.zaxxer.hikari.HikariConfig           : minimumIdle................................0
2026-03-28 11:17:20.797 DEBUG 17828 --- [nio-8089-exec-3] com.zaxxer.hikari.HikariConfig           : password................................<masked>
2026-03-28 11:17:20.798 DEBUG 17828 --- [nio-8089-exec-3] com.zaxxer.hikari.HikariConfig           : poolName................................"ConnDb-Santa_Cruz"
2026-03-28 11:17:20.798 DEBUG 17828 --- [nio-8089-exec-3] com.zaxxer.hikari.HikariConfig           : readOnly................................false
2026-03-28 11:17:20.799 DEBUG 17828 --- [nio-8089-exec-3] com.zaxxer.hikari.HikariConfig           : registerMbeans................................false
2026-03-28 11:17:20.800 DEBUG 17828 --- [nio-8089-exec-3] com.zaxxer.hikari.HikariConfig           : scheduledExecutor................................none
2026-03-28 11:17:20.801 DEBUG 17828 --- [nio-8089-exec-3] com.zaxxer.hikari.HikariConfig           : schema................................none
2026-03-28 11:17:20.802 DEBUG 17828 --- [nio-8089-exec-3] com.zaxxer.hikari.HikariConfig           : threadFactory................................internal
2026-03-28 11:17:20.802 DEBUG 17828 --- [nio-8089-exec-3] com.zaxxer.hikari.HikariConfig           : transactionIsolation................................default
2026-03-28 11:17:20.803 DEBUG 17828 --- [nio-8089-exec-3] com.zaxxer.hikari.HikariConfig           : username................................"sistemas"
2026-03-28 11:17:20.803 DEBUG 17828 --- [nio-8089-exec-3] com.zaxxer.hikari.HikariConfig           : validationTimeout................................5000
2026-03-28 11:17:20.804  INFO 17828 --- [nio-8089-exec-3] com.zaxxer.hikari.HikariDataSource       : ConnDb-Santa_Cruz - Starting...
2026-03-28 11:17:20.805  INFO 17828 --- [nio-8089-exec-3] com.zaxxer.hikari.HikariDataSource       : ConnDb-Santa_Cruz - Start completed.
2026-03-28 11:17:20.807 DEBUG 17828 --- [nio-8089-exec-3] c.e.T.auth.service.AuthService           : Calling SP dbo.spx_ValidarUsuario
2026-03-28 11:17:20.807 DEBUG 17828 --- [nio-8089-exec-3] o.s.jdbc.core.JdbcTemplate               : Executing prepared SQL query
2026-03-28 11:17:20.808 DEBUG 17828 --- [nio-8089-exec-3] o.s.jdbc.core.JdbcTemplate               : Executing prepared SQL statement [EXEC dbo.spx_ValidarUsuario ?, ?]
2026-03-28 11:17:20.809 DEBUG 17828 --- [nio-8089-exec-3] o.s.jdbc.datasource.DataSourceUtils      : Fetching JDBC Connection from DataSource
2026-03-28 11:17:20.840 DEBUG 17828 --- [onnection adder] com.zaxxer.hikari.pool.HikariPool        : ConnDb-Santa_Cruz - Added connection ConnectionID:4 ClientConnectionId: 38fb35c4-bd9a-4bff-94ec-709ba0a01b60
2026-03-28 11:17:20.842 DEBUG 17828 --- [nio-8089-exec-3] c.e.T.auth.service.AuthService           : Login SP returned 1 rows
2026-03-28 11:17:20.843  INFO 17828 --- [nio-8089-exec-3] c.e.T.auth.controller.AuthController     : User {} logged in successfully.
2026-03-28 11:17:20.846 DEBUG 17828 --- [nio-8089-exec-3] o.s.w.s.m.m.a.HttpEntityMethodProcessor  : Using 'application/json', given [application/json, text/plain, */*] and supported [application/json, application/*+json, application/json, application/*+json]
2026-03-28 11:17:20.847 DEBUG 17828 --- [nio-8089-exec-3] o.s.w.s.m.m.a.HttpEntityMethodProcessor  : Writing [com.example.TigoStarSystem.common.ApiResponse@63025702]
2026-03-28 11:17:20.849 DEBUG 17828 --- [nio-8089-exec-3] o.s.web.servlet.DispatcherServlet        : Completed 200 OK
2026-03-28 11:17:20.857 DEBUG 17828 --- [nio-8089-exec-6] o.s.web.servlet.DispatcherServlet        : GET "/auth/me", parameters={}
2026-03-28 11:17:20.918 DEBUG 17828 --- [ruz housekeeper] com.zaxxer.hikari.pool.HikariPool        : ConnDb-Santa_Cruz - Before cleanup stats (total=1, active=0, idle=1, waiting=0)
2026-03-28 11:17:20.919 DEBUG 17828 --- [nio-8089-exec-6] s.w.s.m.m.a.RequestMappingHandlerMapping : Mapped to com.example.TigoStarSystem.auth.controller.AuthController#me(String)
2026-03-28 11:17:20.920 DEBUG 17828 --- [ruz housekeeper] com.zaxxer.hikari.pool.HikariPool        : ConnDb-Santa_Cruz - After cleanup  stats (total=1, active=0, idle=1, waiting=0)
2026-03-28 11:17:20.921 DEBUG 17828 --- [ruz housekeeper] com.zaxxer.hikari.pool.HikariPool        : ConnDb-Santa_Cruz - Fill pool skipped, pool is at sufficient level.
2026-03-28 11:17:20.921 DEBUG 17828 --- [nio-8089-exec-6] o.s.w.s.m.m.a.HttpEntityMethodProcessor  : Using 'application/json', given [application/json, text/plain, */*] and supported [application/json, application/*+json, application/json, application/*+json]
2026-03-28 11:17:20.922 DEBUG 17828 --- [nio-8089-exec-6] o.s.w.s.m.m.a.HttpEntityMethodProcessor  : Writing [com.example.TigoStarSystem.common.ApiResponse@32e8c75f]
2026-03-28 11:17:20.924 DEBUG 17828 --- [nio-8089-exec-6] o.s.web.servlet.DispatcherServlet        : Completed 200 OK
2026-03-28 11:17:20.929 DEBUG 17828 --- [nio-8089-exec-7] o.s.web.servlet.DispatcherServlet        : GET "/auth/permisos", parameters={}
2026-03-28 11:17:20.930 DEBUG 17828 --- [nio-8089-exec-7] s.w.s.m.m.a.RequestMappingHandlerMapping : Mapped to com.example.TigoStarSystem.auth.controller.AuthPermisosController#permisos(String)
2026-03-28 11:17:20.932 DEBUG 17828 --- [nio-8089-exec-7] o.s.jdbc.core.JdbcTemplate               : Executing SQL query [EXEC dbo.spx_ObtenerPrivilegiosRoles]
2026-03-28 11:17:20.933 DEBUG 17828 --- [nio-8089-exec-7] o.s.jdbc.datasource.DataSourceUtils      : Fetching JDBC Connection from DataSource
2026-03-28 11:17:20.969 DEBUG 17828 --- [onnection adder] com.zaxxer.hikari.pool.HikariPool        : CentralHikariPool - Added connection ConnectionID:5 ClientConnectionId: 20716227-2f9b-433e-bdad-e2623f8a4ce6
2026-03-28 11:17:20.973 DEBUG 17828 --- [nio-8089-exec-7] o.s.jdbc.core.JdbcTemplate               : Executing prepared SQL query
2026-03-28 11:17:20.973 DEBUG 17828 --- [nio-8089-exec-7] o.s.jdbc.core.JdbcTemplate               : Executing prepared SQL statement [EXEC dbo.spx_ObtenerPrivilegiosRolDetalle ?]
2026-03-28 11:17:20.974 DEBUG 17828 --- [nio-8089-exec-7] o.s.jdbc.datasource.DataSourceUtils      : Fetching JDBC Connection from DataSource
2026-03-28 11:17:20.980 DEBUG 17828 --- [nio-8089-exec-7] o.s.w.s.m.m.a.HttpEntityMethodProcessor  : Using 'application/json', given [application/json, text/plain, */*] and supported [application/json, application/*+json, application/json, application/*+json]
2026-03-28 11:17:20.981 DEBUG 17828 --- [nio-8089-exec-7] o.s.w.s.m.m.a.HttpEntityMethodProcessor  : Writing [com.example.TigoStarSystem.common.ApiResponse@243587ee]
2026-03-28 11:17:20.985 DEBUG 17828 --- [nio-8089-exec-7] o.s.web.servlet.DispatcherServlet        : Completed 200 OK
2026-03-28 11:17:21.021 DEBUG 17828 --- [nio-8089-exec-8] o.s.web.servlet.DispatcherServlet        : GET "/supervisor/spy_Ultimo_Estado_Dia_BO_CITA_MAKIRO?fecha=2026-03-28&idUsuario=98&tecnico=KEVIN+GEOVANI+BARROSO+NAVA", parameters={masked}
2026-03-28 11:17:21.023 DEBUG 17828 --- [nio-8089-exec-8] s.w.s.m.m.a.RequestMappingHandlerMapping : Mapped to com.example.TigoStarSystem.supervisor.controller.EstadoDiaBoCitaController#obtenerUltimoEstadoDia(String, LocalDate, String)
2026-03-28 11:17:21.029 DEBUG 17828 --- [nio-8089-exec-8] o.s.jdbc.core.JdbcTemplate               : Executing prepared SQL query
2026-03-28 11:17:21.030 DEBUG 17828 --- [nio-8089-exec-8] o.s.jdbc.core.JdbcTemplate               : Executing prepared SQL statement [EXEC dbo.spy_Ultimo_Estado_Dia_BO_CITA_MAKIRO ?, ?]
2026-03-28 11:17:21.031 DEBUG 17828 --- [nio-8089-exec-8] o.s.jdbc.datasource.DataSourceUtils      : Fetching JDBC Connection from DataSource
2026-03-28 11:17:21.100 DEBUG 17828 --- [nio-8089-exec-8] o.s.w.s.m.m.a.HttpEntityMethodProcessor  : Using 'application/json', given [application/json, text/plain, */*] and supported [application/json, application/*+json, application/json, application/*+json]
2026-03-28 11:17:21.101 DEBUG 17828 --- [nio-8089-exec-8] o.s.w.s.m.m.a.HttpEntityMethodProcessor  : Writing [com.example.TigoStarSystem.common.ApiResponse@3635b538]
2026-03-28 11:17:21.119 DEBUG 17828 --- [nio-8089-exec-8] o.s.web.servlet.DispatcherServlet        : Completed 200 OK
2026-03-28 11:17:21.136 DEBUG 17828 --- [io-8089-exec-10] o.s.web.servlet.DispatcherServlet        : GET "/ot/spx_ValidarVentaYDetallewb?fecha=%2728%2F03%2F2026%27&nroOT=28759450&numeroCliente=2552233", parameters={masked}
2026-03-28 11:17:21.136 DEBUG 17828 --- [nio-8089-exec-9] o.s.web.servlet.DispatcherServlet        : GET "/ot/spx_ValidarVentaYDetallewb?fecha=%2728%2F03%2F2026%27&nroOT=28759209&numeroCliente=2620591", parameters={masked}
2026-03-28 11:17:21.137 DEBUG 17828 --- [nio-8089-exec-1] o.s.web.servlet.DispatcherServlet        : GET "/ot/spx_ValidarVentaYDetallewb?fecha=%2728%2F03%2F2026%27&nroOT=28760243&numeroCliente=694016", parameters={masked}
2026-03-28 11:17:21.137 DEBUG 17828 --- [io-8089-exec-10] s.w.s.m.m.a.RequestMappingHandlerMapping : Mapped to com.example.TigoStarSystem.ot.controller.OtController#validarVentaYDetalleWb(String, String, Integer, Integer)
2026-03-28 11:17:21.138 DEBUG 17828 --- [nio-8089-exec-9] s.w.s.m.m.a.RequestMappingHandlerMapping : Mapped to com.example.TigoStarSystem.ot.controller.OtController#validarVentaYDetalleWb(String, String, Integer, Integer)
2026-03-28 11:17:21.138 DEBUG 17828 --- [nio-8089-exec-2] o.s.web.servlet.DispatcherServlet        : GET "/ot/spx_ValidarVentaYDetallewb?fecha=%2728%2F03%2F2026%27&nroOT=28761686&numeroCliente=2589990", parameters={masked}
2026-03-28 11:17:21.138 DEBUG 17828 --- [nio-8089-exec-4] o.s.web.servlet.DispatcherServlet        : GET "/ot/spx_ValidarVentaYDetallewb?fecha=%2728%2F03%2F2026%27&nroOT=28761713&numeroCliente=1096072", parameters={masked}
2026-03-28 11:17:21.138 DEBUG 17828 --- [nio-8089-exec-1] s.w.s.m.m.a.RequestMappingHandlerMapping : Mapped to com.example.TigoStarSystem.ot.controller.OtController#validarVentaYDetalleWb(String, String, Integer, Integer)
2026-03-28 11:17:21.142 DEBUG 17828 --- [nio-8089-exec-3] o.s.web.servlet.DispatcherServlet        : GET "/ot/spx_ValidarVentaYDetallewb?fecha=%2728%2F03%2F2026%27&nroOT=28762785&numeroCliente=1203674", parameters={masked}
2026-03-28 11:17:21.142 DEBUG 17828 --- [nio-8089-exec-2] s.w.s.m.m.a.RequestMappingHandlerMapping : Mapped to com.example.TigoStarSystem.ot.controller.OtController#validarVentaYDetalleWb(String, String, Integer, Integer)
2026-03-28 11:17:21.143 DEBUG 17828 --- [nio-8089-exec-4] s.w.s.m.m.a.RequestMappingHandlerMapping : Mapped to com.example.TigoStarSystem.ot.controller.OtController#validarVentaYDetalleWb(String, String, Integer, Integer)
2026-03-28 11:17:21.144 DEBUG 17828 --- [nio-8089-exec-9] .m.m.a.ExceptionHandlerExceptionResolver : Using @ExceptionHandler com.example.TigoStarSystem.common.GlobalExceptionHandler#handleApiException(ApiException, HttpServletRequest)
2026-03-28 11:17:21.144 DEBUG 17828 --- [io-8089-exec-10] .m.m.a.ExceptionHandlerExceptionResolver : Using @ExceptionHandler com.example.TigoStarSystem.common.GlobalExceptionHandler#handleApiException(ApiException, HttpServletRequest)
2026-03-28 11:17:21.144 DEBUG 17828 --- [nio-8089-exec-3] s.w.s.m.m.a.RequestMappingHandlerMapping : Mapped to com.example.TigoStarSystem.ot.controller.OtController#validarVentaYDetalleWb(String, String, Integer, Integer)
2026-03-28 11:17:21.145 DEBUG 17828 --- [nio-8089-exec-1] .m.m.a.ExceptionHandlerExceptionResolver : Using @ExceptionHandler com.example.TigoStarSystem.common.GlobalExceptionHandler#handleApiException(ApiException, HttpServletRequest)
2026-03-28 11:17:21.146 DEBUG 17828 --- [nio-8089-exec-2] .m.m.a.ExceptionHandlerExceptionResolver : Using @ExceptionHandler com.example.TigoStarSystem.common.GlobalExceptionHandler#handleApiException(ApiException, HttpServletRequest)
2026-03-28 11:17:21.146 DEBUG 17828 --- [nio-8089-exec-9] o.s.w.s.m.m.a.HttpEntityMethodProcessor  : Using 'application/json', given [application/json, text/plain, */*] and supported [application/json, application/*+json, application/json, application/*+json]
2026-03-28 11:17:21.146 DEBUG 17828 --- [nio-8089-exec-4] .m.m.a.ExceptionHandlerExceptionResolver : Using @ExceptionHandler com.example.TigoStarSystem.common.GlobalExceptionHandler#handleApiException(ApiException, HttpServletRequest)
2026-03-28 11:17:21.148 DEBUG 17828 --- [io-8089-exec-10] o.s.w.s.m.m.a.HttpEntityMethodProcessor  : Using 'application/json', given [application/json, text/plain, */*] and supported [application/json, application/*+json, application/json, application/*+json]
2026-03-28 11:17:21.150 DEBUG 17828 --- [nio-8089-exec-3] .m.m.a.ExceptionHandlerExceptionResolver : Using @ExceptionHandler com.example.TigoStarSystem.common.GlobalExceptionHandler#handleApiException(ApiException, HttpServletRequest)
2026-03-28 11:17:21.150 DEBUG 17828 --- [nio-8089-exec-1] o.s.w.s.m.m.a.HttpEntityMethodProcessor  : Using 'application/json', given [application/json, text/plain, */*] and supported [application/json, application/*+json, application/json, application/*+json]
2026-03-28 11:17:21.150 DEBUG 17828 --- [nio-8089-exec-2] o.s.w.s.m.m.a.HttpEntityMethodProcessor  : Using 'application/json', given [application/json, text/plain, */*] and supported [application/json, application/*+json, application/json, application/*+json]
2026-03-28 11:17:21.151 DEBUG 17828 --- [nio-8089-exec-9] o.s.w.s.m.m.a.HttpEntityMethodProcessor  : Writing [com.example.TigoStarSystem.common.ApiError@7c3ea725]
2026-03-28 11:17:21.152 DEBUG 17828 --- [nio-8089-exec-4] o.s.w.s.m.m.a.HttpEntityMethodProcessor  : Using 'application/json', given [application/json, text/plain, */*] and supported [application/json, application/*+json, application/json, application/*+json]
2026-03-28 11:17:21.152 DEBUG 17828 --- [io-8089-exec-10] o.s.w.s.m.m.a.HttpEntityMethodProcessor  : Writing [com.example.TigoStarSystem.common.ApiError@3a571ee5]
2026-03-28 11:17:21.153 DEBUG 17828 --- [nio-8089-exec-1] o.s.w.s.m.m.a.HttpEntityMethodProcessor  : Writing [com.example.TigoStarSystem.common.ApiError@8890db9]
2026-03-28 11:17:21.154 DEBUG 17828 --- [nio-8089-exec-3] o.s.w.s.m.m.a.HttpEntityMethodProcessor  : Using 'application/json', given [application/json, text/plain, */*] and supported [application/json, application/*+json, application/json, application/*+json]
2026-03-28 11:17:21.154 DEBUG 17828 --- [nio-8089-exec-2] o.s.w.s.m.m.a.HttpEntityMethodProcessor  : Writing [com.example.TigoStarSystem.common.ApiError@61f8141]
2026-03-28 11:17:21.155 DEBUG 17828 --- [nio-8089-exec-9] .m.m.a.ExceptionHandlerExceptionResolver : Resolved [com.example.TigoStarSystem.common.ApiException: fecha invalida. Use yyyy-MM-dd, dd/MM/yyyy o yyyyMMdd.]
2026-03-28 11:17:21.156 DEBUG 17828 --- [nio-8089-exec-4] o.s.w.s.m.m.a.HttpEntityMethodProcessor  : Writing [com.example.TigoStarSystem.common.ApiError@5e0dc2]
2026-03-28 11:17:21.158 DEBUG 17828 --- [io-8089-exec-10] .m.m.a.ExceptionHandlerExceptionResolver : Resolved [com.example.TigoStarSystem.common.ApiException: fecha invalida. Use yyyy-MM-dd, dd/MM/yyyy o yyyyMMdd.]
2026-03-28 11:17:21.158 DEBUG 17828 --- [nio-8089-exec-1] .m.m.a.ExceptionHandlerExceptionResolver : Resolved [com.example.TigoStarSystem.common.ApiException: fecha invalida. Use yyyy-MM-dd, dd/MM/yyyy o yyyyMMdd.]
2026-03-28 11:17:21.159 DEBUG 17828 --- [nio-8089-exec-3] o.s.w.s.m.m.a.HttpEntityMethodProcessor  : Writing [com.example.TigoStarSystem.common.ApiError@34e042ce]
2026-03-28 11:17:21.160 DEBUG 17828 --- [nio-8089-exec-2] .m.m.a.ExceptionHandlerExceptionResolver : Resolved [com.example.TigoStarSystem.common.ApiException: fecha invalida. Use yyyy-MM-dd, dd/MM/yyyy o yyyyMMdd.]
2026-03-28 11:17:21.163 DEBUG 17828 --- [nio-8089-exec-2] o.s.web.servlet.DispatcherServlet        : Completed 400 BAD_REQUEST
2026-03-28 11:17:21.160 DEBUG 17828 --- [nio-8089-exec-9] o.s.web.servlet.DispatcherServlet        : Completed 400 BAD_REQUEST
2026-03-28 11:17:21.177 DEBUG 17828 --- [nio-8089-exec-2] o.s.web.servlet.DispatcherServlet        : GET "/ot/spx_ValidarVentaYDetallewb?fecha=%2728%2F03%2F2026%27&nroOT=28763544&numeroCliente=682543", parameters={masked}
2026-03-28 11:17:21.180 DEBUG 17828 --- [nio-8089-exec-2] s.w.s.m.m.a.RequestMappingHandlerMapping : Mapped to com.example.TigoStarSystem.ot.controller.OtController#validarVentaYDetalleWb(String, String, Integer, Integer)
2026-03-28 11:17:21.161 DEBUG 17828 --- [io-8089-exec-10] o.s.web.servlet.DispatcherServlet        : Completed 400 BAD_REQUEST
2026-03-28 11:17:21.186 DEBUG 17828 --- [nio-8089-exec-2] .m.m.a.ExceptionHandlerExceptionResolver : Using @ExceptionHandler com.example.TigoStarSystem.common.GlobalExceptionHandler#handleApiException(ApiException, HttpServletRequest)
2026-03-28 11:17:21.161 DEBUG 17828 --- [nio-8089-exec-4] .m.m.a.ExceptionHandlerExceptionResolver : Resolved [com.example.TigoStarSystem.common.ApiException: fecha invalida. Use yyyy-MM-dd, dd/MM/yyyy o yyyyMMdd.]
2026-03-28 11:17:21.190 DEBUG 17828 --- [nio-8089-exec-4] o.s.web.servlet.DispatcherServlet        : Completed 400 BAD_REQUEST
2026-03-28 11:17:21.161 DEBUG 17828 --- [nio-8089-exec-1] o.s.web.servlet.DispatcherServlet        : Completed 400 BAD_REQUEST
2026-03-28 11:17:21.163 DEBUG 17828 --- [nio-8089-exec-3] .m.m.a.ExceptionHandlerExceptionResolver : Resolved [com.example.TigoStarSystem.common.ApiException: fecha invalida. Use yyyy-MM-dd, dd/MM/yyyy o yyyyMMdd.]
2026-03-28 11:17:21.192 DEBUG 17828 --- [nio-8089-exec-2] o.s.w.s.m.m.a.HttpEntityMethodProcessor  : Using 'application/json', given [application/json, text/plain, */*] and supported [application/json, application/*+json, application/json, application/*+json]
2026-03-28 11:17:21.203 DEBUG 17828 --- [nio-8089-exec-3] o.s.web.servlet.DispatcherServlet        : Completed 400 BAD_REQUEST
2026-03-28 11:17:21.205 DEBUG 17828 --- [nio-8089-exec-2] o.s.w.s.m.m.a.HttpEntityMethodProcessor  : Writing [com.example.TigoStarSystem.common.ApiError@31b1c7b8]
2026-03-28 11:17:21.208 DEBUG 17828 --- [nio-8089-exec-2] .m.m.a.ExceptionHandlerExceptionResolver : Resolved [com.example.TigoStarSystem.common.ApiException: fecha invalida. Use yyyy-MM-dd, dd/MM/yyyy o yyyyMMdd.]
2026-03-28 11:17:21.209 DEBUG 17828 --- [nio-8089-exec-2] o.s.web.servlet.DispatcherServlet        : Completed 400 BAD_REQUEST
2026-03-28 11:17:22.180 DEBUG 17828 --- [nio-8089-exec-6] o.s.web.servlet.DispatcherServlet        : GET "/ot/spx_ValidarVentaYDetallewb?fecha=%2728%2F03%2F2026%27&nroOT=28761686&numeroCliente=2589990", parameters={masked}
2026-03-28 11:17:22.181 DEBUG 17828 --- [nio-8089-exec-6] s.w.s.m.m.a.RequestMappingHandlerMapping : Mapped to com.example.TigoStarSystem.ot.controller.OtController#validarVentaYDetalleWb(String, String, Integer, Integer)
2026-03-28 11:17:22.183 DEBUG 17828 --- [nio-8089-exec-6] .m.m.a.ExceptionHandlerExceptionResolver : Using @ExceptionHandler com.example.TigoStarSystem.common.GlobalExceptionHandler#handleApiException(ApiException, HttpServletRequest)
2026-03-28 11:17:22.184 DEBUG 17828 --- [nio-8089-exec-6] o.s.w.s.m.m.a.HttpEntityMethodProcessor  : Using 'application/json', given [application/json, text/plain, */*] and supported [application/json, application/*+json, application/json, application/*+json]
2026-03-28 11:17:22.185 DEBUG 17828 --- [nio-8089-exec-6] o.s.w.s.m.m.a.HttpEntityMethodProcessor  : Writing [com.example.TigoStarSystem.common.ApiError@26e1c1ac]
2026-03-28 11:17:22.186 DEBUG 17828 --- [nio-8089-exec-6] .m.m.a.ExceptionHandlerExceptionResolver : Resolved [com.example.TigoStarSystem.common.ApiException: fecha invalida. Use yyyy-MM-dd, dd/MM/yyyy o yyyyMMdd.]
2026-03-28 11:17:22.186 DEBUG 17828 --- [nio-8089-exec-6] o.s.web.servlet.DispatcherServlet        : Completed 400 BAD_REQUEST
2026-03-28 11:17:22.191 DEBUG 17828 --- [nio-8089-exec-7] o.s.web.servlet.DispatcherServlet        : GET "/ot/spx_ValidarVentaYDetallewb?fecha=%2728%2F03%2F2026%27&nroOT=28759209&numeroCliente=2620591", parameters={masked}
2026-03-28 11:17:22.192 DEBUG 17828 --- [nio-8089-exec-7] s.w.s.m.m.a.RequestMappingHandlerMapping : Mapped to com.example.TigoStarSystem.ot.controller.OtController#validarVentaYDetalleWb(String, String, Integer, Integer)
2026-03-28 11:17:22.193 DEBUG 17828 --- [nio-8089-exec-7] .m.m.a.ExceptionHandlerExceptionResolver : Using @ExceptionHandler com.example.TigoStarSystem.common.GlobalExceptionHandler#handleApiException(ApiException, HttpServletRequest)
2026-03-28 11:17:22.194 DEBUG 17828 --- [nio-8089-exec-7] o.s.w.s.m.m.a.HttpEntityMethodProcessor  : Using 'application/json', given [application/json, text/plain, */*] and supported [application/json, application/*+json, application/json, application/*+json]
2026-03-28 11:17:22.195 DEBUG 17828 --- [nio-8089-exec-7] o.s.w.s.m.m.a.HttpEntityMethodProcessor  : Writing [com.example.TigoStarSystem.common.ApiError@69945b58]
2026-03-28 11:17:22.197 DEBUG 17828 --- [nio-8089-exec-7] .m.m.a.ExceptionHandlerExceptionResolver : Resolved [com.example.TigoStarSystem.common.ApiException: fecha invalida. Use yyyy-MM-dd, dd/MM/yyyy o yyyyMMdd.]
2026-03-28 11:17:22.197 DEBUG 17828 --- [nio-8089-exec-7] o.s.web.servlet.DispatcherServlet        : Completed 400 BAD_REQUEST
2026-03-28 11:17:22.204 DEBUG 17828 --- [nio-8089-exec-8] o.s.web.servlet.DispatcherServlet        : GET "/ot/spx_ValidarVentaYDetallewb?fecha=%2728%2F03%2F2026%27&nroOT=28759450&numeroCliente=2552233", parameters={masked}
2026-03-28 11:17:22.206 DEBUG 17828 --- [nio-8089-exec-8] s.w.s.m.m.a.RequestMappingHandlerMapping : Mapped to com.example.TigoStarSystem.ot.controller.OtController#validarVentaYDetalleWb(String, String, Integer, Integer)
2026-03-28 11:17:22.209 DEBUG 17828 --- [nio-8089-exec-8] .m.m.a.ExceptionHandlerExceptionResolver : Using @ExceptionHandler com.example.TigoStarSystem.common.GlobalExceptionHandler#handleApiException(ApiException, HttpServletRequest)
2026-03-28 11:17:22.211 DEBUG 17828 --- [nio-8089-exec-8] o.s.w.s.m.m.a.HttpEntityMethodProcessor  : Using 'application/json', given [application/json, text/plain, */*] and supported [application/json, application/*+json, application/json, application/*+json]
2026-03-28 11:17:22.212 DEBUG 17828 --- [nio-8089-exec-8] o.s.w.s.m.m.a.HttpEntityMethodProcessor  : Writing [com.example.TigoStarSystem.common.ApiError@55a495d9]
2026-03-28 11:17:22.213 DEBUG 17828 --- [nio-8089-exec-9] o.s.web.servlet.DispatcherServlet        : GET "/ot/spx_ValidarVentaYDetallewb?fecha=%2728%2F03%2F2026%27&nroOT=28761713&numeroCliente=1096072", parameters={masked}
2026-03-28 11:17:22.214 DEBUG 17828 --- [nio-8089-exec-8] .m.m.a.ExceptionHandlerExceptionResolver : Resolved [com.example.TigoStarSystem.common.ApiException: fecha invalida. Use yyyy-MM-dd, dd/MM/yyyy o yyyyMMdd.]
2026-03-28 11:17:22.214 DEBUG 17828 --- [nio-8089-exec-5] o.s.web.servlet.DispatcherServlet        : GET "/ot/spx_ValidarVentaYDetallewb?fecha=%2728%2F03%2F2026%27&nroOT=28760243&numeroCliente=694016", parameters={masked}
2026-03-28 11:17:22.214 DEBUG 17828 --- [nio-8089-exec-9] s.w.s.m.m.a.RequestMappingHandlerMapping : Mapped to com.example.TigoStarSystem.ot.controller.OtController#validarVentaYDetalleWb(String, String, Integer, Integer)
2026-03-28 11:17:22.215 DEBUG 17828 --- [nio-8089-exec-8] o.s.web.servlet.DispatcherServlet        : Completed 400 BAD_REQUEST
2026-03-28 11:17:22.216 DEBUG 17828 --- [io-8089-exec-10] o.s.web.servlet.DispatcherServlet        : GET "/ot/spx_ValidarVentaYDetallewb?fecha=%2728%2F03%2F2026%27&nroOT=28762785&numeroCliente=1203674", parameters={masked}
2026-03-28 11:17:22.216 DEBUG 17828 --- [nio-8089-exec-5] s.w.s.m.m.a.RequestMappingHandlerMapping : Mapped to com.example.TigoStarSystem.ot.controller.OtController#validarVentaYDetalleWb(String, String, Integer, Integer)
2026-03-28 11:17:22.218 DEBUG 17828 --- [io-8089-exec-10] s.w.s.m.m.a.RequestMappingHandlerMapping : Mapped to com.example.TigoStarSystem.ot.controller.OtController#validarVentaYDetalleWb(String, String, Integer, Integer)
2026-03-28 11:17:22.218 DEBUG 17828 --- [nio-8089-exec-9] .m.m.a.ExceptionHandlerExceptionResolver : Using @ExceptionHandler com.example.TigoStarSystem.common.GlobalExceptionHandler#handleApiException(ApiException, HttpServletRequest)
2026-03-28 11:17:22.221 DEBUG 17828 --- [nio-8089-exec-5] .m.m.a.ExceptionHandlerExceptionResolver : Using @ExceptionHandler com.example.TigoStarSystem.common.GlobalExceptionHandler#handleApiException(ApiException, HttpServletRequest)
2026-03-28 11:17:22.221 DEBUG 17828 --- [nio-8089-exec-9] o.s.w.s.m.m.a.HttpEntityMethodProcessor  : Using 'application/json', given [application/json, text/plain, */*] and supported [application/json, application/*+json, application/json, application/*+json]
2026-03-28 11:17:22.222 DEBUG 17828 --- [io-8089-exec-10] .m.m.a.ExceptionHandlerExceptionResolver : Using @ExceptionHandler com.example.TigoStarSystem.common.GlobalExceptionHandler#handleApiException(ApiException, HttpServletRequest)
2026-03-28 11:17:22.223 DEBUG 17828 --- [nio-8089-exec-4] o.s.web.servlet.DispatcherServlet        : GET "/ot/spx_ValidarVentaYDetallewb?fecha=%2728%2F03%2F2026%27&nroOT=28763544&numeroCliente=682543", parameters={masked}
2026-03-28 11:17:22.223 DEBUG 17828 --- [nio-8089-exec-5] o.s.w.s.m.m.a.HttpEntityMethodProcessor  : Using 'application/json', given [application/json, text/plain, */*] and supported [application/json, application/*+json, application/json, application/*+json]
2026-03-28 11:17:22.223 DEBUG 17828 --- [nio-8089-exec-9] o.s.w.s.m.m.a.HttpEntityMethodProcessor  : Writing [com.example.TigoStarSystem.common.ApiError@474029fa]
2026-03-28 11:17:22.225 DEBUG 17828 --- [io-8089-exec-10] o.s.w.s.m.m.a.HttpEntityMethodProcessor  : Using 'application/json', given [application/json, text/plain, */*] and supported [application/json, application/*+json, application/json, application/*+json]
2026-03-28 11:17:22.225 DEBUG 17828 --- [nio-8089-exec-4] s.w.s.m.m.a.RequestMappingHandlerMapping : Mapped to com.example.TigoStarSystem.ot.controller.OtController#validarVentaYDetalleWb(String, String, Integer, Integer)
2026-03-28 11:17:22.226 DEBUG 17828 --- [nio-8089-exec-5] o.s.w.s.m.m.a.HttpEntityMethodProcessor  : Writing [com.example.TigoStarSystem.common.ApiError@71b7a133]
2026-03-28 11:17:22.227 DEBUG 17828 --- [nio-8089-exec-9] .m.m.a.ExceptionHandlerExceptionResolver : Resolved [com.example.TigoStarSystem.common.ApiException: fecha invalida. Use yyyy-MM-dd, dd/MM/yyyy o yyyyMMdd.]
2026-03-28 11:17:22.227 DEBUG 17828 --- [io-8089-exec-10] o.s.w.s.m.m.a.HttpEntityMethodProcessor  : Writing [com.example.TigoStarSystem.common.ApiError@2e6ca981]
2026-03-28 11:17:22.229 DEBUG 17828 --- [nio-8089-exec-9] o.s.web.servlet.DispatcherServlet        : Completed 400 BAD_REQUEST
2026-03-28 11:17:22.229 DEBUG 17828 --- [nio-8089-exec-5] .m.m.a.ExceptionHandlerExceptionResolver : Resolved [com.example.TigoStarSystem.common.ApiException: fecha invalida. Use yyyy-MM-dd, dd/MM/yyyy o yyyyMMdd.]
2026-03-28 11:17:22.229 DEBUG 17828 --- [nio-8089-exec-4] .m.m.a.ExceptionHandlerExceptionResolver : Using @ExceptionHandler com.example.TigoStarSystem.common.GlobalExceptionHandler#handleApiException(ApiException, HttpServletRequest)
2026-03-28 11:17:22.230 DEBUG 17828 --- [nio-8089-exec-5] o.s.web.servlet.DispatcherServlet        : Completed 400 BAD_REQUEST
2026-03-28 11:17:22.231 DEBUG 17828 --- [io-8089-exec-10] .m.m.a.ExceptionHandlerExceptionResolver : Resolved [com.example.TigoStarSystem.common.ApiException: fecha invalida. Use yyyy-MM-dd, dd/MM/yyyy o yyyyMMdd.]
2026-03-28 11:17:22.231 DEBUG 17828 --- [nio-8089-exec-4] o.s.w.s.m.m.a.HttpEntityMethodProcessor  : Using 'application/json', given [application/json, text/plain, */*] and supported [application/json, application/*+json, application/json, application/*+json]
2026-03-28 11:17:22.234 DEBUG 17828 --- [io-8089-exec-10] o.s.web.servlet.DispatcherServlet        : Completed 400 BAD_REQUEST
2026-03-28 11:17:22.234 DEBUG 17828 --- [nio-8089-exec-4] o.s.w.s.m.m.a.HttpEntityMethodProcessor  : Writing [com.example.TigoStarSystem.common.ApiError@74d05260]
2026-03-28 11:17:22.235 DEBUG 17828 --- [nio-8089-exec-4] .m.m.a.ExceptionHandlerExceptionResolver : Resolved [com.example.TigoStarSystem.common.ApiException: fecha invalida. Use yyyy-MM-dd, dd/MM/yyyy o yyyyMMdd.]
2026-03-28 11:17:22.236 DEBUG 17828 --- [nio-8089-exec-4] o.s.web.servlet.DispatcherServlet        : Completed 400 BAD_REQUEST
2026-03-28 11:17:29.701 DEBUG 17828 --- [l-1 housekeeper] com.zaxxer.hikari.pool.HikariPool        : HikariPool-1 - Before cleanup stats (total=2, active=0, idle=2, waiting=0)
2026-03-28 11:17:29.702 DEBUG 17828 --- [l-1 housekeeper] com.zaxxer.hikari.pool.HikariPool        : HikariPool-1 - After cleanup  stats (total=2, active=0, idle=2, waiting=0)
2026-03-28 11:17:29.703 DEBUG 17828 --- [l-1 housekeeper] com.zaxxer.hikari.pool.HikariPool        : HikariPool-1 - Fill pool skipped, pool is at sufficient level.
2026-03-28 11:17:32.008 DEBUG 17828 --- [ruz housekeeper] com.zaxxer.hikari.pool.HikariPool        : ConnDb-Santa_Cruz - Before cleanup stats (total=1, active=0, idle=1, waiting=0)
2026-03-28 11:17:32.009 DEBUG 17828 --- [ruz housekeeper] com.zaxxer.hikari.pool.HikariPool        : ConnDb-Santa_Cruz - After cleanup  stats (total=1, active=0, idle=1, waiting=0)
2026-03-28 11:17:32.009 DEBUG 17828 --- [ruz housekeeper] com.zaxxer.hikari.pool.HikariPool        : ConnDb-Santa_Cruz - Fill pool skipped, pool is at sufficient level.
2026-03-28 11:17:39.160 DEBUG 17828 --- [nio-8089-exec-1] o.s.web.servlet.DispatcherServlet        : GET "/auth/permisos", parameters={}
2026-03-28 11:17:39.162 DEBUG 17828 --- [nio-8089-exec-1] s.w.s.m.m.a.RequestMappingHandlerMapping : Mapped to com.example.TigoStarSystem.auth.controller.AuthPermisosController#permisos(String)
2026-03-28 11:17:39.163 DEBUG 17828 --- [nio-8089-exec-1] o.s.jdbc.core.JdbcTemplate               : Executing SQL query [EXEC dbo.spx_ObtenerPrivilegiosRoles]
2026-03-28 11:17:39.164 DEBUG 17828 --- [nio-8089-exec-1] o.s.jdbc.datasource.DataSourceUtils      : Fetching JDBC Connection from DataSource
2026-03-28 11:17:39.179 DEBUG 17828 --- [nio-8089-exec-1] o.s.jdbc.core.JdbcTemplate               : Executing prepared SQL query
2026-03-28 11:17:39.181 DEBUG 17828 --- [nio-8089-exec-1] o.s.jdbc.core.JdbcTemplate               : Executing prepared SQL statement [EXEC dbo.spx_ObtenerPrivilegiosRolDetalle ?]
2026-03-28 11:17:39.181 DEBUG 17828 --- [nio-8089-exec-1] o.s.jdbc.datasource.DataSourceUtils      : Fetching JDBC Connection from DataSource
2026-03-28 11:17:39.189 DEBUG 17828 --- [nio-8089-exec-1] o.s.w.s.m.m.a.HttpEntityMethodProcessor  : Using 'application/json', given [application/json, text/plain, */*] and supported [application/json, application/*+json, application/json, application/*+json]
2026-03-28 11:17:39.191 DEBUG 17828 --- [nio-8089-exec-1] o.s.w.s.m.m.a.HttpEntityMethodProcessor  : Writing [com.example.TigoStarSystem.common.ApiResponse@2f4a7b]
2026-03-28 11:17:39.254 DEBUG 17828 --- [nio-8089-exec-1] o.s.web.servlet.DispatcherServlet        : Completed 200 OK
2026-03-28 11:17:39.256 DEBUG 17828 --- [nio-8089-exec-3] o.s.web.servlet.DispatcherServlet        : GET "/auth/permisos", parameters={}
2026-03-28 11:17:39.310 DEBUG 17828 --- [nio-8089-exec-3] s.w.s.m.m.a.RequestMappingHandlerMapping : Mapped to com.example.TigoStarSystem.auth.controller.AuthPermisosController#permisos(String)
2026-03-28 11:17:39.311 DEBUG 17828 --- [nio-8089-exec-3] o.s.jdbc.core.JdbcTemplate               : Executing SQL query [EXEC dbo.spx_ObtenerPrivilegiosRoles]
2026-03-28 11:17:39.311 DEBUG 17828 --- [nio-8089-exec-3] o.s.jdbc.datasource.DataSourceUtils      : Fetching JDBC Connection from DataSource
2026-03-28 11:17:39.317 DEBUG 17828 --- [nio-8089-exec-3] o.s.jdbc.core.JdbcTemplate               : Executing prepared SQL query
2026-03-28 11:17:39.318 DEBUG 17828 --- [nio-8089-exec-3] o.s.jdbc.core.JdbcTemplate               : Executing prepared SQL statement [EXEC dbo.spx_ObtenerPrivilegiosRolDetalle ?]
2026-03-28 11:17:39.319 DEBUG 17828 --- [nio-8089-exec-3] o.s.jdbc.datasource.DataSourceUtils      : Fetching JDBC Connection from DataSource
2026-03-28 11:17:39.325 DEBUG 17828 --- [nio-8089-exec-3] o.s.w.s.m.m.a.HttpEntityMethodProcessor  : Using 'application/json', given [application/json, text/plain, */*] and supported [application/json, application/*+json, application/json, application/*+json]
2026-03-28 11:17:39.326 DEBUG 17828 --- [nio-8089-exec-3] o.s.w.s.m.m.a.HttpEntityMethodProcessor  : Writing [com.example.TigoStarSystem.common.ApiResponse@5dc385a7]
2026-03-28 11:17:39.327 DEBUG 17828 --- [nio-8089-exec-3] o.s.web.servlet.DispatcherServlet        : Completed 200 OK
2026-03-28 11:17:39.335 DEBUG 17828 --- [nio-8089-exec-2] o.s.web.servlet.DispatcherServlet        : GET "/supervisor/spy_Ultimo_Estado_Dia_BO_CITA_MAKIRO?fecha=2026-03-28&idUsuario=98&tecnico=KEVIN+GEOVANI+BARROSO+NAVA", parameters={masked}
2026-03-28 11:17:39.337 DEBUG 17828 --- [nio-8089-exec-2] s.w.s.m.m.a.RequestMappingHandlerMapping : Mapped to com.example.TigoStarSystem.supervisor.controller.EstadoDiaBoCitaController#obtenerUltimoEstadoDia(String, LocalDate, String)
2026-03-28 11:17:39.340 DEBUG 17828 --- [nio-8089-exec-2] o.s.jdbc.core.JdbcTemplate               : Executing prepared SQL query
2026-03-28 11:17:39.340 DEBUG 17828 --- [nio-8089-exec-2] o.s.jdbc.core.JdbcTemplate               : Executing prepared SQL statement [EXEC dbo.spy_Ultimo_Estado_Dia_BO_CITA_MAKIRO ?, ?]
2026-03-28 11:17:39.341 DEBUG 17828 --- [nio-8089-exec-2] o.s.jdbc.datasource.DataSourceUtils      : Fetching JDBC Connection from DataSource
2026-03-28 11:17:39.439 DEBUG 17828 --- [nio-8089-exec-2] o.s.w.s.m.m.a.HttpEntityMethodProcessor  : Using 'application/json', given [application/json, text/plain, */*] and supported [application/json, application/*+json, application/json, application/*+json]
2026-03-28 11:17:39.440 DEBUG 17828 --- [nio-8089-exec-2] o.s.w.s.m.m.a.HttpEntityMethodProcessor  : Writing [com.example.TigoStarSystem.common.ApiResponse@4b5e5d46]
2026-03-28 11:17:39.441 DEBUG 17828 --- [nio-8089-exec-2] o.s.web.servlet.DispatcherServlet        : Completed 200 OK
2026-03-28 11:17:39.463 DEBUG 17828 --- [nio-8089-exec-6] o.s.web.servlet.DispatcherServlet        : GET "/ot/spx_ValidarVentaYDetallewb?fecha=%2728%2F03%2F2026%27&nroOT=28759209&numeroCliente=2620591", parameters={masked}
2026-03-28 11:17:39.463 DEBUG 17828 --- [nio-8089-exec-7] o.s.web.servlet.DispatcherServlet        : GET "/ot/spx_ValidarVentaYDetallewb?fecha=%2728%2F03%2F2026%27&nroOT=28759450&numeroCliente=2552233", parameters={masked}
2026-03-28 11:17:39.465 DEBUG 17828 --- [nio-8089-exec-8] o.s.web.servlet.DispatcherServlet        : GET "/ot/spx_ValidarVentaYDetallewb?fecha=%2728%2F03%2F2026%27&nroOT=28760243&numeroCliente=694016", parameters={masked}
2026-03-28 11:17:39.465 DEBUG 17828 --- [nio-8089-exec-6] s.w.s.m.m.a.RequestMappingHandlerMapping : Mapped to com.example.TigoStarSystem.ot.controller.OtController#validarVentaYDetalleWb(String, String, Integer, Integer)
2026-03-28 11:17:39.466 DEBUG 17828 --- [nio-8089-exec-7] s.w.s.m.m.a.RequestMappingHandlerMapping : Mapped to com.example.TigoStarSystem.ot.controller.OtController#validarVentaYDetalleWb(String, String, Integer, Integer)
2026-03-28 11:17:39.466 DEBUG 17828 --- [nio-8089-exec-8] s.w.s.m.m.a.RequestMappingHandlerMapping : Mapped to com.example.TigoStarSystem.ot.controller.OtController#validarVentaYDetalleWb(String, String, Integer, Integer)
2026-03-28 11:17:39.466 DEBUG 17828 --- [nio-8089-exec-9] o.s.web.servlet.DispatcherServlet        : GET "/ot/spx_ValidarVentaYDetallewb?fecha=%2728%2F03%2F2026%27&nroOT=28761686&numeroCliente=2589990", parameters={masked}
2026-03-28 11:17:39.467 DEBUG 17828 --- [nio-8089-exec-5] o.s.web.servlet.DispatcherServlet        : GET "/ot/spx_ValidarVentaYDetallewb?fecha=%2728%2F03%2F2026%27&nroOT=28761713&numeroCliente=1096072", parameters={masked}
2026-03-28 11:17:39.469 DEBUG 17828 --- [nio-8089-exec-9] s.w.s.m.m.a.RequestMappingHandlerMapping : Mapped to com.example.TigoStarSystem.ot.controller.OtController#validarVentaYDetalleWb(String, String, Integer, Integer)
2026-03-28 11:17:39.469 DEBUG 17828 --- [nio-8089-exec-7] .m.m.a.ExceptionHandlerExceptionResolver : Using @ExceptionHandler com.example.TigoStarSystem.common.GlobalExceptionHandler#handleApiException(ApiException, HttpServletRequest)
2026-03-28 11:17:39.469 DEBUG 17828 --- [nio-8089-exec-6] .m.m.a.ExceptionHandlerExceptionResolver : Using @ExceptionHandler com.example.TigoStarSystem.common.GlobalExceptionHandler#handleApiException(ApiException, HttpServletRequest)
2026-03-28 11:17:39.469 DEBUG 17828 --- [nio-8089-exec-8] .m.m.a.ExceptionHandlerExceptionResolver : Using @ExceptionHandler com.example.TigoStarSystem.common.GlobalExceptionHandler#handleApiException(ApiException, HttpServletRequest)
2026-03-28 11:17:39.470 DEBUG 17828 --- [nio-8089-exec-5] s.w.s.m.m.a.RequestMappingHandlerMapping : Mapped to com.example.TigoStarSystem.ot.controller.OtController#validarVentaYDetalleWb(String, String, Integer, Integer)
2026-03-28 11:17:39.470 DEBUG 17828 --- [io-8089-exec-10] o.s.web.servlet.DispatcherServlet        : GET "/ot/spx_ValidarVentaYDetallewb?fecha=%2728%2F03%2F2026%27&nroOT=28762785&numeroCliente=1203674", parameters={masked}
2026-03-28 11:17:39.471 DEBUG 17828 --- [nio-8089-exec-7] o.s.w.s.m.m.a.HttpEntityMethodProcessor  : Using 'application/json', given [application/json, text/plain, */*] and supported [application/json, application/*+json, application/json, application/*+json]
2026-03-28 11:17:39.472 DEBUG 17828 --- [nio-8089-exec-6] o.s.w.s.m.m.a.HttpEntityMethodProcessor  : Using 'application/json', given [application/json, text/plain, */*] and supported [application/json, application/*+json, application/json, application/*+json]
2026-03-28 11:17:39.472 DEBUG 17828 --- [nio-8089-exec-9] .m.m.a.ExceptionHandlerExceptionResolver : Using @ExceptionHandler com.example.TigoStarSystem.common.GlobalExceptionHandler#handleApiException(ApiException, HttpServletRequest)
2026-03-28 11:17:39.472 DEBUG 17828 --- [nio-8089-exec-8] o.s.w.s.m.m.a.HttpEntityMethodProcessor  : Using 'application/json', given [application/json, text/plain, */*] and supported [application/json, application/*+json, application/json, application/*+json]
2026-03-28 11:17:39.473 DEBUG 17828 --- [io-8089-exec-10] s.w.s.m.m.a.RequestMappingHandlerMapping : Mapped to com.example.TigoStarSystem.ot.controller.OtController#validarVentaYDetalleWb(String, String, Integer, Integer)
2026-03-28 11:17:39.474 DEBUG 17828 --- [nio-8089-exec-7] o.s.w.s.m.m.a.HttpEntityMethodProcessor  : Writing [com.example.TigoStarSystem.common.ApiError@4019b518]
2026-03-28 11:17:39.474 DEBUG 17828 --- [nio-8089-exec-5] .m.m.a.ExceptionHandlerExceptionResolver : Using @ExceptionHandler com.example.TigoStarSystem.common.GlobalExceptionHandler#handleApiException(ApiException, HttpServletRequest)
2026-03-28 11:17:39.474 DEBUG 17828 --- [nio-8089-exec-6] o.s.w.s.m.m.a.HttpEntityMethodProcessor  : Writing [com.example.TigoStarSystem.common.ApiError@15a1e1cb]
2026-03-28 11:17:39.475 DEBUG 17828 --- [nio-8089-exec-9] o.s.w.s.m.m.a.HttpEntityMethodProcessor  : Using 'application/json', given [application/json, text/plain, */*] and supported [application/json, application/*+json, application/json, application/*+json]
2026-03-28 11:17:39.476 DEBUG 17828 --- [nio-8089-exec-8] o.s.w.s.m.m.a.HttpEntityMethodProcessor  : Writing [com.example.TigoStarSystem.common.ApiError@4a597e1b]
2026-03-28 11:17:39.479 DEBUG 17828 --- [nio-8089-exec-7] .m.m.a.ExceptionHandlerExceptionResolver : Resolved [com.example.TigoStarSystem.common.ApiException: fecha invalida. Use yyyy-MM-dd, dd/MM/yyyy o yyyyMMdd.]
2026-03-28 11:17:39.479 DEBUG 17828 --- [io-8089-exec-10] .m.m.a.ExceptionHandlerExceptionResolver : Using @ExceptionHandler com.example.TigoStarSystem.common.GlobalExceptionHandler#handleApiException(ApiException, HttpServletRequest)
2026-03-28 11:17:39.479 DEBUG 17828 --- [nio-8089-exec-5] o.s.w.s.m.m.a.HttpEntityMethodProcessor  : Using 'application/json', given [application/json, text/plain, */*] and supported [application/json, application/*+json, application/json, application/*+json]
2026-03-28 11:17:39.481 DEBUG 17828 --- [nio-8089-exec-6] .m.m.a.ExceptionHandlerExceptionResolver : Resolved [com.example.TigoStarSystem.common.ApiException: fecha invalida. Use yyyy-MM-dd, dd/MM/yyyy o yyyyMMdd.]
2026-03-28 11:17:39.481 DEBUG 17828 --- [nio-8089-exec-9] o.s.w.s.m.m.a.HttpEntityMethodProcessor  : Writing [com.example.TigoStarSystem.common.ApiError@29588a40]
2026-03-28 11:17:39.482 DEBUG 17828 --- [nio-8089-exec-8] .m.m.a.ExceptionHandlerExceptionResolver : Resolved [com.example.TigoStarSystem.common.ApiException: fecha invalida. Use yyyy-MM-dd, dd/MM/yyyy o yyyyMMdd.]
2026-03-28 11:17:39.482 DEBUG 17828 --- [nio-8089-exec-7] o.s.web.servlet.DispatcherServlet        : Completed 400 BAD_REQUEST
2026-03-28 11:17:39.483 DEBUG 17828 --- [io-8089-exec-10] o.s.w.s.m.m.a.HttpEntityMethodProcessor  : Using 'application/json', given [application/json, text/plain, */*] and supported [application/json, application/*+json, application/json, application/*+json]
2026-03-28 11:17:39.483 DEBUG 17828 --- [nio-8089-exec-5] o.s.w.s.m.m.a.HttpEntityMethodProcessor  : Writing [com.example.TigoStarSystem.common.ApiError@2ff11a01]
2026-03-28 11:17:39.484 DEBUG 17828 --- [nio-8089-exec-6] o.s.web.servlet.DispatcherServlet        : Completed 400 BAD_REQUEST
2026-03-28 11:17:39.485 DEBUG 17828 --- [nio-8089-exec-9] .m.m.a.ExceptionHandlerExceptionResolver : Resolved [com.example.TigoStarSystem.common.ApiException: fecha invalida. Use yyyy-MM-dd, dd/MM/yyyy o yyyyMMdd.]
2026-03-28 11:17:39.485 DEBUG 17828 --- [nio-8089-exec-8] o.s.web.servlet.DispatcherServlet        : Completed 400 BAD_REQUEST
2026-03-28 11:17:39.487 DEBUG 17828 --- [io-8089-exec-10] o.s.w.s.m.m.a.HttpEntityMethodProcessor  : Writing [com.example.TigoStarSystem.common.ApiError@447ee497]
2026-03-28 11:17:39.489 DEBUG 17828 --- [nio-8089-exec-4] o.s.web.servlet.DispatcherServlet        : GET "/ot/spx_ValidarVentaYDetallewb?fecha=%2728%2F03%2F2026%27&nroOT=28763544&numeroCliente=682543", parameters={masked}
2026-03-28 11:17:39.489 DEBUG 17828 --- [nio-8089-exec-5] .m.m.a.ExceptionHandlerExceptionResolver : Resolved [com.example.TigoStarSystem.common.ApiException: fecha invalida. Use yyyy-MM-dd, dd/MM/yyyy o yyyyMMdd.]
2026-03-28 11:17:39.490 DEBUG 17828 --- [nio-8089-exec-9] o.s.web.servlet.DispatcherServlet        : Completed 400 BAD_REQUEST
2026-03-28 11:17:39.492 DEBUG 17828 --- [io-8089-exec-10] .m.m.a.ExceptionHandlerExceptionResolver : Resolved [com.example.TigoStarSystem.common.ApiException: fecha invalida. Use yyyy-MM-dd, dd/MM/yyyy o yyyyMMdd.]
2026-03-28 11:17:39.492 DEBUG 17828 --- [nio-8089-exec-4] s.w.s.m.m.a.RequestMappingHandlerMapping : Mapped to com.example.TigoStarSystem.ot.controller.OtController#validarVentaYDetalleWb(String, String, Integer, Integer)
2026-03-28 11:17:39.492 DEBUG 17828 --- [nio-8089-exec-5] o.s.web.servlet.DispatcherServlet        : Completed 400 BAD_REQUEST
2026-03-28 11:17:39.493 DEBUG 17828 --- [io-8089-exec-10] o.s.web.servlet.DispatcherServlet        : Completed 400 BAD_REQUEST
2026-03-28 11:17:39.495 DEBUG 17828 --- [nio-8089-exec-4] .m.m.a.ExceptionHandlerExceptionResolver : Using @ExceptionHandler com.example.TigoStarSystem.common.GlobalExceptionHandler#handleApiException(ApiException, HttpServletRequest)
2026-03-28 11:17:39.498 DEBUG 17828 --- [nio-8089-exec-4] o.s.w.s.m.m.a.HttpEntityMethodProcessor  : Using 'application/json', given [application/json, text/plain, */*] and supported [application/json, application/*+json, application/json, application/*+json]
2026-03-28 11:17:39.499 DEBUG 17828 --- [nio-8089-exec-4] o.s.w.s.m.m.a.HttpEntityMethodProcessor  : Writing [com.example.TigoStarSystem.common.ApiError@1e71c6f8]
2026-03-28 11:17:39.500 DEBUG 17828 --- [nio-8089-exec-4] .m.m.a.ExceptionHandlerExceptionResolver : Resolved [com.example.TigoStarSystem.common.ApiException: fecha invalida. Use yyyy-MM-dd, dd/MM/yyyy o yyyyMMdd.]
2026-03-28 11:17:39.501 DEBUG 17828 --- [nio-8089-exec-4] o.s.web.servlet.DispatcherServlet        : Completed 400 BAD_REQUEST
2026-03-28 11:17:40.500 DEBUG 17828 --- [nio-8089-exec-3] o.s.web.servlet.DispatcherServlet        : GET "/ot/spx_ValidarVentaYDetallewb?fecha=%2728%2F03%2F2026%27&nroOT=28759209&numeroCliente=2620591", parameters={masked}
2026-03-28 11:17:40.500 DEBUG 17828 --- [nio-8089-exec-1] o.s.web.servlet.DispatcherServlet        : GET "/ot/spx_ValidarVentaYDetallewb?fecha=%2728%2F03%2F2026%27&nroOT=28759450&numeroCliente=2552233", parameters={masked}
2026-03-28 11:17:40.502 DEBUG 17828 --- [nio-8089-exec-1] s.w.s.m.m.a.RequestMappingHandlerMapping : Mapped to com.example.TigoStarSystem.ot.controller.OtController#validarVentaYDetalleWb(String, String, Integer, Integer)
2026-03-28 11:17:40.502 DEBUG 17828 --- [nio-8089-exec-3] s.w.s.m.m.a.RequestMappingHandlerMapping : Mapped to com.example.TigoStarSystem.ot.controller.OtController#validarVentaYDetalleWb(String, String, Integer, Integer)
2026-03-28 11:17:40.507 DEBUG 17828 --- [nio-8089-exec-6] o.s.web.servlet.DispatcherServlet        : GET "/ot/spx_ValidarVentaYDetallewb?fecha=%2728%2F03%2F2026%27&nroOT=28761713&numeroCliente=1096072", parameters={masked}
2026-03-28 11:17:40.503 DEBUG 17828 --- [nio-8089-exec-2] o.s.web.servlet.DispatcherServlet        : GET "/ot/spx_ValidarVentaYDetallewb?fecha=%2728%2F03%2F2026%27&nroOT=28760243&numeroCliente=694016", parameters={masked}
2026-03-28 11:17:40.503 DEBUG 17828 --- [nio-8089-exec-7] o.s.web.servlet.DispatcherServlet        : GET "/ot/spx_ValidarVentaYDetallewb?fecha=%2728%2F03%2F2026%27&nroOT=28761686&numeroCliente=2589990", parameters={masked}
2026-03-28 11:17:40.506 DEBUG 17828 --- [nio-8089-exec-1] .m.m.a.ExceptionHandlerExceptionResolver : Using @ExceptionHandler com.example.TigoStarSystem.common.GlobalExceptionHandler#handleApiException(ApiException, HttpServletRequest)
2026-03-28 11:17:40.508 DEBUG 17828 --- [nio-8089-exec-3] .m.m.a.ExceptionHandlerExceptionResolver : Using @ExceptionHandler com.example.TigoStarSystem.common.GlobalExceptionHandler#handleApiException(ApiException, HttpServletRequest)
2026-03-28 11:17:40.508 DEBUG 17828 --- [nio-8089-exec-8] o.s.web.servlet.DispatcherServlet        : GET "/ot/spx_ValidarVentaYDetallewb?fecha=%2728%2F03%2F2026%27&nroOT=28762785&numeroCliente=1203674", parameters={masked}
2026-03-28 11:17:40.508 DEBUG 17828 --- [nio-8089-exec-6] s.w.s.m.m.a.RequestMappingHandlerMapping : Mapped to com.example.TigoStarSystem.ot.controller.OtController#validarVentaYDetalleWb(String, String, Integer, Integer)
2026-03-28 11:17:40.509 DEBUG 17828 --- [nio-8089-exec-2] s.w.s.m.m.a.RequestMappingHandlerMapping : Mapped to com.example.TigoStarSystem.ot.controller.OtController#validarVentaYDetalleWb(String, String, Integer, Integer)
2026-03-28 11:17:40.510 DEBUG 17828 --- [nio-8089-exec-7] s.w.s.m.m.a.RequestMappingHandlerMapping : Mapped to com.example.TigoStarSystem.ot.controller.OtController#validarVentaYDetalleWb(String, String, Integer, Integer)
2026-03-28 11:17:40.510 DEBUG 17828 --- [nio-8089-exec-1] o.s.w.s.m.m.a.HttpEntityMethodProcessor  : Using 'application/json', given [application/json, text/plain, */*] and supported [application/json, application/*+json, application/json, application/*+json]
2026-03-28 11:17:40.511 DEBUG 17828 --- [nio-8089-exec-3] o.s.w.s.m.m.a.HttpEntityMethodProcessor  : Using 'application/json', given [application/json, text/plain, */*] and supported [application/json, application/*+json, application/json, application/*+json]
2026-03-28 11:17:40.511 DEBUG 17828 --- [nio-8089-exec-8] s.w.s.m.m.a.RequestMappingHandlerMapping : Mapped to com.example.TigoStarSystem.ot.controller.OtController#validarVentaYDetalleWb(String, String, Integer, Integer)
2026-03-28 11:17:40.515 DEBUG 17828 --- [nio-8089-exec-6] .m.m.a.ExceptionHandlerExceptionResolver : Using @ExceptionHandler com.example.TigoStarSystem.common.GlobalExceptionHandler#handleApiException(ApiException, HttpServletRequest)
2026-03-28 11:17:40.515 DEBUG 17828 --- [nio-8089-exec-2] .m.m.a.ExceptionHandlerExceptionResolver : Using @ExceptionHandler com.example.TigoStarSystem.common.GlobalExceptionHandler#handleApiException(ApiException, HttpServletRequest)
2026-03-28 11:17:40.515 DEBUG 17828 --- [nio-8089-exec-7] .m.m.a.ExceptionHandlerExceptionResolver : Using @ExceptionHandler com.example.TigoStarSystem.common.GlobalExceptionHandler#handleApiException(ApiException, HttpServletRequest)
2026-03-28 11:17:40.516 DEBUG 17828 --- [nio-8089-exec-1] o.s.w.s.m.m.a.HttpEntityMethodProcessor  : Writing [com.example.TigoStarSystem.common.ApiError@514b970c]
2026-03-28 11:17:40.516 DEBUG 17828 --- [nio-8089-exec-3] o.s.w.s.m.m.a.HttpEntityMethodProcessor  : Writing [com.example.TigoStarSystem.common.ApiError@29ffcc95]
2026-03-28 11:17:40.517 DEBUG 17828 --- [nio-8089-exec-8] .m.m.a.ExceptionHandlerExceptionResolver : Using @ExceptionHandler com.example.TigoStarSystem.common.GlobalExceptionHandler#handleApiException(ApiException, HttpServletRequest)
2026-03-28 11:17:40.517 DEBUG 17828 --- [nio-8089-exec-6] o.s.w.s.m.m.a.HttpEntityMethodProcessor  : Using 'application/json', given [application/json, text/plain, */*] and supported [application/json, application/*+json, application/json, application/*+json]
2026-03-28 11:17:40.518 DEBUG 17828 --- [nio-8089-exec-2] o.s.w.s.m.m.a.HttpEntityMethodProcessor  : Using 'application/json', given [application/json, text/plain, */*] and supported [application/json, application/*+json, application/json, application/*+json]
2026-03-28 11:17:40.519 DEBUG 17828 --- [nio-8089-exec-7] o.s.w.s.m.m.a.HttpEntityMethodProcessor  : Using 'application/json', given [application/json, text/plain, */*] and supported [application/json, application/*+json, application/json, application/*+json]
2026-03-28 11:17:40.520 DEBUG 17828 --- [nio-8089-exec-1] .m.m.a.ExceptionHandlerExceptionResolver : Resolved [com.example.TigoStarSystem.common.ApiException: fecha invalida. Use yyyy-MM-dd, dd/MM/yyyy o yyyyMMdd.]
2026-03-28 11:17:40.520 DEBUG 17828 --- [nio-8089-exec-3] .m.m.a.ExceptionHandlerExceptionResolver : Resolved [com.example.TigoStarSystem.common.ApiException: fecha invalida. Use yyyy-MM-dd, dd/MM/yyyy o yyyyMMdd.]
2026-03-28 11:17:40.523 DEBUG 17828 --- [nio-8089-exec-8] o.s.w.s.m.m.a.HttpEntityMethodProcessor  : Using 'application/json', given [application/json, text/plain, */*] and supported [application/json, application/*+json, application/json, application/*+json]
2026-03-28 11:17:40.523 DEBUG 17828 --- [nio-8089-exec-6] o.s.w.s.m.m.a.HttpEntityMethodProcessor  : Writing [com.example.TigoStarSystem.common.ApiError@70594087]
2026-03-28 11:17:40.524 DEBUG 17828 --- [nio-8089-exec-2] o.s.w.s.m.m.a.HttpEntityMethodProcessor  : Writing [com.example.TigoStarSystem.common.ApiError@3331584a]
2026-03-28 11:17:40.524 DEBUG 17828 --- [nio-8089-exec-7] o.s.w.s.m.m.a.HttpEntityMethodProcessor  : Writing [com.example.TigoStarSystem.common.ApiError@4a569943]
2026-03-28 11:17:40.525 DEBUG 17828 --- [nio-8089-exec-1] o.s.web.servlet.DispatcherServlet        : Completed 400 BAD_REQUEST
2026-03-28 11:17:40.525 DEBUG 17828 --- [nio-8089-exec-3] o.s.web.servlet.DispatcherServlet        : Completed 400 BAD_REQUEST
2026-03-28 11:17:40.526 DEBUG 17828 --- [nio-8089-exec-8] o.s.w.s.m.m.a.HttpEntityMethodProcessor  : Writing [com.example.TigoStarSystem.common.ApiError@70f705f7]
2026-03-28 11:17:40.527 DEBUG 17828 --- [nio-8089-exec-6] .m.m.a.ExceptionHandlerExceptionResolver : Resolved [com.example.TigoStarSystem.common.ApiException: fecha invalida. Use yyyy-MM-dd, dd/MM/yyyy o yyyyMMdd.]
2026-03-28 11:17:40.527 DEBUG 17828 --- [nio-8089-exec-2] .m.m.a.ExceptionHandlerExceptionResolver : Resolved [com.example.TigoStarSystem.common.ApiException: fecha invalida. Use yyyy-MM-dd, dd/MM/yyyy o yyyyMMdd.]
2026-03-28 11:17:40.528 DEBUG 17828 --- [nio-8089-exec-7] .m.m.a.ExceptionHandlerExceptionResolver : Resolved [com.example.TigoStarSystem.common.ApiException: fecha invalida. Use yyyy-MM-dd, dd/MM/yyyy o yyyyMMdd.]
2026-03-28 11:17:40.530 DEBUG 17828 --- [nio-8089-exec-9] o.s.web.servlet.DispatcherServlet        : GET "/ot/spx_ValidarVentaYDetallewb?fecha=%2728%2F03%2F2026%27&nroOT=28763544&numeroCliente=682543", parameters={masked}
2026-03-28 11:17:40.532 DEBUG 17828 --- [nio-8089-exec-6] o.s.web.servlet.DispatcherServlet        : Completed 400 BAD_REQUEST
2026-03-28 11:17:40.532 DEBUG 17828 --- [nio-8089-exec-8] .m.m.a.ExceptionHandlerExceptionResolver : Resolved [com.example.TigoStarSystem.common.ApiException: fecha invalida. Use yyyy-MM-dd, dd/MM/yyyy o yyyyMMdd.]
2026-03-28 11:17:40.532 DEBUG 17828 --- [nio-8089-exec-2] o.s.web.servlet.DispatcherServlet        : Completed 400 BAD_REQUEST
2026-03-28 11:17:40.533 DEBUG 17828 --- [nio-8089-exec-7] o.s.web.servlet.DispatcherServlet        : Completed 400 BAD_REQUEST
2026-03-28 11:17:40.534 DEBUG 17828 --- [nio-8089-exec-9] s.w.s.m.m.a.RequestMappingHandlerMapping : Mapped to com.example.TigoStarSystem.ot.controller.OtController#validarVentaYDetalleWb(String, String, Integer, Integer)
2026-03-28 11:17:40.535 DEBUG 17828 --- [nio-8089-exec-8] o.s.web.servlet.DispatcherServlet        : Completed 400 BAD_REQUEST
2026-03-28 11:17:40.538 DEBUG 17828 --- [nio-8089-exec-9] .m.m.a.ExceptionHandlerExceptionResolver : Using @ExceptionHandler com.example.TigoStarSystem.common.GlobalExceptionHandler#handleApiException(ApiException, HttpServletRequest)
2026-03-28 11:17:40.540 DEBUG 17828 --- [nio-8089-exec-9] o.s.w.s.m.m.a.HttpEntityMethodProcessor  : Using 'application/json', given [application/json, text/plain, */*] and supported [application/json, application/*+json, application/json, application/*+json]
2026-03-28 11:17:40.541 DEBUG 17828 --- [nio-8089-exec-9] o.s.w.s.m.m.a.HttpEntityMethodProcessor  : Writing [com.example.TigoStarSystem.common.ApiError@13d26e45]
2026-03-28 11:17:40.542 DEBUG 17828 --- [nio-8089-exec-9] .m.m.a.ExceptionHandlerExceptionResolver : Resolved [com.example.TigoStarSystem.common.ApiException: fecha invalida. Use yyyy-MM-dd, dd/MM/yyyy o yyyyMMdd.]
2026-03-28 11:17:40.543 DEBUG 17828 --- [nio-8089-exec-9] o.s.web.servlet.DispatcherServlet        : Completed 400 BAD_REQUEST
2026-03-28 11:17:43.295 DEBUG 17828 --- [ool housekeeper] com.zaxxer.hikari.pool.HikariPool        : CentralHikariPool - Before cleanup stats (total=1, active=0, idle=1, waiting=0)
2026-03-28 11:17:43.295 DEBUG 17828 --- [ool housekeeper] com.zaxxer.hikari.pool.HikariPool        : CentralHikariPool - After cleanup  stats (total=1, active=0, idle=1, waiting=0)
2026-03-28 11:17:43.296 DEBUG 17828 --- [ool housekeeper] com.zaxxer.hikari.pool.HikariPool        : CentralHikariPool - Fill pool skipped, pool is at sufficient level.
2026-03-28 11:17:50.926 DEBUG 17828 --- [ruz housekeeper] com.zaxxer.hikari.pool.HikariPool        : ConnDb-Santa_Cruz - Before cleanup stats (total=1, active=0, idle=1, waiting=0)
2026-03-28 11:17:50.928 DEBUG 17828 --- [ruz housekeeper] com.zaxxer.hikari.pool.HikariPool        : ConnDb-Santa_Cruz - After cleanup  stats (total=1, active=0, idle=1, waiting=0)
2026-03-28 11:17:50.929 DEBUG 17828 --- [ruz housekeeper] com.zaxxer.hikari.pool.HikariPool        : ConnDb-Santa_Cruz - Fill pool skipped, pool is at sufficient level.
2026-03-28 11:17:59.708 DEBUG 17828 --- [l-1 housekeeper] com.zaxxer.hikari.pool.HikariPool        : HikariPool-1 - Before cleanup stats (total=2, active=0, idle=2, waiting=0)
2026-03-28 11:17:59.708 DEBUG 17828 --- [l-1 housekeeper] com.zaxxer.hikari.pool.HikariPool        : HikariPool-1 - After cleanup  stats (total=2, active=0, idle=2, waiting=0)
2026-03-28 11:17:59.709 DEBUG 17828 --- [l-1 housekeeper] com.zaxxer.hikari.pool.HikariPool        : HikariPool-1 - Fill pool skipped, pool is at sufficient level.
2026-03-28 11:18:02.013 DEBUG 17828 --- [ruz housekeeper] com.zaxxer.hikari.pool.HikariPool        : ConnDb-Santa_Cruz - Before cleanup stats (total=1, active=0, idle=1, waiting=0)
2026-03-28 11:18:02.014 DEBUG 17828 --- [ruz housekeeper] com.zaxxer.hikari.pool.HikariPool        : ConnDb-Santa_Cruz - After cleanup  stats (total=1, active=0, idle=1, waiting=0)
2026-03-28 11:18:02.015 DEBUG 17828 --- [ruz housekeeper] com.zaxxer.hikari.pool.HikariPool        : ConnDb-Santa_Cruz - Fill pool skipped, pool is at sufficient level.
2026-03-28 11:18:13.299 DEBUG 17828 --- [ool housekeeper] com.zaxxer.hikari.pool.HikariPool        : CentralHikariPool - Before cleanup stats (total=1, active=0, idle=1, waiting=0)
2026-03-28 11:18:13.299 DEBUG 17828 --- [ool housekeeper] com.zaxxer.hikari.pool.HikariPool        : CentralHikariPool - After cleanup  stats (total=1, active=0, idle=1, waiting=0)
2026-03-28 11:18:13.300 DEBUG 17828 --- [ool housekeeper] com.zaxxer.hikari.pool.HikariPool        : CentralHikariPool - Fill pool skipped, pool is at sufficient level.
2026-03-28 11:18:20.941 DEBUG 17828 --- [ruz housekeeper] com.zaxxer.hikari.pool.HikariPool        : ConnDb-Santa_Cruz - Before cleanup stats (total=1, active=0, idle=1, waiting=0)
2026-03-28 11:18:20.942 DEBUG 17828 --- [ruz housekeeper] com.zaxxer.hikari.pool.HikariPool        : ConnDb-Santa_Cruz - After cleanup  stats (total=1, active=0, idle=1, waiting=0)
2026-03-28 11:18:20.943 DEBUG 17828 --- [ruz housekeeper] com.zaxxer.hikari.pool.HikariPool        : ConnDb-Santa_Cruz - Fill pool skipped, pool is at sufficient level.
2026-03-28 11:18:29.705 DEBUG 17828 --- [l-1 housekeeper] com.zaxxer.hikari.pool.HikariPool        : HikariPool-1 - keepalive: connection ConnectionID:1 ClientConnectionId: 2b444233-0b40-48cb-88fb-d447dfc8d4cc is alive
2026-03-28 11:18:30.049 DEBUG 17828 --- [l-1 housekeeper] com.zaxxer.hikari.pool.HikariPool        : HikariPool-1 - Before cleanup stats (total=2, active=0, idle=2, waiting=0)
2026-03-28 11:18:30.060 DEBUG 17828 --- [l-1 housekeeper] com.zaxxer.hikari.pool.HikariPool        : HikariPool-1 - After cleanup  stats (total=2, active=0, idle=2, waiting=0)
2026-03-28 11:18:30.450 DEBUG 17828 --- [l-1 housekeeper] com.zaxxer.hikari.pool.HikariPool        : HikariPool-1 - Fill pool skipped, pool is at sufficient level.
2026-03-28 11:18:32.030 DEBUG 17828 --- [ruz housekeeper] com.zaxxer.hikari.pool.HikariPool        : ConnDb-Santa_Cruz - Before cleanup stats (total=1, active=0, idle=1, waiting=0)
2026-03-28 11:18:32.319 DEBUG 17828 --- [ruz housekeeper] com.zaxxer.hikari.pool.HikariPool        : ConnDb-Santa_Cruz - After cleanup  stats (total=1, active=0, idle=1, waiting=0)
2026-03-28 11:18:32.326 DEBUG 17828 --- [ruz housekeeper] com.zaxxer.hikari.pool.HikariPool        : ConnDb-Santa_Cruz - Fill pool skipped, pool is at sufficient level.
2026-03-28 11:18:33.743 DEBUG 17828 --- [io-8089-exec-10] o.s.web.servlet.DispatcherServlet        : GET "/ot/spx_ValidarVentaYDetallewb?fecha=%2728%2F03%2F2026%27&nroOT=28759209&numeroCliente=2620591", parameters={masked}
2026-03-28 11:18:33.743 DEBUG 17828 --- [nio-8089-exec-5] o.s.web.servlet.DispatcherServlet        : GET "/supervisor/spy_Ultimo_Estado_Dia_BO_CITA_MAKIRO?fecha=2026-03-28&idUsuario=98&tecnico=KEVIN+GEOVANI+BARROSO+NAVA", parameters={masked}
2026-03-28 11:18:33.743 DEBUG 17828 --- [nio-8089-exec-4] o.s.web.servlet.DispatcherServlet        : GET "/ot/spx_ValidarVentaYDetallewb?fecha=%2728%2F03%2F2026%27&nroOT=28759450&numeroCliente=2552233", parameters={masked}
2026-03-28 11:18:33.744 DEBUG 17828 --- [io-8089-exec-10] s.w.s.m.m.a.RequestMappingHandlerMapping : Mapped to com.example.TigoStarSystem.ot.controller.OtController#validarVentaYDetalleWb(String, String, Integer, Integer)
2026-03-28 11:18:33.746 DEBUG 17828 --- [nio-8089-exec-4] s.w.s.m.m.a.RequestMappingHandlerMapping : Mapped to com.example.TigoStarSystem.ot.controller.OtController#validarVentaYDetalleWb(String, String, Integer, Integer)
2026-03-28 11:18:33.745 DEBUG 17828 --- [nio-8089-exec-5] s.w.s.m.m.a.RequestMappingHandlerMapping : Mapped to com.example.TigoStarSystem.supervisor.controller.EstadoDiaBoCitaController#obtenerUltimoEstadoDia(String, LocalDate, String)
2026-03-28 11:18:33.746 DEBUG 17828 --- [nio-8089-exec-3] o.s.web.servlet.DispatcherServlet        : GET "/ot/spx_ValidarVentaYDetallewb?fecha=%2728%2F03%2F2026%27&nroOT=28761686&numeroCliente=2589990", parameters={masked}
2026-03-28 11:18:33.747 DEBUG 17828 --- [nio-8089-exec-6] o.s.web.servlet.DispatcherServlet        : GET "/ot/spx_ValidarVentaYDetallewb?fecha=%2728%2F03%2F2026%27&nroOT=28761713&numeroCliente=1096072", parameters={masked}
2026-03-28 11:18:33.747 DEBUG 17828 --- [nio-8089-exec-1] o.s.web.servlet.DispatcherServlet        : GET "/ot/spx_ValidarVentaYDetallewb?fecha=%2728%2F03%2F2026%27&nroOT=28760243&numeroCliente=694016", parameters={masked}
2026-03-28 11:18:33.748 DEBUG 17828 --- [io-8089-exec-10] .m.m.a.ExceptionHandlerExceptionResolver : Using @ExceptionHandler com.example.TigoStarSystem.common.GlobalExceptionHandler#handleApiException(ApiException, HttpServletRequest)
2026-03-28 11:18:33.748 DEBUG 17828 --- [nio-8089-exec-4] .m.m.a.ExceptionHandlerExceptionResolver : Using @ExceptionHandler com.example.TigoStarSystem.common.GlobalExceptionHandler#handleApiException(ApiException, HttpServletRequest)
2026-03-28 11:18:33.748 DEBUG 17828 --- [nio-8089-exec-5] o.s.jdbc.core.JdbcTemplate               : Executing prepared SQL query
2026-03-28 11:18:33.748 DEBUG 17828 --- [nio-8089-exec-3] s.w.s.m.m.a.RequestMappingHandlerMapping : Mapped to com.example.TigoStarSystem.ot.controller.OtController#validarVentaYDetalleWb(String, String, Integer, Integer)
2026-03-28 11:18:33.749 DEBUG 17828 --- [nio-8089-exec-6] s.w.s.m.m.a.RequestMappingHandlerMapping : Mapped to com.example.TigoStarSystem.ot.controller.OtController#validarVentaYDetalleWb(String, String, Integer, Integer)
2026-03-28 11:18:33.750 DEBUG 17828 --- [nio-8089-exec-1] s.w.s.m.m.a.RequestMappingHandlerMapping : Mapped to com.example.TigoStarSystem.ot.controller.OtController#validarVentaYDetalleWb(String, String, Integer, Integer)
2026-03-28 11:18:33.755 DEBUG 17828 --- [nio-8089-exec-3] .m.m.a.ExceptionHandlerExceptionResolver : Using @ExceptionHandler com.example.TigoStarSystem.common.GlobalExceptionHandler#handleApiException(ApiException, HttpServletRequest)
2026-03-28 11:18:33.751 DEBUG 17828 --- [io-8089-exec-10] o.s.w.s.m.m.a.HttpEntityMethodProcessor  : Using 'application/json', given [application/json, text/plain, */*] and supported [application/json, application/*+json, application/json, application/*+json]
2026-03-28 11:18:33.752 DEBUG 17828 --- [nio-8089-exec-4] o.s.w.s.m.m.a.HttpEntityMethodProcessor  : Using 'application/json', given [application/json, text/plain, */*] and supported [application/json, application/*+json, application/json, application/*+json]
2026-03-28 11:18:33.753 DEBUG 17828 --- [nio-8089-exec-5] o.s.jdbc.core.JdbcTemplate               : Executing prepared SQL statement [EXEC dbo.spy_Ultimo_Estado_Dia_BO_CITA_MAKIRO ?, ?]
2026-03-28 11:18:33.755 DEBUG 17828 --- [nio-8089-exec-6] .m.m.a.ExceptionHandlerExceptionResolver : Using @ExceptionHandler com.example.TigoStarSystem.common.GlobalExceptionHandler#handleApiException(ApiException, HttpServletRequest)
2026-03-28 11:18:33.755 DEBUG 17828 --- [nio-8089-exec-1] .m.m.a.ExceptionHandlerExceptionResolver : Using @ExceptionHandler com.example.TigoStarSystem.common.GlobalExceptionHandler#handleApiException(ApiException, HttpServletRequest)
2026-03-28 11:18:33.761 DEBUG 17828 --- [nio-8089-exec-6] o.s.w.s.m.m.a.HttpEntityMethodProcessor  : Using 'application/json', given [application/json, text/plain, */*] and supported [application/json, application/*+json, application/json, application/*+json]
2026-03-28 11:18:33.756 DEBUG 17828 --- [nio-8089-exec-3] o.s.w.s.m.m.a.HttpEntityMethodProcessor  : Using 'application/json', given [application/json, text/plain, */*] and supported [application/json, application/*+json, application/json, application/*+json]
2026-03-28 11:18:33.756 DEBUG 17828 --- [io-8089-exec-10] o.s.w.s.m.m.a.HttpEntityMethodProcessor  : Writing [com.example.TigoStarSystem.common.ApiError@6553149d]
2026-03-28 11:18:33.759 DEBUG 17828 --- [nio-8089-exec-4] o.s.w.s.m.m.a.HttpEntityMethodProcessor  : Writing [com.example.TigoStarSystem.common.ApiError@e8af244]
2026-03-28 11:18:33.760 DEBUG 17828 --- [nio-8089-exec-5] o.s.jdbc.datasource.DataSourceUtils      : Fetching JDBC Connection from DataSource
2026-03-28 11:18:33.762 DEBUG 17828 --- [nio-8089-exec-1] o.s.w.s.m.m.a.HttpEntityMethodProcessor  : Using 'application/json', given [application/json, text/plain, */*] and supported [application/json, application/*+json, application/json, application/*+json]
2026-03-28 11:18:33.762 DEBUG 17828 --- [nio-8089-exec-6] o.s.w.s.m.m.a.HttpEntityMethodProcessor  : Writing [com.example.TigoStarSystem.common.ApiError@64ce6ee2]
2026-03-28 11:18:33.763 DEBUG 17828 --- [nio-8089-exec-3] o.s.w.s.m.m.a.HttpEntityMethodProcessor  : Writing [com.example.TigoStarSystem.common.ApiError@724274c4]
2026-03-28 11:18:33.764 DEBUG 17828 --- [io-8089-exec-10] .m.m.a.ExceptionHandlerExceptionResolver : Resolved [com.example.TigoStarSystem.common.ApiException: fecha invalida. Use yyyy-MM-dd, dd/MM/yyyy o yyyyMMdd.]
2026-03-28 11:18:33.769 DEBUG 17828 --- [nio-8089-exec-6] .m.m.a.ExceptionHandlerExceptionResolver : Resolved [com.example.TigoStarSystem.common.ApiException: fecha invalida. Use yyyy-MM-dd, dd/MM/yyyy o yyyyMMdd.]
2026-03-28 11:18:33.764 DEBUG 17828 --- [nio-8089-exec-4] .m.m.a.ExceptionHandlerExceptionResolver : Resolved [com.example.TigoStarSystem.common.ApiException: fecha invalida. Use yyyy-MM-dd, dd/MM/yyyy o yyyyMMdd.]
2026-03-28 11:18:33.767 DEBUG 17828 --- [nio-8089-exec-1] o.s.w.s.m.m.a.HttpEntityMethodProcessor  : Writing [com.example.TigoStarSystem.common.ApiError@16103efd]
2026-03-28 11:18:33.769 DEBUG 17828 --- [io-8089-exec-10] o.s.web.servlet.DispatcherServlet        : Completed 400 BAD_REQUEST
2026-03-28 11:18:33.770 DEBUG 17828 --- [nio-8089-exec-3] .m.m.a.ExceptionHandlerExceptionResolver : Resolved [com.example.TigoStarSystem.common.ApiException: fecha invalida. Use yyyy-MM-dd, dd/MM/yyyy o yyyyMMdd.]
2026-03-28 11:18:33.771 DEBUG 17828 --- [nio-8089-exec-6] o.s.web.servlet.DispatcherServlet        : Completed 400 BAD_REQUEST
2026-03-28 11:18:33.772 DEBUG 17828 --- [nio-8089-exec-4] o.s.web.servlet.DispatcherServlet        : Completed 400 BAD_REQUEST
2026-03-28 11:18:33.773 DEBUG 17828 --- [nio-8089-exec-1] .m.m.a.ExceptionHandlerExceptionResolver : Resolved [com.example.TigoStarSystem.common.ApiException: fecha invalida. Use yyyy-MM-dd, dd/MM/yyyy o yyyyMMdd.]
2026-03-28 11:18:33.774 DEBUG 17828 --- [nio-8089-exec-3] o.s.web.servlet.DispatcherServlet        : Completed 400 BAD_REQUEST
2026-03-28 11:18:33.776 DEBUG 17828 --- [nio-8089-exec-1] o.s.web.servlet.DispatcherServlet        : Completed 400 BAD_REQUEST
2026-03-28 11:18:33.777 DEBUG 17828 --- [nio-8089-exec-2] o.s.web.servlet.DispatcherServlet        : GET "/ot/spx_ValidarVentaYDetallewb?fecha=%2728%2F03%2F2026%27&nroOT=28762785&numeroCliente=1203674", parameters={masked}
2026-03-28 11:18:33.781 DEBUG 17828 --- [nio-8089-exec-7] o.s.web.servlet.DispatcherServlet        : GET "/ot/spx_ValidarVentaYDetallewb?fecha=%2728%2F03%2F2026%27&nroOT=28763544&numeroCliente=682543", parameters={masked}
2026-03-28 11:18:33.785 DEBUG 17828 --- [nio-8089-exec-7] s.w.s.m.m.a.RequestMappingHandlerMapping : Mapped to com.example.TigoStarSystem.ot.controller.OtController#validarVentaYDetalleWb(String, String, Integer, Integer)
2026-03-28 11:18:33.789 DEBUG 17828 --- [nio-8089-exec-7] .m.m.a.ExceptionHandlerExceptionResolver : Using @ExceptionHandler com.example.TigoStarSystem.common.GlobalExceptionHandler#handleApiException(ApiException, HttpServletRequest)
2026-03-28 11:18:33.783 DEBUG 17828 --- [nio-8089-exec-2] s.w.s.m.m.a.RequestMappingHandlerMapping : Mapped to com.example.TigoStarSystem.ot.controller.OtController#validarVentaYDetalleWb(String, String, Integer, Integer)
2026-03-28 11:18:33.792 DEBUG 17828 --- [nio-8089-exec-7] o.s.w.s.m.m.a.HttpEntityMethodProcessor  : Using 'application/json', given [application/json, text/plain, */*] and supported [application/json, application/*+json, application/json, application/*+json]
2026-03-28 11:18:33.794 DEBUG 17828 --- [nio-8089-exec-7] o.s.w.s.m.m.a.HttpEntityMethodProcessor  : Writing [com.example.TigoStarSystem.common.ApiError@5f697b57]
2026-03-28 11:18:33.797 DEBUG 17828 --- [nio-8089-exec-7] .m.m.a.ExceptionHandlerExceptionResolver : Resolved [com.example.TigoStarSystem.common.ApiException: fecha invalida. Use yyyy-MM-dd, dd/MM/yyyy o yyyyMMdd.]
2026-03-28 11:18:33.802 DEBUG 17828 --- [nio-8089-exec-7] o.s.web.servlet.DispatcherServlet        : Completed 400 BAD_REQUEST
2026-03-28 11:18:33.797 DEBUG 17828 --- [nio-8089-exec-2] .m.m.a.ExceptionHandlerExceptionResolver : Using @ExceptionHandler com.example.TigoStarSystem.common.GlobalExceptionHandler#handleApiException(ApiException, HttpServletRequest)
2026-03-28 11:18:33.812 DEBUG 17828 --- [nio-8089-exec-2] o.s.w.s.m.m.a.HttpEntityMethodProcessor  : Using 'application/json', given [application/json, text/plain, */*] and supported [application/json, application/*+json, application/json, application/*+json]
2026-03-28 11:18:33.813 DEBUG 17828 --- [nio-8089-exec-2] o.s.w.s.m.m.a.HttpEntityMethodProcessor  : Writing [com.example.TigoStarSystem.common.ApiError@13d17e75]
2026-03-28 11:18:33.814 DEBUG 17828 --- [nio-8089-exec-2] .m.m.a.ExceptionHandlerExceptionResolver : Resolved [com.example.TigoStarSystem.common.ApiException: fecha invalida. Use yyyy-MM-dd, dd/MM/yyyy o yyyyMMdd.]
2026-03-28 11:18:33.816 DEBUG 17828 --- [nio-8089-exec-2] o.s.web.servlet.DispatcherServlet        : Completed 400 BAD_REQUEST
2026-03-28 11:18:33.836 DEBUG 17828 --- [nio-8089-exec-5] o.s.w.s.m.m.a.HttpEntityMethodProcessor  : Using 'application/json', given [application/json, text/plain, */*] and supported [application/json, application/*+json, application/json, application/*+json]
2026-03-28 11:18:33.837 DEBUG 17828 --- [nio-8089-exec-5] o.s.w.s.m.m.a.HttpEntityMethodProcessor  : Writing [com.example.TigoStarSystem.common.ApiResponse@630398f5]
2026-03-28 11:18:33.841 DEBUG 17828 --- [nio-8089-exec-5] o.s.web.servlet.DispatcherServlet        : Completed 200 OK
2026-03-28 11:18:34.796 DEBUG 17828 --- [nio-8089-exec-9] o.s.web.servlet.DispatcherServlet        : GET "/ot/spx_ValidarVentaYDetallewb?fecha=28%2F03%2F2026&nroOT=28760243&numeroCliente=694016", parameters={masked}
2026-03-28 11:18:34.796 DEBUG 17828 --- [nio-8089-exec-8] o.s.web.servlet.DispatcherServlet        : GET "/ot/spx_ValidarVentaYDetallewb?fecha=28%2F03%2F2026&nroOT=28759209&numeroCliente=2620591", parameters={masked}
2026-03-28 11:18:34.797 DEBUG 17828 --- [nio-8089-exec-9] s.w.s.m.m.a.RequestMappingHandlerMapping : Mapped to com.example.TigoStarSystem.ot.controller.OtController#validarVentaYDetalleWb(String, String, Integer, Integer)
2026-03-28 11:18:34.798 DEBUG 17828 --- [nio-8089-exec-8] s.w.s.m.m.a.RequestMappingHandlerMapping : Mapped to com.example.TigoStarSystem.ot.controller.OtController#validarVentaYDetalleWb(String, String, Integer, Integer)
2026-03-28 11:18:34.798 DEBUG 17828 --- [io-8089-exec-10] o.s.web.servlet.DispatcherServlet        : GET "/ot/spx_ValidarVentaYDetallewb?fecha=28%2F03%2F2026&nroOT=28761713&numeroCliente=1096072", parameters={masked}
2026-03-28 11:18:34.798 DEBUG 17828 --- [nio-8089-exec-6] o.s.web.servlet.DispatcherServlet        : GET "/ot/spx_ValidarVentaYDetallewb?fecha=28%2F03%2F2026&nroOT=28759450&numeroCliente=2552233", parameters={masked}
2026-03-28 11:18:34.799 DEBUG 17828 --- [nio-8089-exec-4] o.s.web.servlet.DispatcherServlet        : GET "/ot/spx_ValidarVentaYDetallewb?fecha=28%2F03%2F2026&nroOT=28761686&numeroCliente=2589990", parameters={masked}
2026-03-28 11:18:34.800 DEBUG 17828 --- [nio-8089-exec-9] o.s.jdbc.core.JdbcTemplate               : Executing SQL query [EXEC dbo.spx_ObtenerSucursalesConexion]
2026-03-28 11:18:34.800 DEBUG 17828 --- [nio-8089-exec-8] o.s.jdbc.core.JdbcTemplate               : Executing SQL query [EXEC dbo.spx_ObtenerSucursalesConexion]
2026-03-28 11:18:34.800 DEBUG 17828 --- [io-8089-exec-10] s.w.s.m.m.a.RequestMappingHandlerMapping : Mapped to com.example.TigoStarSystem.ot.controller.OtController#validarVentaYDetalleWb(String, String, Integer, Integer)
2026-03-28 11:18:34.801 DEBUG 17828 --- [nio-8089-exec-6] s.w.s.m.m.a.RequestMappingHandlerMapping : Mapped to com.example.TigoStarSystem.ot.controller.OtController#validarVentaYDetalleWb(String, String, Integer, Integer)
2026-03-28 11:18:34.801 DEBUG 17828 --- [nio-8089-exec-4] s.w.s.m.m.a.RequestMappingHandlerMapping : Mapped to com.example.TigoStarSystem.ot.controller.OtController#validarVentaYDetalleWb(String, String, Integer, Integer)
2026-03-28 11:18:34.804 DEBUG 17828 --- [io-8089-exec-10] o.s.jdbc.core.JdbcTemplate               : Executing SQL query [EXEC dbo.spx_ObtenerSucursalesConexion]
2026-03-28 11:18:34.802 DEBUG 17828 --- [nio-8089-exec-9] o.s.jdbc.datasource.DataSourceUtils      : Fetching JDBC Connection from DataSource
2026-03-28 11:18:34.802 DEBUG 17828 --- [nio-8089-exec-8] o.s.jdbc.datasource.DataSourceUtils      : Fetching JDBC Connection from DataSource
2026-03-28 11:18:34.816 DEBUG 17828 --- [io-8089-exec-10] o.s.jdbc.datasource.DataSourceUtils      : Fetching JDBC Connection from DataSource
2026-03-28 11:18:34.817 DEBUG 17828 --- [nio-8089-exec-6] o.s.jdbc.core.JdbcTemplate               : Executing SQL query [EXEC dbo.spx_ObtenerSucursalesConexion]
2026-03-28 11:18:34.818 DEBUG 17828 --- [nio-8089-exec-4] o.s.jdbc.core.JdbcTemplate               : Executing SQL query [EXEC dbo.spx_ObtenerSucursalesConexion]
2026-03-28 11:18:34.820 DEBUG 17828 --- [nio-8089-exec-6] o.s.jdbc.datasource.DataSourceUtils      : Fetching JDBC Connection from DataSource
2026-03-28 11:18:34.820 DEBUG 17828 --- [nio-8089-exec-4] o.s.jdbc.datasource.DataSourceUtils      : Fetching JDBC Connection from DataSource
2026-03-28 11:18:34.825 DEBUG 17828 --- [nio-8089-exec-8] o.s.jdbc.core.JdbcTemplate               : Executing prepared SQL query
2026-03-28 11:18:34.826 DEBUG 17828 --- [nio-8089-exec-8] o.s.jdbc.core.JdbcTemplate               : Executing prepared SQL statement [EXEC dbo.spx_ValidarVentaYDetallewb ?, ?, ?]
2026-03-28 11:18:34.827 DEBUG 17828 --- [nio-8089-exec-8] o.s.jdbc.datasource.DataSourceUtils      : Fetching JDBC Connection from DataSource
2026-03-28 11:18:34.827 DEBUG 17828 --- [nio-8089-exec-3] o.s.web.servlet.DispatcherServlet        : GET "/ot/spx_ValidarVentaYDetallewb?fecha=28%2F03%2F2026&nroOT=28763544&numeroCliente=682543", parameters={masked}
2026-03-28 11:18:34.828 DEBUG 17828 --- [nio-8089-exec-9] o.s.jdbc.core.JdbcTemplate               : Executing prepared SQL query
2026-03-28 11:18:34.829 DEBUG 17828 --- [io-8089-exec-10] o.s.jdbc.core.JdbcTemplate               : Executing prepared SQL query
2026-03-28 11:18:34.829 DEBUG 17828 --- [nio-8089-exec-3] s.w.s.m.m.a.RequestMappingHandlerMapping : Mapped to com.example.TigoStarSystem.ot.controller.OtController#validarVentaYDetalleWb(String, String, Integer, Integer)
2026-03-28 11:18:34.829 DEBUG 17828 --- [nio-8089-exec-9] o.s.jdbc.core.JdbcTemplate               : Executing prepared SQL statement [EXEC dbo.spx_ValidarVentaYDetallewb ?, ?, ?]
2026-03-28 11:18:34.830 DEBUG 17828 --- [io-8089-exec-10] o.s.jdbc.core.JdbcTemplate               : Executing prepared SQL statement [EXEC dbo.spx_ValidarVentaYDetallewb ?, ?, ?]
2026-03-28 11:18:34.833 DEBUG 17828 --- [nio-8089-exec-6] o.s.jdbc.core.JdbcTemplate               : Executing prepared SQL query
2026-03-28 11:18:34.832 DEBUG 17828 --- [nio-8089-exec-3] o.s.jdbc.core.JdbcTemplate               : Executing SQL query [EXEC dbo.spx_ObtenerSucursalesConexion]
2026-03-28 11:18:34.832 DEBUG 17828 --- [nio-8089-exec-9] o.s.jdbc.datasource.DataSourceUtils      : Fetching JDBC Connection from DataSource
2026-03-28 11:18:34.833 DEBUG 17828 --- [nio-8089-exec-4] o.s.jdbc.core.JdbcTemplate               : Executing prepared SQL query
2026-03-28 11:18:34.836 DEBUG 17828 --- [nio-8089-exec-4] o.s.jdbc.core.JdbcTemplate               : Executing prepared SQL statement [EXEC dbo.spx_ValidarVentaYDetallewb ?, ?, ?]
2026-03-28 11:18:34.834 DEBUG 17828 --- [io-8089-exec-10] o.s.jdbc.datasource.DataSourceUtils      : Fetching JDBC Connection from DataSource
2026-03-28 11:18:34.835 DEBUG 17828 --- [nio-8089-exec-6] o.s.jdbc.core.JdbcTemplate               : Executing prepared SQL statement [EXEC dbo.spx_ValidarVentaYDetallewb ?, ?, ?]
2026-03-28 11:18:34.835 DEBUG 17828 --- [nio-8089-exec-3] o.s.jdbc.datasource.DataSourceUtils      : Fetching JDBC Connection from DataSource
2026-03-28 11:18:34.837 DEBUG 17828 --- [nio-8089-exec-4] o.s.jdbc.datasource.DataSourceUtils      : Fetching JDBC Connection from DataSource
2026-03-28 11:18:34.838 DEBUG 17828 --- [io-8089-exec-10] com.zaxxer.hikari.pool.HikariPool        : HikariPool-1 - Add connection elided, waiting 1, queue 3
2026-03-28 11:18:34.838 DEBUG 17828 --- [nio-8089-exec-6] o.s.jdbc.datasource.DataSourceUtils      : Fetching JDBC Connection from DataSource
2026-03-28 11:18:34.839 DEBUG 17828 --- [nio-8089-exec-3] com.zaxxer.hikari.pool.HikariPool        : HikariPool-1 - Add connection elided, waiting 2, queue 3
2026-03-28 11:18:34.850 DEBUG 17828 --- [onnection adder] com.zaxxer.hikari.pool.HikariPool        : HikariPool-1 - Added connection ConnectionID:6 ClientConnectionId: b1ce3a37-d549-4d0b-8626-564442cb7749
2026-03-28 11:18:34.871 DEBUG 17828 --- [onnection adder] com.zaxxer.hikari.pool.HikariPool        : HikariPool-1 - Added connection ConnectionID:7 ClientConnectionId: 17d315e5-e767-45bb-a56a-9299d4dd8fa4
2026-03-28 11:18:34.902 DEBUG 17828 --- [onnection adder] com.zaxxer.hikari.pool.HikariPool        : HikariPool-1 - Added connection ConnectionID:8 ClientConnectionId: 79e4b3d9-ce7d-46cd-a620-bd5d89a32233
2026-03-28 11:18:34.960 DEBUG 17828 --- [onnection adder] com.zaxxer.hikari.pool.HikariPool        : HikariPool-1 - Added connection ConnectionID:9 ClientConnectionId: 4881853f-b11d-4ee3-9a10-f3a5da22aedc
2026-03-28 11:18:34.965 DEBUG 17828 --- [nio-8089-exec-3] o.s.jdbc.core.JdbcTemplate               : Executing prepared SQL query
2026-03-28 11:18:34.965 DEBUG 17828 --- [nio-8089-exec-3] o.s.jdbc.core.JdbcTemplate               : Executing prepared SQL statement [EXEC dbo.spx_ValidarVentaYDetallewb ?, ?, ?]
2026-03-28 11:18:34.966 DEBUG 17828 --- [nio-8089-exec-3] o.s.jdbc.datasource.DataSourceUtils      : Fetching JDBC Connection from DataSource
2026-03-28 11:18:34.965 DEBUG 17828 --- [nio-8089-exec-9] o.s.w.s.m.m.a.HttpEntityMethodProcessor  : Using 'application/json', given [application/json, text/plain, */*] and supported [application/json, application/*+json, application/json, application/*+json]
2026-03-28 11:18:34.967 DEBUG 17828 --- [nio-8089-exec-9] o.s.w.s.m.m.a.HttpEntityMethodProcessor  : Writing [com.example.TigoStarSystem.common.ApiResponse@6cc0ebe]
2026-03-28 11:18:34.968 DEBUG 17828 --- [nio-8089-exec-9] o.s.web.servlet.DispatcherServlet        : Completed 200 OK
2026-03-28 11:18:34.972 DEBUG 17828 --- [nio-8089-exec-1] o.s.web.servlet.DispatcherServlet        : GET "/ot/spx_ValidarVentaYDetallewb?fecha=28%2F03%2F2026&nroOT=28762785&numeroCliente=1203674", parameters={masked}
2026-03-28 11:18:34.973 DEBUG 17828 --- [nio-8089-exec-1] s.w.s.m.m.a.RequestMappingHandlerMapping : Mapped to com.example.TigoStarSystem.ot.controller.OtController#validarVentaYDetalleWb(String, String, Integer, Integer)
2026-03-28 11:18:34.974 DEBUG 17828 --- [nio-8089-exec-4] o.s.w.s.m.m.a.HttpEntityMethodProcessor  : Using 'application/json', given [application/json, text/plain, */*] and supported [application/json, application/*+json, application/json, application/*+json]
2026-03-28 11:18:34.976 DEBUG 17828 --- [nio-8089-exec-4] o.s.w.s.m.m.a.HttpEntityMethodProcessor  : Writing [com.example.TigoStarSystem.common.ApiResponse@6fd8b237]
2026-03-28 11:18:34.976 DEBUG 17828 --- [nio-8089-exec-1] o.s.jdbc.core.JdbcTemplate               : Executing SQL query [EXEC dbo.spx_ObtenerSucursalesConexion]
2026-03-28 11:18:34.977 DEBUG 17828 --- [nio-8089-exec-1] o.s.jdbc.datasource.DataSourceUtils      : Fetching JDBC Connection from DataSource
2026-03-28 11:18:34.977 DEBUG 17828 --- [nio-8089-exec-4] o.s.web.servlet.DispatcherServlet        : Completed 200 OK
2026-03-28 11:18:34.983 DEBUG 17828 --- [nio-8089-exec-1] o.s.jdbc.core.JdbcTemplate               : Executing prepared SQL query
2026-03-28 11:18:34.983 DEBUG 17828 --- [nio-8089-exec-1] o.s.jdbc.core.JdbcTemplate               : Executing prepared SQL statement [EXEC dbo.spx_ValidarVentaYDetallewb ?, ?, ?]
2026-03-28 11:18:34.984 DEBUG 17828 --- [nio-8089-exec-1] o.s.jdbc.datasource.DataSourceUtils      : Fetching JDBC Connection from DataSource
2026-03-28 11:18:35.029 DEBUG 17828 --- [io-8089-exec-10] o.s.w.s.m.m.a.HttpEntityMethodProcessor  : Using 'application/json', given [application/json, text/plain, */*] and supported [application/json, application/*+json, application/json, application/*+json]
2026-03-28 11:18:35.030 DEBUG 17828 --- [io-8089-exec-10] o.s.w.s.m.m.a.HttpEntityMethodProcessor  : Writing [com.example.TigoStarSystem.common.ApiResponse@1056a020]
2026-03-28 11:18:35.031 DEBUG 17828 --- [io-8089-exec-10] o.s.web.servlet.DispatcherServlet        : Completed 200 OK
2026-03-28 11:18:35.037 DEBUG 17828 --- [nio-8089-exec-8] o.s.w.s.m.m.a.HttpEntityMethodProcessor  : Using 'application/json', given [application/json, text/plain, */*] and supported [application/json, application/*+json, application/json, application/*+json]
2026-03-28 11:18:35.037 DEBUG 17828 --- [nio-8089-exec-8] o.s.w.s.m.m.a.HttpEntityMethodProcessor  : Writing [com.example.TigoStarSystem.common.ApiResponse@4aab256f]
2026-03-28 11:18:35.038 DEBUG 17828 --- [nio-8089-exec-8] o.s.web.servlet.DispatcherServlet        : Completed 200 OK
2026-03-28 11:18:35.050 DEBUG 17828 --- [nio-8089-exec-6] o.s.w.s.m.m.a.HttpEntityMethodProcessor  : Using 'application/json', given [application/json, text/plain, */*] and supported [application/json, application/*+json, application/json, application/*+json]
2026-03-28 11:18:35.051 DEBUG 17828 --- [nio-8089-exec-6] o.s.w.s.m.m.a.HttpEntityMethodProcessor  : Writing [com.example.TigoStarSystem.common.ApiResponse@7ba245bc]
2026-03-28 11:18:35.052 DEBUG 17828 --- [nio-8089-exec-6] o.s.web.servlet.DispatcherServlet        : Completed 200 OK
2026-03-28 11:18:35.078 DEBUG 17828 --- [nio-8089-exec-3] o.s.w.s.m.m.a.HttpEntityMethodProcessor  : Using 'application/json', given [application/json, text/plain, */*] and supported [application/json, application/*+json, application/json, application/*+json]
2026-03-28 11:18:35.079 DEBUG 17828 --- [nio-8089-exec-3] o.s.w.s.m.m.a.HttpEntityMethodProcessor  : Writing [com.example.TigoStarSystem.common.ApiResponse@6bf793f5]
2026-03-28 11:18:35.080 DEBUG 17828 --- [nio-8089-exec-3] o.s.web.servlet.DispatcherServlet        : Completed 200 OK
2026-03-28 11:18:35.085 DEBUG 17828 --- [nio-8089-exec-1] o.s.w.s.m.m.a.HttpEntityMethodProcessor  : Using 'application/json', given [application/json, text/plain, */*] and supported [application/json, application/*+json, application/json, application/*+json]
2026-03-28 11:18:35.086 DEBUG 17828 --- [nio-8089-exec-1] o.s.w.s.m.m.a.HttpEntityMethodProcessor  : Writing [com.example.TigoStarSystem.common.ApiResponse@2cbab0c3]
2026-03-28 11:18:35.087 DEBUG 17828 --- [nio-8089-exec-1] o.s.web.servlet.DispatcherServlet        : Completed 200 OK
2026-03-28 11:18:43.302 DEBUG 17828 --- [ool housekeeper] com.zaxxer.hikari.pool.HikariPool        : CentralHikariPool - Before cleanup stats (total=1, active=0, idle=1, waiting=0)
2026-03-28 11:18:43.303 DEBUG 17828 --- [ool housekeeper] com.zaxxer.hikari.pool.HikariPool        : CentralHikariPool - After cleanup  stats (total=1, active=0, idle=1, waiting=0)
2026-03-28 11:18:43.303 DEBUG 17828 --- [ool housekeeper] com.zaxxer.hikari.pool.HikariPool        : CentralHikariPool - Fill pool skipped, pool is at sufficient level.
2026-03-28 11:18:50.948 DEBUG 17828 --- [ruz housekeeper] com.zaxxer.hikari.pool.HikariPool        : ConnDb-Santa_Cruz - Before cleanup stats (total=1, active=0, idle=1, waiting=0)
2026-03-28 11:18:50.949 DEBUG 17828 --- [ruz housekeeper] com.zaxxer.hikari.pool.HikariPool        : ConnDb-Santa_Cruz - After cleanup  stats (total=1, active=0, idle=1, waiting=0)
2026-03-28 11:18:50.949 DEBUG 17828 --- [ruz housekeeper] com.zaxxer.hikari.pool.HikariPool        : ConnDb-Santa_Cruz - Fill pool skipped, pool is at sufficient level.
2026-03-28 11:18:57.748 DEBUG 17828 --- [nio-8089-exec-7] o.s.web.servlet.DispatcherServlet        : GET "/auth/permisos", parameters={}
2026-03-28 11:18:57.771 DEBUG 17828 --- [nio-8089-exec-7] s.w.s.m.m.a.RequestMappingHandlerMapping : Mapped to com.example.TigoStarSystem.auth.controller.AuthPermisosController#permisos(String)
2026-03-28 11:18:57.774 DEBUG 17828 --- [nio-8089-exec-7] o.s.jdbc.core.JdbcTemplate               : Executing SQL query [EXEC dbo.spx_ObtenerPrivilegiosRoles]
2026-03-28 11:18:57.775 DEBUG 17828 --- [nio-8089-exec-7] o.s.jdbc.datasource.DataSourceUtils      : Fetching JDBC Connection from DataSource
2026-03-28 11:18:57.786 DEBUG 17828 --- [nio-8089-exec-7] o.s.jdbc.core.JdbcTemplate               : Executing prepared SQL query
2026-03-28 11:18:57.789 DEBUG 17828 --- [nio-8089-exec-7] o.s.jdbc.core.JdbcTemplate               : Executing prepared SQL statement [EXEC dbo.spx_ObtenerPrivilegiosRolDetalle ?]
2026-03-28 11:18:57.791 DEBUG 17828 --- [nio-8089-exec-7] o.s.jdbc.datasource.DataSourceUtils      : Fetching JDBC Connection from DataSource
2026-03-28 11:18:58.022 DEBUG 17828 --- [nio-8089-exec-7] o.s.w.s.m.m.a.HttpEntityMethodProcessor  : Using 'application/json', given [application/json, text/plain, */*] and supported [application/json, application/*+json, application/json, application/*+json]
2026-03-28 11:18:58.129 DEBUG 17828 --- [nio-8089-exec-7] o.s.w.s.m.m.a.HttpEntityMethodProcessor  : Writing [com.example.TigoStarSystem.common.ApiResponse@218b7d78]
2026-03-28 11:18:58.131 DEBUG 17828 --- [nio-8089-exec-7] o.s.web.servlet.DispatcherServlet        : Completed 200 OK
2026-03-28 11:18:58.133 DEBUG 17828 --- [nio-8089-exec-2] o.s.web.servlet.DispatcherServlet        : GET "/auth/permisos", parameters={}
2026-03-28 11:18:58.134 DEBUG 17828 --- [nio-8089-exec-2] s.w.s.m.m.a.RequestMappingHandlerMapping : Mapped to com.example.TigoStarSystem.auth.controller.AuthPermisosController#permisos(String)
2026-03-28 11:18:58.134 DEBUG 17828 --- [nio-8089-exec-2] o.s.jdbc.core.JdbcTemplate               : Executing SQL query [EXEC dbo.spx_ObtenerPrivilegiosRoles]
2026-03-28 11:18:58.135 DEBUG 17828 --- [nio-8089-exec-2] o.s.jdbc.datasource.DataSourceUtils      : Fetching JDBC Connection from DataSource
2026-03-28 11:18:58.139 DEBUG 17828 --- [nio-8089-exec-2] o.s.jdbc.core.JdbcTemplate               : Executing prepared SQL query
2026-03-28 11:18:58.140 DEBUG 17828 --- [nio-8089-exec-2] o.s.jdbc.core.JdbcTemplate               : Executing prepared SQL statement [EXEC dbo.spx_ObtenerPrivilegiosRolDetalle ?]
2026-03-28 11:18:58.140 DEBUG 17828 --- [nio-8089-exec-2] o.s.jdbc.datasource.DataSourceUtils      : Fetching JDBC Connection from DataSource
2026-03-28 11:18:58.144 DEBUG 17828 --- [nio-8089-exec-2] o.s.w.s.m.m.a.HttpEntityMethodProcessor  : Using 'application/json', given [application/json, text/plain, */*] and supported [application/json, application/*+json, application/json, application/*+json]
2026-03-28 11:18:58.145 DEBUG 17828 --- [nio-8089-exec-2] o.s.w.s.m.m.a.HttpEntityMethodProcessor  : Writing [com.example.TigoStarSystem.common.ApiResponse@2a1b974d]
2026-03-28 11:18:58.147 DEBUG 17828 --- [nio-8089-exec-2] o.s.web.servlet.DispatcherServlet        : Completed 200 OK
2026-03-28 11:18:58.171 DEBUG 17828 --- [nio-8089-exec-5] o.s.web.servlet.DispatcherServlet        : GET "/supervisor/spy_Ultimo_Estado_Dia_BO_CITA_MAKIRO?fecha=2026-03-28&idUsuario=98&tecnico=KEVIN+GEOVANI+BARROSO+NAVA", parameters={masked}
2026-03-28 11:18:58.233 DEBUG 17828 --- [nio-8089-exec-5] s.w.s.m.m.a.RequestMappingHandlerMapping : Mapped to com.example.TigoStarSystem.supervisor.controller.EstadoDiaBoCitaController#obtenerUltimoEstadoDia(String, LocalDate, String)
2026-03-28 11:18:58.270 DEBUG 17828 --- [nio-8089-exec-5] o.s.jdbc.core.JdbcTemplate               : Executing prepared SQL query
2026-03-28 11:18:58.271 DEBUG 17828 --- [nio-8089-exec-5] o.s.jdbc.core.JdbcTemplate               : Executing prepared SQL statement [EXEC dbo.spy_Ultimo_Estado_Dia_BO_CITA_MAKIRO ?, ?]
2026-03-28 11:18:58.271 DEBUG 17828 --- [nio-8089-exec-5] o.s.jdbc.datasource.DataSourceUtils      : Fetching JDBC Connection from DataSource
2026-03-28 11:18:58.336 DEBUG 17828 --- [nio-8089-exec-5] o.s.w.s.m.m.a.HttpEntityMethodProcessor  : Using 'application/json', given [application/json, text/plain, */*] and supported [application/json, application/*+json, application/json, application/*+json]
2026-03-28 11:18:58.337 DEBUG 17828 --- [nio-8089-exec-5] o.s.w.s.m.m.a.HttpEntityMethodProcessor  : Writing [com.example.TigoStarSystem.common.ApiResponse@3bf26625]
2026-03-28 11:18:58.338 DEBUG 17828 --- [nio-8089-exec-5] o.s.web.servlet.DispatcherServlet        : Completed 200 OK
2026-03-28 11:18:58.358 DEBUG 17828 --- [nio-8089-exec-9] o.s.web.servlet.DispatcherServlet        : GET "/ot/spx_ValidarVentaYDetallewb?fecha=28%2F03%2F2026&nroOT=28759209&numeroCliente=2620591", parameters={masked}
2026-03-28 11:18:58.358 DEBUG 17828 --- [nio-8089-exec-4] o.s.web.servlet.DispatcherServlet        : GET "/ot/spx_ValidarVentaYDetallewb?fecha=28%2F03%2F2026&nroOT=28759450&numeroCliente=2552233", parameters={masked}
2026-03-28 11:18:58.359 DEBUG 17828 --- [nio-8089-exec-9] s.w.s.m.m.a.RequestMappingHandlerMapping : Mapped to com.example.TigoStarSystem.ot.controller.OtController#validarVentaYDetalleWb(String, String, Integer, Integer)
2026-03-28 11:18:58.359 DEBUG 17828 --- [io-8089-exec-10] o.s.web.servlet.DispatcherServlet        : GET "/ot/spx_ValidarVentaYDetallewb?fecha=28%2F03%2F2026&nroOT=28760243&numeroCliente=694016", parameters={masked}
2026-03-28 11:18:58.359 DEBUG 17828 --- [nio-8089-exec-8] o.s.web.servlet.DispatcherServlet        : GET "/ot/spx_ValidarVentaYDetallewb?fecha=28%2F03%2F2026&nroOT=28761686&numeroCliente=2589990", parameters={masked}
2026-03-28 11:18:58.360 DEBUG 17828 --- [nio-8089-exec-4] s.w.s.m.m.a.RequestMappingHandlerMapping : Mapped to com.example.TigoStarSystem.ot.controller.OtController#validarVentaYDetalleWb(String, String, Integer, Integer)
2026-03-28 11:18:58.361 DEBUG 17828 --- [nio-8089-exec-6] o.s.web.servlet.DispatcherServlet        : GET "/ot/spx_ValidarVentaYDetallewb?fecha=28%2F03%2F2026&nroOT=28761713&numeroCliente=1096072", parameters={masked}
2026-03-28 11:18:58.361 DEBUG 17828 --- [io-8089-exec-10] s.w.s.m.m.a.RequestMappingHandlerMapping : Mapped to com.example.TigoStarSystem.ot.controller.OtController#validarVentaYDetalleWb(String, String, Integer, Integer)
2026-03-28 11:18:58.361 DEBUG 17828 --- [nio-8089-exec-3] o.s.web.servlet.DispatcherServlet        : GET "/ot/spx_ValidarVentaYDetallewb?fecha=28%2F03%2F2026&nroOT=28762785&numeroCliente=1203674", parameters={masked}
2026-03-28 11:18:58.362 DEBUG 17828 --- [nio-8089-exec-8] s.w.s.m.m.a.RequestMappingHandlerMapping : Mapped to com.example.TigoStarSystem.ot.controller.OtController#validarVentaYDetalleWb(String, String, Integer, Integer)
2026-03-28 11:18:58.362 DEBUG 17828 --- [nio-8089-exec-9] o.s.jdbc.core.JdbcTemplate               : Executing SQL query [EXEC dbo.spx_ObtenerSucursalesConexion]
2026-03-28 11:18:58.363 DEBUG 17828 --- [nio-8089-exec-4] o.s.jdbc.core.JdbcTemplate               : Executing SQL query [EXEC dbo.spx_ObtenerSucursalesConexion]
2026-03-28 11:18:58.363 DEBUG 17828 --- [nio-8089-exec-6] s.w.s.m.m.a.RequestMappingHandlerMapping : Mapped to com.example.TigoStarSystem.ot.controller.OtController#validarVentaYDetalleWb(String, String, Integer, Integer)
2026-03-28 11:18:58.365 DEBUG 17828 --- [io-8089-exec-10] o.s.jdbc.core.JdbcTemplate               : Executing SQL query [EXEC dbo.spx_ObtenerSucursalesConexion]
2026-03-28 11:18:58.365 DEBUG 17828 --- [nio-8089-exec-3] s.w.s.m.m.a.RequestMappingHandlerMapping : Mapped to com.example.TigoStarSystem.ot.controller.OtController#validarVentaYDetalleWb(String, String, Integer, Integer)
2026-03-28 11:18:58.366 DEBUG 17828 --- [nio-8089-exec-9] o.s.jdbc.datasource.DataSourceUtils      : Fetching JDBC Connection from DataSource
2026-03-28 11:18:58.369 DEBUG 17828 --- [nio-8089-exec-3] o.s.jdbc.core.JdbcTemplate               : Executing SQL query [EXEC dbo.spx_ObtenerSucursalesConexion]
2026-03-28 11:18:58.366 DEBUG 17828 --- [nio-8089-exec-4] o.s.jdbc.datasource.DataSourceUtils      : Fetching JDBC Connection from DataSource
2026-03-28 11:18:58.366 DEBUG 17828 --- [nio-8089-exec-8] o.s.jdbc.core.JdbcTemplate               : Executing SQL query [EXEC dbo.spx_ObtenerSucursalesConexion]
2026-03-28 11:18:58.368 DEBUG 17828 --- [nio-8089-exec-6] o.s.jdbc.core.JdbcTemplate               : Executing SQL query [EXEC dbo.spx_ObtenerSucursalesConexion]
2026-03-28 11:18:58.368 DEBUG 17828 --- [io-8089-exec-10] o.s.jdbc.datasource.DataSourceUtils      : Fetching JDBC Connection from DataSource
2026-03-28 11:18:58.370 DEBUG 17828 --- [nio-8089-exec-3] o.s.jdbc.datasource.DataSourceUtils      : Fetching JDBC Connection from DataSource
2026-03-28 11:18:58.371 DEBUG 17828 --- [nio-8089-exec-8] o.s.jdbc.datasource.DataSourceUtils      : Fetching JDBC Connection from DataSource
2026-03-28 11:18:58.372 DEBUG 17828 --- [nio-8089-exec-6] o.s.jdbc.datasource.DataSourceUtils      : Fetching JDBC Connection from DataSource
2026-03-28 11:18:58.375 DEBUG 17828 --- [nio-8089-exec-9] o.s.jdbc.core.JdbcTemplate               : Executing prepared SQL query
2026-03-28 11:18:58.376 DEBUG 17828 --- [nio-8089-exec-9] o.s.jdbc.core.JdbcTemplate               : Executing prepared SQL statement [EXEC dbo.spx_ValidarVentaYDetallewb ?, ?, ?]
2026-03-28 11:18:58.376 DEBUG 17828 --- [nio-8089-exec-4] o.s.jdbc.core.JdbcTemplate               : Executing prepared SQL query
2026-03-28 11:18:58.376 DEBUG 17828 --- [nio-8089-exec-9] o.s.jdbc.datasource.DataSourceUtils      : Fetching JDBC Connection from DataSource
2026-03-28 11:18:58.377 DEBUG 17828 --- [nio-8089-exec-4] o.s.jdbc.core.JdbcTemplate               : Executing prepared SQL statement [EXEC dbo.spx_ValidarVentaYDetallewb ?, ?, ?]
2026-03-28 11:18:58.378 DEBUG 17828 --- [nio-8089-exec-4] o.s.jdbc.datasource.DataSourceUtils      : Fetching JDBC Connection from DataSource
2026-03-28 11:18:58.379 DEBUG 17828 --- [nio-8089-exec-8] o.s.jdbc.core.JdbcTemplate               : Executing prepared SQL query
2026-03-28 11:18:58.379 DEBUG 17828 --- [nio-8089-exec-8] o.s.jdbc.core.JdbcTemplate               : Executing prepared SQL statement [EXEC dbo.spx_ValidarVentaYDetallewb ?, ?, ?]
2026-03-28 11:18:58.380 DEBUG 17828 --- [nio-8089-exec-3] o.s.jdbc.core.JdbcTemplate               : Executing prepared SQL query
2026-03-28 11:18:58.380 DEBUG 17828 --- [nio-8089-exec-8] o.s.jdbc.datasource.DataSourceUtils      : Fetching JDBC Connection from DataSource
2026-03-28 11:18:58.381 DEBUG 17828 --- [nio-8089-exec-3] o.s.jdbc.core.JdbcTemplate               : Executing prepared SQL statement [EXEC dbo.spx_ValidarVentaYDetallewb ?, ?, ?]
2026-03-28 11:18:58.382 DEBUG 17828 --- [nio-8089-exec-3] o.s.jdbc.datasource.DataSourceUtils      : Fetching JDBC Connection from DataSource
2026-03-28 11:18:58.395 DEBUG 17828 --- [nio-8089-exec-6] o.s.jdbc.core.JdbcTemplate               : Executing prepared SQL query
2026-03-28 11:18:58.396 DEBUG 17828 --- [nio-8089-exec-6] o.s.jdbc.core.JdbcTemplate               : Executing prepared SQL statement [EXEC dbo.spx_ValidarVentaYDetallewb ?, ?, ?]
2026-03-28 11:18:58.397 DEBUG 17828 --- [nio-8089-exec-6] o.s.jdbc.datasource.DataSourceUtils      : Fetching JDBC Connection from DataSource
2026-03-28 11:18:58.399 DEBUG 17828 --- [io-8089-exec-10] o.s.jdbc.core.JdbcTemplate               : Executing prepared SQL query
2026-03-28 11:18:58.399 DEBUG 17828 --- [io-8089-exec-10] o.s.jdbc.core.JdbcTemplate               : Executing prepared SQL statement [EXEC dbo.spx_ValidarVentaYDetallewb ?, ?, ?]
2026-03-28 11:18:58.400 DEBUG 17828 --- [io-8089-exec-10] o.s.jdbc.datasource.DataSourceUtils      : Fetching JDBC Connection from DataSource
2026-03-28 11:18:58.484 DEBUG 17828 --- [nio-8089-exec-8] o.s.w.s.m.m.a.HttpEntityMethodProcessor  : Using 'application/json', given [application/json, text/plain, */*] and supported [application/json, application/*+json, application/json, application/*+json]
2026-03-28 11:18:58.494 DEBUG 17828 --- [nio-8089-exec-9] o.s.w.s.m.m.a.HttpEntityMethodProcessor  : Using 'application/json', given [application/json, text/plain, */*] and supported [application/json, application/*+json, application/json, application/*+json]
2026-03-28 11:18:58.499 DEBUG 17828 --- [nio-8089-exec-8] o.s.w.s.m.m.a.HttpEntityMethodProcessor  : Writing [com.example.TigoStarSystem.common.ApiResponse@5d39c7f3]
2026-03-28 11:18:58.500 DEBUG 17828 --- [nio-8089-exec-9] o.s.w.s.m.m.a.HttpEntityMethodProcessor  : Writing [com.example.TigoStarSystem.common.ApiResponse@15257c97]
2026-03-28 11:18:58.501 DEBUG 17828 --- [nio-8089-exec-8] o.s.web.servlet.DispatcherServlet        : Completed 200 OK
2026-03-28 11:18:58.501 DEBUG 17828 --- [nio-8089-exec-9] o.s.web.servlet.DispatcherServlet        : Completed 200 OK
2026-03-28 11:18:58.503 DEBUG 17828 --- [nio-8089-exec-1] o.s.web.servlet.DispatcherServlet        : GET "/ot/spx_ValidarVentaYDetallewb?fecha=28%2F03%2F2026&nroOT=28763544&numeroCliente=682543", parameters={masked}
2026-03-28 11:18:58.504 DEBUG 17828 --- [nio-8089-exec-1] s.w.s.m.m.a.RequestMappingHandlerMapping : Mapped to com.example.TigoStarSystem.ot.controller.OtController#validarVentaYDetalleWb(String, String, Integer, Integer)
2026-03-28 11:18:58.505 DEBUG 17828 --- [nio-8089-exec-1] o.s.jdbc.core.JdbcTemplate               : Executing SQL query [EXEC dbo.spx_ObtenerSucursalesConexion]
2026-03-28 11:18:58.506 DEBUG 17828 --- [nio-8089-exec-1] o.s.jdbc.datasource.DataSourceUtils      : Fetching JDBC Connection from DataSource
2026-03-28 11:18:58.517 DEBUG 17828 --- [nio-8089-exec-1] o.s.jdbc.core.JdbcTemplate               : Executing prepared SQL query
2026-03-28 11:18:58.518 DEBUG 17828 --- [nio-8089-exec-6] o.s.w.s.m.m.a.HttpEntityMethodProcessor  : Using 'application/json', given [application/json, text/plain, */*] and supported [application/json, application/*+json, application/json, application/*+json]
2026-03-28 11:18:58.520 DEBUG 17828 --- [nio-8089-exec-4] o.s.w.s.m.m.a.HttpEntityMethodProcessor  : Using 'application/json', given [application/json, text/plain, */*] and supported [application/json, application/*+json, application/json, application/*+json]
2026-03-28 11:18:58.526 DEBUG 17828 --- [nio-8089-exec-3] o.s.w.s.m.m.a.HttpEntityMethodProcessor  : Using 'application/json', given [application/json, text/plain, */*] and supported [application/json, application/*+json, application/json, application/*+json]
2026-03-28 11:18:58.537 DEBUG 17828 --- [io-8089-exec-10] o.s.w.s.m.m.a.HttpEntityMethodProcessor  : Using 'application/json', given [application/json, text/plain, */*] and supported [application/json, application/*+json, application/json, application/*+json]
2026-03-28 11:18:58.555 DEBUG 17828 --- [nio-8089-exec-1] o.s.jdbc.core.JdbcTemplate               : Executing prepared SQL statement [EXEC dbo.spx_ValidarVentaYDetallewb ?, ?, ?]
2026-03-28 11:18:58.556 DEBUG 17828 --- [nio-8089-exec-6] o.s.w.s.m.m.a.HttpEntityMethodProcessor  : Writing [com.example.TigoStarSystem.common.ApiResponse@78ff7857]
2026-03-28 11:18:58.608 DEBUG 17828 --- [nio-8089-exec-4] o.s.w.s.m.m.a.HttpEntityMethodProcessor  : Writing [com.example.TigoStarSystem.common.ApiResponse@283482dd]
2026-03-28 11:18:58.608 DEBUG 17828 --- [nio-8089-exec-3] o.s.w.s.m.m.a.HttpEntityMethodProcessor  : Writing [com.example.TigoStarSystem.common.ApiResponse@2ae356ed]
2026-03-28 11:18:58.609 DEBUG 17828 --- [io-8089-exec-10] o.s.w.s.m.m.a.HttpEntityMethodProcessor  : Writing [com.example.TigoStarSystem.common.ApiResponse@2c228d65]
2026-03-28 11:18:58.610 DEBUG 17828 --- [nio-8089-exec-1] o.s.jdbc.datasource.DataSourceUtils      : Fetching JDBC Connection from DataSource
2026-03-28 11:18:58.611 DEBUG 17828 --- [nio-8089-exec-4] o.s.web.servlet.DispatcherServlet        : Completed 200 OK
2026-03-28 11:18:58.611 DEBUG 17828 --- [nio-8089-exec-6] o.s.web.servlet.DispatcherServlet        : Completed 200 OK
2026-03-28 11:18:58.612 DEBUG 17828 --- [nio-8089-exec-3] o.s.web.servlet.DispatcherServlet        : Completed 200 OK
2026-03-28 11:18:58.613 DEBUG 17828 --- [io-8089-exec-10] o.s.web.servlet.DispatcherServlet        : Completed 200 OK
2026-03-28 11:18:58.653 DEBUG 17828 --- [nio-8089-exec-1] o.s.w.s.m.m.a.HttpEntityMethodProcessor  : Using 'application/json', given [application/json, text/plain, */*] and supported [application/json, application/*+json, application/json, application/*+json]
2026-03-28 11:18:58.654 DEBUG 17828 --- [nio-8089-exec-1] o.s.w.s.m.m.a.HttpEntityMethodProcessor  : Writing [com.example.TigoStarSystem.common.ApiResponse@659a4456]
2026-03-28 11:18:58.655 DEBUG 17828 --- [nio-8089-exec-1] o.s.web.servlet.DispatcherServlet        : Completed 200 OK
2026-03-28 11:19:00.622 DEBUG 17828 --- [l-1 housekeeper] com.zaxxer.hikari.pool.HikariPool        : HikariPool-1 - Before cleanup stats (total=6, active=0, idle=6, waiting=0)
2026-03-28 11:19:00.623 DEBUG 17828 --- [l-1 housekeeper] com.zaxxer.hikari.pool.HikariPool        : HikariPool-1 - After cleanup  stats (total=6, active=0, idle=6, waiting=0)
2026-03-28 11:19:00.623 DEBUG 17828 --- [l-1 housekeeper] com.zaxxer.hikari.pool.HikariPool        : HikariPool-1 - Fill pool skipped, pool is at sufficient level.
2026-03-28 11:19:02.337 DEBUG 17828 --- [ruz housekeeper] com.zaxxer.hikari.pool.HikariPool        : ConnDb-Santa_Cruz - Before cleanup stats (total=1, active=0, idle=1, waiting=0)
2026-03-28 11:19:02.338 DEBUG 17828 --- [ruz housekeeper] com.zaxxer.hikari.pool.HikariPool        : ConnDb-Santa_Cruz - After cleanup  stats (total=1, active=0, idle=1, waiting=0)
2026-03-28 11:19:02.339 DEBUG 17828 --- [ruz housekeeper] com.zaxxer.hikari.pool.HikariPool        : ConnDb-Santa_Cruz - Fill pool skipped, pool is at sufficient level.
2026-03-28 11:19:11.184 DEBUG 17828 --- [ool housekeeper] com.zaxxer.hikari.pool.HikariPool        : CentralHikariPool - keepalive: connection ConnectionID:5 ClientConnectionId: 20716227-2f9b-433e-bdad-e2623f8a4ce6 is alive
2026-03-28 11:19:13.309 DEBUG 17828 --- [ool housekeeper] com.zaxxer.hikari.pool.HikariPool        : CentralHikariPool - Before cleanup stats (total=1, active=0, idle=1, waiting=0)
2026-03-28 11:19:13.310 DEBUG 17828 --- [ool housekeeper] com.zaxxer.hikari.pool.HikariPool        : CentralHikariPool - After cleanup  stats (total=1, active=0, idle=1, waiting=0)
2026-03-28 11:19:13.311 DEBUG 17828 --- [ool housekeeper] com.zaxxer.hikari.pool.HikariPool        : CentralHikariPool - Fill pool skipped, pool is at sufficient level.
2026-03-28 11:19:17.351 DEBUG 17828 --- [l-1 housekeeper] com.zaxxer.hikari.pool.HikariPool        : HikariPool-1 - keepalive: connection ConnectionID:3 ClientConnectionId: dddb7997-98bc-4ca1-97a2-1b9ba4af601b is alive
2026-03-28 11:19:20.953 DEBUG 17828 --- [ruz housekeeper] com.zaxxer.hikari.pool.HikariPool        : ConnDb-Santa_Cruz - Before cleanup stats (total=1, active=0, idle=1, waiting=0)
2026-03-28 11:19:20.954 DEBUG 17828 --- [ruz housekeeper] com.zaxxer.hikari.pool.HikariPool        : ConnDb-Santa_Cruz - After cleanup  stats (total=1, active=0, idle=1, waiting=0)
2026-03-28 11:19:20.954 DEBUG 17828 --- [ruz housekeeper] com.zaxxer.hikari.pool.HikariPool        : ConnDb-Santa_Cruz - Fill pool skipped, pool is at sufficient level.
2026-03-28 11:19:22.373 DEBUG 17828 --- [nio-8089-exec-3] o.s.web.servlet.DispatcherServlet        : GET "/catalogos/estados", parameters={}
2026-03-28 11:19:22.373 DEBUG 17828 --- [nio-8089-exec-6] o.s.web.servlet.DispatcherServlet        : GET "/catalogos/tipo-servicio", parameters={}
2026-03-28 11:19:22.373 DEBUG 17828 --- [nio-8089-exec-9] o.s.web.servlet.DispatcherServlet        : GET "/ot/spx_ObtenerCaberaVentaParaRegistroOTwb?clienteNro=2552233&ot=28759450&tor=A01&grupo=GRUPO+M24_KEVIN+GEOVANI&tecnicoNombre=KEVIN+GEOVANI+BARROSO+NAVA", parameters={masked}
2026-03-28 11:19:22.373 DEBUG 17828 --- [nio-8089-exec-4] o.s.web.servlet.DispatcherServlet        : GET "/catalogos/rutas?tecnicoId=98", parameters={masked}
2026-03-28 11:19:22.374 DEBUG 17828 --- [nio-8089-exec-3] s.w.s.m.m.a.RequestMappingHandlerMapping : Mapped to com.example.TigoStarSystem.catalogo.controller.CatalogoController#listarEstados()
2026-03-28 11:19:22.375 DEBUG 17828 --- [nio-8089-exec-6] s.w.s.m.m.a.RequestMappingHandlerMapping : Mapped to com.example.TigoStarSystem.catalogo.controller.CatalogoController#listarTipoServicio()
2026-03-28 11:19:22.375 DEBUG 17828 --- [nio-8089-exec-9] s.w.s.m.m.a.RequestMappingHandlerMapping : Mapped to com.example.TigoStarSystem.ot.controller.OtController#obtenerCabeceraVentaParaRegistroOtWb(String, Integer, Integer, String, String, String)
2026-03-28 11:19:22.376 DEBUG 17828 --- [nio-8089-exec-4] s.w.s.m.m.a.RequestMappingHandlerMapping : Mapped to com.example.TigoStarSystem.catalogo.controller.CatalogoController#listarRutas(Integer)
2026-03-28 11:19:22.382 DEBUG 17828 --- [nio-8089-exec-9] o.s.jdbc.core.JdbcTemplate               : Executing SQL query [EXEC dbo.spx_ObtenerSucursalesConexion]
2026-03-28 11:19:22.383 DEBUG 17828 --- [nio-8089-exec-9] o.s.jdbc.datasource.DataSourceUtils      : Fetching JDBC Connection from DataSource
2026-03-28 11:19:22.387 DEBUG 17828 --- [nio-8089-exec-3] o.s.jdbc.core.JdbcTemplate               : Executing SQL query [EXEC sp_ObtenerEstado]
2026-03-28 11:19:22.387 DEBUG 17828 --- [nio-8089-exec-6] o.s.jdbc.core.JdbcTemplate               : Executing SQL query [EXEC spx_ObtenerTipoServicio]
2026-03-28 11:19:22.387 DEBUG 17828 --- [nio-8089-exec-4] o.s.jdbc.core.JdbcTemplate               : Executing prepared SQL query
2026-03-28 11:19:22.388 DEBUG 17828 --- [nio-8089-exec-3] o.s.jdbc.datasource.DataSourceUtils      : Fetching JDBC Connection from DataSource
2026-03-28 11:19:22.388 DEBUG 17828 --- [nio-8089-exec-6] o.s.jdbc.datasource.DataSourceUtils      : Fetching JDBC Connection from DataSource
2026-03-28 11:19:22.389 DEBUG 17828 --- [nio-8089-exec-4] o.s.jdbc.core.JdbcTemplate               : Executing prepared SQL statement [EXEC spx_ObtenerRutaXIdTecnico ?]
2026-03-28 11:19:22.393 DEBUG 17828 --- [nio-8089-exec-4] o.s.jdbc.datasource.DataSourceUtils      : Fetching JDBC Connection from DataSource
2026-03-28 11:19:22.396 DEBUG 17828 --- [nio-8089-exec-9] o.s.jdbc.core.JdbcTemplate               : Executing prepared SQL query
2026-03-28 11:19:22.397 DEBUG 17828 --- [nio-8089-exec-9] o.s.jdbc.core.JdbcTemplate               : Executing prepared SQL statement [EXEC dbo.spx_ObtenerCaberaVentaParaRegistroOTwb ?, ?, ?, ?, ?]
2026-03-28 11:19:22.397 DEBUG 17828 --- [nio-8089-exec-9] o.s.jdbc.datasource.DataSourceUtils      : Fetching JDBC Connection from DataSource
2026-03-28 11:19:22.403 DEBUG 17828 --- [nio-8089-exec-3] o.s.w.s.m.m.a.HttpEntityMethodProcessor  : Using 'application/json', given [application/json, text/plain, */*] and supported [application/json, application/*+json, application/json, application/*+json]
2026-03-28 11:19:22.404 DEBUG 17828 --- [nio-8089-exec-3] o.s.w.s.m.m.a.HttpEntityMethodProcessor  : Writing [com.example.TigoStarSystem.common.ApiResponse@6a6264df]
2026-03-28 11:19:22.404 DEBUG 17828 --- [nio-8089-exec-9] o.s.w.s.m.m.a.HttpEntityMethodProcessor  : Using 'application/json', given [application/json, text/plain, */*] and supported [application/json, application/*+json, application/json, application/*+json]
2026-03-28 11:19:22.405 DEBUG 17828 --- [nio-8089-exec-9] o.s.w.s.m.m.a.HttpEntityMethodProcessor  : Writing [com.example.TigoStarSystem.common.ApiResponse@3a836350]
2026-03-28 11:19:22.405 DEBUG 17828 --- [nio-8089-exec-3] o.s.web.servlet.DispatcherServlet        : Completed 200 OK
2026-03-28 11:19:22.408 DEBUG 17828 --- [nio-8089-exec-9] o.s.web.servlet.DispatcherServlet        : Completed 200 OK
2026-03-28 11:19:22.417 DEBUG 17828 --- [nio-8089-exec-4] o.s.w.s.m.m.a.HttpEntityMethodProcessor  : Using 'application/json', given [application/json, text/plain, */*] and supported [application/json, application/*+json, application/json, application/*+json]
2026-03-28 11:19:22.417 DEBUG 17828 --- [nio-8089-exec-4] o.s.w.s.m.m.a.HttpEntityMethodProcessor  : Writing [com.example.TigoStarSystem.common.ApiResponse@148ddc1d]
2026-03-28 11:19:22.418 DEBUG 17828 --- [nio-8089-exec-6] o.s.w.s.m.m.a.HttpEntityMethodProcessor  : Using 'application/json', given [application/json, text/plain, */*] and supported [application/json, application/*+json, application/json, application/*+json]
2026-03-28 11:19:22.419 DEBUG 17828 --- [nio-8089-exec-6] o.s.w.s.m.m.a.HttpEntityMethodProcessor  : Writing [com.example.TigoStarSystem.common.ApiResponse@d42a519]
2026-03-28 11:19:22.419 DEBUG 17828 --- [nio-8089-exec-4] o.s.web.servlet.DispatcherServlet        : Completed 200 OK
2026-03-28 11:19:22.425 DEBUG 17828 --- [nio-8089-exec-6] o.s.web.servlet.DispatcherServlet        : Completed 200 OK
2026-03-28 11:19:30.637 DEBUG 17828 --- [l-1 housekeeper] com.zaxxer.hikari.pool.HikariPool        : HikariPool-1 - Before cleanup stats (total=6, active=0, idle=6, waiting=0)
2026-03-28 11:19:30.638 DEBUG 17828 --- [l-1 housekeeper] com.zaxxer.hikari.pool.HikariPool        : HikariPool-1 - After cleanup  stats (total=6, active=0, idle=6, waiting=0)
2026-03-28 11:19:30.639 DEBUG 17828 --- [l-1 housekeeper] com.zaxxer.hikari.pool.HikariPool        : HikariPool-1 - Fill pool skipped, pool is at sufficient level.
2026-03-28 11:19:32.347 DEBUG 17828 --- [ruz housekeeper] com.zaxxer.hikari.pool.HikariPool        : ConnDb-Santa_Cruz - Before cleanup stats (total=1, active=0, idle=1, waiting=0)
2026-03-28 11:19:32.348 DEBUG 17828 --- [ruz housekeeper] com.zaxxer.hikari.pool.HikariPool        : ConnDb-Santa_Cruz - After cleanup  stats (total=1, active=0, idle=1, waiting=0)
2026-03-28 11:19:32.348 DEBUG 17828 --- [ruz housekeeper] com.zaxxer.hikari.pool.HikariPool        : ConnDb-Santa_Cruz - Fill pool skipped, pool is at sufficient level.
2026-03-28 11:19:43.313 DEBUG 17828 --- [ool housekeeper] com.zaxxer.hikari.pool.HikariPool        : CentralHikariPool - Before cleanup stats (total=1, active=0, idle=1, waiting=0)
2026-03-28 11:19:43.314 DEBUG 17828 --- [ool housekeeper] com.zaxxer.hikari.pool.HikariPool        : CentralHikariPool - After cleanup  stats (total=1, active=0, idle=1, waiting=0)
2026-03-28 11:19:43.315 DEBUG 17828 --- [ool housekeeper] com.zaxxer.hikari.pool.HikariPool        : CentralHikariPool - Fill pool skipped, pool is at sufficient level.
2026-03-28 11:19:50.960 DEBUG 17828 --- [ruz housekeeper] com.zaxxer.hikari.pool.HikariPool        : ConnDb-Santa_Cruz - Before cleanup stats (total=1, active=0, idle=1, waiting=0)
2026-03-28 11:19:50.961 DEBUG 17828 --- [ruz housekeeper] com.zaxxer.hikari.pool.HikariPool        : ConnDb-Santa_Cruz - After cleanup  stats (total=1, active=0, idle=1, waiting=0)
2026-03-28 11:19:50.962 DEBUG 17828 --- [ruz housekeeper] com.zaxxer.hikari.pool.HikariPool        : ConnDb-Santa_Cruz - Fill pool skipped, pool is at sufficient level.
2026-03-28 11:20:00.642 DEBUG 17828 --- [l-1 housekeeper] com.zaxxer.hikari.pool.HikariPool        : HikariPool-1 - Before cleanup stats (total=6, active=0, idle=6, waiting=0)
2026-03-28 11:20:00.643 DEBUG 17828 --- [l-1 housekeeper] com.zaxxer.hikari.pool.HikariPool        : HikariPool-1 - After cleanup  stats (total=6, active=0, idle=6, waiting=0)
2026-03-28 11:20:00.643 DEBUG 17828 --- [l-1 housekeeper] com.zaxxer.hikari.pool.HikariPool        : HikariPool-1 - Fill pool skipped, pool is at sufficient level.
2026-03-28 11:20:02.363 DEBUG 17828 --- [ruz housekeeper] com.zaxxer.hikari.pool.HikariPool        : ConnDb-Santa_Cruz - Before cleanup stats (total=1, active=0, idle=1, waiting=0)
2026-03-28 11:20:02.364 DEBUG 17828 --- [ruz housekeeper] com.zaxxer.hikari.pool.HikariPool        : ConnDb-Santa_Cruz - After cleanup  stats (total=1, active=0, idle=1, waiting=0)
2026-03-28 11:20:02.365 DEBUG 17828 --- [ruz housekeeper] com.zaxxer.hikari.pool.HikariPool        : ConnDb-Santa_Cruz - Fill pool skipped, pool is at sufficient level.
2026-03-28 11:20:13.328 DEBUG 17828 --- [ool housekeeper] com.zaxxer.hikari.pool.HikariPool        : CentralHikariPool - Before cleanup stats (total=1, active=0, idle=1, waiting=0)
2026-03-28 11:20:13.329 DEBUG 17828 --- [ool housekeeper] com.zaxxer.hikari.pool.HikariPool        : CentralHikariPool - After cleanup  stats (total=1, active=0, idle=1, waiting=0)
2026-03-28 11:20:13.330 DEBUG 17828 --- [ool housekeeper] com.zaxxer.hikari.pool.HikariPool        : CentralHikariPool - Fill pool skipped, pool is at sufficient level.
2026-03-28 11:20:20.976 DEBUG 17828 --- [ruz housekeeper] com.zaxxer.hikari.pool.HikariPool        : ConnDb-Santa_Cruz - Before cleanup stats (total=1, active=0, idle=1, waiting=0)
2026-03-28 11:20:20.977 DEBUG 17828 --- [ruz housekeeper] com.zaxxer.hikari.pool.HikariPool        : ConnDb-Santa_Cruz - After cleanup  stats (total=1, active=0, idle=1, waiting=0)
2026-03-28 11:20:20.978 DEBUG 17828 --- [ruz housekeeper] com.zaxxer.hikari.pool.HikariPool        : ConnDb-Santa_Cruz - Fill pool skipped, pool is at sufficient level.
2026-03-28 11:20:30.013 DEBUG 17828 --- [l-1 housekeeper] com.zaxxer.hikari.pool.HikariPool        : HikariPool-1 - keepalive: connection ConnectionID:1 ClientConnectionId: 2b444233-0b40-48cb-88fb-d447dfc8d4cc is alive
2026-03-28 11:20:30.654 DEBUG 17828 --- [l-1 housekeeper] com.zaxxer.hikari.pool.HikariPool        : HikariPool-1 - Before cleanup stats (total=6, active=0, idle=6, waiting=0)
2026-03-28 11:20:30.655 DEBUG 17828 --- [l-1 housekeeper] com.zaxxer.hikari.pool.HikariPool        : HikariPool-1 - After cleanup  stats (total=6, active=0, idle=6, waiting=0)
2026-03-28 11:20:30.655 DEBUG 17828 --- [l-1 housekeeper] com.zaxxer.hikari.pool.HikariPool        : HikariPool-1 - Fill pool skipped, pool is at sufficient level.
2026-03-28 11:20:31.668 DEBUG 17828 --- [l-1 housekeeper] com.zaxxer.hikari.pool.HikariPool        : HikariPool-1 - keepalive: connection ConnectionID:7 ClientConnectionId: 17d315e5-e767-45bb-a56a-9299d4dd8fa4 is alive
2026-03-28 11:20:32.366 DEBUG 17828 --- [ruz housekeeper] com.zaxxer.hikari.pool.HikariPool        : ConnDb-Santa_Cruz - Before cleanup stats (total=1, active=0, idle=1, waiting=0)
2026-03-28 11:20:32.366 DEBUG 17828 --- [ruz housekeeper] com.zaxxer.hikari.pool.HikariPool        : ConnDb-Santa_Cruz - After cleanup  stats (total=1, active=0, idle=1, waiting=0)
2026-03-28 11:20:32.367 DEBUG 17828 --- [ruz housekeeper] com.zaxxer.hikari.pool.HikariPool        : ConnDb-Santa_Cruz - Fill pool skipped, pool is at sufficient level.
2026-03-28 11:20:33.006 DEBUG 17828 --- [l-1 housekeeper] com.zaxxer.hikari.pool.HikariPool        : HikariPool-1 - keepalive: connection ConnectionID:8 ClientConnectionId: 79e4b3d9-ce7d-46cd-a620-bd5d89a32233 is alive
2026-03-28 11:20:33.069 DEBUG 17828 --- [l-1 housekeeper] com.zaxxer.hikari.pool.HikariPool        : HikariPool-1 - keepalive: connection ConnectionID:6 ClientConnectionId: b1ce3a37-d549-4d0b-8626-564442cb7749 is alive
2026-03-28 11:20:34.630 DEBUG 17828 --- [l-1 housekeeper] com.zaxxer.hikari.pool.HikariPool        : HikariPool-1 - keepalive: connection ConnectionID:9 ClientConnectionId: 4881853f-b11d-4ee3-9a10-f3a5da22aedc is alive
2026-03-28 11:20:43.340 DEBUG 17828 --- [ool housekeeper] com.zaxxer.hikari.pool.HikariPool        : CentralHikariPool - Before cleanup stats (total=1, active=0, idle=1, waiting=0)
2026-03-28 11:20:43.341 DEBUG 17828 --- [ool housekeeper] com.zaxxer.hikari.pool.HikariPool        : CentralHikariPool - After cleanup  stats (total=1, active=0, idle=1, waiting=0)
2026-03-28 11:20:43.342 DEBUG 17828 --- [ool housekeeper] com.zaxxer.hikari.pool.HikariPool        : CentralHikariPool - Fill pool skipped, pool is at sufficient level.
2026-03-28 11:20:50.983 DEBUG 17828 --- [ruz housekeeper] com.zaxxer.hikari.pool.HikariPool        : ConnDb-Santa_Cruz - Before cleanup stats (total=1, active=0, idle=1, waiting=0)
2026-03-28 11:20:50.984 DEBUG 17828 --- [ruz housekeeper] com.zaxxer.hikari.pool.HikariPool        : ConnDb-Santa_Cruz - After cleanup  stats (total=1, active=0, idle=1, waiting=0)
2026-03-28 11:20:50.984 DEBUG 17828 --- [ruz housekeeper] com.zaxxer.hikari.pool.HikariPool        : ConnDb-Santa_Cruz - Fill pool skipped, pool is at sufficient level.
2026-03-28 11:21:00.660 DEBUG 17828 --- [l-1 housekeeper] com.zaxxer.hikari.pool.HikariPool        : HikariPool-1 - Before cleanup stats (total=6, active=0, idle=6, waiting=0)
2026-03-28 11:21:00.661 DEBUG 17828 --- [l-1 housekeeper] com.zaxxer.hikari.pool.HikariPool        : HikariPool-1 - After cleanup  stats (total=6, active=0, idle=6, waiting=0)
2026-03-28 11:21:00.663 DEBUG 17828 --- [l-1 housekeeper] com.zaxxer.hikari.pool.HikariPool        : HikariPool-1 - Fill pool skipped, pool is at sufficient level.
2026-03-28 11:21:01.407 DEBUG 17828 --- [ool housekeeper] com.zaxxer.hikari.pool.HikariPool        : CentralHikariPool - keepalive: connection ConnectionID:5 ClientConnectionId: 20716227-2f9b-433e-bdad-e2623f8a4ce6 is alive
2026-03-28 11:21:02.374 DEBUG 17828 --- [ruz housekeeper] com.zaxxer.hikari.pool.HikariPool        : ConnDb-Santa_Cruz - Before cleanup stats (total=1, active=0, idle=1, waiting=0)
2026-03-28 11:21:02.375 DEBUG 17828 --- [ruz housekeeper] com.zaxxer.hikari.pool.HikariPool        : ConnDb-Santa_Cruz - After cleanup  stats (total=1, active=0, idle=1, waiting=0)
2026-03-28 11:21:02.375 DEBUG 17828 --- [ruz housekeeper] com.zaxxer.hikari.pool.HikariPool        : ConnDb-Santa_Cruz - Fill pool skipped, pool is at sufficient level.
2026-03-28 11:21:06.499 DEBUG 17828 --- [nio-8089-exec-3] o.s.web.servlet.DispatcherServlet        : GET "/catalogos/rutas?tecnicoId=98", parameters={masked}
2026-03-28 11:21:06.500 DEBUG 17828 --- [nio-8089-exec-4] o.s.web.servlet.DispatcherServlet        : GET "/catalogos/tipo-servicio", parameters={}
2026-03-28 11:21:06.500 DEBUG 17828 --- [nio-8089-exec-9] o.s.web.servlet.DispatcherServlet        : GET "/ot/spx_ObtenerCaberaVentaParaRegistroOTwb?clienteNro=2552233&ot=28759450&tor=A01&grupo=GRUPO+M24_KEVIN+GEOVANI&tecnicoNombre=KEVIN+GEOVANI+BARROSO+NAVA", parameters={masked}
2026-03-28 11:21:06.501 DEBUG 17828 --- [nio-8089-exec-6] o.s.web.servlet.DispatcherServlet        : GET "/catalogos/estados", parameters={}
2026-03-28 11:21:06.502 DEBUG 17828 --- [nio-8089-exec-3] s.w.s.m.m.a.RequestMappingHandlerMapping : Mapped to com.example.TigoStarSystem.catalogo.controller.CatalogoController#listarRutas(Integer)
2026-03-28 11:21:06.506 DEBUG 17828 --- [nio-8089-exec-4] s.w.s.m.m.a.RequestMappingHandlerMapping : Mapped to com.example.TigoStarSystem.catalogo.controller.CatalogoController#listarTipoServicio()
2026-03-28 11:21:06.509 DEBUG 17828 --- [nio-8089-exec-9] s.w.s.m.m.a.RequestMappingHandlerMapping : Mapped to com.example.TigoStarSystem.ot.controller.OtController#obtenerCabeceraVentaParaRegistroOtWb(String, Integer, Integer, String, String, String)
2026-03-28 11:21:06.511 DEBUG 17828 --- [nio-8089-exec-6] s.w.s.m.m.a.RequestMappingHandlerMapping : Mapped to com.example.TigoStarSystem.catalogo.controller.CatalogoController#listarEstados()
2026-03-28 11:21:06.516 DEBUG 17828 --- [nio-8089-exec-3] o.s.jdbc.core.JdbcTemplate               : Executing prepared SQL query
2026-03-28 11:21:06.996 DEBUG 17828 --- [nio-8089-exec-4] o.s.jdbc.core.JdbcTemplate               : Executing SQL query [EXEC spx_ObtenerTipoServicio]
2026-03-28 11:21:07.050 DEBUG 17828 --- [nio-8089-exec-9] o.s.jdbc.core.JdbcTemplate               : Executing SQL query [EXEC dbo.spx_ObtenerSucursalesConexion]
2026-03-28 11:21:07.051 DEBUG 17828 --- [nio-8089-exec-6] o.s.jdbc.core.JdbcTemplate               : Executing SQL query [EXEC sp_ObtenerEstado]
2026-03-28 11:21:07.187 DEBUG 17828 --- [nio-8089-exec-6] o.s.jdbc.datasource.DataSourceUtils      : Fetching JDBC Connection from DataSource
2026-03-28 11:21:07.112 DEBUG 17828 --- [nio-8089-exec-3] o.s.jdbc.core.JdbcTemplate               : Executing prepared SQL statement [EXEC spx_ObtenerRutaXIdTecnico ?]
2026-03-28 11:21:07.189 DEBUG 17828 --- [nio-8089-exec-3] o.s.jdbc.datasource.DataSourceUtils      : Fetching JDBC Connection from DataSource
2026-03-28 11:21:07.114 DEBUG 17828 --- [nio-8089-exec-4] o.s.jdbc.datasource.DataSourceUtils      : Fetching JDBC Connection from DataSource
2026-03-28 11:21:07.187 DEBUG 17828 --- [nio-8089-exec-9] o.s.jdbc.datasource.DataSourceUtils      : Fetching JDBC Connection from DataSource
2026-03-28 11:21:07.197 DEBUG 17828 --- [nio-8089-exec-6] o.s.w.s.m.m.a.HttpEntityMethodProcessor  : Using 'application/json', given [application/json, text/plain, */*] and supported [application/json, application/*+json, application/json, application/*+json]
2026-03-28 11:21:07.198 DEBUG 17828 --- [nio-8089-exec-6] o.s.w.s.m.m.a.HttpEntityMethodProcessor  : Writing [com.example.TigoStarSystem.common.ApiResponse@3b47ec0]
2026-03-28 11:21:07.199 DEBUG 17828 --- [nio-8089-exec-9] o.s.jdbc.core.JdbcTemplate               : Executing prepared SQL query
2026-03-28 11:21:07.199 DEBUG 17828 --- [nio-8089-exec-6] o.s.web.servlet.DispatcherServlet        : Completed 200 OK
2026-03-28 11:21:07.199 DEBUG 17828 --- [nio-8089-exec-9] o.s.jdbc.core.JdbcTemplate               : Executing prepared SQL statement [EXEC dbo.spx_ObtenerCaberaVentaParaRegistroOTwb ?, ?, ?, ?, ?]
2026-03-28 11:21:07.199 DEBUG 17828 --- [nio-8089-exec-3] o.s.w.s.m.m.a.HttpEntityMethodProcessor  : Using 'application/json', given [application/json, text/plain, */*] and supported [application/json, application/*+json, application/json, application/*+json]
2026-03-28 11:21:07.199 DEBUG 17828 --- [nio-8089-exec-9] o.s.jdbc.datasource.DataSourceUtils      : Fetching JDBC Connection from DataSource
2026-03-28 11:21:07.200 DEBUG 17828 --- [nio-8089-exec-3] o.s.w.s.m.m.a.HttpEntityMethodProcessor  : Writing [com.example.TigoStarSystem.common.ApiResponse@609eb936]
2026-03-28 11:21:07.202 DEBUG 17828 --- [nio-8089-exec-3] o.s.web.servlet.DispatcherServlet        : Completed 200 OK
2026-03-28 11:21:07.202 DEBUG 17828 --- [nio-8089-exec-4] o.s.w.s.m.m.a.HttpEntityMethodProcessor  : Using 'application/json', given [application/json, text/plain, */*] and supported [application/json, application/*+json, application/json, application/*+json]
2026-03-28 11:21:07.204 DEBUG 17828 --- [nio-8089-exec-9] o.s.w.s.m.m.a.HttpEntityMethodProcessor  : Using 'application/json', given [application/json, text/plain, */*] and supported [application/json, application/*+json, application/json, application/*+json]
2026-03-28 11:21:07.204 DEBUG 17828 --- [nio-8089-exec-4] o.s.w.s.m.m.a.HttpEntityMethodProcessor  : Writing [com.example.TigoStarSystem.common.ApiResponse@1de174e9]
2026-03-28 11:21:07.205 DEBUG 17828 --- [nio-8089-exec-9] o.s.w.s.m.m.a.HttpEntityMethodProcessor  : Writing [com.example.TigoStarSystem.common.ApiResponse@dfd191a]
2026-03-28 11:21:07.206 DEBUG 17828 --- [nio-8089-exec-4] o.s.web.servlet.DispatcherServlet        : Completed 200 OK
2026-03-28 11:21:07.206 DEBUG 17828 --- [nio-8089-exec-9] o.s.web.servlet.DispatcherServlet        : Completed 200 OK
2026-03-28 11:21:13.358 DEBUG 17828 --- [ool housekeeper] com.zaxxer.hikari.pool.HikariPool        : CentralHikariPool - Before cleanup stats (total=1, active=0, idle=1, waiting=0)
2026-03-28 11:21:13.359 DEBUG 17828 --- [ool housekeeper] com.zaxxer.hikari.pool.HikariPool        : CentralHikariPool - After cleanup  stats (total=1, active=0, idle=1, waiting=0)
2026-03-28 11:21:13.359 DEBUG 17828 --- [ool housekeeper] com.zaxxer.hikari.pool.HikariPool        : CentralHikariPool - Fill pool skipped, pool is at sufficient level.
2026-03-28 11:21:13.928 DEBUG 17828 --- [l-1 housekeeper] com.zaxxer.hikari.pool.HikariPool        : HikariPool-1 - keepalive: connection ConnectionID:3 ClientConnectionId: dddb7997-98bc-4ca1-97a2-1b9ba4af601b is alive
2026-03-28 11:21:20.997 DEBUG 17828 --- [ruz housekeeper] com.zaxxer.hikari.pool.HikariPool        : ConnDb-Santa_Cruz - Before cleanup stats (total=1, active=0, idle=1, waiting=0)
2026-03-28 11:21:21.006 DEBUG 17828 --- [ruz housekeeper] com.zaxxer.hikari.pool.HikariPool        : ConnDb-Santa_Cruz - After cleanup  stats (total=1, active=0, idle=1, waiting=0)
2026-03-28 11:21:21.007 DEBUG 17828 --- [ruz housekeeper] com.zaxxer.hikari.pool.HikariPool        : ConnDb-Santa_Cruz - Fill pool skipped, pool is at sufficient level.
2026-03-28 11:21:30.672 DEBUG 17828 --- [l-1 housekeeper] com.zaxxer.hikari.pool.HikariPool        : HikariPool-1 - Before cleanup stats (total=6, active=0, idle=6, waiting=0)
2026-03-28 11:21:30.673 DEBUG 17828 --- [l-1 housekeeper] com.zaxxer.hikari.pool.HikariPool        : HikariPool-1 - After cleanup  stats (total=6, active=0, idle=6, waiting=0)
2026-03-28 11:21:30.673 DEBUG 17828 --- [l-1 housekeeper] com.zaxxer.hikari.pool.HikariPool        : HikariPool-1 - Fill pool skipped, pool is at sufficient level.
2026-03-28 11:21:32.384 DEBUG 17828 --- [ruz housekeeper] com.zaxxer.hikari.pool.HikariPool        : ConnDb-Santa_Cruz - Before cleanup stats (total=1, active=0, idle=1, waiting=0)
2026-03-28 11:21:32.385 DEBUG 17828 --- [ruz housekeeper] com.zaxxer.hikari.pool.HikariPool        : ConnDb-Santa_Cruz - After cleanup  stats (total=1, active=0, idle=1, waiting=0)
2026-03-28 11:21:32.386 DEBUG 17828 --- [ruz housekeeper] com.zaxxer.hikari.pool.HikariPool        : ConnDb-Santa_Cruz - Fill pool skipped, pool is at sufficient level.
2026-03-28 11:21:33.240 DEBUG 17828 --- [nio-8089-exec-2] o.s.web.servlet.DispatcherServlet        : POST "/ot/spx_RegistrarVentaParaRegistroOTwb", parameters={}
2026-03-28 11:21:33.250 DEBUG 17828 --- [nio-8089-exec-2] s.w.s.m.m.a.RequestMappingHandlerMapping : Mapped to com.example.TigoStarSystem.ot.controller.OtController#registrarVentaParaRegistroOtWb(String, OtRegistrarVentaRequest)
2026-03-28 11:21:33.273 DEBUG 17828 --- [nio-8089-exec-2] m.m.a.RequestResponseBodyMethodProcessor : Read "application/json;charset=UTF-8" to [com.example.TigoStarSystem.ot.dto.OtRegistrarVentaRequest@75017965]
2026-03-28 11:21:33.281 DEBUG 17828 --- [nio-8089-exec-2] o.s.jdbc.core.JdbcTemplate               : Executing SQL query [EXEC dbo.spx_ObtenerSucursalesConexion]
2026-03-28 11:21:33.282 DEBUG 17828 --- [nio-8089-exec-2] o.s.jdbc.datasource.DataSourceUtils      : Fetching JDBC Connection from DataSource
2026-03-28 11:21:33.335 DEBUG 17828 --- [nio-8089-exec-2] o.s.jdbc.core.JdbcTemplate               : Executing prepared SQL query
2026-03-28 11:21:33.336 DEBUG 17828 --- [nio-8089-exec-2] o.s.jdbc.core.JdbcTemplate               : Executing prepared SQL statement [EXEC dbo.spx_RegistrarVentaParaRegistroOTwb ?, ?, ?, ?, ?, ?, ?, ?, ?, ?, ?, ?, ?, ?, ?, ?, ?]
2026-03-28 11:21:33.337 DEBUG 17828 --- [nio-8089-exec-2] o.s.jdbc.datasource.DataSourceUtils      : Fetching JDBC Connection from DataSource
2026-03-28 11:21:33.495 DEBUG 17828 --- [nio-8089-exec-2] o.s.w.s.m.m.a.HttpEntityMethodProcessor  : Using 'application/json', given [application/json, text/plain, */*] and supported [application/json, application/*+json, application/json, application/*+json]
2026-03-28 11:21:33.529 DEBUG 17828 --- [nio-8089-exec-2] o.s.w.s.m.m.a.HttpEntityMethodProcessor  : Writing [com.example.TigoStarSystem.common.ApiResponse@245faee0]
2026-03-28 11:21:33.546 DEBUG 17828 --- [nio-8089-exec-2] o.s.web.servlet.DispatcherServlet        : Completed 200 OK
2026-03-28 11:21:43.362 DEBUG 17828 --- [ool housekeeper] com.zaxxer.hikari.pool.HikariPool        : CentralHikariPool - Before cleanup stats (total=1, active=0, idle=1, waiting=0)
2026-03-28 11:21:43.363 DEBUG 17828 --- [ool housekeeper] com.zaxxer.hikari.pool.HikariPool        : CentralHikariPool - After cleanup  stats (total=1, active=0, idle=1, waiting=0)
2026-03-28 11:21:43.363 DEBUG 17828 --- [ool housekeeper] com.zaxxer.hikari.pool.HikariPool        : CentralHikariPool - Fill pool skipped, pool is at sufficient level.
2026-03-28 11:21:51.019 DEBUG 17828 --- [ruz housekeeper] com.zaxxer.hikari.pool.HikariPool        : ConnDb-Santa_Cruz - Before cleanup stats (total=1, active=0, idle=1, waiting=0)
2026-03-28 11:21:51.020 DEBUG 17828 --- [ruz housekeeper] com.zaxxer.hikari.pool.HikariPool        : ConnDb-Santa_Cruz - After cleanup  stats (total=1, active=0, idle=1, waiting=0)
2026-03-28 11:21:51.020 DEBUG 17828 --- [ruz housekeeper] com.zaxxer.hikari.pool.HikariPool        : ConnDb-Santa_Cruz - Fill pool skipped, pool is at sufficient level.
2026-03-28 11:22:00.688 DEBUG 17828 --- [l-1 housekeeper] com.zaxxer.hikari.pool.HikariPool        : HikariPool-1 - Before cleanup stats (total=6, active=0, idle=6, waiting=0)
2026-03-28 11:22:00.689 DEBUG 17828 --- [l-1 housekeeper] com.zaxxer.hikari.pool.HikariPool        : HikariPool-1 - After cleanup  stats (total=6, active=0, idle=6, waiting=0)
2026-03-28 11:22:00.689 DEBUG 17828 --- [l-1 housekeeper] com.zaxxer.hikari.pool.HikariPool        : HikariPool-1 - Fill pool skipped, pool is at sufficient level.
2026-03-28 11:22:02.397 DEBUG 17828 --- [ruz housekeeper] com.zaxxer.hikari.pool.HikariPool        : ConnDb-Santa_Cruz - Before cleanup stats (total=1, active=0, idle=1, waiting=0)
2026-03-28 11:22:02.397 DEBUG 17828 --- [ruz housekeeper] com.zaxxer.hikari.pool.HikariPool        : ConnDb-Santa_Cruz - After cleanup  stats (total=1, active=0, idle=1, waiting=0)
2026-03-28 11:22:02.398 DEBUG 17828 --- [ruz housekeeper] com.zaxxer.hikari.pool.HikariPool        : ConnDb-Santa_Cruz - Fill pool skipped, pool is at sufficient level.
2026-03-28 11:22:13.377 DEBUG 17828 --- [ool housekeeper] com.zaxxer.hikari.pool.HikariPool        : CentralHikariPool - Before cleanup stats (total=1, active=0, idle=1, waiting=0)
2026-03-28 11:22:13.378 DEBUG 17828 --- [ool housekeeper] com.zaxxer.hikari.pool.HikariPool        : CentralHikariPool - After cleanup  stats (total=1, active=0, idle=1, waiting=0)
2026-03-28 11:22:13.378 DEBUG 17828 --- [ool housekeeper] com.zaxxer.hikari.pool.HikariPool        : CentralHikariPool - Fill pool skipped, pool is at sufficient level.
2026-03-28 11:22:21.025 DEBUG 17828 --- [ruz housekeeper] com.zaxxer.hikari.pool.HikariPool        : ConnDb-Santa_Cruz - Before cleanup stats (total=1, active=0, idle=1, waiting=0)
2026-03-28 11:22:21.026 DEBUG 17828 --- [ruz housekeeper] com.zaxxer.hikari.pool.HikariPool        : ConnDb-Santa_Cruz - After cleanup  stats (total=1, active=0, idle=1, waiting=0)
2026-03-28 11:22:21.027 DEBUG 17828 --- [ruz housekeeper] com.zaxxer.hikari.pool.HikariPool        : ConnDb-Santa_Cruz - Fill pool skipped, pool is at sufficient level.
2026-03-28 11:22:28.462 DEBUG 17828 --- [l-1 housekeeper] com.zaxxer.hikari.pool.HikariPool        : HikariPool-1 - keepalive: connection ConnectionID:7 ClientConnectionId: 17d315e5-e767-45bb-a56a-9299d4dd8fa4 is alive
2026-03-28 11:22:29.966 DEBUG 17828 --- [l-1 housekeeper] com.zaxxer.hikari.pool.HikariPool        : HikariPool-1 - keepalive: connection ConnectionID:1 ClientConnectionId: 2b444233-0b40-48cb-88fb-d447dfc8d4cc is alive
2026-03-28 11:22:30.697 DEBUG 17828 --- [l-1 housekeeper] com.zaxxer.hikari.pool.HikariPool        : HikariPool-1 - Before cleanup stats (total=6, active=0, idle=6, waiting=0)
2026-03-28 11:22:30.698 DEBUG 17828 --- [l-1 housekeeper] com.zaxxer.hikari.pool.HikariPool        : HikariPool-1 - After cleanup  stats (total=6, active=0, idle=6, waiting=0)
2026-03-28 11:22:30.699 DEBUG 17828 --- [l-1 housekeeper] com.zaxxer.hikari.pool.HikariPool        : HikariPool-1 - Fill pool skipped, pool is at sufficient level.
2026-03-28 11:22:31.097 DEBUG 17828 --- [l-1 housekeeper] com.zaxxer.hikari.pool.HikariPool        : HikariPool-1 - keepalive: connection ConnectionID:8 ClientConnectionId: 79e4b3d9-ce7d-46cd-a620-bd5d89a32233 is alive
2026-03-28 11:22:31.280 DEBUG 17828 --- [l-1 housekeeper] com.zaxxer.hikari.pool.HikariPool        : HikariPool-1 - keepalive: connection ConnectionID:6 ClientConnectionId: b1ce3a37-d549-4d0b-8626-564442cb7749 is alive
2026-03-28 11:22:32.409 DEBUG 17828 --- [ruz housekeeper] com.zaxxer.hikari.pool.HikariPool        : ConnDb-Santa_Cruz - Before cleanup stats (total=1, active=0, idle=1, waiting=0)
2026-03-28 11:22:32.409 DEBUG 17828 --- [ruz housekeeper] com.zaxxer.hikari.pool.HikariPool        : ConnDb-Santa_Cruz - After cleanup  stats (total=1, active=0, idle=1, waiting=0)
2026-03-28 11:22:32.410 DEBUG 17828 --- [ruz housekeeper] com.zaxxer.hikari.pool.HikariPool        : ConnDb-Santa_Cruz - Fill pool skipped, pool is at sufficient level.
2026-03-28 11:22:34.310 DEBUG 17828 --- [l-1 housekeeper] com.zaxxer.hikari.pool.HikariPool        : HikariPool-1 - keepalive: connection ConnectionID:9 ClientConnectionId: 4881853f-b11d-4ee3-9a10-f3a5da22aedc is alive
2026-03-28 11:22:43.382 DEBUG 17828 --- [ool housekeeper] com.zaxxer.hikari.pool.HikariPool        : CentralHikariPool - Before cleanup stats (total=1, active=0, idle=1, waiting=0)
2026-03-28 11:22:43.382 DEBUG 17828 --- [ool housekeeper] com.zaxxer.hikari.pool.HikariPool        : CentralHikariPool - After cleanup  stats (total=1, active=0, idle=1, waiting=0)
2026-03-28 11:22:43.383 DEBUG 17828 --- [ool housekeeper] com.zaxxer.hikari.pool.HikariPool        : CentralHikariPool - Fill pool skipped, pool is at sufficient level.
2026-03-28 11:22:51.036 DEBUG 17828 --- [ruz housekeeper] com.zaxxer.hikari.pool.HikariPool        : ConnDb-Santa_Cruz - Before cleanup stats (total=1, active=0, idle=1, waiting=0)
2026-03-28 11:22:51.037 DEBUG 17828 --- [ruz housekeeper] com.zaxxer.hikari.pool.HikariPool        : ConnDb-Santa_Cruz - After cleanup  stats (total=1, active=0, idle=1, waiting=0)
2026-03-28 11:22:51.037 DEBUG 17828 --- [ruz housekeeper] com.zaxxer.hikari.pool.HikariPool        : ConnDb-Santa_Cruz - Fill pool skipped, pool is at sufficient level.
2026-03-28 11:22:51.631 DEBUG 17828 --- [ool housekeeper] com.zaxxer.hikari.pool.HikariPool        : CentralHikariPool - keepalive: connection ConnectionID:5 ClientConnectionId: 20716227-2f9b-433e-bdad-e2623f8a4ce6 is alive
2026-03-28 11:23:00.710 DEBUG 17828 --- [l-1 housekeeper] com.zaxxer.hikari.pool.HikariPool        : HikariPool-1 - Before cleanup stats (total=6, active=0, idle=6, waiting=0)
2026-03-28 11:23:00.717 DEBUG 17828 --- [l-1 housekeeper] com.zaxxer.hikari.pool.HikariPool        : HikariPool-1 - After cleanup  stats (total=6, active=0, idle=6, waiting=0)
2026-03-28 11:23:00.722 DEBUG 17828 --- [l-1 housekeeper] com.zaxxer.hikari.pool.HikariPool        : HikariPool-1 - Fill pool skipped, pool is at sufficient level.
2026-03-28 11:23:02.412 DEBUG 17828 --- [ruz housekeeper] com.zaxxer.hikari.pool.HikariPool        : ConnDb-Santa_Cruz - Before cleanup stats (total=1, active=0, idle=1, waiting=0)
2026-03-28 11:23:02.412 DEBUG 17828 --- [ruz housekeeper] com.zaxxer.hikari.pool.HikariPool        : ConnDb-Santa_Cruz - After cleanup  stats (total=1, active=0, idle=1, waiting=0)
2026-03-28 11:23:02.413 DEBUG 17828 --- [ruz housekeeper] com.zaxxer.hikari.pool.HikariPool        : ConnDb-Santa_Cruz - Fill pool skipped, pool is at sufficient level.
2026-03-28 11:23:05.964 DEBUG 17828 --- [nio-8089-exec-3] o.s.web.servlet.DispatcherServlet        : GET "/catalogos/rutas?tecnicoId=98", parameters={masked}
2026-03-28 11:23:05.964 DEBUG 17828 --- [nio-8089-exec-4] o.s.web.servlet.DispatcherServlet        : GET "/ot/spx_ObtenerCaberaVentaParaRegistroOTwb?clienteNro=2552233&ot=28759450&tor=A01&grupo=GRUPO+M24_KEVIN+GEOVANI&tecnicoNombre=KEVIN+GEOVANI+BARROSO+NAVA", parameters={masked}
2026-03-28 11:23:05.966 DEBUG 17828 --- [nio-8089-exec-1] o.s.web.servlet.DispatcherServlet        : GET "/catalogos/estados", parameters={}
2026-03-28 11:23:05.966 DEBUG 17828 --- [nio-8089-exec-9] o.s.web.servlet.DispatcherServlet        : GET "/catalogos/tipo-servicio", parameters={}
2026-03-28 11:23:06.259 DEBUG 17828 --- [nio-8089-exec-3] s.w.s.m.m.a.RequestMappingHandlerMapping : Mapped to com.example.TigoStarSystem.catalogo.controller.CatalogoController#listarRutas(Integer)
2026-03-28 11:23:06.259 DEBUG 17828 --- [nio-8089-exec-4] s.w.s.m.m.a.RequestMappingHandlerMapping : Mapped to com.example.TigoStarSystem.ot.controller.OtController#obtenerCabeceraVentaParaRegistroOtWb(String, Integer, Integer, String, String, String)
2026-03-28 11:23:06.260 DEBUG 17828 --- [nio-8089-exec-1] s.w.s.m.m.a.RequestMappingHandlerMapping : Mapped to com.example.TigoStarSystem.catalogo.controller.CatalogoController#listarEstados()
2026-03-28 11:23:06.260 DEBUG 17828 --- [nio-8089-exec-9] s.w.s.m.m.a.RequestMappingHandlerMapping : Mapped to com.example.TigoStarSystem.catalogo.controller.CatalogoController#listarTipoServicio()
2026-03-28 11:23:06.262 DEBUG 17828 --- [nio-8089-exec-1] o.s.jdbc.core.JdbcTemplate               : Executing SQL query [EXEC sp_ObtenerEstado]
2026-03-28 11:23:06.262 DEBUG 17828 --- [nio-8089-exec-3] o.s.jdbc.core.JdbcTemplate               : Executing prepared SQL query
2026-03-28 11:23:06.262 DEBUG 17828 --- [nio-8089-exec-9] o.s.jdbc.core.JdbcTemplate               : Executing SQL query [EXEC spx_ObtenerTipoServicio]
2026-03-28 11:23:06.264 DEBUG 17828 --- [nio-8089-exec-9] o.s.jdbc.datasource.DataSourceUtils      : Fetching JDBC Connection from DataSource
2026-03-28 11:23:06.262 DEBUG 17828 --- [nio-8089-exec-4] o.s.jdbc.core.JdbcTemplate               : Executing SQL query [EXEC dbo.spx_ObtenerSucursalesConexion]
2026-03-28 11:23:06.265 DEBUG 17828 --- [nio-8089-exec-4] o.s.jdbc.datasource.DataSourceUtils      : Fetching JDBC Connection from DataSource
2026-03-28 11:23:06.263 DEBUG 17828 --- [nio-8089-exec-1] o.s.jdbc.datasource.DataSourceUtils      : Fetching JDBC Connection from DataSource
2026-03-28 11:23:06.263 DEBUG 17828 --- [nio-8089-exec-3] o.s.jdbc.core.JdbcTemplate               : Executing prepared SQL statement [EXEC spx_ObtenerRutaXIdTecnico ?]
2026-03-28 11:23:06.267 DEBUG 17828 --- [nio-8089-exec-3] o.s.jdbc.datasource.DataSourceUtils      : Fetching JDBC Connection from DataSource
2026-03-28 11:23:06.270 DEBUG 17828 --- [nio-8089-exec-9] o.s.w.s.m.m.a.HttpEntityMethodProcessor  : Using 'application/json', given [application/json, text/plain, */*] and supported [application/json, application/*+json, application/json, application/*+json]
2026-03-28 11:23:06.271 DEBUG 17828 --- [nio-8089-exec-4] o.s.jdbc.core.JdbcTemplate               : Executing prepared SQL query
2026-03-28 11:23:06.271 DEBUG 17828 --- [nio-8089-exec-9] o.s.w.s.m.m.a.HttpEntityMethodProcessor  : Writing [com.example.TigoStarSystem.common.ApiResponse@641955]
2026-03-28 11:23:06.272 DEBUG 17828 --- [nio-8089-exec-4] o.s.jdbc.core.JdbcTemplate               : Executing prepared SQL statement [EXEC dbo.spx_ObtenerCaberaVentaParaRegistroOTwb ?, ?, ?, ?, ?]
2026-03-28 11:23:06.272 DEBUG 17828 --- [nio-8089-exec-1] o.s.w.s.m.m.a.HttpEntityMethodProcessor  : Using 'application/json', given [application/json, text/plain, */*] and supported [application/json, application/*+json, application/json, application/*+json]
2026-03-28 11:23:06.273 DEBUG 17828 --- [nio-8089-exec-4] o.s.jdbc.datasource.DataSourceUtils      : Fetching JDBC Connection from DataSource
2026-03-28 11:23:06.274 DEBUG 17828 --- [nio-8089-exec-9] o.s.web.servlet.DispatcherServlet        : Completed 200 OK
2026-03-28 11:23:06.274 DEBUG 17828 --- [nio-8089-exec-1] o.s.w.s.m.m.a.HttpEntityMethodProcessor  : Writing [com.example.TigoStarSystem.common.ApiResponse@63dfa154]
2026-03-28 11:23:06.274 DEBUG 17828 --- [nio-8089-exec-3] o.s.w.s.m.m.a.HttpEntityMethodProcessor  : Using 'application/json', given [application/json, text/plain, */*] and supported [application/json, application/*+json, application/json, application/*+json]
2026-03-28 11:23:06.277 DEBUG 17828 --- [nio-8089-exec-1] o.s.web.servlet.DispatcherServlet        : Completed 200 OK
2026-03-28 11:23:06.277 DEBUG 17828 --- [nio-8089-exec-3] o.s.w.s.m.m.a.HttpEntityMethodProcessor  : Writing [com.example.TigoStarSystem.common.ApiResponse@51b66beb]
2026-03-28 11:23:06.280 DEBUG 17828 --- [nio-8089-exec-4] o.s.w.s.m.m.a.HttpEntityMethodProcessor  : Using 'application/json', given [application/json, text/plain, */*] and supported [application/json, application/*+json, application/json, application/*+json]
2026-03-28 11:23:06.281 DEBUG 17828 --- [nio-8089-exec-3] o.s.web.servlet.DispatcherServlet        : Completed 200 OK
2026-03-28 11:23:06.283 DEBUG 17828 --- [nio-8089-exec-4] o.s.w.s.m.m.a.HttpEntityMethodProcessor  : Writing [com.example.TigoStarSystem.common.ApiResponse@f68e7]
2026-03-28 11:23:06.287 DEBUG 17828 --- [nio-8089-exec-4] o.s.web.servlet.DispatcherServlet        : Completed 200 OK
2026-03-28 11:23:10.493 DEBUG 17828 --- [l-1 housekeeper] com.zaxxer.hikari.pool.HikariPool        : HikariPool-1 - keepalive: connection ConnectionID:3 ClientConnectionId: dddb7997-98bc-4ca1-97a2-1b9ba4af601b is alive
2026-03-28 11:23:13.384 DEBUG 17828 --- [ool housekeeper] com.zaxxer.hikari.pool.HikariPool        : CentralHikariPool - Before cleanup stats (total=1, active=0, idle=1, waiting=0)
2026-03-28 11:23:13.385 DEBUG 17828 --- [ool housekeeper] com.zaxxer.hikari.pool.HikariPool        : CentralHikariPool - After cleanup  stats (total=1, active=0, idle=1, waiting=0)
2026-03-28 11:23:13.386 DEBUG 17828 --- [ool housekeeper] com.zaxxer.hikari.pool.HikariPool        : CentralHikariPool - Fill pool skipped, pool is at sufficient level.
2026-03-28 11:23:21.048 DEBUG 17828 --- [ruz housekeeper] com.zaxxer.hikari.pool.HikariPool        : ConnDb-Santa_Cruz - Before cleanup stats (total=1, active=0, idle=1, waiting=0)
2026-03-28 11:23:21.049 DEBUG 17828 --- [ruz housekeeper] com.zaxxer.hikari.pool.HikariPool        : ConnDb-Santa_Cruz - After cleanup  stats (total=1, active=0, idle=1, waiting=0)
2026-03-28 11:23:21.050 DEBUG 17828 --- [ruz housekeeper] com.zaxxer.hikari.pool.HikariPool        : ConnDb-Santa_Cruz - Fill pool skipped, pool is at sufficient level.
2026-03-28 11:23:24.599 DEBUG 17828 --- [nio-8089-exec-7] o.s.web.servlet.DispatcherServlet        : GET "/auth/permisos", parameters={}
2026-03-28 11:23:24.626 DEBUG 17828 --- [nio-8089-exec-7] s.w.s.m.m.a.RequestMappingHandlerMapping : Mapped to com.example.TigoStarSystem.auth.controller.AuthPermisosController#permisos(String)
2026-03-28 11:23:24.678 DEBUG 17828 --- [nio-8089-exec-7] o.s.jdbc.core.JdbcTemplate               : Executing SQL query [EXEC dbo.spx_ObtenerPrivilegiosRoles]
2026-03-28 11:23:24.757 DEBUG 17828 --- [nio-8089-exec-7] o.s.jdbc.datasource.DataSourceUtils      : Fetching JDBC Connection from DataSource
2026-03-28 11:23:24.763 DEBUG 17828 --- [nio-8089-exec-7] o.s.jdbc.core.JdbcTemplate               : Executing prepared SQL query
2026-03-28 11:23:24.764 DEBUG 17828 --- [nio-8089-exec-7] o.s.jdbc.core.JdbcTemplate               : Executing prepared SQL statement [EXEC dbo.spx_ObtenerPrivilegiosRolDetalle ?]
2026-03-28 11:23:24.764 DEBUG 17828 --- [nio-8089-exec-7] o.s.jdbc.datasource.DataSourceUtils      : Fetching JDBC Connection from DataSource
2026-03-28 11:23:24.768 DEBUG 17828 --- [nio-8089-exec-7] o.s.w.s.m.m.a.HttpEntityMethodProcessor  : Using 'application/json', given [application/json, text/plain, */*] and supported [application/json, application/*+json, application/json, application/*+json]
2026-03-28 11:23:24.770 DEBUG 17828 --- [nio-8089-exec-7] o.s.w.s.m.m.a.HttpEntityMethodProcessor  : Writing [com.example.TigoStarSystem.common.ApiResponse@34d7c449]
2026-03-28 11:23:24.772 DEBUG 17828 --- [nio-8089-exec-7] o.s.web.servlet.DispatcherServlet        : Completed 200 OK
2026-03-28 11:23:24.773 DEBUG 17828 --- [io-8089-exec-10] o.s.web.servlet.DispatcherServlet        : GET "/auth/permisos", parameters={}
2026-03-28 11:23:24.774 DEBUG 17828 --- [io-8089-exec-10] s.w.s.m.m.a.RequestMappingHandlerMapping : Mapped to com.example.TigoStarSystem.auth.controller.AuthPermisosController#permisos(String)
2026-03-28 11:23:24.774 DEBUG 17828 --- [io-8089-exec-10] o.s.jdbc.core.JdbcTemplate               : Executing SQL query [EXEC dbo.spx_ObtenerPrivilegiosRoles]
2026-03-28 11:23:24.775 DEBUG 17828 --- [io-8089-exec-10] o.s.jdbc.datasource.DataSourceUtils      : Fetching JDBC Connection from DataSource
2026-03-28 11:23:24.779 DEBUG 17828 --- [io-8089-exec-10] o.s.jdbc.core.JdbcTemplate               : Executing prepared SQL query
2026-03-28 11:23:24.780 DEBUG 17828 --- [io-8089-exec-10] o.s.jdbc.core.JdbcTemplate               : Executing prepared SQL statement [EXEC dbo.spx_ObtenerPrivilegiosRolDetalle ?]
2026-03-28 11:23:24.780 DEBUG 17828 --- [io-8089-exec-10] o.s.jdbc.datasource.DataSourceUtils      : Fetching JDBC Connection from DataSource
2026-03-28 11:23:24.787 DEBUG 17828 --- [io-8089-exec-10] o.s.w.s.m.m.a.HttpEntityMethodProcessor  : Using 'application/json', given [application/json, text/plain, */*] and supported [application/json, application/*+json, application/json, application/*+json]
2026-03-28 11:23:24.787 DEBUG 17828 --- [io-8089-exec-10] o.s.w.s.m.m.a.HttpEntityMethodProcessor  : Writing [com.example.TigoStarSystem.common.ApiResponse@e7bfad8]
2026-03-28 11:23:24.788 DEBUG 17828 --- [io-8089-exec-10] o.s.web.servlet.DispatcherServlet        : Completed 200 OK
2026-03-28 11:23:24.807 DEBUG 17828 --- [nio-8089-exec-8] o.s.web.servlet.DispatcherServlet        : GET "/catalogos/rutas?tecnicoId=98", parameters={masked}
2026-03-28 11:23:24.807 DEBUG 17828 --- [nio-8089-exec-5] o.s.web.servlet.DispatcherServlet        : GET "/ot/spx_ObtenerCaberaVentaParaRegistroOTwb?clienteNro=2552233&ot=28759450&tor=A01&grupo=GRUPO+M24_KEVIN+GEOVANI&tecnicoNombre=KEVIN+GEOVANI+BARROSO+NAVA", parameters={masked}
2026-03-28 11:23:24.807 DEBUG 17828 --- [nio-8089-exec-2] o.s.web.servlet.DispatcherServlet        : GET "/catalogos/tipo-servicio", parameters={}
2026-03-28 11:23:24.808 DEBUG 17828 --- [nio-8089-exec-6] o.s.web.servlet.DispatcherServlet        : GET "/catalogos/estados", parameters={}
2026-03-28 11:23:24.808 DEBUG 17828 --- [nio-8089-exec-8] s.w.s.m.m.a.RequestMappingHandlerMapping : Mapped to com.example.TigoStarSystem.catalogo.controller.CatalogoController#listarRutas(Integer)
2026-03-28 11:23:24.808 DEBUG 17828 --- [nio-8089-exec-5] s.w.s.m.m.a.RequestMappingHandlerMapping : Mapped to com.example.TigoStarSystem.ot.controller.OtController#obtenerCabeceraVentaParaRegistroOtWb(String, Integer, Integer, String, String, String)
2026-03-28 11:23:24.809 DEBUG 17828 --- [nio-8089-exec-2] s.w.s.m.m.a.RequestMappingHandlerMapping : Mapped to com.example.TigoStarSystem.catalogo.controller.CatalogoController#listarTipoServicio()
2026-03-28 11:23:24.810 DEBUG 17828 --- [nio-8089-exec-6] s.w.s.m.m.a.RequestMappingHandlerMapping : Mapped to com.example.TigoStarSystem.catalogo.controller.CatalogoController#listarEstados()
2026-03-28 11:23:24.812 DEBUG 17828 --- [nio-8089-exec-8] o.s.jdbc.core.JdbcTemplate               : Executing prepared SQL query
2026-03-28 11:23:24.814 DEBUG 17828 --- [nio-8089-exec-2] o.s.jdbc.core.JdbcTemplate               : Executing SQL query [EXEC spx_ObtenerTipoServicio]
2026-03-28 11:23:24.814 DEBUG 17828 --- [nio-8089-exec-8] o.s.jdbc.core.JdbcTemplate               : Executing prepared SQL statement [EXEC spx_ObtenerRutaXIdTecnico ?]
2026-03-28 11:23:24.814 DEBUG 17828 --- [nio-8089-exec-6] o.s.jdbc.core.JdbcTemplate               : Executing SQL query [EXEC sp_ObtenerEstado]
2026-03-28 11:23:24.814 DEBUG 17828 --- [nio-8089-exec-5] o.s.jdbc.core.JdbcTemplate               : Executing SQL query [EXEC dbo.spx_ObtenerSucursalesConexion]
2026-03-28 11:23:24.815 DEBUG 17828 --- [nio-8089-exec-2] o.s.jdbc.datasource.DataSourceUtils      : Fetching JDBC Connection from DataSource
2026-03-28 11:23:24.815 DEBUG 17828 --- [nio-8089-exec-8] o.s.jdbc.datasource.DataSourceUtils      : Fetching JDBC Connection from DataSource
2026-03-28 11:23:24.816 DEBUG 17828 --- [nio-8089-exec-6] o.s.jdbc.datasource.DataSourceUtils      : Fetching JDBC Connection from DataSource
2026-03-28 11:23:24.817 DEBUG 17828 --- [nio-8089-exec-5] o.s.jdbc.datasource.DataSourceUtils      : Fetching JDBC Connection from DataSource
2026-03-28 11:23:24.822 DEBUG 17828 --- [nio-8089-exec-2] o.s.w.s.m.m.a.HttpEntityMethodProcessor  : Using 'application/json', given [application/json, text/plain, */*] and supported [application/json, application/*+json, application/json, application/*+json]
2026-03-28 11:23:24.823 DEBUG 17828 --- [nio-8089-exec-2] o.s.w.s.m.m.a.HttpEntityMethodProcessor  : Writing [com.example.TigoStarSystem.common.ApiResponse@5ddcd2ee]
2026-03-28 11:23:24.823 DEBUG 17828 --- [nio-8089-exec-8] o.s.w.s.m.m.a.HttpEntityMethodProcessor  : Using 'application/json', given [application/json, text/plain, */*] and supported [application/json, application/*+json, application/json, application/*+json]
2026-03-28 11:23:24.824 DEBUG 17828 --- [nio-8089-exec-8] o.s.w.s.m.m.a.HttpEntityMethodProcessor  : Writing [com.example.TigoStarSystem.common.ApiResponse@65b8c2a5]
2026-03-28 11:23:24.825 DEBUG 17828 --- [nio-8089-exec-2] o.s.web.servlet.DispatcherServlet        : Completed 200 OK
2026-03-28 11:23:24.826 DEBUG 17828 --- [nio-8089-exec-8] o.s.web.servlet.DispatcherServlet        : Completed 200 OK
2026-03-28 11:23:24.826 DEBUG 17828 --- [nio-8089-exec-5] o.s.jdbc.core.JdbcTemplate               : Executing prepared SQL query
2026-03-28 11:23:24.826 DEBUG 17828 --- [nio-8089-exec-6] o.s.w.s.m.m.a.HttpEntityMethodProcessor  : Using 'application/json', given [application/json, text/plain, */*] and supported [application/json, application/*+json, application/json, application/*+json]
2026-03-28 11:23:24.829 DEBUG 17828 --- [nio-8089-exec-5] o.s.jdbc.core.JdbcTemplate               : Executing prepared SQL statement [EXEC dbo.spx_ObtenerCaberaVentaParaRegistroOTwb ?, ?, ?, ?, ?]
2026-03-28 11:23:24.829 DEBUG 17828 --- [nio-8089-exec-6] o.s.w.s.m.m.a.HttpEntityMethodProcessor  : Writing [com.example.TigoStarSystem.common.ApiResponse@3ee3cdc9]
2026-03-28 11:23:24.830 DEBUG 17828 --- [nio-8089-exec-5] o.s.jdbc.datasource.DataSourceUtils      : Fetching JDBC Connection from DataSource
2026-03-28 11:23:24.831 DEBUG 17828 --- [nio-8089-exec-6] o.s.web.servlet.DispatcherServlet        : Completed 200 OK
2026-03-28 11:23:24.833 DEBUG 17828 --- [nio-8089-exec-5] o.s.w.s.m.m.a.HttpEntityMethodProcessor  : Using 'application/json', given [application/json, text/plain, */*] and supported [application/json, application/*+json, application/json, application/*+json]
2026-03-28 11:23:24.834 DEBUG 17828 --- [nio-8089-exec-5] o.s.w.s.m.m.a.HttpEntityMethodProcessor  : Writing [com.example.TigoStarSystem.common.ApiResponse@5a5589dd]
2026-03-28 11:23:24.837 DEBUG 17828 --- [nio-8089-exec-5] o.s.web.servlet.DispatcherServlet        : Completed 200 OK
2026-03-28 11:23:27.697 DEBUG 17828 --- [nio-8089-exec-9] o.s.web.servlet.DispatcherServlet        : GET "/auth/permisos", parameters={}
2026-03-28 11:23:27.723 DEBUG 17828 --- [nio-8089-exec-9] s.w.s.m.m.a.RequestMappingHandlerMapping : Mapped to com.example.TigoStarSystem.auth.controller.AuthPermisosController#permisos(String)
2026-03-28 11:23:27.724 DEBUG 17828 --- [nio-8089-exec-9] o.s.jdbc.core.JdbcTemplate               : Executing SQL query [EXEC dbo.spx_ObtenerPrivilegiosRoles]
2026-03-28 11:23:27.724 DEBUG 17828 --- [nio-8089-exec-9] o.s.jdbc.datasource.DataSourceUtils      : Fetching JDBC Connection from DataSource
2026-03-28 11:23:27.756 DEBUG 17828 --- [nio-8089-exec-9] o.s.jdbc.core.JdbcTemplate               : Executing prepared SQL query
2026-03-28 11:23:27.790 DEBUG 17828 --- [nio-8089-exec-9] o.s.jdbc.core.JdbcTemplate               : Executing prepared SQL statement [EXEC dbo.spx_ObtenerPrivilegiosRolDetalle ?]
2026-03-28 11:23:27.791 DEBUG 17828 --- [nio-8089-exec-9] o.s.jdbc.datasource.DataSourceUtils      : Fetching JDBC Connection from DataSource
2026-03-28 11:23:27.802 DEBUG 17828 --- [nio-8089-exec-9] o.s.w.s.m.m.a.HttpEntityMethodProcessor  : Using 'application/json', given [application/json, text/plain, */*] and supported [application/json, application/*+json, application/json, application/*+json]
2026-03-28 11:23:27.803 DEBUG 17828 --- [nio-8089-exec-9] o.s.w.s.m.m.a.HttpEntityMethodProcessor  : Writing [com.example.TigoStarSystem.common.ApiResponse@6534e58a]
2026-03-28 11:23:27.804 DEBUG 17828 --- [nio-8089-exec-9] o.s.web.servlet.DispatcherServlet        : Completed 200 OK
2026-03-28 11:23:27.805 DEBUG 17828 --- [nio-8089-exec-9] o.s.web.servlet.DispatcherServlet        : GET "/auth/permisos", parameters={}
2026-03-28 11:23:27.806 DEBUG 17828 --- [nio-8089-exec-9] s.w.s.m.m.a.RequestMappingHandlerMapping : Mapped to com.example.TigoStarSystem.auth.controller.AuthPermisosController#permisos(String)
2026-03-28 11:23:27.807 DEBUG 17828 --- [nio-8089-exec-9] o.s.jdbc.core.JdbcTemplate               : Executing SQL query [EXEC dbo.spx_ObtenerPrivilegiosRoles]
2026-03-28 11:23:27.808 DEBUG 17828 --- [nio-8089-exec-9] o.s.jdbc.datasource.DataSourceUtils      : Fetching JDBC Connection from DataSource
2026-03-28 11:23:27.811 DEBUG 17828 --- [nio-8089-exec-9] o.s.jdbc.core.JdbcTemplate               : Executing prepared SQL query
2026-03-28 11:23:27.812 DEBUG 17828 --- [nio-8089-exec-9] o.s.jdbc.core.JdbcTemplate               : Executing prepared SQL statement [EXEC dbo.spx_ObtenerPrivilegiosRolDetalle ?]
2026-03-28 11:23:27.813 DEBUG 17828 --- [nio-8089-exec-9] o.s.jdbc.datasource.DataSourceUtils      : Fetching JDBC Connection from DataSource
2026-03-28 11:23:27.826 DEBUG 17828 --- [nio-8089-exec-9] o.s.w.s.m.m.a.HttpEntityMethodProcessor  : Using 'application/json', given [application/json, text/plain, */*] and supported [application/json, application/*+json, application/json, application/*+json]
2026-03-28 11:23:27.827 DEBUG 17828 --- [nio-8089-exec-9] o.s.w.s.m.m.a.HttpEntityMethodProcessor  : Writing [com.example.TigoStarSystem.common.ApiResponse@1f987046]
2026-03-28 11:23:27.830 DEBUG 17828 --- [nio-8089-exec-9] o.s.web.servlet.DispatcherServlet        : Completed 200 OK
2026-03-28 11:23:27.831 DEBUG 17828 --- [nio-8089-exec-3] o.s.web.servlet.DispatcherServlet        : GET "/supervisor/spy_Ultimo_Estado_Dia_BO_CITA_MAKIRO?fecha=2026-03-28&idUsuario=98&tecnico=KEVIN+GEOVANI+BARROSO+NAVA", parameters={masked}
2026-03-28 11:23:27.832 DEBUG 17828 --- [nio-8089-exec-3] s.w.s.m.m.a.RequestMappingHandlerMapping : Mapped to com.example.TigoStarSystem.supervisor.controller.EstadoDiaBoCitaController#obtenerUltimoEstadoDia(String, LocalDate, String)
2026-03-28 11:23:27.833 DEBUG 17828 --- [nio-8089-exec-3] o.s.jdbc.core.JdbcTemplate               : Executing prepared SQL query
2026-03-28 11:23:27.834 DEBUG 17828 --- [nio-8089-exec-3] o.s.jdbc.core.JdbcTemplate               : Executing prepared SQL statement [EXEC dbo.spy_Ultimo_Estado_Dia_BO_CITA_MAKIRO ?, ?]
2026-03-28 11:23:27.834 DEBUG 17828 --- [nio-8089-exec-3] o.s.jdbc.datasource.DataSourceUtils      : Fetching JDBC Connection from DataSource
2026-03-28 11:23:27.920 DEBUG 17828 --- [nio-8089-exec-3] o.s.w.s.m.m.a.HttpEntityMethodProcessor  : Using 'application/json', given [application/json, text/plain, */*] and supported [application/json, application/*+json, application/json, application/*+json]
2026-03-28 11:23:27.921 DEBUG 17828 --- [nio-8089-exec-3] o.s.w.s.m.m.a.HttpEntityMethodProcessor  : Writing [com.example.TigoStarSystem.common.ApiResponse@44743fe2]
2026-03-28 11:23:27.922 DEBUG 17828 --- [nio-8089-exec-3] o.s.web.servlet.DispatcherServlet        : Completed 200 OK
2026-03-28 11:23:27.939 DEBUG 17828 --- [nio-8089-exec-4] o.s.web.servlet.DispatcherServlet        : GET "/ot/spx_ValidarVentaYDetallewb?fecha=28%2F03%2F2026&nroOT=28759209&numeroCliente=2620591", parameters={masked}
2026-03-28 11:23:27.939 DEBUG 17828 --- [nio-8089-exec-7] o.s.web.servlet.DispatcherServlet        : GET "/ot/spx_ValidarVentaYDetallewb?fecha=28%2F03%2F2026&nroOT=28759450&numeroCliente=2552233", parameters={masked}
2026-03-28 11:23:27.940 DEBUG 17828 --- [nio-8089-exec-4] s.w.s.m.m.a.RequestMappingHandlerMapping : Mapped to com.example.TigoStarSystem.ot.controller.OtController#validarVentaYDetalleWb(String, String, Integer, Integer)
2026-03-28 11:23:27.940 DEBUG 17828 --- [io-8089-exec-10] o.s.web.servlet.DispatcherServlet        : GET "/ot/spx_ValidarVentaYDetallewb?fecha=28%2F03%2F2026&nroOT=28760243&numeroCliente=694016", parameters={masked}
2026-03-28 11:23:27.940 DEBUG 17828 --- [nio-8089-exec-2] o.s.web.servlet.DispatcherServlet        : GET "/ot/spx_ValidarVentaYDetallewb?fecha=28%2F03%2F2026&nroOT=28761686&numeroCliente=2589990", parameters={masked}
2026-03-28 11:23:27.941 DEBUG 17828 --- [nio-8089-exec-7] s.w.s.m.m.a.RequestMappingHandlerMapping : Mapped to com.example.TigoStarSystem.ot.controller.OtController#validarVentaYDetalleWb(String, String, Integer, Integer)
2026-03-28 11:23:27.942 DEBUG 17828 --- [nio-8089-exec-8] o.s.web.servlet.DispatcherServlet        : GET "/ot/spx_ValidarVentaYDetallewb?fecha=28%2F03%2F2026&nroOT=28761713&numeroCliente=1096072", parameters={masked}
2026-03-28 11:23:27.942 DEBUG 17828 --- [io-8089-exec-10] s.w.s.m.m.a.RequestMappingHandlerMapping : Mapped to com.example.TigoStarSystem.ot.controller.OtController#validarVentaYDetalleWb(String, String, Integer, Integer)
2026-03-28 11:23:27.942 DEBUG 17828 --- [nio-8089-exec-4] o.s.jdbc.core.JdbcTemplate               : Executing SQL query [EXEC dbo.spx_ObtenerSucursalesConexion]
2026-03-28 11:23:27.942 DEBUG 17828 --- [nio-8089-exec-2] s.w.s.m.m.a.RequestMappingHandlerMapping : Mapped to com.example.TigoStarSystem.ot.controller.OtController#validarVentaYDetalleWb(String, String, Integer, Integer)
2026-03-28 11:23:27.944 DEBUG 17828 --- [nio-8089-exec-8] s.w.s.m.m.a.RequestMappingHandlerMapping : Mapped to com.example.TigoStarSystem.ot.controller.OtController#validarVentaYDetalleWb(String, String, Integer, Integer)
2026-03-28 11:23:27.944 DEBUG 17828 --- [nio-8089-exec-6] o.s.web.servlet.DispatcherServlet        : GET "/ot/spx_ValidarVentaYDetallewb?fecha=28%2F03%2F2026&nroOT=28762785&numeroCliente=1203674", parameters={masked}
2026-03-28 11:23:27.945 DEBUG 17828 --- [nio-8089-exec-7] o.s.jdbc.core.JdbcTemplate               : Executing SQL query [EXEC dbo.spx_ObtenerSucursalesConexion]
2026-03-28 11:23:27.946 DEBUG 17828 --- [nio-8089-exec-4] o.s.jdbc.datasource.DataSourceUtils      : Fetching JDBC Connection from DataSource
2026-03-28 11:23:27.946 DEBUG 17828 --- [io-8089-exec-10] o.s.jdbc.core.JdbcTemplate               : Executing SQL query [EXEC dbo.spx_ObtenerSucursalesConexion]
2026-03-28 11:23:27.948 DEBUG 17828 --- [nio-8089-exec-2] o.s.jdbc.core.JdbcTemplate               : Executing SQL query [EXEC dbo.spx_ObtenerSucursalesConexion]
2026-03-28 11:23:27.948 DEBUG 17828 --- [nio-8089-exec-8] o.s.jdbc.core.JdbcTemplate               : Executing SQL query [EXEC dbo.spx_ObtenerSucursalesConexion]
2026-03-28 11:23:27.948 DEBUG 17828 --- [nio-8089-exec-6] s.w.s.m.m.a.RequestMappingHandlerMapping : Mapped to com.example.TigoStarSystem.ot.controller.OtController#validarVentaYDetalleWb(String, String, Integer, Integer)
2026-03-28 11:23:27.949 DEBUG 17828 --- [nio-8089-exec-7] o.s.jdbc.datasource.DataSourceUtils      : Fetching JDBC Connection from DataSource
2026-03-28 11:23:27.950 DEBUG 17828 --- [io-8089-exec-10] o.s.jdbc.datasource.DataSourceUtils      : Fetching JDBC Connection from DataSource
2026-03-28 11:23:27.950 DEBUG 17828 --- [nio-8089-exec-2] o.s.jdbc.datasource.DataSourceUtils      : Fetching JDBC Connection from DataSource
2026-03-28 11:23:27.951 DEBUG 17828 --- [nio-8089-exec-8] o.s.jdbc.datasource.DataSourceUtils      : Fetching JDBC Connection from DataSource
2026-03-28 11:23:27.953 DEBUG 17828 --- [nio-8089-exec-6] o.s.jdbc.core.JdbcTemplate               : Executing SQL query [EXEC dbo.spx_ObtenerSucursalesConexion]
2026-03-28 11:23:27.954 DEBUG 17828 --- [nio-8089-exec-6] o.s.jdbc.datasource.DataSourceUtils      : Fetching JDBC Connection from DataSource
2026-03-28 11:23:27.995 DEBUG 17828 --- [nio-8089-exec-4] o.s.jdbc.core.JdbcTemplate               : Executing prepared SQL query
2026-03-28 11:23:27.996 DEBUG 17828 --- [nio-8089-exec-4] o.s.jdbc.core.JdbcTemplate               : Executing prepared SQL statement [EXEC dbo.spx_ValidarVentaYDetallewb ?, ?, ?]
2026-03-28 11:23:27.996 DEBUG 17828 --- [nio-8089-exec-4] o.s.jdbc.datasource.DataSourceUtils      : Fetching JDBC Connection from DataSource
2026-03-28 11:23:28.005 DEBUG 17828 --- [nio-8089-exec-7] o.s.jdbc.core.JdbcTemplate               : Executing prepared SQL query
2026-03-28 11:23:28.005 DEBUG 17828 --- [io-8089-exec-10] o.s.jdbc.core.JdbcTemplate               : Executing prepared SQL query
2026-03-28 11:23:28.006 DEBUG 17828 --- [nio-8089-exec-2] o.s.jdbc.core.JdbcTemplate               : Executing prepared SQL query
2026-03-28 11:23:28.006 DEBUG 17828 --- [nio-8089-exec-2] o.s.jdbc.core.JdbcTemplate               : Executing prepared SQL statement [EXEC dbo.spx_ValidarVentaYDetallewb ?, ?, ?]
2026-03-28 11:23:28.007 DEBUG 17828 --- [nio-8089-exec-2] o.s.jdbc.datasource.DataSourceUtils      : Fetching JDBC Connection from DataSource
2026-03-28 11:23:28.005 DEBUG 17828 --- [nio-8089-exec-7] o.s.jdbc.core.JdbcTemplate               : Executing prepared SQL statement [EXEC dbo.spx_ValidarVentaYDetallewb ?, ?, ?]
2026-03-28 11:23:28.006 DEBUG 17828 --- [io-8089-exec-10] o.s.jdbc.core.JdbcTemplate               : Executing prepared SQL statement [EXEC dbo.spx_ValidarVentaYDetallewb ?, ?, ?]
2026-03-28 11:23:28.007 DEBUG 17828 --- [nio-8089-exec-6] o.s.jdbc.core.JdbcTemplate               : Executing prepared SQL query
2026-03-28 11:23:28.008 DEBUG 17828 --- [nio-8089-exec-8] o.s.jdbc.core.JdbcTemplate               : Executing prepared SQL query
2026-03-28 11:23:28.008 DEBUG 17828 --- [nio-8089-exec-7] o.s.jdbc.datasource.DataSourceUtils      : Fetching JDBC Connection from DataSource
2026-03-28 11:23:28.009 DEBUG 17828 --- [io-8089-exec-10] o.s.jdbc.datasource.DataSourceUtils      : Fetching JDBC Connection from DataSource
2026-03-28 11:23:28.009 DEBUG 17828 --- [nio-8089-exec-6] o.s.jdbc.core.JdbcTemplate               : Executing prepared SQL statement [EXEC dbo.spx_ValidarVentaYDetallewb ?, ?, ?]
2026-03-28 11:23:28.010 DEBUG 17828 --- [nio-8089-exec-8] o.s.jdbc.core.JdbcTemplate               : Executing prepared SQL statement [EXEC dbo.spx_ValidarVentaYDetallewb ?, ?, ?]
2026-03-28 11:23:28.014 DEBUG 17828 --- [nio-8089-exec-6] o.s.jdbc.datasource.DataSourceUtils      : Fetching JDBC Connection from DataSource
2026-03-28 11:23:28.014 DEBUG 17828 --- [nio-8089-exec-8] o.s.jdbc.datasource.DataSourceUtils      : Fetching JDBC Connection from DataSource
2026-03-28 11:23:28.133 DEBUG 17828 --- [nio-8089-exec-2] o.s.w.s.m.m.a.HttpEntityMethodProcessor  : Using 'application/json', given [application/json, text/plain, */*] and supported [application/json, application/*+json, application/json, application/*+json]
2026-03-28 11:23:28.134 DEBUG 17828 --- [nio-8089-exec-2] o.s.w.s.m.m.a.HttpEntityMethodProcessor  : Writing [com.example.TigoStarSystem.common.ApiResponse@108b14b0]
2026-03-28 11:23:28.135 DEBUG 17828 --- [nio-8089-exec-2] o.s.web.servlet.DispatcherServlet        : Completed 200 OK
2026-03-28 11:23:28.137 DEBUG 17828 --- [nio-8089-exec-5] o.s.web.servlet.DispatcherServlet        : GET "/ot/spx_ValidarVentaYDetallewb?fecha=28%2F03%2F2026&nroOT=28763544&numeroCliente=682543", parameters={masked}
2026-03-28 11:23:28.138 DEBUG 17828 --- [nio-8089-exec-5] s.w.s.m.m.a.RequestMappingHandlerMapping : Mapped to com.example.TigoStarSystem.ot.controller.OtController#validarVentaYDetalleWb(String, String, Integer, Integer)
2026-03-28 11:23:28.139 DEBUG 17828 --- [nio-8089-exec-5] o.s.jdbc.core.JdbcTemplate               : Executing SQL query [EXEC dbo.spx_ObtenerSucursalesConexion]
2026-03-28 11:23:28.140 DEBUG 17828 --- [nio-8089-exec-5] o.s.jdbc.datasource.DataSourceUtils      : Fetching JDBC Connection from DataSource
2026-03-28 11:23:28.169 DEBUG 17828 --- [nio-8089-exec-4] o.s.w.s.m.m.a.HttpEntityMethodProcessor  : Using 'application/json', given [application/json, text/plain, */*] and supported [application/json, application/*+json, application/json, application/*+json]
2026-03-28 11:23:28.169 DEBUG 17828 --- [nio-8089-exec-4] o.s.w.s.m.m.a.HttpEntityMethodProcessor  : Writing [com.example.TigoStarSystem.common.ApiResponse@96d5640]
2026-03-28 11:23:28.171 DEBUG 17828 --- [nio-8089-exec-4] o.s.web.servlet.DispatcherServlet        : Completed 200 OK
2026-03-28 11:23:28.189 DEBUG 17828 --- [nio-8089-exec-8] o.s.w.s.m.m.a.HttpEntityMethodProcessor  : Using 'application/json', given [application/json, text/plain, */*] and supported [application/json, application/*+json, application/json, application/*+json]
2026-03-28 11:23:28.189 DEBUG 17828 --- [nio-8089-exec-6] o.s.w.s.m.m.a.HttpEntityMethodProcessor  : Using 'application/json', given [application/json, text/plain, */*] and supported [application/json, application/*+json, application/json, application/*+json]
2026-03-28 11:23:28.190 DEBUG 17828 --- [nio-8089-exec-8] o.s.w.s.m.m.a.HttpEntityMethodProcessor  : Writing [com.example.TigoStarSystem.common.ApiResponse@6b9b7fc5]
2026-03-28 11:23:28.190 DEBUG 17828 --- [nio-8089-exec-6] o.s.w.s.m.m.a.HttpEntityMethodProcessor  : Writing [com.example.TigoStarSystem.common.ApiResponse@3ee4ac5f]
2026-03-28 11:23:28.191 DEBUG 17828 --- [nio-8089-exec-8] o.s.web.servlet.DispatcherServlet        : Completed 200 OK
2026-03-28 11:23:28.192 DEBUG 17828 --- [nio-8089-exec-6] o.s.web.servlet.DispatcherServlet        : Completed 200 OK
2026-03-28 11:23:28.212 DEBUG 17828 --- [io-8089-exec-10] o.s.w.s.m.m.a.HttpEntityMethodProcessor  : Using 'application/json', given [application/json, text/plain, */*] and supported [application/json, application/*+json, application/json, application/*+json]
2026-03-28 11:23:28.213 DEBUG 17828 --- [io-8089-exec-10] o.s.w.s.m.m.a.HttpEntityMethodProcessor  : Writing [com.example.TigoStarSystem.common.ApiResponse@2de61d5a]
2026-03-28 11:23:28.213 DEBUG 17828 --- [io-8089-exec-10] o.s.web.servlet.DispatcherServlet        : Completed 200 OK
2026-03-28 11:23:28.213 DEBUG 17828 --- [nio-8089-exec-5] o.s.jdbc.core.JdbcTemplate               : Executing prepared SQL query
2026-03-28 11:23:28.214 DEBUG 17828 --- [nio-8089-exec-5] o.s.jdbc.core.JdbcTemplate               : Executing prepared SQL statement [EXEC dbo.spx_ValidarVentaYDetallewb ?, ?, ?]
2026-03-28 11:23:28.215 DEBUG 17828 --- [nio-8089-exec-5] o.s.jdbc.datasource.DataSourceUtils      : Fetching JDBC Connection from DataSource
2026-03-28 11:23:28.215 DEBUG 17828 --- [nio-8089-exec-7] o.s.w.s.m.m.a.HttpEntityMethodProcessor  : Using 'application/json', given [application/json, text/plain, */*] and supported [application/json, application/*+json, application/json, application/*+json]
2026-03-28 11:23:28.216 DEBUG 17828 --- [nio-8089-exec-7] o.s.w.s.m.m.a.HttpEntityMethodProcessor  : Writing [com.example.TigoStarSystem.common.ApiResponse@302fa489]
2026-03-28 11:23:28.216 DEBUG 17828 --- [nio-8089-exec-7] o.s.web.servlet.DispatcherServlet        : Completed 200 OK
2026-03-28 11:23:28.295 DEBUG 17828 --- [nio-8089-exec-5] o.s.w.s.m.m.a.HttpEntityMethodProcessor  : Using 'application/json', given [application/json, text/plain, */*] and supported [application/json, application/*+json, application/json, application/*+json]
2026-03-28 11:23:28.296 DEBUG 17828 --- [nio-8089-exec-5] o.s.w.s.m.m.a.HttpEntityMethodProcessor  : Writing [com.example.TigoStarSystem.common.ApiResponse@712626bb]
2026-03-28 11:23:28.297 DEBUG 17828 --- [nio-8089-exec-5] o.s.web.servlet.DispatcherServlet        : Completed 200 OK
2026-03-28 11:23:30.738 DEBUG 17828 --- [l-1 housekeeper] com.zaxxer.hikari.pool.HikariPool        : HikariPool-1 - Before cleanup stats (total=6, active=0, idle=6, waiting=0)
2026-03-28 11:23:30.739 DEBUG 17828 --- [l-1 housekeeper] com.zaxxer.hikari.pool.HikariPool        : HikariPool-1 - After cleanup  stats (total=6, active=0, idle=6, waiting=0)
2026-03-28 11:23:30.740 DEBUG 17828 --- [l-1 housekeeper] com.zaxxer.hikari.pool.HikariPool        : HikariPool-1 - Fill pool skipped, pool is at sufficient level.
2026-03-28 11:23:32.418 DEBUG 17828 --- [ruz housekeeper] com.zaxxer.hikari.pool.HikariPool        : ConnDb-Santa_Cruz - Before cleanup stats (total=1, active=0, idle=1, waiting=0)
2026-03-28 11:23:32.419 DEBUG 17828 --- [ruz housekeeper] com.zaxxer.hikari.pool.HikariPool        : ConnDb-Santa_Cruz - After cleanup  stats (total=1, active=0, idle=1, waiting=0)
2026-03-28 11:23:32.419 DEBUG 17828 --- [ruz housekeeper] com.zaxxer.hikari.pool.HikariPool        : ConnDb-Santa_Cruz - Fill pool skipped, pool is at sufficient level.
2026-03-28 11:23:43.401 DEBUG 17828 --- [ool housekeeper] com.zaxxer.hikari.pool.HikariPool        : CentralHikariPool - Before cleanup stats (total=1, active=0, idle=1, waiting=0)
2026-03-28 11:23:43.402 DEBUG 17828 --- [ool housekeeper] com.zaxxer.hikari.pool.HikariPool        : CentralHikariPool - After cleanup  stats (total=1, active=0, idle=1, waiting=0)
2026-03-28 11:23:43.402 DEBUG 17828 --- [ool housekeeper] com.zaxxer.hikari.pool.HikariPool        : CentralHikariPool - Fill pool skipped, pool is at sufficient level.
2026-03-28 11:23:51.059 DEBUG 17828 --- [ruz housekeeper] com.zaxxer.hikari.pool.HikariPool        : ConnDb-Santa_Cruz - Before cleanup stats (total=1, active=0, idle=1, waiting=0)
2026-03-28 11:23:51.060 DEBUG 17828 --- [ruz housekeeper] com.zaxxer.hikari.pool.HikariPool        : ConnDb-Santa_Cruz - After cleanup  stats (total=1, active=0, idle=1, waiting=0)
2026-03-28 11:23:51.060 DEBUG 17828 --- [ruz housekeeper] com.zaxxer.hikari.pool.HikariPool        : ConnDb-Santa_Cruz - Fill pool skipped, pool is at sufficient level.
2026-03-28 11:24:00.750 DEBUG 17828 --- [l-1 housekeeper] com.zaxxer.hikari.pool.HikariPool        : HikariPool-1 - Before cleanup stats (total=6, active=0, idle=6, waiting=0)
2026-03-28 11:24:00.751 DEBUG 17828 --- [l-1 housekeeper] com.zaxxer.hikari.pool.HikariPool        : HikariPool-1 - After cleanup  stats (total=6, active=0, idle=6, waiting=0)
2026-03-28 11:24:00.751 DEBUG 17828 --- [l-1 housekeeper] com.zaxxer.hikari.pool.HikariPool        : HikariPool-1 - Fill pool skipped, pool is at sufficient level.
2026-03-28 11:24:02.433 DEBUG 17828 --- [ruz housekeeper] com.zaxxer.hikari.pool.HikariPool        : ConnDb-Santa_Cruz - Before cleanup stats (total=1, active=0, idle=1, waiting=0)
2026-03-28 11:24:02.433 DEBUG 17828 --- [ruz housekeeper] com.zaxxer.hikari.pool.HikariPool        : ConnDb-Santa_Cruz - After cleanup  stats (total=1, active=0, idle=1, waiting=0)
2026-03-28 11:24:02.434 DEBUG 17828 --- [ruz housekeeper] com.zaxxer.hikari.pool.HikariPool        : ConnDb-Santa_Cruz - Fill pool skipped, pool is at sufficient level.
2026-03-28 11:24:13.414 DEBUG 17828 --- [ool housekeeper] com.zaxxer.hikari.pool.HikariPool        : CentralHikariPool - Before cleanup stats (total=1, active=0, idle=1, waiting=0)
2026-03-28 11:24:13.415 DEBUG 17828 --- [ool housekeeper] com.zaxxer.hikari.pool.HikariPool        : CentralHikariPool - After cleanup  stats (total=1, active=0, idle=1, waiting=0)
2026-03-28 11:24:13.415 DEBUG 17828 --- [ool housekeeper] com.zaxxer.hikari.pool.HikariPool        : CentralHikariPool - Fill pool skipped, pool is at sufficient level.
2026-03-28 11:24:21.067 DEBUG 17828 --- [ruz housekeeper] com.zaxxer.hikari.pool.HikariPool        : ConnDb-Santa_Cruz - Before cleanup stats (total=1, active=0, idle=1, waiting=0)
2026-03-28 11:24:21.068 DEBUG 17828 --- [ruz housekeeper] com.zaxxer.hikari.pool.HikariPool        : ConnDb-Santa_Cruz - After cleanup  stats (total=1, active=0, idle=1, waiting=0)
2026-03-28 11:24:21.069 DEBUG 17828 --- [ruz housekeeper] com.zaxxer.hikari.pool.HikariPool        : ConnDb-Santa_Cruz - Fill pool skipped, pool is at sufficient level.
2026-03-28 11:24:25.260 DEBUG 17828 --- [l-1 housekeeper] com.zaxxer.hikari.pool.HikariPool        : HikariPool-1 - keepalive: connection ConnectionID:7 ClientConnectionId: 17d315e5-e767-45bb-a56a-9299d4dd8fa4 is alive
2026-03-28 11:24:29.212 DEBUG 17828 --- [l-1 housekeeper] com.zaxxer.hikari.pool.HikariPool        : HikariPool-1 - keepalive: connection ConnectionID:8 ClientConnectionId: 79e4b3d9-ce7d-46cd-a620-bd5d89a32233 is alive
2026-03-28 11:24:29.492 DEBUG 17828 --- [l-1 housekeeper] com.zaxxer.hikari.pool.HikariPool        : HikariPool-1 - keepalive: connection ConnectionID:6 ClientConnectionId: b1ce3a37-d549-4d0b-8626-564442cb7749 is alive
2026-03-28 11:24:29.924 DEBUG 17828 --- [l-1 housekeeper] com.zaxxer.hikari.pool.HikariPool        : HikariPool-1 - keepalive: connection ConnectionID:1 ClientConnectionId: 2b444233-0b40-48cb-88fb-d447dfc8d4cc is alive
2026-03-28 11:24:30.763 DEBUG 17828 --- [l-1 housekeeper] com.zaxxer.hikari.pool.HikariPool        : HikariPool-1 - Before cleanup stats (total=6, active=0, idle=6, waiting=0)
2026-03-28 11:24:30.763 DEBUG 17828 --- [l-1 housekeeper] com.zaxxer.hikari.pool.HikariPool        : HikariPool-1 - After cleanup  stats (total=6, active=0, idle=6, waiting=0)
2026-03-28 11:24:30.764 DEBUG 17828 --- [l-1 housekeeper] com.zaxxer.hikari.pool.HikariPool        : HikariPool-1 - Fill pool skipped, pool is at sufficient level.
2026-03-28 11:24:32.441 DEBUG 17828 --- [ruz housekeeper] com.zaxxer.hikari.pool.HikariPool        : ConnDb-Santa_Cruz - Before cleanup stats (total=1, active=0, idle=1, waiting=0)
2026-03-28 11:24:32.441 DEBUG 17828 --- [ruz housekeeper] com.zaxxer.hikari.pool.HikariPool        : ConnDb-Santa_Cruz - After cleanup  stats (total=1, active=0, idle=1, waiting=0)
2026-03-28 11:24:32.441 DEBUG 17828 --- [ruz housekeeper] com.zaxxer.hikari.pool.HikariPool        : ConnDb-Santa_Cruz - Fill pool skipped, pool is at sufficient level.
2026-03-28 11:24:33.978 DEBUG 17828 --- [l-1 housekeeper] com.zaxxer.hikari.pool.HikariPool        : HikariPool-1 - keepalive: connection ConnectionID:9 ClientConnectionId: 4881853f-b11d-4ee3-9a10-f3a5da22aedc is alive
2026-03-28 11:24:41.865 DEBUG 17828 --- [ool housekeeper] com.zaxxer.hikari.pool.HikariPool        : CentralHikariPool - keepalive: connection ConnectionID:5 ClientConnectionId: 20716227-2f9b-433e-bdad-e2623f8a4ce6 is alive
2026-03-28 11:24:43.427 DEBUG 17828 --- [ool housekeeper] com.zaxxer.hikari.pool.HikariPool        : CentralHikariPool - Before cleanup stats (total=1, active=0, idle=1, waiting=0)
2026-03-28 11:24:43.428 DEBUG 17828 --- [ool housekeeper] com.zaxxer.hikari.pool.HikariPool        : CentralHikariPool - After cleanup  stats (total=1, active=0, idle=1, waiting=0)
2026-03-28 11:24:43.428 DEBUG 17828 --- [ool housekeeper] com.zaxxer.hikari.pool.HikariPool        : CentralHikariPool - Fill pool skipped, pool is at sufficient level.
2026-03-28 11:24:51.078 DEBUG 17828 --- [ruz housekeeper] com.zaxxer.hikari.pool.HikariPool        : ConnDb-Santa_Cruz - Before cleanup stats (total=1, active=0, idle=1, waiting=0)
2026-03-28 11:24:51.079 DEBUG 17828 --- [ruz housekeeper] com.zaxxer.hikari.pool.HikariPool        : ConnDb-Santa_Cruz - After cleanup  stats (total=1, active=0, idle=1, waiting=0)
2026-03-28 11:24:51.081 DEBUG 17828 --- [ruz housekeeper] com.zaxxer.hikari.pool.HikariPool        : ConnDb-Santa_Cruz - Fill pool skipped, pool is at sufficient level.
2026-03-28 11:25:00.776 DEBUG 17828 --- [l-1 housekeeper] com.zaxxer.hikari.pool.HikariPool        : HikariPool-1 - Before cleanup stats (total=6, active=0, idle=6, waiting=0)
2026-03-28 11:25:00.778 DEBUG 17828 --- [l-1 housekeeper] com.zaxxer.hikari.pool.HikariPool        : HikariPool-1 - After cleanup  stats (total=6, active=0, idle=6, waiting=0)
2026-03-28 11:25:00.778 DEBUG 17828 --- [l-1 housekeeper] com.zaxxer.hikari.pool.HikariPool        : HikariPool-1 - Fill pool skipped, pool is at sufficient level.
2026-03-28 11:25:02.444 DEBUG 17828 --- [ruz housekeeper] com.zaxxer.hikari.pool.HikariPool        : ConnDb-Santa_Cruz - Before cleanup stats (total=1, active=0, idle=1, waiting=0)
2026-03-28 11:25:02.445 DEBUG 17828 --- [ruz housekeeper] com.zaxxer.hikari.pool.HikariPool        : ConnDb-Santa_Cruz - After cleanup  stats (total=1, active=0, idle=1, waiting=0)
2026-03-28 11:25:02.447 DEBUG 17828 --- [ruz housekeeper] com.zaxxer.hikari.pool.HikariPool        : ConnDb-Santa_Cruz - Fill pool skipped, pool is at sufficient level.
2026-03-28 11:25:03.654 DEBUG 17828 --- [io-8089-exec-10] o.s.web.servlet.DispatcherServlet        : GET "/catalogos/rutas?tecnicoId=98", parameters={masked}
2026-03-28 11:25:03.658 DEBUG 17828 --- [nio-8089-exec-5] o.s.web.servlet.DispatcherServlet        : GET "/catalogos/estados", parameters={}
2026-03-28 11:25:03.658 DEBUG 17828 --- [nio-8089-exec-7] o.s.web.servlet.DispatcherServlet        : GET "/catalogos/tipo-servicio", parameters={}
2026-03-28 11:25:03.658 DEBUG 17828 --- [nio-8089-exec-1] o.s.web.servlet.DispatcherServlet        : GET "/ot/spx_ObtenerCaberaVentaParaRegistroOTwb?clienteNro=694016&ot=28760243&tor=A01&grupo=GRUPO+M24_KEVIN+GEOVANI&tecnicoNombre=KEVIN+GEOVANI+BARROSO+NAVA", parameters={masked}
2026-03-28 11:25:03.806 DEBUG 17828 --- [io-8089-exec-10] s.w.s.m.m.a.RequestMappingHandlerMapping : Mapped to com.example.TigoStarSystem.catalogo.controller.CatalogoController#listarRutas(Integer)
2026-03-28 11:25:03.807 DEBUG 17828 --- [nio-8089-exec-5] s.w.s.m.m.a.RequestMappingHandlerMapping : Mapped to com.example.TigoStarSystem.catalogo.controller.CatalogoController#listarEstados()
2026-03-28 11:25:03.808 DEBUG 17828 --- [nio-8089-exec-7] s.w.s.m.m.a.RequestMappingHandlerMapping : Mapped to com.example.TigoStarSystem.catalogo.controller.CatalogoController#listarTipoServicio()
2026-03-28 11:25:03.808 DEBUG 17828 --- [nio-8089-exec-1] s.w.s.m.m.a.RequestMappingHandlerMapping : Mapped to com.example.TigoStarSystem.ot.controller.OtController#obtenerCabeceraVentaParaRegistroOtWb(String, Integer, Integer, String, String, String)
2026-03-28 11:25:03.809 DEBUG 17828 --- [io-8089-exec-10] o.s.jdbc.core.JdbcTemplate               : Executing prepared SQL query
2026-03-28 11:25:03.811 DEBUG 17828 --- [nio-8089-exec-1] o.s.jdbc.core.JdbcTemplate               : Executing SQL query [EXEC dbo.spx_ObtenerSucursalesConexion]
2026-03-28 11:25:03.810 DEBUG 17828 --- [nio-8089-exec-5] o.s.jdbc.core.JdbcTemplate               : Executing SQL query [EXEC sp_ObtenerEstado]
2026-03-28 11:25:03.812 DEBUG 17828 --- [nio-8089-exec-5] o.s.jdbc.datasource.DataSourceUtils      : Fetching JDBC Connection from DataSource
2026-03-28 11:25:03.810 DEBUG 17828 --- [nio-8089-exec-7] o.s.jdbc.core.JdbcTemplate               : Executing SQL query [EXEC spx_ObtenerTipoServicio]
2026-03-28 11:25:03.811 DEBUG 17828 --- [io-8089-exec-10] o.s.jdbc.core.JdbcTemplate               : Executing prepared SQL statement [EXEC spx_ObtenerRutaXIdTecnico ?]
2026-03-28 11:25:03.812 DEBUG 17828 --- [nio-8089-exec-1] o.s.jdbc.datasource.DataSourceUtils      : Fetching JDBC Connection from DataSource
2026-03-28 11:25:03.813 DEBUG 17828 --- [nio-8089-exec-7] o.s.jdbc.datasource.DataSourceUtils      : Fetching JDBC Connection from DataSource
2026-03-28 11:25:03.814 DEBUG 17828 --- [io-8089-exec-10] o.s.jdbc.datasource.DataSourceUtils      : Fetching JDBC Connection from DataSource
2026-03-28 11:25:03.824 DEBUG 17828 --- [nio-8089-exec-1] o.s.jdbc.core.JdbcTemplate               : Executing prepared SQL query
2026-03-28 11:25:03.824 DEBUG 17828 --- [nio-8089-exec-5] o.s.w.s.m.m.a.HttpEntityMethodProcessor  : Using 'application/json', given [application/json, text/plain, */*] and supported [application/json, application/*+json, application/json, application/*+json]
2026-03-28 11:25:03.824 DEBUG 17828 --- [io-8089-exec-10] o.s.w.s.m.m.a.HttpEntityMethodProcessor  : Using 'application/json', given [application/json, text/plain, */*] and supported [application/json, application/*+json, application/json, application/*+json]
2026-03-28 11:25:03.825 DEBUG 17828 --- [nio-8089-exec-1] o.s.jdbc.core.JdbcTemplate               : Executing prepared SQL statement [EXEC dbo.spx_ObtenerCaberaVentaParaRegistroOTwb ?, ?, ?, ?, ?]
2026-03-28 11:25:03.825 DEBUG 17828 --- [nio-8089-exec-5] o.s.w.s.m.m.a.HttpEntityMethodProcessor  : Writing [com.example.TigoStarSystem.common.ApiResponse@75deb92e]
2026-03-28 11:25:03.825 DEBUG 17828 --- [nio-8089-exec-7] o.s.w.s.m.m.a.HttpEntityMethodProcessor  : Using 'application/json', given [application/json, text/plain, */*] and supported [application/json, application/*+json, application/json, application/*+json]
2026-03-28 11:25:03.827 DEBUG 17828 --- [io-8089-exec-10] o.s.w.s.m.m.a.HttpEntityMethodProcessor  : Writing [com.example.TigoStarSystem.common.ApiResponse@add0bb1]
2026-03-28 11:25:03.827 DEBUG 17828 --- [nio-8089-exec-1] o.s.jdbc.datasource.DataSourceUtils      : Fetching JDBC Connection from DataSource
2026-03-28 11:25:03.829 DEBUG 17828 --- [nio-8089-exec-5] o.s.web.servlet.DispatcherServlet        : Completed 200 OK
2026-03-28 11:25:03.829 DEBUG 17828 --- [nio-8089-exec-7] o.s.w.s.m.m.a.HttpEntityMethodProcessor  : Writing [com.example.TigoStarSystem.common.ApiResponse@1582e494]
2026-03-28 11:25:03.830 DEBUG 17828 --- [io-8089-exec-10] o.s.web.servlet.DispatcherServlet        : Completed 200 OK
2026-03-28 11:25:03.833 DEBUG 17828 --- [nio-8089-exec-7] o.s.web.servlet.DispatcherServlet        : Completed 200 OK
2026-03-28 11:25:03.849 DEBUG 17828 --- [nio-8089-exec-1] o.s.w.s.m.m.a.HttpEntityMethodProcessor  : Using 'application/json', given [application/json, text/plain, */*] and supported [application/json, application/*+json, application/json, application/*+json]
2026-03-28 11:25:03.850 DEBUG 17828 --- [nio-8089-exec-1] o.s.w.s.m.m.a.HttpEntityMethodProcessor  : Writing [com.example.TigoStarSystem.common.ApiResponse@f391998]
2026-03-28 11:25:03.851 DEBUG 17828 --- [nio-8089-exec-1] o.s.web.servlet.DispatcherServlet        : Completed 200 OK
2026-03-28 11:25:07.097 DEBUG 17828 --- [l-1 housekeeper] com.zaxxer.hikari.pool.HikariPool        : HikariPool-1 - keepalive: connection ConnectionID:3 ClientConnectionId: dddb7997-98bc-4ca1-97a2-1b9ba4af601b is alive
2026-03-28 11:25:10.818 DEBUG 17828 --- [nio-8089-exec-8] o.s.web.servlet.DispatcherServlet        : POST "/ot/spx_RegistrarVentaParaRegistroOTwb", parameters={}
2026-03-28 11:25:10.820 DEBUG 17828 --- [nio-8089-exec-8] s.w.s.m.m.a.RequestMappingHandlerMapping : Mapped to com.example.TigoStarSystem.ot.controller.OtController#registrarVentaParaRegistroOtWb(String, OtRegistrarVentaRequest)
2026-03-28 11:25:10.821 DEBUG 17828 --- [nio-8089-exec-8] m.m.a.RequestResponseBodyMethodProcessor : Read "application/json;charset=UTF-8" to [com.example.TigoStarSystem.ot.dto.OtRegistrarVentaRequest@481525f9]
2026-03-28 11:25:10.823 DEBUG 17828 --- [nio-8089-exec-8] o.s.jdbc.core.JdbcTemplate               : Executing SQL query [EXEC dbo.spx_ObtenerSucursalesConexion]
2026-03-28 11:25:10.824 DEBUG 17828 --- [nio-8089-exec-8] o.s.jdbc.datasource.DataSourceUtils      : Fetching JDBC Connection from DataSource
2026-03-28 11:25:10.850 DEBUG 17828 --- [nio-8089-exec-8] o.s.jdbc.core.JdbcTemplate               : Executing prepared SQL query
2026-03-28 11:25:10.851 DEBUG 17828 --- [nio-8089-exec-8] o.s.jdbc.core.JdbcTemplate               : Executing prepared SQL statement [EXEC dbo.spx_RegistrarVentaParaRegistroOTwb ?, ?, ?, ?, ?, ?, ?, ?, ?, ?, ?, ?, ?, ?, ?, ?, ?]
2026-03-28 11:25:10.852 DEBUG 17828 --- [nio-8089-exec-8] o.s.jdbc.datasource.DataSourceUtils      : Fetching JDBC Connection from DataSource
2026-03-28 11:25:10.887 DEBUG 17828 --- [nio-8089-exec-8] o.s.w.s.m.m.a.HttpEntityMethodProcessor  : Using 'application/json', given [application/json, text/plain, */*] and supported [application/json, application/*+json, application/json, application/*+json]
2026-03-28 11:25:10.890 DEBUG 17828 --- [nio-8089-exec-8] o.s.w.s.m.m.a.HttpEntityMethodProcessor  : Writing [com.example.TigoStarSystem.common.ApiResponse@1eed4461]
2026-03-28 11:25:10.891 DEBUG 17828 --- [nio-8089-exec-8] o.s.web.servlet.DispatcherServlet        : Completed 200 OK
2026-03-28 11:25:12.676 DEBUG 17828 --- [nio-8089-exec-2] o.s.web.servlet.DispatcherServlet        : GET "/ot/spx_ValidarVentaYDetallewb?fecha=28%2F03%2F2026&nroOT=28759450&numeroCliente=2552233", parameters={masked}
2026-03-28 11:25:12.676 DEBUG 17828 --- [nio-8089-exec-9] o.s.web.servlet.DispatcherServlet        : GET "/ot/spx_ValidarVentaYDetallewb?fecha=28%2F03%2F2026&nroOT=28759209&numeroCliente=2620591", parameters={masked}
2026-03-28 11:25:12.676 DEBUG 17828 --- [nio-8089-exec-4] o.s.web.servlet.DispatcherServlet        : GET "/supervisor/spy_Ultimo_Estado_Dia_BO_CITA_MAKIRO?fecha=2026-03-28&idUsuario=98&tecnico=KEVIN+GEOVANI+BARROSO+NAVA", parameters={masked}
2026-03-28 11:25:12.677 DEBUG 17828 --- [nio-8089-exec-3] o.s.web.servlet.DispatcherServlet        : GET "/ot/spx_ValidarVentaYDetallewb?fecha=28%2F03%2F2026&nroOT=28760243&numeroCliente=694016", parameters={masked}
2026-03-28 11:25:12.677 DEBUG 17828 --- [nio-8089-exec-5] o.s.web.servlet.DispatcherServlet        : GET "/ot/spx_ValidarVentaYDetallewb?fecha=28%2F03%2F2026&nroOT=28761713&numeroCliente=1096072", parameters={masked}
2026-03-28 11:25:12.677 DEBUG 17828 --- [nio-8089-exec-6] o.s.web.servlet.DispatcherServlet        : GET "/ot/spx_ValidarVentaYDetallewb?fecha=28%2F03%2F2026&nroOT=28761686&numeroCliente=2589990", parameters={masked}
2026-03-28 11:25:12.685 DEBUG 17828 --- [nio-8089-exec-2] s.w.s.m.m.a.RequestMappingHandlerMapping : Mapped to com.example.TigoStarSystem.ot.controller.OtController#validarVentaYDetalleWb(String, String, Integer, Integer)
2026-03-28 11:25:12.686 DEBUG 17828 --- [nio-8089-exec-9] s.w.s.m.m.a.RequestMappingHandlerMapping : Mapped to com.example.TigoStarSystem.ot.controller.OtController#validarVentaYDetalleWb(String, String, Integer, Integer)
2026-03-28 11:25:12.734 DEBUG 17828 --- [nio-8089-exec-4] s.w.s.m.m.a.RequestMappingHandlerMapping : Mapped to com.example.TigoStarSystem.supervisor.controller.EstadoDiaBoCitaController#obtenerUltimoEstadoDia(String, LocalDate, String)
2026-03-28 11:25:12.735 DEBUG 17828 --- [nio-8089-exec-3] s.w.s.m.m.a.RequestMappingHandlerMapping : Mapped to com.example.TigoStarSystem.ot.controller.OtController#validarVentaYDetalleWb(String, String, Integer, Integer)
2026-03-28 11:25:12.735 DEBUG 17828 --- [nio-8089-exec-5] s.w.s.m.m.a.RequestMappingHandlerMapping : Mapped to com.example.TigoStarSystem.ot.controller.OtController#validarVentaYDetalleWb(String, String, Integer, Integer)
2026-03-28 11:25:12.736 DEBUG 17828 --- [nio-8089-exec-6] s.w.s.m.m.a.RequestMappingHandlerMapping : Mapped to com.example.TigoStarSystem.ot.controller.OtController#validarVentaYDetalleWb(String, String, Integer, Integer)
2026-03-28 11:25:12.737 DEBUG 17828 --- [nio-8089-exec-2] o.s.jdbc.core.JdbcTemplate               : Executing SQL query [EXEC dbo.spx_ObtenerSucursalesConexion]
2026-03-28 11:25:12.739 DEBUG 17828 --- [nio-8089-exec-4] o.s.jdbc.core.JdbcTemplate               : Executing prepared SQL query
2026-03-28 11:25:12.739 DEBUG 17828 --- [nio-8089-exec-9] o.s.jdbc.core.JdbcTemplate               : Executing SQL query [EXEC dbo.spx_ObtenerSucursalesConexion]
2026-03-28 11:25:12.742 DEBUG 17828 --- [nio-8089-exec-9] o.s.jdbc.datasource.DataSourceUtils      : Fetching JDBC Connection from DataSource
2026-03-28 11:25:12.740 DEBUG 17828 --- [nio-8089-exec-3] o.s.jdbc.core.JdbcTemplate               : Executing SQL query [EXEC dbo.spx_ObtenerSucursalesConexion]
2026-03-28 11:25:12.743 DEBUG 17828 --- [nio-8089-exec-3] o.s.jdbc.datasource.DataSourceUtils      : Fetching JDBC Connection from DataSource
2026-03-28 11:25:12.741 DEBUG 17828 --- [nio-8089-exec-5] o.s.jdbc.core.JdbcTemplate               : Executing SQL query [EXEC dbo.spx_ObtenerSucursalesConexion]
2026-03-28 11:25:12.741 DEBUG 17828 --- [nio-8089-exec-6] o.s.jdbc.core.JdbcTemplate               : Executing SQL query [EXEC dbo.spx_ObtenerSucursalesConexion]
2026-03-28 11:25:12.744 DEBUG 17828 --- [nio-8089-exec-6] o.s.jdbc.datasource.DataSourceUtils      : Fetching JDBC Connection from DataSource
2026-03-28 11:25:12.742 DEBUG 17828 --- [nio-8089-exec-2] o.s.jdbc.datasource.DataSourceUtils      : Fetching JDBC Connection from DataSource
2026-03-28 11:25:12.742 DEBUG 17828 --- [nio-8089-exec-4] o.s.jdbc.core.JdbcTemplate               : Executing prepared SQL statement [EXEC dbo.spy_Ultimo_Estado_Dia_BO_CITA_MAKIRO ?, ?]
2026-03-28 11:25:12.744 DEBUG 17828 --- [nio-8089-exec-5] o.s.jdbc.datasource.DataSourceUtils      : Fetching JDBC Connection from DataSource
2026-03-28 11:25:12.745 DEBUG 17828 --- [nio-8089-exec-4] o.s.jdbc.datasource.DataSourceUtils      : Fetching JDBC Connection from DataSource
2026-03-28 11:25:12.785 DEBUG 17828 --- [nio-8089-exec-9] o.s.jdbc.core.JdbcTemplate               : Executing prepared SQL query
2026-03-28 11:25:12.797 DEBUG 17828 --- [nio-8089-exec-3] o.s.jdbc.core.JdbcTemplate               : Executing prepared SQL query
2026-03-28 11:25:12.843 DEBUG 17828 --- [nio-8089-exec-3] o.s.jdbc.core.JdbcTemplate               : Executing prepared SQL statement [EXEC dbo.spx_ValidarVentaYDetallewb ?, ?, ?]
2026-03-28 11:25:12.798 DEBUG 17828 --- [nio-8089-exec-2] o.s.jdbc.core.JdbcTemplate               : Executing prepared SQL query
2026-03-28 11:25:12.799 DEBUG 17828 --- [nio-8089-exec-5] o.s.jdbc.core.JdbcTemplate               : Executing prepared SQL query
2026-03-28 11:25:12.800 DEBUG 17828 --- [nio-8089-exec-6] o.s.jdbc.core.JdbcTemplate               : Executing prepared SQL query
2026-03-28 11:25:12.845 DEBUG 17828 --- [nio-8089-exec-6] o.s.jdbc.core.JdbcTemplate               : Executing prepared SQL statement [EXEC dbo.spx_ValidarVentaYDetallewb ?, ?, ?]
2026-03-28 11:25:12.811 DEBUG 17828 --- [nio-8089-exec-4] o.s.w.s.m.m.a.HttpEntityMethodProcessor  : Using 'application/json', given [application/json, text/plain, */*] and supported [application/json, application/*+json, application/json, application/*+json]
2026-03-28 11:25:12.843 DEBUG 17828 --- [nio-8089-exec-9] o.s.jdbc.core.JdbcTemplate               : Executing prepared SQL statement [EXEC dbo.spx_ValidarVentaYDetallewb ?, ?, ?]
2026-03-28 11:25:12.844 DEBUG 17828 --- [nio-8089-exec-3] o.s.jdbc.datasource.DataSourceUtils      : Fetching JDBC Connection from DataSource
2026-03-28 11:25:12.844 DEBUG 17828 --- [nio-8089-exec-2] o.s.jdbc.core.JdbcTemplate               : Executing prepared SQL statement [EXEC dbo.spx_ValidarVentaYDetallewb ?, ?, ?]
2026-03-28 11:25:12.848 DEBUG 17828 --- [nio-8089-exec-2] o.s.jdbc.datasource.DataSourceUtils      : Fetching JDBC Connection from DataSource
2026-03-28 11:25:12.845 DEBUG 17828 --- [nio-8089-exec-5] o.s.jdbc.core.JdbcTemplate               : Executing prepared SQL statement [EXEC dbo.spx_ValidarVentaYDetallewb ?, ?, ?]
2026-03-28 11:25:12.846 DEBUG 17828 --- [nio-8089-exec-6] o.s.jdbc.datasource.DataSourceUtils      : Fetching JDBC Connection from DataSource
2026-03-28 11:25:12.847 DEBUG 17828 --- [nio-8089-exec-4] o.s.w.s.m.m.a.HttpEntityMethodProcessor  : Writing [com.example.TigoStarSystem.common.ApiResponse@72de4fda]
2026-03-28 11:25:12.847 DEBUG 17828 --- [nio-8089-exec-9] o.s.jdbc.datasource.DataSourceUtils      : Fetching JDBC Connection from DataSource
2026-03-28 11:25:12.849 DEBUG 17828 --- [nio-8089-exec-5] o.s.jdbc.datasource.DataSourceUtils      : Fetching JDBC Connection from DataSource
2026-03-28 11:25:12.851 DEBUG 17828 --- [nio-8089-exec-4] o.s.web.servlet.DispatcherServlet        : Completed 200 OK
2026-03-28 11:25:12.855 DEBUG 17828 --- [io-8089-exec-10] o.s.web.servlet.DispatcherServlet        : GET "/ot/spx_ValidarVentaYDetallewb?fecha=28%2F03%2F2026&nroOT=28762785&numeroCliente=1203674", parameters={masked}
2026-03-28 11:25:12.855 DEBUG 17828 --- [io-8089-exec-10] s.w.s.m.m.a.RequestMappingHandlerMapping : Mapped to com.example.TigoStarSystem.ot.controller.OtController#validarVentaYDetalleWb(String, String, Integer, Integer)
2026-03-28 11:25:12.857 DEBUG 17828 --- [io-8089-exec-10] o.s.jdbc.core.JdbcTemplate               : Executing SQL query [EXEC dbo.spx_ObtenerSucursalesConexion]
2026-03-28 11:25:12.859 DEBUG 17828 --- [io-8089-exec-10] o.s.jdbc.datasource.DataSourceUtils      : Fetching JDBC Connection from DataSource
2026-03-28 11:25:12.907 DEBUG 17828 --- [io-8089-exec-10] o.s.jdbc.core.JdbcTemplate               : Executing prepared SQL query
2026-03-28 11:25:12.908 DEBUG 17828 --- [io-8089-exec-10] o.s.jdbc.core.JdbcTemplate               : Executing prepared SQL statement [EXEC dbo.spx_ValidarVentaYDetallewb ?, ?, ?]
2026-03-28 11:25:12.909 DEBUG 17828 --- [io-8089-exec-10] o.s.jdbc.datasource.DataSourceUtils      : Fetching JDBC Connection from DataSource
2026-03-28 11:25:13.025 DEBUG 17828 --- [nio-8089-exec-5] o.s.w.s.m.m.a.HttpEntityMethodProcessor  : Using 'application/json', given [application/json, text/plain, */*] and supported [application/json, application/*+json, application/json, application/*+json]
2026-03-28 11:25:13.026 DEBUG 17828 --- [nio-8089-exec-5] o.s.w.s.m.m.a.HttpEntityMethodProcessor  : Writing [com.example.TigoStarSystem.common.ApiResponse@399687d4]
2026-03-28 11:25:13.027 DEBUG 17828 --- [nio-8089-exec-5] o.s.web.servlet.DispatcherServlet        : Completed 200 OK
2026-03-28 11:25:13.029 DEBUG 17828 --- [nio-8089-exec-7] o.s.web.servlet.DispatcherServlet        : GET "/ot/spx_ValidarVentaYDetallewb?fecha=28%2F03%2F2026&nroOT=28763544&numeroCliente=682543", parameters={masked}
2026-03-28 11:25:13.030 DEBUG 17828 --- [nio-8089-exec-7] s.w.s.m.m.a.RequestMappingHandlerMapping : Mapped to com.example.TigoStarSystem.ot.controller.OtController#validarVentaYDetalleWb(String, String, Integer, Integer)
2026-03-28 11:25:13.032 DEBUG 17828 --- [nio-8089-exec-7] o.s.jdbc.core.JdbcTemplate               : Executing SQL query [EXEC dbo.spx_ObtenerSucursalesConexion]
2026-03-28 11:25:13.034 DEBUG 17828 --- [nio-8089-exec-7] o.s.jdbc.datasource.DataSourceUtils      : Fetching JDBC Connection from DataSource
2026-03-28 11:25:13.041 DEBUG 17828 --- [nio-8089-exec-7] o.s.jdbc.core.JdbcTemplate               : Executing prepared SQL query
2026-03-28 11:25:13.042 DEBUG 17828 --- [nio-8089-exec-7] o.s.jdbc.core.JdbcTemplate               : Executing prepared SQL statement [EXEC dbo.spx_ValidarVentaYDetallewb ?, ?, ?]
2026-03-28 11:25:13.042 DEBUG 17828 --- [nio-8089-exec-7] o.s.jdbc.datasource.DataSourceUtils      : Fetching JDBC Connection from DataSource
2026-03-28 11:25:13.110 DEBUG 17828 --- [nio-8089-exec-6] o.s.w.s.m.m.a.HttpEntityMethodProcessor  : Using 'application/json', given [application/json, text/plain, */*] and supported [application/json, application/*+json, application/json, application/*+json]
2026-03-28 11:25:13.111 DEBUG 17828 --- [nio-8089-exec-6] o.s.w.s.m.m.a.HttpEntityMethodProcessor  : Writing [com.example.TigoStarSystem.common.ApiResponse@349b6dd1]
2026-03-28 11:25:13.112 DEBUG 17828 --- [nio-8089-exec-6] o.s.web.servlet.DispatcherServlet        : Completed 200 OK
2026-03-28 11:25:13.135 DEBUG 17828 --- [nio-8089-exec-2] o.s.w.s.m.m.a.HttpEntityMethodProcessor  : Using 'application/json', given [application/json, text/plain, */*] and supported [application/json, application/*+json, application/json, application/*+json]
2026-03-28 11:25:13.136 DEBUG 17828 --- [nio-8089-exec-2] o.s.w.s.m.m.a.HttpEntityMethodProcessor  : Writing [com.example.TigoStarSystem.common.ApiResponse@1e015a3b]
2026-03-28 11:25:13.137 DEBUG 17828 --- [nio-8089-exec-2] o.s.web.servlet.DispatcherServlet        : Completed 200 OK
2026-03-28 11:25:13.140 DEBUG 17828 --- [nio-8089-exec-9] o.s.w.s.m.m.a.HttpEntityMethodProcessor  : Using 'application/json', given [application/json, text/plain, */*] and supported [application/json, application/*+json, application/json, application/*+json]
2026-03-28 11:25:13.141 DEBUG 17828 --- [nio-8089-exec-9] o.s.w.s.m.m.a.HttpEntityMethodProcessor  : Writing [com.example.TigoStarSystem.common.ApiResponse@62329dea]
2026-03-28 11:25:13.144 DEBUG 17828 --- [nio-8089-exec-9] o.s.web.servlet.DispatcherServlet        : Completed 200 OK
2026-03-28 11:25:13.157 DEBUG 17828 --- [nio-8089-exec-3] o.s.w.s.m.m.a.HttpEntityMethodProcessor  : Using 'application/json', given [application/json, text/plain, */*] and supported [application/json, application/*+json, application/json, application/*+json]
2026-03-28 11:25:13.159 DEBUG 17828 --- [nio-8089-exec-3] o.s.w.s.m.m.a.HttpEntityMethodProcessor  : Writing [com.example.TigoStarSystem.common.ApiResponse@41f6f8d8]
2026-03-28 11:25:13.161 DEBUG 17828 --- [nio-8089-exec-3] o.s.web.servlet.DispatcherServlet        : Completed 200 OK
2026-03-28 11:25:13.230 DEBUG 17828 --- [io-8089-exec-10] o.s.w.s.m.m.a.HttpEntityMethodProcessor  : Using 'application/json', given [application/json, text/plain, */*] and supported [application/json, application/*+json, application/json, application/*+json]
2026-03-28 11:25:13.230 DEBUG 17828 --- [io-8089-exec-10] o.s.w.s.m.m.a.HttpEntityMethodProcessor  : Writing [com.example.TigoStarSystem.common.ApiResponse@292e27ba]
2026-03-28 11:25:13.231 DEBUG 17828 --- [io-8089-exec-10] o.s.web.servlet.DispatcherServlet        : Completed 200 OK
2026-03-28 11:25:13.234 DEBUG 17828 --- [nio-8089-exec-7] o.s.w.s.m.m.a.HttpEntityMethodProcessor  : Using 'application/json', given [application/json, text/plain, */*] and supported [application/json, application/*+json, application/json, application/*+json]
2026-03-28 11:25:13.235 DEBUG 17828 --- [nio-8089-exec-7] o.s.w.s.m.m.a.HttpEntityMethodProcessor  : Writing [com.example.TigoStarSystem.common.ApiResponse@239e7be6]
2026-03-28 11:25:13.235 DEBUG 17828 --- [nio-8089-exec-7] o.s.web.servlet.DispatcherServlet        : Completed 200 OK
2026-03-28 11:25:13.445 DEBUG 17828 --- [ool housekeeper] com.zaxxer.hikari.pool.HikariPool        : CentralHikariPool - Before cleanup stats (total=1, active=0, idle=1, waiting=0)
2026-03-28 11:25:13.446 DEBUG 17828 --- [ool housekeeper] com.zaxxer.hikari.pool.HikariPool        : CentralHikariPool - After cleanup  stats (total=1, active=0, idle=1, waiting=0)
2026-03-28 11:25:13.446 DEBUG 17828 --- [ool housekeeper] com.zaxxer.hikari.pool.HikariPool        : CentralHikariPool - Fill pool skipped, pool is at sufficient level.
2026-03-28 11:25:21.084 DEBUG 17828 --- [ruz housekeeper] com.zaxxer.hikari.pool.HikariPool        : ConnDb-Santa_Cruz - Before cleanup stats (total=1, active=0, idle=1, waiting=0)
2026-03-28 11:25:21.085 DEBUG 17828 --- [ruz housekeeper] com.zaxxer.hikari.pool.HikariPool        : ConnDb-Santa_Cruz - After cleanup  stats (total=1, active=0, idle=1, waiting=0)
2026-03-28 11:25:21.085 DEBUG 17828 --- [ruz housekeeper] com.zaxxer.hikari.pool.HikariPool        : ConnDb-Santa_Cruz - Fill pool skipped, pool is at sufficient level.
2026-03-28 11:25:30.787 DEBUG 17828 --- [l-1 housekeeper] com.zaxxer.hikari.pool.HikariPool        : HikariPool-1 - Before cleanup stats (total=6, active=0, idle=6, waiting=0)
2026-03-28 11:25:30.787 DEBUG 17828 --- [l-1 housekeeper] com.zaxxer.hikari.pool.HikariPool        : HikariPool-1 - After cleanup  stats (total=6, active=0, idle=6, waiting=0)
2026-03-28 11:25:30.788 DEBUG 17828 --- [l-1 housekeeper] com.zaxxer.hikari.pool.HikariPool        : HikariPool-1 - Fill pool skipped, pool is at sufficient level.
2026-03-28 11:25:32.460 DEBUG 17828 --- [ruz housekeeper] com.zaxxer.hikari.pool.HikariPool        : ConnDb-Santa_Cruz - Before cleanup stats (total=1, active=0, idle=1, waiting=0)
2026-03-28 11:25:32.461 DEBUG 17828 --- [ruz housekeeper] com.zaxxer.hikari.pool.HikariPool        : ConnDb-Santa_Cruz - After cleanup  stats (total=1, active=0, idle=1, waiting=0)
2026-03-28 11:25:32.461 DEBUG 17828 --- [ruz housekeeper] com.zaxxer.hikari.pool.HikariPool        : ConnDb-Santa_Cruz - Fill pool skipped, pool is at sufficient level.
2026-03-28 11:25:43.454 DEBUG 17828 --- [ool housekeeper] com.zaxxer.hikari.pool.HikariPool        : CentralHikariPool - Before cleanup stats (total=1, active=0, idle=1, waiting=0)
2026-03-28 11:25:43.455 DEBUG 17828 --- [ool housekeeper] com.zaxxer.hikari.pool.HikariPool        : CentralHikariPool - After cleanup  stats (total=1, active=0, idle=1, waiting=0)
2026-03-28 11:25:43.457 DEBUG 17828 --- [ool housekeeper] com.zaxxer.hikari.pool.HikariPool        : CentralHikariPool - Fill pool skipped, pool is at sufficient level.
2026-03-28 11:25:51.098 DEBUG 17828 --- [ruz housekeeper] com.zaxxer.hikari.pool.HikariPool        : ConnDb-Santa_Cruz - Before cleanup stats (total=1, active=0, idle=1, waiting=0)
2026-03-28 11:25:51.099 DEBUG 17828 --- [ruz housekeeper] com.zaxxer.hikari.pool.HikariPool        : ConnDb-Santa_Cruz - After cleanup  stats (total=1, active=0, idle=1, waiting=0)
2026-03-28 11:25:51.099 DEBUG 17828 --- [ruz housekeeper] com.zaxxer.hikari.pool.HikariPool        : ConnDb-Santa_Cruz - Fill pool skipped, pool is at sufficient level.
2026-03-28 11:26:00.803 DEBUG 17828 --- [l-1 housekeeper] com.zaxxer.hikari.pool.HikariPool        : HikariPool-1 - Before cleanup stats (total=6, active=0, idle=6, waiting=0)
2026-03-28 11:26:00.804 DEBUG 17828 --- [l-1 housekeeper] com.zaxxer.hikari.pool.HikariPool        : HikariPool-1 - After cleanup  stats (total=6, active=0, idle=6, waiting=0)
2026-03-28 11:26:00.804 DEBUG 17828 --- [l-1 housekeeper] com.zaxxer.hikari.pool.HikariPool        : HikariPool-1 - Fill pool skipped, pool is at sufficient level.
2026-03-28 11:26:02.473 DEBUG 17828 --- [ruz housekeeper] com.zaxxer.hikari.pool.HikariPool        : ConnDb-Santa_Cruz - Before cleanup stats (total=1, active=0, idle=1, waiting=0)
2026-03-28 11:26:02.474 DEBUG 17828 --- [ruz housekeeper] com.zaxxer.hikari.pool.HikariPool        : ConnDb-Santa_Cruz - After cleanup  stats (total=1, active=0, idle=1, waiting=0)
2026-03-28 11:26:02.474 DEBUG 17828 --- [ruz housekeeper] com.zaxxer.hikari.pool.HikariPool        : ConnDb-Santa_Cruz - Fill pool skipped, pool is at sufficient level.
2026-03-28 11:26:13.458 DEBUG 17828 --- [ool housekeeper] com.zaxxer.hikari.pool.HikariPool        : CentralHikariPool - Before cleanup stats (total=1, active=0, idle=1, waiting=0)
2026-03-28 11:26:13.458 DEBUG 17828 --- [ool housekeeper] com.zaxxer.hikari.pool.HikariPool        : CentralHikariPool - After cleanup  stats (total=1, active=0, idle=1, waiting=0)
2026-03-28 11:26:13.459 DEBUG 17828 --- [ool housekeeper] com.zaxxer.hikari.pool.HikariPool        : CentralHikariPool - Fill pool skipped, pool is at sufficient level.
2026-03-28 11:26:21.100 DEBUG 17828 --- [ruz housekeeper] com.zaxxer.hikari.pool.HikariPool        : ConnDb-Santa_Cruz - Before cleanup stats (total=1, active=0, idle=1, waiting=0)
2026-03-28 11:26:21.101 DEBUG 17828 --- [ruz housekeeper] com.zaxxer.hikari.pool.HikariPool        : ConnDb-Santa_Cruz - After cleanup  stats (total=1, active=0, idle=1, waiting=0)
2026-03-28 11:26:21.101 DEBUG 17828 --- [ruz housekeeper] com.zaxxer.hikari.pool.HikariPool        : ConnDb-Santa_Cruz - Fill pool skipped, pool is at sufficient level.
2026-03-28 11:26:22.052 DEBUG 17828 --- [l-1 housekeeper] com.zaxxer.hikari.pool.HikariPool        : HikariPool-1 - keepalive: connection ConnectionID:7 ClientConnectionId: 17d315e5-e767-45bb-a56a-9299d4dd8fa4 is alive
2026-03-28 11:26:27.333 DEBUG 17828 --- [l-1 housekeeper] com.zaxxer.hikari.pool.HikariPool        : HikariPool-1 - keepalive: connection ConnectionID:8 ClientConnectionId: 79e4b3d9-ce7d-46cd-a620-bd5d89a32233 is alive
2026-03-28 11:26:27.748 DEBUG 17828 --- [l-1 housekeeper] com.zaxxer.hikari.pool.HikariPool        : HikariPool-1 - keepalive: connection ConnectionID:6 ClientConnectionId: b1ce3a37-d549-4d0b-8626-564442cb7749 is alive
2026-03-28 11:26:29.888 DEBUG 17828 --- [l-1 housekeeper] com.zaxxer.hikari.pool.HikariPool        : HikariPool-1 - keepalive: connection ConnectionID:1 ClientConnectionId: 2b444233-0b40-48cb-88fb-d447dfc8d4cc is alive
2026-03-28 11:26:30.818 DEBUG 17828 --- [l-1 housekeeper] com.zaxxer.hikari.pool.HikariPool        : HikariPool-1 - Before cleanup stats (total=6, active=0, idle=6, waiting=0)
2026-03-28 11:26:30.818 DEBUG 17828 --- [l-1 housekeeper] com.zaxxer.hikari.pool.HikariPool        : HikariPool-1 - After cleanup  stats (total=6, active=0, idle=6, waiting=0)
2026-03-28 11:26:30.819 DEBUG 17828 --- [l-1 housekeeper] com.zaxxer.hikari.pool.HikariPool        : HikariPool-1 - Fill pool skipped, pool is at sufficient level.
2026-03-28 11:26:32.098 DEBUG 17828 --- [ool housekeeper] com.zaxxer.hikari.pool.HikariPool        : CentralHikariPool - keepalive: connection ConnectionID:5 ClientConnectionId: 20716227-2f9b-433e-bdad-e2623f8a4ce6 is alive
2026-03-28 11:26:32.484 DEBUG 17828 --- [ruz housekeeper] com.zaxxer.hikari.pool.HikariPool        : ConnDb-Santa_Cruz - Before cleanup stats (total=1, active=0, idle=1, waiting=0)
2026-03-28 11:26:32.484 DEBUG 17828 --- [ruz housekeeper] com.zaxxer.hikari.pool.HikariPool        : ConnDb-Santa_Cruz - After cleanup  stats (total=1, active=0, idle=1, waiting=0)
2026-03-28 11:26:32.485 DEBUG 17828 --- [ruz housekeeper] com.zaxxer.hikari.pool.HikariPool        : ConnDb-Santa_Cruz - Fill pool skipped, pool is at sufficient level.
2026-03-28 11:26:33.689 DEBUG 17828 --- [l-1 housekeeper] com.zaxxer.hikari.pool.HikariPool        : HikariPool-1 - keepalive: connection ConnectionID:9 ClientConnectionId: 4881853f-b11d-4ee3-9a10-f3a5da22aedc is alive
2026-03-28 11:26:43.461 DEBUG 17828 --- [ool housekeeper] com.zaxxer.hikari.pool.HikariPool        : CentralHikariPool - Before cleanup stats (total=1, active=0, idle=1, waiting=0)
2026-03-28 11:26:43.461 DEBUG 17828 --- [ool housekeeper] com.zaxxer.hikari.pool.HikariPool        : CentralHikariPool - After cleanup  stats (total=1, active=0, idle=1, waiting=0)
2026-03-28 11:26:43.462 DEBUG 17828 --- [ool housekeeper] com.zaxxer.hikari.pool.HikariPool        : CentralHikariPool - Fill pool skipped, pool is at sufficient level.
2026-03-28 11:26:51.114 DEBUG 17828 --- [ruz housekeeper] com.zaxxer.hikari.pool.HikariPool        : ConnDb-Santa_Cruz - Before cleanup stats (total=1, active=0, idle=1, waiting=0)
2026-03-28 11:26:51.114 DEBUG 17828 --- [ruz housekeeper] com.zaxxer.hikari.pool.HikariPool        : ConnDb-Santa_Cruz - After cleanup  stats (total=1, active=0, idle=1, waiting=0)
2026-03-28 11:26:51.115 DEBUG 17828 --- [ruz housekeeper] com.zaxxer.hikari.pool.HikariPool        : ConnDb-Santa_Cruz - Fill pool skipped, pool is at sufficient level.
2026-03-28 11:27:00.833 DEBUG 17828 --- [l-1 housekeeper] com.zaxxer.hikari.pool.HikariPool        : HikariPool-1 - Before cleanup stats (total=6, active=0, idle=6, waiting=0)
2026-03-28 11:27:00.834 DEBUG 17828 --- [l-1 housekeeper] com.zaxxer.hikari.pool.HikariPool        : HikariPool-1 - After cleanup  stats (total=6, active=0, idle=6, waiting=0)
2026-03-28 11:27:00.834 DEBUG 17828 --- [l-1 housekeeper] com.zaxxer.hikari.pool.HikariPool        : HikariPool-1 - Fill pool skipped, pool is at sufficient level.
2026-03-28 11:27:02.490 DEBUG 17828 --- [ruz housekeeper] com.zaxxer.hikari.pool.HikariPool        : ConnDb-Santa_Cruz - Before cleanup stats (total=1, active=0, idle=1, waiting=0)
2026-03-28 11:27:02.491 DEBUG 17828 --- [ruz housekeeper] com.zaxxer.hikari.pool.HikariPool        : ConnDb-Santa_Cruz - After cleanup  stats (total=0, active=0, idle=0, waiting=0)
2026-03-28 11:27:02.492 DEBUG 17828 --- [nnection closer] com.zaxxer.hikari.pool.PoolBase          : ConnDb-Santa_Cruz - Closing connection ConnectionID:2 ClientConnectionId: 8d586edc-ab48-4155-a233-2e8159736005: (connection has passed idleTimeout)
2026-03-28 11:27:02.492 DEBUG 17828 --- [ruz housekeeper] com.zaxxer.hikari.pool.HikariPool        : ConnDb-Santa_Cruz - Fill pool skipped, pool is at sufficient level.
2026-03-28 11:27:02.493 DEBUG 17828 --- [nnection closer] com.zaxxer.hikari.pool.HikariPool        : ConnDb-Santa_Cruz - Fill pool skipped, pool is at sufficient level.
2026-03-28 11:27:03.664 DEBUG 17828 --- [l-1 housekeeper] com.zaxxer.hikari.pool.HikariPool        : HikariPool-1 - keepalive: connection ConnectionID:3 ClientConnectionId: dddb7997-98bc-4ca1-97a2-1b9ba4af601b is alive
2026-03-28 11:27:13.467 DEBUG 17828 --- [ool housekeeper] com.zaxxer.hikari.pool.HikariPool        : CentralHikariPool - Before cleanup stats (total=1, active=0, idle=1, waiting=0)
2026-03-28 11:27:13.468 DEBUG 17828 --- [ool housekeeper] com.zaxxer.hikari.pool.HikariPool        : CentralHikariPool - After cleanup  stats (total=1, active=0, idle=1, waiting=0)
2026-03-28 11:27:13.469 DEBUG 17828 --- [ool housekeeper] com.zaxxer.hikari.pool.HikariPool        : CentralHikariPool - Fill pool skipped, pool is at sufficient level.
2026-03-28 11:27:21.117 DEBUG 17828 --- [ruz housekeeper] com.zaxxer.hikari.pool.HikariPool        : ConnDb-Santa_Cruz - Before cleanup stats (total=1, active=0, idle=1, waiting=0)
2026-03-28 11:27:21.118 DEBUG 17828 --- [ruz housekeeper] com.zaxxer.hikari.pool.HikariPool        : ConnDb-Santa_Cruz - After cleanup  stats (total=0, active=0, idle=0, waiting=0)
2026-03-28 11:27:21.118 DEBUG 17828 --- [nnection closer] com.zaxxer.hikari.pool.PoolBase          : ConnDb-Santa_Cruz - Closing connection ConnectionID:4 ClientConnectionId: 38fb35c4-bd9a-4bff-94ec-709ba0a01b60: (connection has passed idleTimeout)
2026-03-28 11:27:21.118 DEBUG 17828 --- [ruz housekeeper] com.zaxxer.hikari.pool.HikariPool        : ConnDb-Santa_Cruz - Fill pool skipped, pool is at sufficient level.
2026-03-28 11:27:21.120 DEBUG 17828 --- [nnection closer] com.zaxxer.hikari.pool.HikariPool        : ConnDb-Santa_Cruz - Fill pool skipped, pool is at sufficient level.
2026-03-28 11:27:30.840 DEBUG 17828 --- [l-1 housekeeper] com.zaxxer.hikari.pool.HikariPool        : HikariPool-1 - Before cleanup stats (total=6, active=0, idle=6, waiting=0)
2026-03-28 11:27:30.841 DEBUG 17828 --- [l-1 housekeeper] com.zaxxer.hikari.pool.HikariPool        : HikariPool-1 - After cleanup  stats (total=6, active=0, idle=6, waiting=0)
2026-03-28 11:27:30.842 DEBUG 17828 --- [l-1 housekeeper] com.zaxxer.hikari.pool.HikariPool        : HikariPool-1 - Fill pool skipped, pool is at sufficient level.
2026-03-28 11:27:32.495 DEBUG 17828 --- [ruz housekeeper] com.zaxxer.hikari.pool.HikariPool        : ConnDb-Santa_Cruz - Before cleanup stats (total=0, active=0, idle=0, waiting=0)
2026-03-28 11:27:32.540 DEBUG 17828 --- [ruz housekeeper] com.zaxxer.hikari.pool.HikariPool        : ConnDb-Santa_Cruz - After cleanup  stats (total=0, active=0, idle=0, waiting=0)
2026-03-28 11:27:32.541 DEBUG 17828 --- [ruz housekeeper] com.zaxxer.hikari.pool.HikariPool        : ConnDb-Santa_Cruz - Fill pool skipped, pool is at sufficient level.
2026-03-28 11:27:43.472 DEBUG 17828 --- [ool housekeeper] com.zaxxer.hikari.pool.HikariPool        : CentralHikariPool - Before cleanup stats (total=1, active=0, idle=1, waiting=0)
2026-03-28 11:27:43.472 DEBUG 17828 --- [ool housekeeper] com.zaxxer.hikari.pool.HikariPool        : CentralHikariPool - After cleanup  stats (total=1, active=0, idle=1, waiting=0)
2026-03-28 11:27:43.473 DEBUG 17828 --- [ool housekeeper] com.zaxxer.hikari.pool.HikariPool        : CentralHikariPool - Fill pool skipped, pool is at sufficient level.
2026-03-28 11:27:51.130 DEBUG 17828 --- [ruz housekeeper] com.zaxxer.hikari.pool.HikariPool        : ConnDb-Santa_Cruz - Before cleanup stats (total=0, active=0, idle=0, waiting=0)
2026-03-28 11:27:51.131 DEBUG 17828 --- [ruz housekeeper] com.zaxxer.hikari.pool.HikariPool        : ConnDb-Santa_Cruz - After cleanup  stats (total=0, active=0, idle=0, waiting=0)
2026-03-28 11:27:51.132 DEBUG 17828 --- [ruz housekeeper] com.zaxxer.hikari.pool.HikariPool        : ConnDb-Santa_Cruz - Fill pool skipped, pool is at sufficient level.
2026-03-28 11:28:00.845 DEBUG 17828 --- [l-1 housekeeper] com.zaxxer.hikari.pool.HikariPool        : HikariPool-1 - Before cleanup stats (total=6, active=0, idle=6, waiting=0)
2026-03-28 11:28:00.847 DEBUG 17828 --- [l-1 housekeeper] com.zaxxer.hikari.pool.HikariPool        : HikariPool-1 - After cleanup  stats (total=6, active=0, idle=6, waiting=0)
2026-03-28 11:28:00.853 DEBUG 17828 --- [l-1 housekeeper] com.zaxxer.hikari.pool.HikariPool        : HikariPool-1 - Fill pool skipped, pool is at sufficient level.
2026-03-28 11:28:02.551 DEBUG 17828 --- [ruz housekeeper] com.zaxxer.hikari.pool.HikariPool        : ConnDb-Santa_Cruz - Before cleanup stats (total=0, active=0, idle=0, waiting=0)
2026-03-28 11:28:02.552 DEBUG 17828 --- [ruz housekeeper] com.zaxxer.hikari.pool.HikariPool        : ConnDb-Santa_Cruz - After cleanup  stats (total=0, active=0, idle=0, waiting=0)
2026-03-28 11:28:02.552 DEBUG 17828 --- [ruz housekeeper] com.zaxxer.hikari.pool.HikariPool        : ConnDb-Santa_Cruz - Fill pool skipped, pool is at sufficient level.
2026-03-28 11:28:13.486 DEBUG 17828 --- [ool housekeeper] com.zaxxer.hikari.pool.HikariPool        : CentralHikariPool - Before cleanup stats (total=1, active=0, idle=1, waiting=0)
2026-03-28 11:28:13.487 DEBUG 17828 --- [ool housekeeper] com.zaxxer.hikari.pool.HikariPool        : CentralHikariPool - After cleanup  stats (total=1, active=0, idle=1, waiting=0)
2026-03-28 11:28:13.487 DEBUG 17828 --- [ool housekeeper] com.zaxxer.hikari.pool.HikariPool        : CentralHikariPool - Fill pool skipped, pool is at sufficient level.
2026-03-28 11:28:18.844 DEBUG 17828 --- [l-1 housekeeper] com.zaxxer.hikari.pool.HikariPool        : HikariPool-1 - keepalive: connection ConnectionID:7 ClientConnectionId: 17d315e5-e767-45bb-a56a-9299d4dd8fa4 is alive
2026-03-28 11:28:21.136 DEBUG 17828 --- [ruz housekeeper] com.zaxxer.hikari.pool.HikariPool        : ConnDb-Santa_Cruz - Before cleanup stats (total=0, active=0, idle=0, waiting=0)
2026-03-28 11:28:21.407 DEBUG 17828 --- [ruz housekeeper] com.zaxxer.hikari.pool.HikariPool        : ConnDb-Santa_Cruz - After cleanup  stats (total=0, active=0, idle=0, waiting=0)
2026-03-28 11:28:21.407 DEBUG 17828 --- [ruz housekeeper] com.zaxxer.hikari.pool.HikariPool        : ConnDb-Santa_Cruz - Fill pool skipped, pool is at sufficient level.
2026-03-28 11:28:22.314 DEBUG 17828 --- [ool housekeeper] com.zaxxer.hikari.pool.HikariPool        : CentralHikariPool - keepalive: connection ConnectionID:5 ClientConnectionId: 20716227-2f9b-433e-bdad-e2623f8a4ce6 is alive
2026-03-28 11:28:25.425 DEBUG 17828 --- [l-1 housekeeper] com.zaxxer.hikari.pool.HikariPool        : HikariPool-1 - keepalive: connection ConnectionID:8 ClientConnectionId: 79e4b3d9-ce7d-46cd-a620-bd5d89a32233 is alive
2026-03-28 11:28:25.966 DEBUG 17828 --- [l-1 housekeeper] com.zaxxer.hikari.pool.HikariPool        : HikariPool-1 - keepalive: connection ConnectionID:6 ClientConnectionId: b1ce3a37-d549-4d0b-8626-564442cb7749 is alive
2026-03-28 11:28:29.842 DEBUG 17828 --- [l-1 housekeeper] com.zaxxer.hikari.pool.HikariPool        : HikariPool-1 - keepalive: connection ConnectionID:1 ClientConnectionId: 2b444233-0b40-48cb-88fb-d447dfc8d4cc is alive
2026-03-28 11:28:30.855 DEBUG 17828 --- [l-1 housekeeper] com.zaxxer.hikari.pool.HikariPool        : HikariPool-1 - Before cleanup stats (total=6, active=0, idle=6, waiting=0)
2026-03-28 11:28:30.856 DEBUG 17828 --- [l-1 housekeeper] com.zaxxer.hikari.pool.HikariPool        : HikariPool-1 - After cleanup  stats (total=6, active=0, idle=6, waiting=0)
2026-03-28 11:28:30.857 DEBUG 17828 --- [l-1 housekeeper] com.zaxxer.hikari.pool.HikariPool        : HikariPool-1 - Fill pool skipped, pool is at sufficient level.
2026-03-28 11:28:32.554 DEBUG 17828 --- [ruz housekeeper] com.zaxxer.hikari.pool.HikariPool        : ConnDb-Santa_Cruz - Before cleanup stats (total=0, active=0, idle=0, waiting=0)
2026-03-28 11:28:32.555 DEBUG 17828 --- [ruz housekeeper] com.zaxxer.hikari.pool.HikariPool        : ConnDb-Santa_Cruz - After cleanup  stats (total=0, active=0, idle=0, waiting=0)
2026-03-28 11:28:32.556 DEBUG 17828 --- [ruz housekeeper] com.zaxxer.hikari.pool.HikariPool        : ConnDb-Santa_Cruz - Fill pool skipped, pool is at sufficient level.
2026-03-28 11:28:33.369 DEBUG 17828 --- [l-1 housekeeper] com.zaxxer.hikari.pool.HikariPool        : HikariPool-1 - keepalive: connection ConnectionID:9 ClientConnectionId: 4881853f-b11d-4ee3-9a10-f3a5da22aedc is alive
2026-03-28 11:28:43.492 DEBUG 17828 --- [ool housekeeper] com.zaxxer.hikari.pool.HikariPool        : CentralHikariPool - Before cleanup stats (total=1, active=0, idle=1, waiting=0)
2026-03-28 11:28:43.493 DEBUG 17828 --- [ool housekeeper] com.zaxxer.hikari.pool.HikariPool        : CentralHikariPool - After cleanup  stats (total=1, active=0, idle=1, waiting=0)
2026-03-28 11:28:43.494 DEBUG 17828 --- [ool housekeeper] com.zaxxer.hikari.pool.HikariPool        : CentralHikariPool - Fill pool skipped, pool is at sufficient level.
2026-03-28 11:28:51.487 DEBUG 17828 --- [ruz housekeeper] com.zaxxer.hikari.pool.HikariPool        : ConnDb-Santa_Cruz - Before cleanup stats (total=0, active=0, idle=0, waiting=0)
2026-03-28 11:28:51.489 DEBUG 17828 --- [ruz housekeeper] com.zaxxer.hikari.pool.HikariPool        : ConnDb-Santa_Cruz - After cleanup  stats (total=0, active=0, idle=0, waiting=0)
2026-03-28 11:28:51.490 DEBUG 17828 --- [ruz housekeeper] com.zaxxer.hikari.pool.HikariPool        : ConnDb-Santa_Cruz - Fill pool skipped, pool is at sufficient level.
2026-03-28 11:29:00.222 DEBUG 17828 --- [io-8089-exec-10] o.s.web.servlet.DispatcherServlet        : GET "/ot/spx_ValidarVentaYDetallewb?fecha=28%2F03%2F2026&nroOT=28759450&numeroCliente=2552233", parameters={masked}
2026-03-28 11:29:00.222 DEBUG 17828 --- [nio-8089-exec-3] o.s.web.servlet.DispatcherServlet        : GET "/ot/spx_ValidarVentaYDetallewb?fecha=28%2F03%2F2026&nroOT=28759209&numeroCliente=2620591", parameters={masked}
2026-03-28 11:29:00.222 DEBUG 17828 --- [nio-8089-exec-9] o.s.web.servlet.DispatcherServlet        : GET "/supervisor/spy_Ultimo_Estado_Dia_BO_CITA_MAKIRO?fecha=2026-03-28&idUsuario=98&tecnico=KEVIN+GEOVANI+BARROSO+NAVA", parameters={masked}
2026-03-28 11:29:00.224 DEBUG 17828 --- [nio-8089-exec-5] o.s.web.servlet.DispatcherServlet        : GET "/ot/spx_ValidarVentaYDetallewb?fecha=28%2F03%2F2026&nroOT=28761686&numeroCliente=2589990", parameters={masked}
2026-03-28 11:29:00.224 DEBUG 17828 --- [nio-8089-exec-4] o.s.web.servlet.DispatcherServlet        : GET "/ot/spx_ValidarVentaYDetallewb?fecha=28%2F03%2F2026&nroOT=28761713&numeroCliente=1096072", parameters={masked}
2026-03-28 11:29:00.224 DEBUG 17828 --- [nio-8089-exec-7] o.s.web.servlet.DispatcherServlet        : GET "/ot/spx_ValidarVentaYDetallewb?fecha=28%2F03%2F2026&nroOT=28760243&numeroCliente=694016", parameters={masked}
2026-03-28 11:29:00.235 DEBUG 17828 --- [l-1 housekeeper] com.zaxxer.hikari.pool.HikariPool        : HikariPool-1 - keepalive: connection ConnectionID:3 ClientConnectionId: dddb7997-98bc-4ca1-97a2-1b9ba4af601b is alive
2026-03-28 11:29:01.509 DEBUG 17828 --- [io-8089-exec-10] s.w.s.m.m.a.RequestMappingHandlerMapping : Mapped to com.example.TigoStarSystem.ot.controller.OtController#validarVentaYDetalleWb(String, String, Integer, Integer)
2026-03-28 11:29:01.667 DEBUG 17828 --- [nio-8089-exec-3] s.w.s.m.m.a.RequestMappingHandlerMapping : Mapped to com.example.TigoStarSystem.ot.controller.OtController#validarVentaYDetalleWb(String, String, Integer, Integer)
2026-03-28 11:29:01.669 DEBUG 17828 --- [nio-8089-exec-9] s.w.s.m.m.a.RequestMappingHandlerMapping : Mapped to com.example.TigoStarSystem.supervisor.controller.EstadoDiaBoCitaController#obtenerUltimoEstadoDia(String, LocalDate, String)
2026-03-28 11:29:01.768 DEBUG 17828 --- [nio-8089-exec-5] s.w.s.m.m.a.RequestMappingHandlerMapping : Mapped to com.example.TigoStarSystem.ot.controller.OtController#validarVentaYDetalleWb(String, String, Integer, Integer)
2026-03-28 11:29:01.769 DEBUG 17828 --- [nio-8089-exec-4] s.w.s.m.m.a.RequestMappingHandlerMapping : Mapped to com.example.TigoStarSystem.ot.controller.OtController#validarVentaYDetalleWb(String, String, Integer, Integer)
2026-03-28 11:29:01.770 DEBUG 17828 --- [nio-8089-exec-7] s.w.s.m.m.a.RequestMappingHandlerMapping : Mapped to com.example.TigoStarSystem.ot.controller.OtController#validarVentaYDetalleWb(String, String, Integer, Integer)
2026-03-28 11:29:01.771 DEBUG 17828 --- [l-1 housekeeper] com.zaxxer.hikari.pool.HikariPool        : HikariPool-1 - Before cleanup stats (total=6, active=0, idle=6, waiting=0)
2026-03-28 11:29:01.772 DEBUG 17828 --- [io-8089-exec-10] o.s.jdbc.core.JdbcTemplate               : Executing SQL query [EXEC dbo.spx_ObtenerSucursalesConexion]
2026-03-28 11:29:01.780 DEBUG 17828 --- [io-8089-exec-10] o.s.jdbc.datasource.DataSourceUtils      : Fetching JDBC Connection from DataSource
2026-03-28 11:29:01.773 DEBUG 17828 --- [nio-8089-exec-3] o.s.jdbc.core.JdbcTemplate               : Executing SQL query [EXEC dbo.spx_ObtenerSucursalesConexion]
2026-03-28 11:29:01.774 DEBUG 17828 --- [nio-8089-exec-9] o.s.jdbc.core.JdbcTemplate               : Executing prepared SQL query
2026-03-28 11:29:01.783 DEBUG 17828 --- [nio-8089-exec-9] o.s.jdbc.core.JdbcTemplate               : Executing prepared SQL statement [EXEC dbo.spy_Ultimo_Estado_Dia_BO_CITA_MAKIRO ?, ?]
2026-03-28 11:29:01.784 DEBUG 17828 --- [nio-8089-exec-9] o.s.jdbc.datasource.DataSourceUtils      : Fetching JDBC Connection from DataSource
2026-03-28 11:29:01.775 DEBUG 17828 --- [nio-8089-exec-5] o.s.jdbc.core.JdbcTemplate               : Executing SQL query [EXEC dbo.spx_ObtenerSucursalesConexion]
2026-03-28 11:29:01.776 DEBUG 17828 --- [nio-8089-exec-4] o.s.jdbc.core.JdbcTemplate               : Executing SQL query [EXEC dbo.spx_ObtenerSucursalesConexion]
2026-03-28 11:29:01.779 DEBUG 17828 --- [nio-8089-exec-7] o.s.jdbc.core.JdbcTemplate               : Executing SQL query [EXEC dbo.spx_ObtenerSucursalesConexion]
2026-03-28 11:29:01.787 DEBUG 17828 --- [nio-8089-exec-7] o.s.jdbc.datasource.DataSourceUtils      : Fetching JDBC Connection from DataSource
2026-03-28 11:29:01.779 DEBUG 17828 --- [l-1 housekeeper] com.zaxxer.hikari.pool.HikariPool        : HikariPool-1 - After cleanup  stats (total=6, active=0, idle=6, waiting=0)
2026-03-28 11:29:01.789 DEBUG 17828 --- [l-1 housekeeper] com.zaxxer.hikari.pool.HikariPool        : HikariPool-1 - Fill pool skipped, pool is at sufficient level.
2026-03-28 11:29:01.782 DEBUG 17828 --- [nio-8089-exec-3] o.s.jdbc.datasource.DataSourceUtils      : Fetching JDBC Connection from DataSource
2026-03-28 11:29:01.785 DEBUG 17828 --- [nio-8089-exec-5] o.s.jdbc.datasource.DataSourceUtils      : Fetching JDBC Connection from DataSource
2026-03-28 11:29:01.786 DEBUG 17828 --- [nio-8089-exec-4] o.s.jdbc.datasource.DataSourceUtils      : Fetching JDBC Connection from DataSource
2026-03-28 11:29:01.786 DEBUG 17828 --- [io-8089-exec-10] o.s.jdbc.core.JdbcTemplate               : Executing prepared SQL query
2026-03-28 11:29:01.795 DEBUG 17828 --- [nio-8089-exec-3] o.s.jdbc.core.JdbcTemplate               : Executing prepared SQL query
2026-03-28 11:29:01.796 DEBUG 17828 --- [nio-8089-exec-3] o.s.jdbc.core.JdbcTemplate               : Executing prepared SQL statement [EXEC dbo.spx_ValidarVentaYDetallewb ?, ?, ?]
2026-03-28 11:29:01.799 DEBUG 17828 --- [nio-8089-exec-3] o.s.jdbc.datasource.DataSourceUtils      : Fetching JDBC Connection from DataSource
2026-03-28 11:29:01.792 DEBUG 17828 --- [nio-8089-exec-7] o.s.jdbc.core.JdbcTemplate               : Executing prepared SQL query
2026-03-28 11:29:01.801 DEBUG 17828 --- [nio-8089-exec-7] o.s.jdbc.core.JdbcTemplate               : Executing prepared SQL statement [EXEC dbo.spx_ValidarVentaYDetallewb ?, ?, ?]
2026-03-28 11:29:01.802 DEBUG 17828 --- [nio-8089-exec-7] o.s.jdbc.datasource.DataSourceUtils      : Fetching JDBC Connection from DataSource
2026-03-28 11:29:01.795 DEBUG 17828 --- [io-8089-exec-10] o.s.jdbc.core.JdbcTemplate               : Executing prepared SQL statement [EXEC dbo.spx_ValidarVentaYDetallewb ?, ?, ?]
2026-03-28 11:29:01.797 DEBUG 17828 --- [nio-8089-exec-5] o.s.jdbc.core.JdbcTemplate               : Executing prepared SQL query
2026-03-28 11:29:01.799 DEBUG 17828 --- [nio-8089-exec-4] o.s.jdbc.core.JdbcTemplate               : Executing prepared SQL query
2026-03-28 11:29:01.805 DEBUG 17828 --- [io-8089-exec-10] o.s.jdbc.datasource.DataSourceUtils      : Fetching JDBC Connection from DataSource
2026-03-28 11:29:01.808 DEBUG 17828 --- [nio-8089-exec-5] o.s.jdbc.core.JdbcTemplate               : Executing prepared SQL statement [EXEC dbo.spx_ValidarVentaYDetallewb ?, ?, ?]
2026-03-28 11:29:01.809 DEBUG 17828 --- [nio-8089-exec-4] o.s.jdbc.core.JdbcTemplate               : Executing prepared SQL statement [EXEC dbo.spx_ValidarVentaYDetallewb ?, ?, ?]
2026-03-28 11:29:01.813 DEBUG 17828 --- [nio-8089-exec-5] o.s.jdbc.datasource.DataSourceUtils      : Fetching JDBC Connection from DataSource
2026-03-28 11:29:01.815 DEBUG 17828 --- [nio-8089-exec-4] o.s.jdbc.datasource.DataSourceUtils      : Fetching JDBC Connection from DataSource
2026-03-28 11:29:01.866 DEBUG 17828 --- [nio-8089-exec-9] o.s.w.s.m.m.a.HttpEntityMethodProcessor  : Using 'application/json', given [application/json, text/plain, */*] and supported [application/json, application/*+json, application/json, application/*+json]
2026-03-28 11:29:01.875 DEBUG 17828 --- [nio-8089-exec-9] o.s.w.s.m.m.a.HttpEntityMethodProcessor  : Writing [com.example.TigoStarSystem.common.ApiResponse@3e74cbaa]
2026-03-28 11:29:01.893 DEBUG 17828 --- [nio-8089-exec-9] o.s.web.servlet.DispatcherServlet        : Completed 200 OK
2026-03-28 11:29:01.893 DEBUG 17828 --- [nio-8089-exec-7] o.s.w.s.m.m.a.HttpEntityMethodProcessor  : Using 'application/json', given [application/json, text/plain, */*] and supported [application/json, application/*+json, application/json, application/*+json]
2026-03-28 11:29:01.902 DEBUG 17828 --- [nio-8089-exec-7] o.s.w.s.m.m.a.HttpEntityMethodProcessor  : Writing [com.example.TigoStarSystem.common.ApiResponse@2912a003]
2026-03-28 11:29:01.902 DEBUG 17828 --- [nio-8089-exec-1] o.s.web.servlet.DispatcherServlet        : GET "/ot/spx_ValidarVentaYDetallewb?fecha=28%2F03%2F2026&nroOT=28762785&numeroCliente=1203674", parameters={masked}
2026-03-28 11:29:01.918 DEBUG 17828 --- [nio-8089-exec-7] o.s.web.servlet.DispatcherServlet        : Completed 200 OK
2026-03-28 11:29:01.931 DEBUG 17828 --- [nio-8089-exec-1] s.w.s.m.m.a.RequestMappingHandlerMapping : Mapped to com.example.TigoStarSystem.ot.controller.OtController#validarVentaYDetalleWb(String, String, Integer, Integer)
2026-03-28 11:29:01.939 DEBUG 17828 --- [nio-8089-exec-2] o.s.web.servlet.DispatcherServlet        : GET "/ot/spx_ValidarVentaYDetallewb?fecha=28%2F03%2F2026&nroOT=28763544&numeroCliente=682543", parameters={masked}
2026-03-28 11:29:01.939 DEBUG 17828 --- [nio-8089-exec-3] o.s.w.s.m.m.a.HttpEntityMethodProcessor  : Using 'application/json', given [application/json, text/plain, */*] and supported [application/json, application/*+json, application/json, application/*+json]
2026-03-28 11:29:01.950 DEBUG 17828 --- [nio-8089-exec-1] o.s.jdbc.core.JdbcTemplate               : Executing SQL query [EXEC dbo.spx_ObtenerSucursalesConexion]
2026-03-28 11:29:01.957 DEBUG 17828 --- [nio-8089-exec-2] s.w.s.m.m.a.RequestMappingHandlerMapping : Mapped to com.example.TigoStarSystem.ot.controller.OtController#validarVentaYDetalleWb(String, String, Integer, Integer)
2026-03-28 11:29:01.958 DEBUG 17828 --- [nio-8089-exec-3] o.s.w.s.m.m.a.HttpEntityMethodProcessor  : Writing [com.example.TigoStarSystem.common.ApiResponse@5d03f4a4]
2026-03-28 11:29:01.964 DEBUG 17828 --- [nio-8089-exec-1] o.s.jdbc.datasource.DataSourceUtils      : Fetching JDBC Connection from DataSource
2026-03-28 11:29:01.967 DEBUG 17828 --- [nio-8089-exec-2] o.s.jdbc.core.JdbcTemplate               : Executing SQL query [EXEC dbo.spx_ObtenerSucursalesConexion]
2026-03-28 11:29:01.971 DEBUG 17828 --- [nio-8089-exec-5] o.s.w.s.m.m.a.HttpEntityMethodProcessor  : Using 'application/json', given [application/json, text/plain, */*] and supported [application/json, application/*+json, application/json, application/*+json]
2026-03-28 11:29:01.976 DEBUG 17828 --- [nio-8089-exec-3] o.s.web.servlet.DispatcherServlet        : Completed 200 OK
2026-03-28 11:29:01.980 DEBUG 17828 --- [nio-8089-exec-2] o.s.jdbc.datasource.DataSourceUtils      : Fetching JDBC Connection from DataSource
2026-03-28 11:29:01.982 DEBUG 17828 --- [nio-8089-exec-4] o.s.w.s.m.m.a.HttpEntityMethodProcessor  : Using 'application/json', given [application/json, text/plain, */*] and supported [application/json, application/*+json, application/json, application/*+json]
2026-03-28 11:29:01.982 DEBUG 17828 --- [io-8089-exec-10] o.s.w.s.m.m.a.HttpEntityMethodProcessor  : Using 'application/json', given [application/json, text/plain, */*] and supported [application/json, application/*+json, application/json, application/*+json]
2026-03-28 11:29:01.984 DEBUG 17828 --- [nio-8089-exec-1] o.s.jdbc.core.JdbcTemplate               : Executing prepared SQL query
2026-03-28 11:29:02.034 DEBUG 17828 --- [nio-8089-exec-1] o.s.jdbc.core.JdbcTemplate               : Executing prepared SQL statement [EXEC dbo.spx_ValidarVentaYDetallewb ?, ?, ?]
2026-03-28 11:29:02.002 DEBUG 17828 --- [nio-8089-exec-5] o.s.w.s.m.m.a.HttpEntityMethodProcessor  : Writing [com.example.TigoStarSystem.common.ApiResponse@5cd522ff]
2026-03-28 11:29:02.017 DEBUG 17828 --- [nio-8089-exec-2] o.s.jdbc.core.JdbcTemplate               : Executing prepared SQL query
2026-03-28 11:29:02.025 DEBUG 17828 --- [nio-8089-exec-4] o.s.w.s.m.m.a.HttpEntityMethodProcessor  : Writing [com.example.TigoStarSystem.common.ApiResponse@59324531]
2026-03-28 11:29:02.033 DEBUG 17828 --- [io-8089-exec-10] o.s.w.s.m.m.a.HttpEntityMethodProcessor  : Writing [com.example.TigoStarSystem.common.ApiResponse@3186d00c]
2026-03-28 11:29:02.050 DEBUG 17828 --- [nio-8089-exec-1] o.s.jdbc.datasource.DataSourceUtils      : Fetching JDBC Connection from DataSource
2026-03-28 11:29:02.060 DEBUG 17828 --- [nio-8089-exec-5] o.s.web.servlet.DispatcherServlet        : Completed 200 OK
2026-03-28 11:29:02.127 DEBUG 17828 --- [nio-8089-exec-2] o.s.jdbc.core.JdbcTemplate               : Executing prepared SQL statement [EXEC dbo.spx_ValidarVentaYDetallewb ?, ?, ?]
2026-03-28 11:29:02.129 DEBUG 17828 --- [nio-8089-exec-4] o.s.web.servlet.DispatcherServlet        : Completed 200 OK
2026-03-28 11:29:02.139 DEBUG 17828 --- [io-8089-exec-10] o.s.web.servlet.DispatcherServlet        : Completed 200 OK
2026-03-28 11:29:02.163 DEBUG 17828 --- [nio-8089-exec-2] o.s.jdbc.datasource.DataSourceUtils      : Fetching JDBC Connection from DataSource
2026-03-28 11:29:02.190 DEBUG 17828 --- [nio-8089-exec-1] o.s.w.s.m.m.a.HttpEntityMethodProcessor  : Using 'application/json', given [application/json, text/plain, */*] and supported [application/json, application/*+json, application/json, application/*+json]
2026-03-28 11:29:02.203 DEBUG 17828 --- [nio-8089-exec-1] o.s.w.s.m.m.a.HttpEntityMethodProcessor  : Writing [com.example.TigoStarSystem.common.ApiResponse@3fe8afbe]
2026-03-28 11:29:02.211 DEBUG 17828 --- [nio-8089-exec-1] o.s.web.servlet.DispatcherServlet        : Completed 200 OK
2026-03-28 11:29:02.233 DEBUG 17828 --- [nio-8089-exec-2] o.s.w.s.m.m.a.HttpEntityMethodProcessor  : Using 'application/json', given [application/json, text/plain, */*] and supported [application/json, application/*+json, application/json, application/*+json]
2026-03-28 11:29:02.237 DEBUG 17828 --- [nio-8089-exec-2] o.s.w.s.m.m.a.HttpEntityMethodProcessor  : Writing [com.example.TigoStarSystem.common.ApiResponse@63e594e4]
2026-03-28 11:29:02.239 DEBUG 17828 --- [nio-8089-exec-2] o.s.web.servlet.DispatcherServlet        : Completed 200 OK
2026-03-28 11:29:02.566 DEBUG 17828 --- [ruz housekeeper] com.zaxxer.hikari.pool.HikariPool        : ConnDb-Santa_Cruz - Before cleanup stats (total=0, active=0, idle=0, waiting=0)
2026-03-28 11:29:02.809 DEBUG 17828 --- [ruz housekeeper] com.zaxxer.hikari.pool.HikariPool        : ConnDb-Santa_Cruz - After cleanup  stats (total=0, active=0, idle=0, waiting=0)
2026-03-28 11:29:02.810 DEBUG 17828 --- [ruz housekeeper] com.zaxxer.hikari.pool.HikariPool        : ConnDb-Santa_Cruz - Fill pool skipped, pool is at sufficient level.
2026-03-28 11:29:13.495 DEBUG 17828 --- [ool housekeeper] com.zaxxer.hikari.pool.HikariPool        : CentralHikariPool - Before cleanup stats (total=1, active=0, idle=1, waiting=0)
2026-03-28 11:29:13.495 DEBUG 17828 --- [ool housekeeper] com.zaxxer.hikari.pool.HikariPool        : CentralHikariPool - After cleanup  stats (total=1, active=0, idle=1, waiting=0)
2026-03-28 11:29:13.497 DEBUG 17828 --- [ool housekeeper] com.zaxxer.hikari.pool.HikariPool        : CentralHikariPool - Fill pool skipped, pool is at sufficient level.
2026-03-28 11:29:15.217 DEBUG 17828 --- [nio-8089-exec-6] o.s.web.servlet.DispatcherServlet        : GET "/supervisor/spy_Ultimo_Estado_Dia_BO_CITA_MAKIRO?fecha=2026-03-28&idUsuario=98&tecnico=KEVIN+GEOVANI+BARROSO+NAVA", parameters={masked}
2026-03-28 11:29:15.529 DEBUG 17828 --- [nio-8089-exec-6] s.w.s.m.m.a.RequestMappingHandlerMapping : Mapped to com.example.TigoStarSystem.supervisor.controller.EstadoDiaBoCitaController#obtenerUltimoEstadoDia(String, LocalDate, String)
2026-03-28 11:29:15.589 DEBUG 17828 --- [nio-8089-exec-6] o.s.jdbc.core.JdbcTemplate               : Executing prepared SQL query
2026-03-28 11:29:15.589 DEBUG 17828 --- [nio-8089-exec-6] o.s.jdbc.core.JdbcTemplate               : Executing prepared SQL statement [EXEC dbo.spy_Ultimo_Estado_Dia_BO_CITA_MAKIRO ?, ?]
2026-03-28 11:29:15.678 DEBUG 17828 --- [nio-8089-exec-6] o.s.jdbc.datasource.DataSourceUtils      : Fetching JDBC Connection from DataSource
2026-03-28 11:29:15.745 DEBUG 17828 --- [nio-8089-exec-6] o.s.w.s.m.m.a.HttpEntityMethodProcessor  : Using 'application/json', given [application/json, text/plain, */*] and supported [application/json, application/*+json, application/json, application/*+json]
2026-03-28 11:29:15.754 DEBUG 17828 --- [nio-8089-exec-6] o.s.w.s.m.m.a.HttpEntityMethodProcessor  : Writing [com.example.TigoStarSystem.common.ApiResponse@2f86a949]
2026-03-28 11:29:15.756 DEBUG 17828 --- [nio-8089-exec-6] o.s.web.servlet.DispatcherServlet        : Completed 200 OK
2026-03-28 11:29:17.770 DEBUG 17828 --- [nnection closer] com.zaxxer.hikari.pool.PoolBase          : HikariPool-1 - Closing connection ConnectionID:1 ClientConnectionId: 2b444233-0b40-48cb-88fb-d447dfc8d4cc: (connection has passed maxLifetime)
2026-03-28 11:29:17.774 DEBUG 17828 --- [nnection closer] com.zaxxer.hikari.pool.HikariPool        : HikariPool-1 - Fill pool skipped, pool is at sufficient level.
2026-03-28 11:29:21.491 DEBUG 17828 --- [ruz housekeeper] com.zaxxer.hikari.pool.HikariPool        : ConnDb-Santa_Cruz - Before cleanup stats (total=0, active=0, idle=0, waiting=0)
2026-03-28 11:29:21.492 DEBUG 17828 --- [ruz housekeeper] com.zaxxer.hikari.pool.HikariPool        : ConnDb-Santa_Cruz - After cleanup  stats (total=0, active=0, idle=0, waiting=0)
2026-03-28 11:29:21.493 DEBUG 17828 --- [ruz housekeeper] com.zaxxer.hikari.pool.HikariPool        : ConnDb-Santa_Cruz - Fill pool skipped, pool is at sufficient level.
2026-03-28 11:29:29.212 DEBUG 17828 --- [nio-8089-exec-8] o.s.web.servlet.DispatcherServlet        : GET "/supervisor/spy_Ultimo_Estado_Dia_BO_CITA_MAKIRO?fecha=2026-03-28&idUsuario=98&tecnico=KEVIN+GEOVANI+BARROSO+NAVA", parameters={masked}
2026-03-28 11:29:29.232 DEBUG 17828 --- [nio-8089-exec-8] s.w.s.m.m.a.RequestMappingHandlerMapping : Mapped to com.example.TigoStarSystem.supervisor.controller.EstadoDiaBoCitaController#obtenerUltimoEstadoDia(String, LocalDate, String)
2026-03-28 11:29:29.255 DEBUG 17828 --- [nio-8089-exec-8] o.s.jdbc.core.JdbcTemplate               : Executing prepared SQL query
2026-03-28 11:29:29.266 DEBUG 17828 --- [nio-8089-exec-8] o.s.jdbc.core.JdbcTemplate               : Executing prepared SQL statement [EXEC dbo.spy_Ultimo_Estado_Dia_BO_CITA_MAKIRO ?, ?]
2026-03-28 11:29:29.273 DEBUG 17828 --- [nio-8089-exec-8] o.s.jdbc.datasource.DataSourceUtils      : Fetching JDBC Connection from DataSource
2026-03-28 11:29:29.368 DEBUG 17828 --- [nio-8089-exec-8] o.s.w.s.m.m.a.HttpEntityMethodProcessor  : Using 'application/json', given [application/json, text/plain, */*] and supported [application/json, application/*+json, application/json, application/*+json]
2026-03-28 11:29:29.735 DEBUG 17828 --- [nio-8089-exec-8] o.s.w.s.m.m.a.HttpEntityMethodProcessor  : Writing [com.example.TigoStarSystem.common.ApiResponse@7fb690a8]
2026-03-28 11:29:29.736 DEBUG 17828 --- [nio-8089-exec-8] o.s.web.servlet.DispatcherServlet        : Completed 200 OK
2026-03-28 11:29:31.804 DEBUG 17828 --- [l-1 housekeeper] com.zaxxer.hikari.pool.HikariPool        : HikariPool-1 - Before cleanup stats (total=5, active=0, idle=5, waiting=0)
2026-03-28 11:29:32.055 DEBUG 17828 --- [l-1 housekeeper] com.zaxxer.hikari.pool.HikariPool        : HikariPool-1 - After cleanup  stats (total=5, active=0, idle=5, waiting=0)
2026-03-28 11:29:32.151 DEBUG 17828 --- [l-1 housekeeper] com.zaxxer.hikari.pool.HikariPool        : HikariPool-1 - Fill pool skipped, pool is at sufficient level.
2026-03-28 11:29:32.825 DEBUG 17828 --- [ruz housekeeper] com.zaxxer.hikari.pool.HikariPool        : ConnDb-Santa_Cruz - Before cleanup stats (total=0, active=0, idle=0, waiting=0)
2026-03-28 11:29:32.871 DEBUG 17828 --- [ruz housekeeper] com.zaxxer.hikari.pool.HikariPool        : ConnDb-Santa_Cruz - After cleanup  stats (total=0, active=0, idle=0, waiting=0)
2026-03-28 11:29:32.871 DEBUG 17828 --- [ruz housekeeper] com.zaxxer.hikari.pool.HikariPool        : ConnDb-Santa_Cruz - Fill pool skipped, pool is at sufficient level.
2026-03-28 11:29:43.502 DEBUG 17828 --- [ool housekeeper] com.zaxxer.hikari.pool.HikariPool        : CentralHikariPool - Before cleanup stats (total=1, active=0, idle=1, waiting=0)
2026-03-28 11:29:43.571 DEBUG 17828 --- [ool housekeeper] com.zaxxer.hikari.pool.HikariPool        : CentralHikariPool - After cleanup  stats (total=1, active=0, idle=1, waiting=0)
2026-03-28 11:29:43.882 DEBUG 17828 --- [ool housekeeper] com.zaxxer.hikari.pool.HikariPool        : CentralHikariPool - Fill pool skipped, pool is at sufficient level.
2026-03-28 11:29:51.511 DEBUG 17828 --- [ruz housekeeper] com.zaxxer.hikari.pool.HikariPool        : ConnDb-Santa_Cruz - Before cleanup stats (total=0, active=0, idle=0, waiting=0)
2026-03-28 11:29:51.543 DEBUG 17828 --- [ruz housekeeper] com.zaxxer.hikari.pool.HikariPool        : ConnDb-Santa_Cruz - After cleanup  stats (total=0, active=0, idle=0, waiting=0)
2026-03-28 11:29:51.543 DEBUG 17828 --- [ruz housekeeper] com.zaxxer.hikari.pool.HikariPool        : ConnDb-Santa_Cruz - Fill pool skipped, pool is at sufficient level.
2026-03-28 11:30:02.156 DEBUG 17828 --- [l-1 housekeeper] com.zaxxer.hikari.pool.HikariPool        : HikariPool-1 - Before cleanup stats (total=5, active=0, idle=5, waiting=0)
2026-03-28 11:30:02.280 DEBUG 17828 --- [l-1 housekeeper] com.zaxxer.hikari.pool.HikariPool        : HikariPool-1 - After cleanup  stats (total=5, active=0, idle=5, waiting=0)
2026-03-28 11:30:02.280 DEBUG 17828 --- [l-1 housekeeper] com.zaxxer.hikari.pool.HikariPool        : HikariPool-1 - Fill pool skipped, pool is at sufficient level.
2026-03-28 11:30:02.887 DEBUG 17828 --- [ruz housekeeper] com.zaxxer.hikari.pool.HikariPool        : ConnDb-Santa_Cruz - Before cleanup stats (total=0, active=0, idle=0, waiting=0)
2026-03-28 11:30:02.889 DEBUG 17828 --- [ruz housekeeper] com.zaxxer.hikari.pool.HikariPool        : ConnDb-Santa_Cruz - After cleanup  stats (total=0, active=0, idle=0, waiting=0)
2026-03-28 11:30:02.889 DEBUG 17828 --- [ruz housekeeper] com.zaxxer.hikari.pool.HikariPool        : ConnDb-Santa_Cruz - Fill pool skipped, pool is at sufficient level.
2026-03-28 11:30:12.565 DEBUG 17828 --- [ool housekeeper] com.zaxxer.hikari.pool.HikariPool        : CentralHikariPool - keepalive: connection ConnectionID:5 ClientConnectionId: 20716227-2f9b-433e-bdad-e2623f8a4ce6 is alive
2026-03-28 11:30:14.167 DEBUG 17828 --- [ool housekeeper] com.zaxxer.hikari.pool.HikariPool        : CentralHikariPool - Before cleanup stats (total=1, active=0, idle=1, waiting=0)
2026-03-28 11:30:14.168 DEBUG 17828 --- [ool housekeeper] com.zaxxer.hikari.pool.HikariPool        : CentralHikariPool - After cleanup  stats (total=1, active=0, idle=1, waiting=0)
2026-03-28 11:30:14.168 DEBUG 17828 --- [ool housekeeper] com.zaxxer.hikari.pool.HikariPool        : CentralHikariPool - Fill pool skipped, pool is at sufficient level.
2026-03-28 11:30:15.634 DEBUG 17828 --- [l-1 housekeeper] com.zaxxer.hikari.pool.HikariPool        : HikariPool-1 - keepalive: connection ConnectionID:7 ClientConnectionId: 17d315e5-e767-45bb-a56a-9299d4dd8fa4 is alive
2026-03-28 11:30:21.546 DEBUG 17828 --- [ruz housekeeper] com.zaxxer.hikari.pool.HikariPool        : ConnDb-Santa_Cruz - Before cleanup stats (total=0, active=0, idle=0, waiting=0)
2026-03-28 11:30:21.546 DEBUG 17828 --- [ruz housekeeper] com.zaxxer.hikari.pool.HikariPool        : ConnDb-Santa_Cruz - After cleanup  stats (total=0, active=0, idle=0, waiting=0)
2026-03-28 11:30:21.547 DEBUG 17828 --- [ruz housekeeper] com.zaxxer.hikari.pool.HikariPool        : ConnDb-Santa_Cruz - Fill pool skipped, pool is at sufficient level.
2026-03-28 11:30:23.523 DEBUG 17828 --- [l-1 housekeeper] com.zaxxer.hikari.pool.HikariPool        : HikariPool-1 - keepalive: connection ConnectionID:8 ClientConnectionId: 79e4b3d9-ce7d-46cd-a620-bd5d89a32233 is alive
2026-03-28 11:30:24.187 DEBUG 17828 --- [l-1 housekeeper] com.zaxxer.hikari.pool.HikariPool        : HikariPool-1 - keepalive: connection ConnectionID:6 ClientConnectionId: b1ce3a37-d549-4d0b-8626-564442cb7749 is alive
2026-03-28 11:30:32.290 DEBUG 17828 --- [l-1 housekeeper] com.zaxxer.hikari.pool.HikariPool        : HikariPool-1 - Before cleanup stats (total=5, active=0, idle=5, waiting=0)
2026-03-28 11:30:32.291 DEBUG 17828 --- [l-1 housekeeper] com.zaxxer.hikari.pool.HikariPool        : HikariPool-1 - After cleanup  stats (total=4, active=0, idle=4, waiting=0)
2026-03-28 11:30:32.291 DEBUG 17828 --- [l-1 housekeeper] com.zaxxer.hikari.pool.HikariPool        : HikariPool-1 - Fill pool skipped, pool is at sufficient level.
2026-03-28 11:30:32.291 DEBUG 17828 --- [nnection closer] com.zaxxer.hikari.pool.PoolBase          : HikariPool-1 - Closing connection ConnectionID:3 ClientConnectionId: dddb7997-98bc-4ca1-97a2-1b9ba4af601b: (connection has passed idleTimeout)
2026-03-28 11:30:32.292 DEBUG 17828 --- [nnection closer] com.zaxxer.hikari.pool.HikariPool        : HikariPool-1 - Fill pool skipped, pool is at sufficient level.
2026-03-28 11:30:32.899 DEBUG 17828 --- [ruz housekeeper] com.zaxxer.hikari.pool.HikariPool        : ConnDb-Santa_Cruz - Before cleanup stats (total=0, active=0, idle=0, waiting=0)
2026-03-28 11:30:32.899 DEBUG 17828 --- [ruz housekeeper] com.zaxxer.hikari.pool.HikariPool        : ConnDb-Santa_Cruz - After cleanup  stats (total=0, active=0, idle=0, waiting=0)
2026-03-28 11:30:32.900 DEBUG 17828 --- [ruz housekeeper] com.zaxxer.hikari.pool.HikariPool        : ConnDb-Santa_Cruz - Fill pool skipped, pool is at sufficient level.
2026-03-28 11:30:33.042 DEBUG 17828 --- [l-1 housekeeper] com.zaxxer.hikari.pool.HikariPool        : HikariPool-1 - keepalive: connection ConnectionID:9 ClientConnectionId: 4881853f-b11d-4ee3-9a10-f3a5da22aedc is alive
2026-03-28 11:30:44.170 DEBUG 17828 --- [ool housekeeper] com.zaxxer.hikari.pool.HikariPool        : CentralHikariPool - Before cleanup stats (total=1, active=0, idle=1, waiting=0)
2026-03-28 11:30:44.170 DEBUG 17828 --- [ool housekeeper] com.zaxxer.hikari.pool.HikariPool        : CentralHikariPool - After cleanup  stats (total=1, active=0, idle=1, waiting=0)
2026-03-28 11:30:44.171 DEBUG 17828 --- [ool housekeeper] com.zaxxer.hikari.pool.HikariPool        : CentralHikariPool - Fill pool skipped, pool is at sufficient level.
2026-03-28 11:30:51.558 DEBUG 17828 --- [ruz housekeeper] com.zaxxer.hikari.pool.HikariPool        : ConnDb-Santa_Cruz - Before cleanup stats (total=0, active=0, idle=0, waiting=0)
2026-03-28 11:30:51.558 DEBUG 17828 --- [ruz housekeeper] com.zaxxer.hikari.pool.HikariPool        : ConnDb-Santa_Cruz - After cleanup  stats (total=0, active=0, idle=0, waiting=0)
2026-03-28 11:30:51.559 DEBUG 17828 --- [ruz housekeeper] com.zaxxer.hikari.pool.HikariPool        : ConnDb-Santa_Cruz - Fill pool skipped, pool is at sufficient level.
2026-03-28 11:31:02.301 DEBUG 17828 --- [l-1 housekeeper] com.zaxxer.hikari.pool.HikariPool        : HikariPool-1 - Before cleanup stats (total=4, active=0, idle=4, waiting=0)
2026-03-28 11:31:02.301 DEBUG 17828 --- [l-1 housekeeper] com.zaxxer.hikari.pool.HikariPool        : HikariPool-1 - After cleanup  stats (total=4, active=0, idle=4, waiting=0)
2026-03-28 11:31:02.301 DEBUG 17828 --- [l-1 housekeeper] com.zaxxer.hikari.pool.HikariPool        : HikariPool-1 - Fill pool skipped, pool is at sufficient level.
2026-03-28 11:31:02.914 DEBUG 17828 --- [ruz housekeeper] com.zaxxer.hikari.pool.HikariPool        : ConnDb-Santa_Cruz - Before cleanup stats (total=0, active=0, idle=0, waiting=0)
2026-03-28 11:31:02.915 DEBUG 17828 --- [ruz housekeeper] com.zaxxer.hikari.pool.HikariPool        : ConnDb-Santa_Cruz - After cleanup  stats (total=0, active=0, idle=0, waiting=0)
2026-03-28 11:31:02.916 DEBUG 17828 --- [ruz housekeeper] com.zaxxer.hikari.pool.HikariPool        : ConnDb-Santa_Cruz - Fill pool skipped, pool is at sufficient level.
2026-03-28 11:31:14.185 DEBUG 17828 --- [ool housekeeper] com.zaxxer.hikari.pool.HikariPool        : CentralHikariPool - Before cleanup stats (total=1, active=0, idle=1, waiting=0)
2026-03-28 11:31:14.186 DEBUG 17828 --- [ool housekeeper] com.zaxxer.hikari.pool.HikariPool        : CentralHikariPool - After cleanup  stats (total=1, active=0, idle=1, waiting=0)
2026-03-28 11:31:14.187 DEBUG 17828 --- [ool housekeeper] com.zaxxer.hikari.pool.HikariPool        : CentralHikariPool - Fill pool skipped, pool is at sufficient level.
2026-03-28 11:31:21.571 DEBUG 17828 --- [ruz housekeeper] com.zaxxer.hikari.pool.HikariPool        : ConnDb-Santa_Cruz - Before cleanup stats (total=0, active=0, idle=0, waiting=0)
2026-03-28 11:31:21.572 DEBUG 17828 --- [ruz housekeeper] com.zaxxer.hikari.pool.HikariPool        : ConnDb-Santa_Cruz - After cleanup  stats (total=0, active=0, idle=0, waiting=0)
2026-03-28 11:31:21.573 DEBUG 17828 --- [ruz housekeeper] com.zaxxer.hikari.pool.HikariPool        : ConnDb-Santa_Cruz - Fill pool skipped, pool is at sufficient level.
2026-03-28 11:31:32.315 DEBUG 17828 --- [l-1 housekeeper] com.zaxxer.hikari.pool.HikariPool        : HikariPool-1 - Before cleanup stats (total=4, active=0, idle=4, waiting=0)
2026-03-28 11:31:32.316 DEBUG 17828 --- [l-1 housekeeper] com.zaxxer.hikari.pool.HikariPool        : HikariPool-1 - After cleanup  stats (total=4, active=0, idle=4, waiting=0)
2026-03-28 11:31:32.316 DEBUG 17828 --- [l-1 housekeeper] com.zaxxer.hikari.pool.HikariPool        : HikariPool-1 - Fill pool skipped, pool is at sufficient level.
2026-03-28 11:31:32.930 DEBUG 17828 --- [ruz housekeeper] com.zaxxer.hikari.pool.HikariPool        : ConnDb-Santa_Cruz - Before cleanup stats (total=0, active=0, idle=0, waiting=0)
2026-03-28 11:31:32.930 DEBUG 17828 --- [ruz housekeeper] com.zaxxer.hikari.pool.HikariPool        : ConnDb-Santa_Cruz - After cleanup  stats (total=0, active=0, idle=0, waiting=0)
2026-03-28 11:31:32.931 DEBUG 17828 --- [ruz housekeeper] com.zaxxer.hikari.pool.HikariPool        : ConnDb-Santa_Cruz - Fill pool skipped, pool is at sufficient level.
2026-03-28 11:31:44.196 DEBUG 17828 --- [ool housekeeper] com.zaxxer.hikari.pool.HikariPool        : CentralHikariPool - Before cleanup stats (total=1, active=0, idle=1, waiting=0)
2026-03-28 11:31:44.198 DEBUG 17828 --- [ool housekeeper] com.zaxxer.hikari.pool.HikariPool        : CentralHikariPool - After cleanup  stats (total=1, active=0, idle=1, waiting=0)
2026-03-28 11:31:44.198 DEBUG 17828 --- [ool housekeeper] com.zaxxer.hikari.pool.HikariPool        : CentralHikariPool - Fill pool skipped, pool is at sufficient level.
2026-03-28 11:31:51.587 DEBUG 17828 --- [ruz housekeeper] com.zaxxer.hikari.pool.HikariPool        : ConnDb-Santa_Cruz - Before cleanup stats (total=0, active=0, idle=0, waiting=0)
2026-03-28 11:31:51.587 DEBUG 17828 --- [ruz housekeeper] com.zaxxer.hikari.pool.HikariPool        : ConnDb-Santa_Cruz - After cleanup  stats (total=0, active=0, idle=0, waiting=0)
2026-03-28 11:31:51.588 DEBUG 17828 --- [ruz housekeeper] com.zaxxer.hikari.pool.HikariPool        : ConnDb-Santa_Cruz - Fill pool skipped, pool is at sufficient level.
2026-03-28 11:32:02.330 DEBUG 17828 --- [l-1 housekeeper] com.zaxxer.hikari.pool.HikariPool        : HikariPool-1 - Before cleanup stats (total=4, active=0, idle=4, waiting=0)
2026-03-28 11:32:02.330 DEBUG 17828 --- [l-1 housekeeper] com.zaxxer.hikari.pool.HikariPool        : HikariPool-1 - After cleanup  stats (total=4, active=0, idle=4, waiting=0)
2026-03-28 11:32:02.331 DEBUG 17828 --- [l-1 housekeeper] com.zaxxer.hikari.pool.HikariPool        : HikariPool-1 - Fill pool skipped, pool is at sufficient level.
2026-03-28 11:32:02.777 DEBUG 17828 --- [ool housekeeper] com.zaxxer.hikari.pool.HikariPool        : CentralHikariPool - keepalive: connection ConnectionID:5 ClientConnectionId: 20716227-2f9b-433e-bdad-e2623f8a4ce6 is alive
2026-03-28 11:32:02.932 DEBUG 17828 --- [ruz housekeeper] com.zaxxer.hikari.pool.HikariPool        : ConnDb-Santa_Cruz - Before cleanup stats (total=0, active=0, idle=0, waiting=0)
2026-03-28 11:32:02.932 DEBUG 17828 --- [ruz housekeeper] com.zaxxer.hikari.pool.HikariPool        : ConnDb-Santa_Cruz - After cleanup  stats (total=0, active=0, idle=0, waiting=0)
2026-03-28 11:32:02.933 DEBUG 17828 --- [ruz housekeeper] com.zaxxer.hikari.pool.HikariPool        : ConnDb-Santa_Cruz - Fill pool skipped, pool is at sufficient level.
2026-03-28 11:32:12.423 DEBUG 17828 --- [l-1 housekeeper] com.zaxxer.hikari.pool.HikariPool        : HikariPool-1 - keepalive: connection ConnectionID:7 ClientConnectionId: 17d315e5-e767-45bb-a56a-9299d4dd8fa4 is alive
2026-03-28 11:32:14.212 DEBUG 17828 --- [ool housekeeper] com.zaxxer.hikari.pool.HikariPool        : CentralHikariPool - Before cleanup stats (total=1, active=0, idle=1, waiting=0)
2026-03-28 11:32:14.212 DEBUG 17828 --- [ool housekeeper] com.zaxxer.hikari.pool.HikariPool        : CentralHikariPool - After cleanup  stats (total=1, active=0, idle=1, waiting=0)
2026-03-28 11:32:14.214 DEBUG 17828 --- [ool housekeeper] com.zaxxer.hikari.pool.HikariPool        : CentralHikariPool - Fill pool skipped, pool is at sufficient level.
2026-03-28 11:32:14.915 DEBUG 17828 --- [nnection closer] com.zaxxer.hikari.pool.PoolBase          : CentralHikariPool - Closing connection ConnectionID:5 ClientConnectionId: 20716227-2f9b-433e-bdad-e2623f8a4ce6: (connection has passed maxLifetime)
2026-03-28 11:32:14.917 DEBUG 17828 --- [nnection closer] com.zaxxer.hikari.pool.HikariPool        : CentralHikariPool - Fill pool skipped, pool is at sufficient level.
2026-03-28 11:32:21.590 DEBUG 17828 --- [ruz housekeeper] com.zaxxer.hikari.pool.HikariPool        : ConnDb-Santa_Cruz - Before cleanup stats (total=0, active=0, idle=0, waiting=0)
2026-03-28 11:32:21.591 DEBUG 17828 --- [ruz housekeeper] com.zaxxer.hikari.pool.HikariPool        : ConnDb-Santa_Cruz - After cleanup  stats (total=0, active=0, idle=0, waiting=0)
2026-03-28 11:32:21.591 DEBUG 17828 --- [ruz housekeeper] com.zaxxer.hikari.pool.HikariPool        : ConnDb-Santa_Cruz - Fill pool skipped, pool is at sufficient level.
2026-03-28 11:32:21.621 DEBUG 17828 --- [l-1 housekeeper] com.zaxxer.hikari.pool.HikariPool        : HikariPool-1 - keepalive: connection ConnectionID:8 ClientConnectionId: 79e4b3d9-ce7d-46cd-a620-bd5d89a32233 is alive
2026-03-28 11:32:22.405 DEBUG 17828 --- [l-1 housekeeper] com.zaxxer.hikari.pool.HikariPool        : HikariPool-1 - keepalive: connection ConnectionID:6 ClientConnectionId: b1ce3a37-d549-4d0b-8626-564442cb7749 is alive
2026-03-28 11:32:32.346 DEBUG 17828 --- [l-1 housekeeper] com.zaxxer.hikari.pool.HikariPool        : HikariPool-1 - Before cleanup stats (total=4, active=0, idle=4, waiting=0)
2026-03-28 11:32:32.346 DEBUG 17828 --- [l-1 housekeeper] com.zaxxer.hikari.pool.HikariPool        : HikariPool-1 - After cleanup  stats (total=4, active=0, idle=4, waiting=0)
2026-03-28 11:32:32.347 DEBUG 17828 --- [l-1 housekeeper] com.zaxxer.hikari.pool.HikariPool        : HikariPool-1 - Fill pool skipped, pool is at sufficient level.
2026-03-28 11:32:32.707 DEBUG 17828 --- [l-1 housekeeper] com.zaxxer.hikari.pool.HikariPool        : HikariPool-1 - keepalive: connection ConnectionID:9 ClientConnectionId: 4881853f-b11d-4ee3-9a10-f3a5da22aedc is alive
2026-03-28 11:32:32.942 DEBUG 17828 --- [ruz housekeeper] com.zaxxer.hikari.pool.HikariPool        : ConnDb-Santa_Cruz - Before cleanup stats (total=0, active=0, idle=0, waiting=0)
2026-03-28 11:32:32.942 DEBUG 17828 --- [ruz housekeeper] com.zaxxer.hikari.pool.HikariPool        : ConnDb-Santa_Cruz - After cleanup  stats (total=0, active=0, idle=0, waiting=0)
2026-03-28 11:32:32.943 DEBUG 17828 --- [ruz housekeeper] com.zaxxer.hikari.pool.HikariPool        : ConnDb-Santa_Cruz - Fill pool skipped, pool is at sufficient level.
2026-03-28 11:32:44.228 DEBUG 17828 --- [ool housekeeper] com.zaxxer.hikari.pool.HikariPool        : CentralHikariPool - Before cleanup stats (total=0, active=0, idle=0, waiting=0)
2026-03-28 11:32:44.228 DEBUG 17828 --- [ool housekeeper] com.zaxxer.hikari.pool.HikariPool        : CentralHikariPool - After cleanup  stats (total=0, active=0, idle=0, waiting=0)
2026-03-28 11:32:44.229 DEBUG 17828 --- [ool housekeeper] com.zaxxer.hikari.pool.HikariPool        : CentralHikariPool - Fill pool skipped, pool is at sufficient level.
2026-03-28 11:32:51.607 DEBUG 17828 --- [ruz housekeeper] com.zaxxer.hikari.pool.HikariPool        : ConnDb-Santa_Cruz - Before cleanup stats (total=0, active=0, idle=0, waiting=0)
2026-03-28 11:32:51.609 DEBUG 17828 --- [ruz housekeeper] com.zaxxer.hikari.pool.HikariPool        : ConnDb-Santa_Cruz - After cleanup  stats (total=0, active=0, idle=0, waiting=0)
2026-03-28 11:32:51.609 DEBUG 17828 --- [ruz housekeeper] com.zaxxer.hikari.pool.HikariPool        : ConnDb-Santa_Cruz - Fill pool skipped, pool is at sufficient level.
2026-03-28 11:33:02.353 DEBUG 17828 --- [l-1 housekeeper] com.zaxxer.hikari.pool.HikariPool        : HikariPool-1 - Before cleanup stats (total=4, active=0, idle=4, waiting=0)
2026-03-28 11:33:02.353 DEBUG 17828 --- [l-1 housekeeper] com.zaxxer.hikari.pool.HikariPool        : HikariPool-1 - After cleanup  stats (total=4, active=0, idle=4, waiting=0)
2026-03-28 11:33:02.354 DEBUG 17828 --- [l-1 housekeeper] com.zaxxer.hikari.pool.HikariPool        : HikariPool-1 - Fill pool skipped, pool is at sufficient level.
2026-03-28 11:33:02.945 DEBUG 17828 --- [ruz housekeeper] com.zaxxer.hikari.pool.HikariPool        : ConnDb-Santa_Cruz - Before cleanup stats (total=0, active=0, idle=0, waiting=0)
2026-03-28 11:33:02.946 DEBUG 17828 --- [ruz housekeeper] com.zaxxer.hikari.pool.HikariPool        : ConnDb-Santa_Cruz - After cleanup  stats (total=0, active=0, idle=0, waiting=0)
2026-03-28 11:33:02.946 DEBUG 17828 --- [ruz housekeeper] com.zaxxer.hikari.pool.HikariPool        : ConnDb-Santa_Cruz - Fill pool skipped, pool is at sufficient level.
2026-03-28 11:33:03.922 DEBUG 17828 --- [nio-8089-exec-1] o.s.web.servlet.DispatcherServlet        : GET "/auth/permisos", parameters={}
2026-03-28 11:33:04.018 DEBUG 17828 --- [nio-8089-exec-1] s.w.s.m.m.a.RequestMappingHandlerMapping : Mapped to com.example.TigoStarSystem.auth.controller.AuthPermisosController#permisos(String)
2026-03-28 11:33:04.020 DEBUG 17828 --- [nio-8089-exec-1] o.s.jdbc.core.JdbcTemplate               : Executing SQL query [EXEC dbo.spx_ObtenerPrivilegiosRoles]
2026-03-28 11:33:04.150 DEBUG 17828 --- [nio-8089-exec-1] o.s.jdbc.datasource.DataSourceUtils      : Fetching JDBC Connection from DataSource
2026-03-28 11:33:04.181 DEBUG 17828 --- [onnection adder] com.zaxxer.hikari.pool.HikariPool        : CentralHikariPool - Added connection ConnectionID:10 ClientConnectionId: 40591271-a7f9-43a6-b46e-bf5e0573d131
2026-03-28 11:33:04.184 DEBUG 17828 --- [nio-8089-exec-1] o.s.jdbc.core.JdbcTemplate               : Executing prepared SQL query
2026-03-28 11:33:04.185 DEBUG 17828 --- [nio-8089-exec-1] o.s.jdbc.core.JdbcTemplate               : Executing prepared SQL statement [EXEC dbo.spx_ObtenerPrivilegiosRolDetalle ?]
2026-03-28 11:33:04.185 DEBUG 17828 --- [nio-8089-exec-1] o.s.jdbc.datasource.DataSourceUtils      : Fetching JDBC Connection from DataSource
2026-03-28 11:33:04.189 DEBUG 17828 --- [nio-8089-exec-1] o.s.w.s.m.m.a.HttpEntityMethodProcessor  : Using 'application/json', given [application/json, text/plain, */*] and supported [application/json, application/*+json, application/json, application/*+json]
2026-03-28 11:33:04.190 DEBUG 17828 --- [nio-8089-exec-1] o.s.w.s.m.m.a.HttpEntityMethodProcessor  : Writing [com.example.TigoStarSystem.common.ApiResponse@7f4e14af]
2026-03-28 11:33:04.191 DEBUG 17828 --- [nio-8089-exec-1] o.s.web.servlet.DispatcherServlet        : Completed 200 OK
2026-03-28 11:33:04.193 DEBUG 17828 --- [nio-8089-exec-2] o.s.web.servlet.DispatcherServlet        : GET "/auth/permisos", parameters={}
2026-03-28 11:33:04.194 DEBUG 17828 --- [nio-8089-exec-2] s.w.s.m.m.a.RequestMappingHandlerMapping : Mapped to com.example.TigoStarSystem.auth.controller.AuthPermisosController#permisos(String)
2026-03-28 11:33:04.194 DEBUG 17828 --- [nio-8089-exec-2] o.s.jdbc.core.JdbcTemplate               : Executing SQL query [EXEC dbo.spx_ObtenerPrivilegiosRoles]
2026-03-28 11:33:04.195 DEBUG 17828 --- [nio-8089-exec-2] o.s.jdbc.datasource.DataSourceUtils      : Fetching JDBC Connection from DataSource
2026-03-28 11:33:04.210 DEBUG 17828 --- [nio-8089-exec-2] o.s.jdbc.core.JdbcTemplate               : Executing prepared SQL query
2026-03-28 11:33:04.211 DEBUG 17828 --- [nio-8089-exec-2] o.s.jdbc.core.JdbcTemplate               : Executing prepared SQL statement [EXEC dbo.spx_ObtenerPrivilegiosRolDetalle ?]
2026-03-28 11:33:04.212 DEBUG 17828 --- [nio-8089-exec-2] o.s.jdbc.datasource.DataSourceUtils      : Fetching JDBC Connection from DataSource
2026-03-28 11:33:04.221 DEBUG 17828 --- [nio-8089-exec-6] o.s.web.servlet.DispatcherServlet        : GET "/supervisor/spy_Ultimo_Estado_Dia_BO_CITA_MAKIRO?fecha=2026-03-28&idUsuario=98&tecnico=KEVIN+GEOVANI+BARROSO+NAVA", parameters={masked}
2026-03-28 11:33:04.221 DEBUG 17828 --- [nio-8089-exec-6] s.w.s.m.m.a.RequestMappingHandlerMapping : Mapped to com.example.TigoStarSystem.supervisor.controller.EstadoDiaBoCitaController#obtenerUltimoEstadoDia(String, LocalDate, String)
2026-03-28 11:33:04.222 DEBUG 17828 --- [nio-8089-exec-6] o.s.jdbc.core.JdbcTemplate               : Executing prepared SQL query
2026-03-28 11:33:04.223 DEBUG 17828 --- [nio-8089-exec-6] o.s.jdbc.core.JdbcTemplate               : Executing prepared SQL statement [EXEC dbo.spy_Ultimo_Estado_Dia_BO_CITA_MAKIRO ?, ?]
2026-03-28 11:33:04.224 DEBUG 17828 --- [nio-8089-exec-6] o.s.jdbc.datasource.DataSourceUtils      : Fetching JDBC Connection from DataSource
2026-03-28 11:33:04.250 DEBUG 17828 --- [nio-8089-exec-2] o.s.w.s.m.m.a.HttpEntityMethodProcessor  : Using 'application/json', given [application/json, text/plain, */*] and supported [application/json, application/*+json, application/json, application/*+json]
2026-03-28 11:33:04.252 DEBUG 17828 --- [nio-8089-exec-2] o.s.w.s.m.m.a.HttpEntityMethodProcessor  : Writing [com.example.TigoStarSystem.common.ApiResponse@77a1da21]
2026-03-28 11:33:04.253 DEBUG 17828 --- [nio-8089-exec-2] o.s.web.servlet.DispatcherServlet        : Completed 200 OK
2026-03-28 11:33:04.338 DEBUG 17828 --- [nio-8089-exec-6] o.s.w.s.m.m.a.HttpEntityMethodProcessor  : Using 'application/json', given [application/json, text/plain, */*] and supported [application/json, application/*+json, application/json, application/*+json]
2026-03-28 11:33:04.339 DEBUG 17828 --- [nio-8089-exec-6] o.s.w.s.m.m.a.HttpEntityMethodProcessor  : Writing [com.example.TigoStarSystem.common.ApiResponse@7c82b0bd]
2026-03-28 11:33:04.340 DEBUG 17828 --- [nio-8089-exec-6] o.s.web.servlet.DispatcherServlet        : Completed 200 OK
2026-03-28 11:33:04.357 DEBUG 17828 --- [nio-8089-exec-4] o.s.web.servlet.DispatcherServlet        : GET "/ot/spx_ValidarVentaYDetallewb?fecha=28%2F03%2F2026&nroOT=28759450&numeroCliente=2552233", parameters={masked}
2026-03-28 11:33:04.357 DEBUG 17828 --- [nio-8089-exec-8] o.s.web.servlet.DispatcherServlet        : GET "/ot/spx_ValidarVentaYDetallewb?fecha=28%2F03%2F2026&nroOT=28759209&numeroCliente=2620591", parameters={masked}
2026-03-28 11:33:04.358 DEBUG 17828 --- [nio-8089-exec-4] s.w.s.m.m.a.RequestMappingHandlerMapping : Mapped to com.example.TigoStarSystem.ot.controller.OtController#validarVentaYDetalleWb(String, String, Integer, Integer)
2026-03-28 11:33:04.358 DEBUG 17828 --- [nio-8089-exec-5] o.s.web.servlet.DispatcherServlet        : GET "/ot/spx_ValidarVentaYDetallewb?fecha=28%2F03%2F2026&nroOT=28760243&numeroCliente=694016", parameters={masked}
2026-03-28 11:33:04.359 DEBUG 17828 --- [nio-8089-exec-8] s.w.s.m.m.a.RequestMappingHandlerMapping : Mapped to com.example.TigoStarSystem.ot.controller.OtController#validarVentaYDetalleWb(String, String, Integer, Integer)
2026-03-28 11:33:04.359 DEBUG 17828 --- [nio-8089-exec-7] o.s.web.servlet.DispatcherServlet        : GET "/ot/spx_ValidarVentaYDetallewb?fecha=28%2F03%2F2026&nroOT=28761686&numeroCliente=2589990", parameters={masked}
2026-03-28 11:33:04.360 DEBUG 17828 --- [nio-8089-exec-5] s.w.s.m.m.a.RequestMappingHandlerMapping : Mapped to com.example.TigoStarSystem.ot.controller.OtController#validarVentaYDetalleWb(String, String, Integer, Integer)
2026-03-28 11:33:04.360 DEBUG 17828 --- [nio-8089-exec-4] o.s.jdbc.core.JdbcTemplate               : Executing SQL query [EXEC dbo.spx_ObtenerSucursalesConexion]
2026-03-28 11:33:04.361 DEBUG 17828 --- [nio-8089-exec-7] s.w.s.m.m.a.RequestMappingHandlerMapping : Mapped to com.example.TigoStarSystem.ot.controller.OtController#validarVentaYDetalleWb(String, String, Integer, Integer)
2026-03-28 11:33:04.361 DEBUG 17828 --- [nio-8089-exec-8] o.s.jdbc.core.JdbcTemplate               : Executing SQL query [EXEC dbo.spx_ObtenerSucursalesConexion]
2026-03-28 11:33:04.362 DEBUG 17828 --- [nio-8089-exec-9] o.s.web.servlet.DispatcherServlet        : GET "/ot/spx_ValidarVentaYDetallewb?fecha=28%2F03%2F2026&nroOT=28761713&numeroCliente=1096072", parameters={masked}
2026-03-28 11:33:04.362 DEBUG 17828 --- [nio-8089-exec-3] o.s.web.servlet.DispatcherServlet        : GET "/ot/spx_ValidarVentaYDetallewb?fecha=28%2F03%2F2026&nroOT=28762785&numeroCliente=1203674", parameters={masked}
2026-03-28 11:33:04.362 DEBUG 17828 --- [nio-8089-exec-4] o.s.jdbc.datasource.DataSourceUtils      : Fetching JDBC Connection from DataSource
2026-03-28 11:33:04.362 DEBUG 17828 --- [nio-8089-exec-5] o.s.jdbc.core.JdbcTemplate               : Executing SQL query [EXEC dbo.spx_ObtenerSucursalesConexion]
2026-03-28 11:33:04.363 DEBUG 17828 --- [nio-8089-exec-8] o.s.jdbc.datasource.DataSourceUtils      : Fetching JDBC Connection from DataSource
2026-03-28 11:33:04.363 DEBUG 17828 --- [nio-8089-exec-7] o.s.jdbc.core.JdbcTemplate               : Executing SQL query [EXEC dbo.spx_ObtenerSucursalesConexion]
2026-03-28 11:33:04.364 DEBUG 17828 --- [nio-8089-exec-9] s.w.s.m.m.a.RequestMappingHandlerMapping : Mapped to com.example.TigoStarSystem.ot.controller.OtController#validarVentaYDetalleWb(String, String, Integer, Integer)
2026-03-28 11:33:04.364 DEBUG 17828 --- [nio-8089-exec-3] s.w.s.m.m.a.RequestMappingHandlerMapping : Mapped to com.example.TigoStarSystem.ot.controller.OtController#validarVentaYDetalleWb(String, String, Integer, Integer)
2026-03-28 11:33:04.367 DEBUG 17828 --- [nio-8089-exec-5] o.s.jdbc.datasource.DataSourceUtils      : Fetching JDBC Connection from DataSource
2026-03-28 11:33:04.368 DEBUG 17828 --- [nio-8089-exec-7] o.s.jdbc.datasource.DataSourceUtils      : Fetching JDBC Connection from DataSource
2026-03-28 11:33:04.371 DEBUG 17828 --- [nio-8089-exec-3] o.s.jdbc.core.JdbcTemplate               : Executing SQL query [EXEC dbo.spx_ObtenerSucursalesConexion]
2026-03-28 11:33:04.371 DEBUG 17828 --- [nio-8089-exec-9] o.s.jdbc.core.JdbcTemplate               : Executing SQL query [EXEC dbo.spx_ObtenerSucursalesConexion]
2026-03-28 11:33:04.372 DEBUG 17828 --- [nio-8089-exec-3] o.s.jdbc.datasource.DataSourceUtils      : Fetching JDBC Connection from DataSource
2026-03-28 11:33:04.373 DEBUG 17828 --- [nio-8089-exec-9] o.s.jdbc.datasource.DataSourceUtils      : Fetching JDBC Connection from DataSource
2026-03-28 11:33:04.387 DEBUG 17828 --- [onnection adder] com.zaxxer.hikari.pool.HikariPool        : CentralHikariPool - Added connection ConnectionID:11 ClientConnectionId: cf33ff26-6013-4c3d-9cbf-6803fb488cdb
2026-03-28 11:33:04.407 DEBUG 17828 --- [nio-8089-exec-4] o.s.jdbc.core.JdbcTemplate               : Executing prepared SQL query
2026-03-28 11:33:04.407 DEBUG 17828 --- [nio-8089-exec-4] o.s.jdbc.core.JdbcTemplate               : Executing prepared SQL statement [EXEC dbo.spx_ValidarVentaYDetallewb ?, ?, ?]
2026-03-28 11:33:04.408 DEBUG 17828 --- [nio-8089-exec-4] o.s.jdbc.datasource.DataSourceUtils      : Fetching JDBC Connection from DataSource
2026-03-28 11:33:04.409 DEBUG 17828 --- [nio-8089-exec-8] o.s.jdbc.core.JdbcTemplate               : Executing prepared SQL query
2026-03-28 11:33:04.410 DEBUG 17828 --- [nio-8089-exec-8] o.s.jdbc.core.JdbcTemplate               : Executing prepared SQL statement [EXEC dbo.spx_ValidarVentaYDetallewb ?, ?, ?]
2026-03-28 11:33:04.410 DEBUG 17828 --- [nio-8089-exec-8] o.s.jdbc.datasource.DataSourceUtils      : Fetching JDBC Connection from DataSource
2026-03-28 11:33:04.412 DEBUG 17828 --- [nio-8089-exec-7] o.s.jdbc.core.JdbcTemplate               : Executing prepared SQL query
2026-03-28 11:33:04.413 DEBUG 17828 --- [nio-8089-exec-7] o.s.jdbc.core.JdbcTemplate               : Executing prepared SQL statement [EXEC dbo.spx_ValidarVentaYDetallewb ?, ?, ?]
2026-03-28 11:33:04.413 DEBUG 17828 --- [nio-8089-exec-7] o.s.jdbc.datasource.DataSourceUtils      : Fetching JDBC Connection from DataSource
2026-03-28 11:33:04.414 DEBUG 17828 --- [nio-8089-exec-7] com.zaxxer.hikari.pool.HikariPool        : HikariPool-1 - Add connection elided, waiting 2, queue 3
2026-03-28 11:33:04.420 DEBUG 17828 --- [nio-8089-exec-3] o.s.jdbc.core.JdbcTemplate               : Executing prepared SQL query
2026-03-28 11:33:04.421 DEBUG 17828 --- [nio-8089-exec-3] o.s.jdbc.core.JdbcTemplate               : Executing prepared SQL statement [EXEC dbo.spx_ValidarVentaYDetallewb ?, ?, ?]
2026-03-28 11:33:04.421 DEBUG 17828 --- [nio-8089-exec-9] o.s.jdbc.core.JdbcTemplate               : Executing prepared SQL query
2026-03-28 11:33:04.421 DEBUG 17828 --- [nio-8089-exec-3] o.s.jdbc.datasource.DataSourceUtils      : Fetching JDBC Connection from DataSource
2026-03-28 11:33:04.423 DEBUG 17828 --- [nio-8089-exec-3] com.zaxxer.hikari.pool.HikariPool        : HikariPool-1 - Add connection elided, waiting 1, queue 3
2026-03-28 11:33:04.422 DEBUG 17828 --- [nio-8089-exec-9] o.s.jdbc.core.JdbcTemplate               : Executing prepared SQL statement [EXEC dbo.spx_ValidarVentaYDetallewb ?, ?, ?]
2026-03-28 11:33:04.425 DEBUG 17828 --- [nio-8089-exec-9] o.s.jdbc.datasource.DataSourceUtils      : Fetching JDBC Connection from DataSource
2026-03-28 11:33:04.426 DEBUG 17828 --- [nio-8089-exec-9] com.zaxxer.hikari.pool.HikariPool        : HikariPool-1 - Add connection elided, waiting 2, queue 3
2026-03-28 11:33:04.499 DEBUG 17828 --- [onnection adder] com.zaxxer.hikari.pool.HikariPool        : HikariPool-1 - Added connection ConnectionID:12 ClientConnectionId: 8259b5bb-488e-4ef6-8536-ef87a8581928
2026-03-28 11:33:04.570 DEBUG 17828 --- [onnection adder] com.zaxxer.hikari.pool.HikariPool        : HikariPool-1 - Added connection ConnectionID:13 ClientConnectionId: 78e75d44-781e-4064-b763-ee7442594107
2026-03-28 11:33:04.666 DEBUG 17828 --- [nio-8089-exec-5] o.s.jdbc.core.JdbcTemplate               : Executing prepared SQL query
2026-03-28 11:33:04.667 DEBUG 17828 --- [nio-8089-exec-5] o.s.jdbc.core.JdbcTemplate               : Executing prepared SQL statement [EXEC dbo.spx_ValidarVentaYDetallewb ?, ?, ?]
2026-03-28 11:33:04.667 DEBUG 17828 --- [nio-8089-exec-5] o.s.jdbc.datasource.DataSourceUtils      : Fetching JDBC Connection from DataSource
2026-03-28 11:33:04.718 DEBUG 17828 --- [nio-8089-exec-8] o.s.w.s.m.m.a.HttpEntityMethodProcessor  : Using 'application/json', given [application/json, text/plain, */*] and supported [application/json, application/*+json, application/json, application/*+json]
2026-03-28 11:33:04.718 DEBUG 17828 --- [nio-8089-exec-8] o.s.w.s.m.m.a.HttpEntityMethodProcessor  : Writing [com.example.TigoStarSystem.common.ApiResponse@4e2e7f44]
2026-03-28 11:33:04.719 DEBUG 17828 --- [nio-8089-exec-8] o.s.web.servlet.DispatcherServlet        : Completed 200 OK
2026-03-28 11:33:04.721 DEBUG 17828 --- [io-8089-exec-10] o.s.web.servlet.DispatcherServlet        : GET "/ot/spx_ValidarVentaYDetallewb?fecha=28%2F03%2F2026&nroOT=28763544&numeroCliente=682543", parameters={masked}
2026-03-28 11:33:04.722 DEBUG 17828 --- [io-8089-exec-10] s.w.s.m.m.a.RequestMappingHandlerMapping : Mapped to com.example.TigoStarSystem.ot.controller.OtController#validarVentaYDetalleWb(String, String, Integer, Integer)
2026-03-28 11:33:04.724 DEBUG 17828 --- [io-8089-exec-10] o.s.jdbc.core.JdbcTemplate               : Executing SQL query [EXEC dbo.spx_ObtenerSucursalesConexion]
2026-03-28 11:33:04.724 DEBUG 17828 --- [io-8089-exec-10] o.s.jdbc.datasource.DataSourceUtils      : Fetching JDBC Connection from DataSource
2026-03-28 11:33:04.733 DEBUG 17828 --- [io-8089-exec-10] o.s.jdbc.core.JdbcTemplate               : Executing prepared SQL query
2026-03-28 11:33:04.733 DEBUG 17828 --- [io-8089-exec-10] o.s.jdbc.core.JdbcTemplate               : Executing prepared SQL statement [EXEC dbo.spx_ValidarVentaYDetallewb ?, ?, ?]
2026-03-28 11:33:04.734 DEBUG 17828 --- [io-8089-exec-10] o.s.jdbc.datasource.DataSourceUtils      : Fetching JDBC Connection from DataSource
2026-03-28 11:33:04.741 DEBUG 17828 --- [nio-8089-exec-9] o.s.w.s.m.m.a.HttpEntityMethodProcessor  : Using 'application/json', given [application/json, text/plain, */*] and supported [application/json, application/*+json, application/json, application/*+json]
2026-03-28 11:33:04.743 DEBUG 17828 --- [nio-8089-exec-9] o.s.w.s.m.m.a.HttpEntityMethodProcessor  : Writing [com.example.TigoStarSystem.common.ApiResponse@25e155f5]
2026-03-28 11:33:04.744 DEBUG 17828 --- [nio-8089-exec-9] o.s.web.servlet.DispatcherServlet        : Completed 200 OK
2026-03-28 11:33:04.751 DEBUG 17828 --- [nio-8089-exec-3] o.s.w.s.m.m.a.HttpEntityMethodProcessor  : Using 'application/json', given [application/json, text/plain, */*] and supported [application/json, application/*+json, application/json, application/*+json]
2026-03-28 11:33:04.752 DEBUG 17828 --- [nio-8089-exec-3] o.s.w.s.m.m.a.HttpEntityMethodProcessor  : Writing [com.example.TigoStarSystem.common.ApiResponse@23e24e73]
2026-03-28 11:33:04.753 DEBUG 17828 --- [nio-8089-exec-3] o.s.web.servlet.DispatcherServlet        : Completed 200 OK
2026-03-28 11:33:05.685 DEBUG 17828 --- [nio-8089-exec-7] o.s.w.s.m.m.a.HttpEntityMethodProcessor  : Using 'application/json', given [application/json, text/plain, */*] and supported [application/json, application/*+json, application/json, application/*+json]
2026-03-28 11:33:05.686 DEBUG 17828 --- [nio-8089-exec-7] o.s.w.s.m.m.a.HttpEntityMethodProcessor  : Writing [com.example.TigoStarSystem.common.ApiResponse@37e0a7fc]
2026-03-28 11:33:05.687 DEBUG 17828 --- [nio-8089-exec-7] o.s.web.servlet.DispatcherServlet        : Completed 200 OK
2026-03-28 11:33:05.701 DEBUG 17828 --- [nio-8089-exec-4] o.s.w.s.m.m.a.HttpEntityMethodProcessor  : Using 'application/json', given [application/json, text/plain, */*] and supported [application/json, application/*+json, application/json, application/*+json]
2026-03-28 11:33:05.702 DEBUG 17828 --- [nio-8089-exec-4] o.s.w.s.m.m.a.HttpEntityMethodProcessor  : Writing [com.example.TigoStarSystem.common.ApiResponse@7db4c0a5]
2026-03-28 11:33:05.703 DEBUG 17828 --- [nio-8089-exec-4] o.s.web.servlet.DispatcherServlet        : Completed 200 OK
2026-03-28 11:33:05.739 DEBUG 17828 --- [nio-8089-exec-5] o.s.w.s.m.m.a.HttpEntityMethodProcessor  : Using 'application/json', given [application/json, text/plain, */*] and supported [application/json, application/*+json, application/json, application/*+json]
2026-03-28 11:33:05.740 DEBUG 17828 --- [nio-8089-exec-5] o.s.w.s.m.m.a.HttpEntityMethodProcessor  : Writing [com.example.TigoStarSystem.common.ApiResponse@2ebad382]
2026-03-28 11:33:05.741 DEBUG 17828 --- [nio-8089-exec-5] o.s.web.servlet.DispatcherServlet        : Completed 200 OK
2026-03-28 11:33:05.756 DEBUG 17828 --- [io-8089-exec-10] o.s.w.s.m.m.a.HttpEntityMethodProcessor  : Using 'application/json', given [application/json, text/plain, */*] and supported [application/json, application/*+json, application/json, application/*+json]
2026-03-28 11:33:05.756 DEBUG 17828 --- [io-8089-exec-10] o.s.w.s.m.m.a.HttpEntityMethodProcessor  : Writing [com.example.TigoStarSystem.common.ApiResponse@2d06ad0e]
2026-03-28 11:33:05.757 DEBUG 17828 --- [io-8089-exec-10] o.s.web.servlet.DispatcherServlet        : Completed 200 OK
2026-03-28 11:33:14.242 DEBUG 17828 --- [ool housekeeper] com.zaxxer.hikari.pool.HikariPool        : CentralHikariPool - Before cleanup stats (total=2, active=0, idle=2, waiting=0)
2026-03-28 11:33:14.242 DEBUG 17828 --- [ool housekeeper] com.zaxxer.hikari.pool.HikariPool        : CentralHikariPool - After cleanup  stats (total=2, active=0, idle=2, waiting=0)
2026-03-28 11:33:14.243 DEBUG 17828 --- [ool housekeeper] com.zaxxer.hikari.pool.HikariPool        : CentralHikariPool - Fill pool skipped, pool is at sufficient level.
2026-03-28 11:33:21.322 DEBUG 17828 --- [nnection closer] com.zaxxer.hikari.pool.PoolBase          : HikariPool-1 - Closing connection ConnectionID:7 ClientConnectionId: 17d315e5-e767-45bb-a56a-9299d4dd8fa4: (connection has passed maxLifetime)
2026-03-28 11:33:21.323 DEBUG 17828 --- [nnection closer] com.zaxxer.hikari.pool.HikariPool        : HikariPool-1 - Fill pool skipped, pool is at sufficient level.
2026-03-28 11:33:21.617 DEBUG 17828 --- [ruz housekeeper] com.zaxxer.hikari.pool.HikariPool        : ConnDb-Santa_Cruz - Before cleanup stats (total=0, active=0, idle=0, waiting=0)
2026-03-28 11:33:21.617 DEBUG 17828 --- [ruz housekeeper] com.zaxxer.hikari.pool.HikariPool        : ConnDb-Santa_Cruz - After cleanup  stats (total=0, active=0, idle=0, waiting=0)
2026-03-28 11:33:21.618 DEBUG 17828 --- [ruz housekeeper] com.zaxxer.hikari.pool.HikariPool        : ConnDb-Santa_Cruz - Fill pool skipped, pool is at sufficient level.
2026-03-28 11:33:22.820 DEBUG 17828 --- [nnection closer] com.zaxxer.hikari.pool.PoolBase          : HikariPool-1 - Closing connection ConnectionID:9 ClientConnectionId: 4881853f-b11d-4ee3-9a10-f3a5da22aedc: (connection has passed maxLifetime)
2026-03-28 11:33:22.821 DEBUG 17828 --- [nnection closer] com.zaxxer.hikari.pool.HikariPool        : HikariPool-1 - Fill pool skipped, pool is at sufficient level.
2026-03-28 11:33:25.736 DEBUG 17828 --- [nnection closer] com.zaxxer.hikari.pool.PoolBase          : HikariPool-1 - Closing connection ConnectionID:6 ClientConnectionId: b1ce3a37-d549-4d0b-8626-564442cb7749: (connection has passed maxLifetime)
2026-03-28 11:33:25.737 DEBUG 17828 --- [nnection closer] com.zaxxer.hikari.pool.HikariPool        : HikariPool-1 - Fill pool skipped, pool is at sufficient level.
2026-03-28 11:33:32.365 DEBUG 17828 --- [l-1 housekeeper] com.zaxxer.hikari.pool.HikariPool        : HikariPool-1 - Before cleanup stats (total=3, active=0, idle=3, waiting=0)
2026-03-28 11:33:32.366 DEBUG 17828 --- [l-1 housekeeper] com.zaxxer.hikari.pool.HikariPool        : HikariPool-1 - After cleanup  stats (total=3, active=0, idle=3, waiting=0)
2026-03-28 11:33:32.366 DEBUG 17828 --- [l-1 housekeeper] com.zaxxer.hikari.pool.HikariPool        : HikariPool-1 - Fill pool skipped, pool is at sufficient level.
2026-03-28 11:33:32.367 DEBUG 17828 --- [nnection closer] com.zaxxer.hikari.pool.PoolBase          : HikariPool-1 - Closing connection ConnectionID:8 ClientConnectionId: 79e4b3d9-ce7d-46cd-a620-bd5d89a32233: (connection has passed maxLifetime)
2026-03-28 11:33:32.368 DEBUG 17828 --- [nnection closer] com.zaxxer.hikari.pool.HikariPool        : HikariPool-1 - Fill pool skipped, pool is at sufficient level.
2026-03-28 11:33:32.963 DEBUG 17828 --- [ruz housekeeper] com.zaxxer.hikari.pool.HikariPool        : ConnDb-Santa_Cruz - Before cleanup stats (total=0, active=0, idle=0, waiting=0)
2026-03-28 11:33:32.963 DEBUG 17828 --- [ruz housekeeper] com.zaxxer.hikari.pool.HikariPool        : ConnDb-Santa_Cruz - After cleanup  stats (total=0, active=0, idle=0, waiting=0)
2026-03-28 11:33:32.964 DEBUG 17828 --- [ruz housekeeper] com.zaxxer.hikari.pool.HikariPool        : ConnDb-Santa_Cruz - Fill pool skipped, pool is at sufficient level.
2026-03-28 11:33:44.248 DEBUG 17828 --- [ool housekeeper] com.zaxxer.hikari.pool.HikariPool        : CentralHikariPool - Before cleanup stats (total=2, active=0, idle=2, waiting=0)
2026-03-28 11:33:44.249 DEBUG 17828 --- [ool housekeeper] com.zaxxer.hikari.pool.HikariPool        : CentralHikariPool - After cleanup  stats (total=2, active=0, idle=2, waiting=0)
2026-03-28 11:33:44.249 DEBUG 17828 --- [ool housekeeper] com.zaxxer.hikari.pool.HikariPool        : CentralHikariPool - Fill pool skipped, pool is at sufficient level.
2026-03-28 11:33:51.633 DEBUG 17828 --- [ruz housekeeper] com.zaxxer.hikari.pool.HikariPool        : ConnDb-Santa_Cruz - Before cleanup stats (total=0, active=0, idle=0, waiting=0)
2026-03-28 11:33:51.633 DEBUG 17828 --- [ruz housekeeper] com.zaxxer.hikari.pool.HikariPool        : ConnDb-Santa_Cruz - After cleanup  stats (total=0, active=0, idle=0, waiting=0)
2026-03-28 11:33:51.634 DEBUG 17828 --- [ruz housekeeper] com.zaxxer.hikari.pool.HikariPool        : ConnDb-Santa_Cruz - Fill pool skipped, pool is at sufficient level.
2026-03-28 11:34:02.372 DEBUG 17828 --- [l-1 housekeeper] com.zaxxer.hikari.pool.HikariPool        : HikariPool-1 - Before cleanup stats (total=2, active=0, idle=2, waiting=0)
2026-03-28 11:34:02.372 DEBUG 17828 --- [l-1 housekeeper] com.zaxxer.hikari.pool.HikariPool        : HikariPool-1 - After cleanup  stats (total=2, active=0, idle=2, waiting=0)
2026-03-28 11:34:02.373 DEBUG 17828 --- [l-1 housekeeper] com.zaxxer.hikari.pool.HikariPool        : HikariPool-1 - Fill pool skipped, pool is at sufficient level.
2026-03-28 11:34:02.974 DEBUG 17828 --- [ruz housekeeper] com.zaxxer.hikari.pool.HikariPool        : ConnDb-Santa_Cruz - Before cleanup stats (total=0, active=0, idle=0, waiting=0)
2026-03-28 11:34:02.974 DEBUG 17828 --- [ruz housekeeper] com.zaxxer.hikari.pool.HikariPool        : ConnDb-Santa_Cruz - After cleanup  stats (total=0, active=0, idle=0, waiting=0)
2026-03-28 11:34:02.975 DEBUG 17828 --- [ruz housekeeper] com.zaxxer.hikari.pool.HikariPool        : ConnDb-Santa_Cruz - Fill pool skipped, pool is at sufficient level.
2026-03-28 11:34:14.252 DEBUG 17828 --- [ool housekeeper] com.zaxxer.hikari.pool.HikariPool        : CentralHikariPool - Before cleanup stats (total=2, active=0, idle=2, waiting=0)
2026-03-28 11:34:14.252 DEBUG 17828 --- [ool housekeeper] com.zaxxer.hikari.pool.HikariPool        : CentralHikariPool - After cleanup  stats (total=2, active=0, idle=2, waiting=0)
2026-03-28 11:34:14.254 DEBUG 17828 --- [ool housekeeper] com.zaxxer.hikari.pool.HikariPool        : CentralHikariPool - Fill pool skipped, pool is at sufficient level.
2026-03-28 11:34:21.639 DEBUG 17828 --- [ruz housekeeper] com.zaxxer.hikari.pool.HikariPool        : ConnDb-Santa_Cruz - Before cleanup stats (total=0, active=0, idle=0, waiting=0)
2026-03-28 11:34:21.640 DEBUG 17828 --- [ruz housekeeper] com.zaxxer.hikari.pool.HikariPool        : ConnDb-Santa_Cruz - After cleanup  stats (total=0, active=0, idle=0, waiting=0)
2026-03-28 11:34:21.641 DEBUG 17828 --- [ruz housekeeper] com.zaxxer.hikari.pool.HikariPool        : ConnDb-Santa_Cruz - Fill pool skipped, pool is at sufficient level.
2026-03-28 11:34:32.378 DEBUG 17828 --- [l-1 housekeeper] com.zaxxer.hikari.pool.HikariPool        : HikariPool-1 - Before cleanup stats (total=2, active=0, idle=2, waiting=0)
2026-03-28 11:34:32.379 DEBUG 17828 --- [l-1 housekeeper] com.zaxxer.hikari.pool.HikariPool        : HikariPool-1 - After cleanup  stats (total=2, active=0, idle=2, waiting=0)
2026-03-28 11:34:32.380 DEBUG 17828 --- [l-1 housekeeper] com.zaxxer.hikari.pool.HikariPool        : HikariPool-1 - Fill pool skipped, pool is at sufficient level.
2026-03-28 11:34:32.988 DEBUG 17828 --- [ruz housekeeper] com.zaxxer.hikari.pool.HikariPool        : ConnDb-Santa_Cruz - Before cleanup stats (total=0, active=0, idle=0, waiting=0)
2026-03-28 11:34:32.988 DEBUG 17828 --- [ruz housekeeper] com.zaxxer.hikari.pool.HikariPool        : ConnDb-Santa_Cruz - After cleanup  stats (total=0, active=0, idle=0, waiting=0)
2026-03-28 11:34:32.989 DEBUG 17828 --- [ruz housekeeper] com.zaxxer.hikari.pool.HikariPool        : ConnDb-Santa_Cruz - Fill pool skipped, pool is at sufficient level.
2026-03-28 11:34:44.264 DEBUG 17828 --- [ool housekeeper] com.zaxxer.hikari.pool.HikariPool        : CentralHikariPool - Before cleanup stats (total=2, active=0, idle=2, waiting=0)
2026-03-28 11:34:44.265 DEBUG 17828 --- [ool housekeeper] com.zaxxer.hikari.pool.HikariPool        : CentralHikariPool - After cleanup  stats (total=2, active=0, idle=2, waiting=0)
2026-03-28 11:34:44.265 DEBUG 17828 --- [ool housekeeper] com.zaxxer.hikari.pool.HikariPool        : CentralHikariPool - Fill pool skipped, pool is at sufficient level.
2026-03-28 11:34:51.652 DEBUG 17828 --- [ruz housekeeper] com.zaxxer.hikari.pool.HikariPool        : ConnDb-Santa_Cruz - Before cleanup stats (total=0, active=0, idle=0, waiting=0)
2026-03-28 11:34:51.652 DEBUG 17828 --- [ruz housekeeper] com.zaxxer.hikari.pool.HikariPool        : ConnDb-Santa_Cruz - After cleanup  stats (total=0, active=0, idle=0, waiting=0)
2026-03-28 11:34:51.653 DEBUG 17828 --- [ruz housekeeper] com.zaxxer.hikari.pool.HikariPool        : ConnDb-Santa_Cruz - Fill pool skipped, pool is at sufficient level.
2026-03-28 11:34:52.915 DEBUG 17828 --- [l-1 housekeeper] com.zaxxer.hikari.pool.HikariPool        : HikariPool-1 - keepalive: connection ConnectionID:13 ClientConnectionId: 78e75d44-781e-4064-b763-ee7442594107 is alive
2026-03-28 11:34:53.173 DEBUG 17828 --- [ool housekeeper] com.zaxxer.hikari.pool.HikariPool        : CentralHikariPool - keepalive: connection ConnectionID:10 ClientConnectionId: 40591271-a7f9-43a6-b46e-bf5e0573d131 is alive
2026-03-28 11:35:00.949 DEBUG 17828 --- [l-1 housekeeper] com.zaxxer.hikari.pool.HikariPool        : HikariPool-1 - keepalive: connection ConnectionID:12 ClientConnectionId: 8259b5bb-488e-4ef6-8536-ef87a8581928 is alive
2026-03-28 11:35:01.543 DEBUG 17828 --- [ool housekeeper] com.zaxxer.hikari.pool.HikariPool        : CentralHikariPool - keepalive: connection ConnectionID:11 ClientConnectionId: cf33ff26-6013-4c3d-9cbf-6803fb488cdb is alive
2026-03-28 11:35:02.390 DEBUG 17828 --- [l-1 housekeeper] com.zaxxer.hikari.pool.HikariPool        : HikariPool-1 - Before cleanup stats (total=2, active=0, idle=2, waiting=0)
2026-03-28 11:35:02.391 DEBUG 17828 --- [l-1 housekeeper] com.zaxxer.hikari.pool.HikariPool        : HikariPool-1 - After cleanup  stats (total=2, active=0, idle=2, waiting=0)
2026-03-28 11:35:02.391 DEBUG 17828 --- [l-1 housekeeper] com.zaxxer.hikari.pool.HikariPool        : HikariPool-1 - Fill pool skipped, pool is at sufficient level.
2026-03-28 11:35:03.004 DEBUG 17828 --- [ruz housekeeper] com.zaxxer.hikari.pool.HikariPool        : ConnDb-Santa_Cruz - Before cleanup stats (total=0, active=0, idle=0, waiting=0)
2026-03-28 11:35:03.004 DEBUG 17828 --- [ruz housekeeper] com.zaxxer.hikari.pool.HikariPool        : ConnDb-Santa_Cruz - After cleanup  stats (total=0, active=0, idle=0, waiting=0)
2026-03-28 11:35:03.006 DEBUG 17828 --- [ruz housekeeper] com.zaxxer.hikari.pool.HikariPool        : ConnDb-Santa_Cruz - Fill pool skipped, pool is at sufficient level.
2026-03-28 11:35:14.275 DEBUG 17828 --- [ool housekeeper] com.zaxxer.hikari.pool.HikariPool        : CentralHikariPool - Before cleanup stats (total=2, active=0, idle=2, waiting=0)
2026-03-28 11:35:14.275 DEBUG 17828 --- [ool housekeeper] com.zaxxer.hikari.pool.HikariPool        : CentralHikariPool - After cleanup  stats (total=2, active=0, idle=2, waiting=0)
2026-03-28 11:35:14.276 DEBUG 17828 --- [ool housekeeper] com.zaxxer.hikari.pool.HikariPool        : CentralHikariPool - Fill pool skipped, pool is at sufficient level.
2026-03-28 11:35:21.664 DEBUG 17828 --- [ruz housekeeper] com.zaxxer.hikari.pool.HikariPool        : ConnDb-Santa_Cruz - Before cleanup stats (total=0, active=0, idle=0, waiting=0)
2026-03-28 11:35:21.664 DEBUG 17828 --- [ruz housekeeper] com.zaxxer.hikari.pool.HikariPool        : ConnDb-Santa_Cruz - After cleanup  stats (total=0, active=0, idle=0, waiting=0)
2026-03-28 11:35:21.665 DEBUG 17828 --- [ruz housekeeper] com.zaxxer.hikari.pool.HikariPool        : ConnDb-Santa_Cruz - Fill pool skipped, pool is at sufficient level.
2026-03-28 11:35:32.401 DEBUG 17828 --- [l-1 housekeeper] com.zaxxer.hikari.pool.HikariPool        : HikariPool-1 - Before cleanup stats (total=2, active=0, idle=2, waiting=0)
2026-03-28 11:35:32.402 DEBUG 17828 --- [l-1 housekeeper] com.zaxxer.hikari.pool.HikariPool        : HikariPool-1 - After cleanup  stats (total=2, active=0, idle=2, waiting=0)
2026-03-28 11:35:32.403 DEBUG 17828 --- [l-1 housekeeper] com.zaxxer.hikari.pool.HikariPool        : HikariPool-1 - Fill pool skipped, pool is at sufficient level.
2026-03-28 11:35:33.011 DEBUG 17828 --- [ruz housekeeper] com.zaxxer.hikari.pool.HikariPool        : ConnDb-Santa_Cruz - Before cleanup stats (total=0, active=0, idle=0, waiting=0)
2026-03-28 11:35:33.011 DEBUG 17828 --- [ruz housekeeper] com.zaxxer.hikari.pool.HikariPool        : ConnDb-Santa_Cruz - After cleanup  stats (total=0, active=0, idle=0, waiting=0)
2026-03-28 11:35:33.012 DEBUG 17828 --- [ruz housekeeper] com.zaxxer.hikari.pool.HikariPool        : ConnDb-Santa_Cruz - Fill pool skipped, pool is at sufficient level.
2026-03-28 11:35:44.288 DEBUG 17828 --- [ool housekeeper] com.zaxxer.hikari.pool.HikariPool        : CentralHikariPool - Before cleanup stats (total=2, active=0, idle=2, waiting=0)
2026-03-28 11:35:44.288 DEBUG 17828 --- [ool housekeeper] com.zaxxer.hikari.pool.HikariPool        : CentralHikariPool - After cleanup  stats (total=2, active=0, idle=2, waiting=0)
2026-03-28 11:35:44.289 DEBUG 17828 --- [ool housekeeper] com.zaxxer.hikari.pool.HikariPool        : CentralHikariPool - Fill pool skipped, pool is at sufficient level.
2026-03-28 11:35:51.671 DEBUG 17828 --- [ruz housekeeper] com.zaxxer.hikari.pool.HikariPool        : ConnDb-Santa_Cruz - Before cleanup stats (total=0, active=0, idle=0, waiting=0)
2026-03-28 11:35:51.671 DEBUG 17828 --- [ruz housekeeper] com.zaxxer.hikari.pool.HikariPool        : ConnDb-Santa_Cruz - After cleanup  stats (total=0, active=0, idle=0, waiting=0)
2026-03-28 11:35:51.672 DEBUG 17828 --- [ruz housekeeper] com.zaxxer.hikari.pool.HikariPool        : ConnDb-Santa_Cruz - Fill pool skipped, pool is at sufficient level.
2026-03-28 11:36:02.410 DEBUG 17828 --- [l-1 housekeeper] com.zaxxer.hikari.pool.HikariPool        : HikariPool-1 - Before cleanup stats (total=2, active=0, idle=2, waiting=0)
2026-03-28 11:36:02.418 DEBUG 17828 --- [l-1 housekeeper] com.zaxxer.hikari.pool.HikariPool        : HikariPool-1 - After cleanup  stats (total=2, active=0, idle=2, waiting=0)
2026-03-28 11:36:02.418 DEBUG 17828 --- [l-1 housekeeper] com.zaxxer.hikari.pool.HikariPool        : HikariPool-1 - Fill pool skipped, pool is at sufficient level.
2026-03-28 11:36:03.016 DEBUG 17828 --- [ruz housekeeper] com.zaxxer.hikari.pool.HikariPool        : ConnDb-Santa_Cruz - Before cleanup stats (total=0, active=0, idle=0, waiting=0)
2026-03-28 11:36:03.016 DEBUG 17828 --- [ruz housekeeper] com.zaxxer.hikari.pool.HikariPool        : ConnDb-Santa_Cruz - After cleanup  stats (total=0, active=0, idle=0, waiting=0)
2026-03-28 11:36:03.017 DEBUG 17828 --- [ruz housekeeper] com.zaxxer.hikari.pool.HikariPool        : ConnDb-Santa_Cruz - Fill pool skipped, pool is at sufficient level.
2026-03-28 11:36:14.297 DEBUG 17828 --- [ool housekeeper] com.zaxxer.hikari.pool.HikariPool        : CentralHikariPool - Before cleanup stats (total=2, active=0, idle=2, waiting=0)
2026-03-28 11:36:14.297 DEBUG 17828 --- [ool housekeeper] com.zaxxer.hikari.pool.HikariPool        : CentralHikariPool - After cleanup  stats (total=2, active=0, idle=2, waiting=0)
2026-03-28 11:36:14.298 DEBUG 17828 --- [ool housekeeper] com.zaxxer.hikari.pool.HikariPool        : CentralHikariPool - Fill pool skipped, pool is at sufficient level.
2026-03-28 11:36:21.680 DEBUG 17828 --- [ruz housekeeper] com.zaxxer.hikari.pool.HikariPool        : ConnDb-Santa_Cruz - Before cleanup stats (total=0, active=0, idle=0, waiting=0)
2026-03-28 11:36:21.680 DEBUG 17828 --- [ruz housekeeper] com.zaxxer.hikari.pool.HikariPool        : ConnDb-Santa_Cruz - After cleanup  stats (total=0, active=0, idle=0, waiting=0)
2026-03-28 11:36:21.681 DEBUG 17828 --- [ruz housekeeper] com.zaxxer.hikari.pool.HikariPool        : ConnDb-Santa_Cruz - Fill pool skipped, pool is at sufficient level.
2026-03-28 11:36:32.423 DEBUG 17828 --- [l-1 housekeeper] com.zaxxer.hikari.pool.HikariPool        : HikariPool-1 - Before cleanup stats (total=2, active=0, idle=2, waiting=0)
2026-03-28 11:36:32.423 DEBUG 17828 --- [l-1 housekeeper] com.zaxxer.hikari.pool.HikariPool        : HikariPool-1 - After cleanup  stats (total=2, active=0, idle=2, waiting=0)
2026-03-28 11:36:32.423 DEBUG 17828 --- [l-1 housekeeper] com.zaxxer.hikari.pool.HikariPool        : HikariPool-1 - Fill pool skipped, pool is at sufficient level.
2026-03-28 11:36:33.024 DEBUG 17828 --- [ruz housekeeper] com.zaxxer.hikari.pool.HikariPool        : ConnDb-Santa_Cruz - Before cleanup stats (total=0, active=0, idle=0, waiting=0)
2026-03-28 11:36:33.025 DEBUG 17828 --- [ruz housekeeper] com.zaxxer.hikari.pool.HikariPool        : ConnDb-Santa_Cruz - After cleanup  stats (total=0, active=0, idle=0, waiting=0)
2026-03-28 11:36:33.025 DEBUG 17828 --- [ruz housekeeper] com.zaxxer.hikari.pool.HikariPool        : ConnDb-Santa_Cruz - Fill pool skipped, pool is at sufficient level.
2026-03-28 11:36:41.276 DEBUG 17828 --- [l-1 housekeeper] com.zaxxer.hikari.pool.HikariPool        : HikariPool-1 - keepalive: connection ConnectionID:13 ClientConnectionId: 78e75d44-781e-4064-b763-ee7442594107 is alive
2026-03-28 11:36:42.166 DEBUG 17828 --- [ool housekeeper] com.zaxxer.hikari.pool.HikariPool        : CentralHikariPool - keepalive: connection ConnectionID:10 ClientConnectionId: 40591271-a7f9-43a6-b46e-bf5e0573d131 is alive
2026-03-28 11:36:44.312 DEBUG 17828 --- [ool housekeeper] com.zaxxer.hikari.pool.HikariPool        : CentralHikariPool - Before cleanup stats (total=2, active=0, idle=2, waiting=0)
2026-03-28 11:36:44.313 DEBUG 17828 --- [ool housekeeper] com.zaxxer.hikari.pool.HikariPool        : CentralHikariPool - After cleanup  stats (total=2, active=0, idle=2, waiting=0)
2026-03-28 11:36:44.313 DEBUG 17828 --- [ool housekeeper] com.zaxxer.hikari.pool.HikariPool        : CentralHikariPool - Fill pool skipped, pool is at sufficient level.
2026-03-28 11:36:51.687 DEBUG 17828 --- [ruz housekeeper] com.zaxxer.hikari.pool.HikariPool        : ConnDb-Santa_Cruz - Before cleanup stats (total=0, active=0, idle=0, waiting=0)
2026-03-28 11:36:51.687 DEBUG 17828 --- [ruz housekeeper] com.zaxxer.hikari.pool.HikariPool        : ConnDb-Santa_Cruz - After cleanup  stats (total=0, active=0, idle=0, waiting=0)
2026-03-28 11:36:51.688 DEBUG 17828 --- [ruz housekeeper] com.zaxxer.hikari.pool.HikariPool        : ConnDb-Santa_Cruz - Fill pool skipped, pool is at sufficient level.
2026-03-28 11:36:57.396 DEBUG 17828 --- [l-1 housekeeper] com.zaxxer.hikari.pool.HikariPool        : HikariPool-1 - keepalive: connection ConnectionID:12 ClientConnectionId: 8259b5bb-488e-4ef6-8536-ef87a8581928 is alive
2026-03-28 11:36:58.699 DEBUG 17828 --- [ool housekeeper] com.zaxxer.hikari.pool.HikariPool        : CentralHikariPool - keepalive: connection ConnectionID:11 ClientConnectionId: cf33ff26-6013-4c3d-9cbf-6803fb488cdb is alive
2026-03-28 11:37:02.429 DEBUG 17828 --- [l-1 housekeeper] com.zaxxer.hikari.pool.HikariPool        : HikariPool-1 - Before cleanup stats (total=2, active=0, idle=2, waiting=0)
2026-03-28 11:37:02.469 DEBUG 17828 --- [l-1 housekeeper] com.zaxxer.hikari.pool.HikariPool        : HikariPool-1 - After cleanup  stats (total=2, active=0, idle=2, waiting=0)
2026-03-28 11:37:02.470 DEBUG 17828 --- [l-1 housekeeper] com.zaxxer.hikari.pool.HikariPool        : HikariPool-1 - Fill pool skipped, pool is at sufficient level.
2026-03-28 11:37:03.038 DEBUG 17828 --- [ruz housekeeper] com.zaxxer.hikari.pool.HikariPool        : ConnDb-Santa_Cruz - Before cleanup stats (total=0, active=0, idle=0, waiting=0)
2026-03-28 11:37:03.038 DEBUG 17828 --- [ruz housekeeper] com.zaxxer.hikari.pool.HikariPool        : ConnDb-Santa_Cruz - After cleanup  stats (total=0, active=0, idle=0, waiting=0)
2026-03-28 11:37:03.039 DEBUG 17828 --- [ruz housekeeper] com.zaxxer.hikari.pool.HikariPool        : ConnDb-Santa_Cruz - Fill pool skipped, pool is at sufficient level.
2026-03-28 11:37:05.519 DEBUG 17828 --- [nio-8089-exec-4] o.s.web.servlet.DispatcherServlet        : GET "/catalogos/rutas?tecnicoId=98", parameters={masked}
2026-03-28 11:37:05.521 DEBUG 17828 --- [io-8089-exec-10] o.s.web.servlet.DispatcherServlet        : GET "/catalogos/estados", parameters={}
2026-03-28 11:37:05.521 DEBUG 17828 --- [nio-8089-exec-5] o.s.web.servlet.DispatcherServlet        : GET "/catalogos/tipo-servicio", parameters={}
2026-03-28 11:37:05.549 DEBUG 17828 --- [nio-8089-exec-4] s.w.s.m.m.a.RequestMappingHandlerMapping : Mapped to com.example.TigoStarSystem.catalogo.controller.CatalogoController#listarRutas(Integer)
2026-03-28 11:37:05.561 DEBUG 17828 --- [nio-8089-exec-1] o.s.web.servlet.DispatcherServlet        : GET "/ot/spx_ObtenerCaberaVentaParaRegistroOTwb?clienteNro=2589990&ot=28761686&tor=TI&grupo=GRUPO+M24_KEVIN+GEOVANI&tecnicoNombre=KEVIN+GEOVANI+BARROSO+NAVA", parameters={masked}
2026-03-28 11:37:05.612 DEBUG 17828 --- [io-8089-exec-10] s.w.s.m.m.a.RequestMappingHandlerMapping : Mapped to com.example.TigoStarSystem.catalogo.controller.CatalogoController#listarEstados()
2026-03-28 11:37:05.613 DEBUG 17828 --- [nio-8089-exec-5] s.w.s.m.m.a.RequestMappingHandlerMapping : Mapped to com.example.TigoStarSystem.catalogo.controller.CatalogoController#listarTipoServicio()
2026-03-28 11:37:05.614 DEBUG 17828 --- [nio-8089-exec-4] o.s.jdbc.core.JdbcTemplate               : Executing prepared SQL query
2026-03-28 11:37:05.614 DEBUG 17828 --- [nio-8089-exec-1] s.w.s.m.m.a.RequestMappingHandlerMapping : Mapped to com.example.TigoStarSystem.ot.controller.OtController#obtenerCabeceraVentaParaRegistroOtWb(String, Integer, Integer, String, String, String)
2026-03-28 11:37:05.615 DEBUG 17828 --- [io-8089-exec-10] o.s.jdbc.core.JdbcTemplate               : Executing SQL query [EXEC sp_ObtenerEstado]
2026-03-28 11:37:05.616 DEBUG 17828 --- [nio-8089-exec-5] o.s.jdbc.core.JdbcTemplate               : Executing SQL query [EXEC spx_ObtenerTipoServicio]
2026-03-28 11:37:05.619 DEBUG 17828 --- [nio-8089-exec-5] o.s.jdbc.datasource.DataSourceUtils      : Fetching JDBC Connection from DataSource
2026-03-28 11:37:05.617 DEBUG 17828 --- [nio-8089-exec-4] o.s.jdbc.core.JdbcTemplate               : Executing prepared SQL statement [EXEC spx_ObtenerRutaXIdTecnico ?]
2026-03-28 11:37:05.618 DEBUG 17828 --- [nio-8089-exec-1] o.s.jdbc.core.JdbcTemplate               : Executing SQL query [EXEC dbo.spx_ObtenerSucursalesConexion]
2026-03-28 11:37:05.618 DEBUG 17828 --- [io-8089-exec-10] o.s.jdbc.datasource.DataSourceUtils      : Fetching JDBC Connection from DataSource
2026-03-28 11:37:05.623 DEBUG 17828 --- [nio-8089-exec-4] o.s.jdbc.datasource.DataSourceUtils      : Fetching JDBC Connection from DataSource
2026-03-28 11:37:05.624 DEBUG 17828 --- [nio-8089-exec-1] o.s.jdbc.datasource.DataSourceUtils      : Fetching JDBC Connection from DataSource
2026-03-28 11:37:05.626 DEBUG 17828 --- [nio-8089-exec-5] o.s.w.s.m.m.a.HttpEntityMethodProcessor  : Using 'application/json', given [application/json, text/plain, */*] and supported [application/json, application/*+json, application/json, application/*+json]
2026-03-28 11:37:05.627 DEBUG 17828 --- [io-8089-exec-10] o.s.w.s.m.m.a.HttpEntityMethodProcessor  : Using 'application/json', given [application/json, text/plain, */*] and supported [application/json, application/*+json, application/json, application/*+json]
2026-03-28 11:37:05.697 DEBUG 17828 --- [nio-8089-exec-5] o.s.w.s.m.m.a.HttpEntityMethodProcessor  : Writing [com.example.TigoStarSystem.common.ApiResponse@7d82987e]
2026-03-28 11:37:05.697 DEBUG 17828 --- [io-8089-exec-10] o.s.w.s.m.m.a.HttpEntityMethodProcessor  : Writing [com.example.TigoStarSystem.common.ApiResponse@5cb4b6a9]
2026-03-28 11:37:05.698 DEBUG 17828 --- [nio-8089-exec-4] o.s.w.s.m.m.a.HttpEntityMethodProcessor  : Using 'application/json', given [application/json, text/plain, */*] and supported [application/json, application/*+json, application/json, application/*+json]
2026-03-28 11:37:05.698 DEBUG 17828 --- [nio-8089-exec-5] o.s.web.servlet.DispatcherServlet        : Completed 200 OK
2026-03-28 11:37:05.699 DEBUG 17828 --- [io-8089-exec-10] o.s.web.servlet.DispatcherServlet        : Completed 200 OK
2026-03-28 11:37:05.699 DEBUG 17828 --- [nio-8089-exec-4] o.s.w.s.m.m.a.HttpEntityMethodProcessor  : Writing [com.example.TigoStarSystem.common.ApiResponse@2685908b]
2026-03-28 11:37:05.701 DEBUG 17828 --- [nio-8089-exec-1] o.s.jdbc.core.JdbcTemplate               : Executing prepared SQL query
2026-03-28 11:37:05.701 DEBUG 17828 --- [nio-8089-exec-1] o.s.jdbc.core.JdbcTemplate               : Executing prepared SQL statement [EXEC dbo.spx_ObtenerCaberaVentaParaRegistroOTwb ?, ?, ?, ?, ?]
2026-03-28 11:37:05.701 DEBUG 17828 --- [nio-8089-exec-4] o.s.web.servlet.DispatcherServlet        : Completed 200 OK
2026-03-28 11:37:05.702 DEBUG 17828 --- [nio-8089-exec-1] o.s.jdbc.datasource.DataSourceUtils      : Fetching JDBC Connection from DataSource
2026-03-28 11:37:05.706 DEBUG 17828 --- [nio-8089-exec-1] o.s.w.s.m.m.a.HttpEntityMethodProcessor  : Using 'application/json', given [application/json, text/plain, */*] and supported [application/json, application/*+json, application/json, application/*+json]
2026-03-28 11:37:05.706 DEBUG 17828 --- [nio-8089-exec-1] o.s.w.s.m.m.a.HttpEntityMethodProcessor  : Writing [com.example.TigoStarSystem.common.ApiResponse@3788e67]
2026-03-28 11:37:05.707 DEBUG 17828 --- [nio-8089-exec-1] o.s.web.servlet.DispatcherServlet        : Completed 200 OK
2026-03-28 11:37:14.316 DEBUG 17828 --- [ool housekeeper] com.zaxxer.hikari.pool.HikariPool        : CentralHikariPool - Before cleanup stats (total=2, active=0, idle=2, waiting=0)
2026-03-28 11:37:14.316 DEBUG 17828 --- [ool housekeeper] com.zaxxer.hikari.pool.HikariPool        : CentralHikariPool - After cleanup  stats (total=2, active=0, idle=2, waiting=0)
2026-03-28 11:37:14.317 DEBUG 17828 --- [ool housekeeper] com.zaxxer.hikari.pool.HikariPool        : CentralHikariPool - Fill pool skipped, pool is at sufficient level.
2026-03-28 11:37:21.703 DEBUG 17828 --- [ruz housekeeper] com.zaxxer.hikari.pool.HikariPool        : ConnDb-Santa_Cruz - Before cleanup stats (total=0, active=0, idle=0, waiting=0)
2026-03-28 11:37:21.703 DEBUG 17828 --- [ruz housekeeper] com.zaxxer.hikari.pool.HikariPool        : ConnDb-Santa_Cruz - After cleanup  stats (total=0, active=0, idle=0, waiting=0)
2026-03-28 11:37:21.704 DEBUG 17828 --- [ruz housekeeper] com.zaxxer.hikari.pool.HikariPool        : ConnDb-Santa_Cruz - Fill pool skipped, pool is at sufficient level.
2026-03-28 11:37:32.481 DEBUG 17828 --- [l-1 housekeeper] com.zaxxer.hikari.pool.HikariPool        : HikariPool-1 - Before cleanup stats (total=2, active=0, idle=2, waiting=0)
2026-03-28 11:37:32.481 DEBUG 17828 --- [l-1 housekeeper] com.zaxxer.hikari.pool.HikariPool        : HikariPool-1 - After cleanup  stats (total=2, active=0, idle=2, waiting=0)
2026-03-28 11:37:32.482 DEBUG 17828 --- [l-1 housekeeper] com.zaxxer.hikari.pool.HikariPool        : HikariPool-1 - Fill pool skipped, pool is at sufficient level.
2026-03-28 11:37:33.043 DEBUG 17828 --- [ruz housekeeper] com.zaxxer.hikari.pool.HikariPool        : ConnDb-Santa_Cruz - Before cleanup stats (total=0, active=0, idle=0, waiting=0)
2026-03-28 11:37:33.043 DEBUG 17828 --- [ruz housekeeper] com.zaxxer.hikari.pool.HikariPool        : ConnDb-Santa_Cruz - After cleanup  stats (total=0, active=0, idle=0, waiting=0)
2026-03-28 11:37:33.044 DEBUG 17828 --- [ruz housekeeper] com.zaxxer.hikari.pool.HikariPool        : ConnDb-Santa_Cruz - Fill pool skipped, pool is at sufficient level.
2026-03-28 11:37:44.323 DEBUG 17828 --- [ool housekeeper] com.zaxxer.hikari.pool.HikariPool        : CentralHikariPool - Before cleanup stats (total=2, active=0, idle=2, waiting=0)
2026-03-28 11:37:44.324 DEBUG 17828 --- [ool housekeeper] com.zaxxer.hikari.pool.HikariPool        : CentralHikariPool - After cleanup  stats (total=2, active=0, idle=2, waiting=0)
2026-03-28 11:37:44.324 DEBUG 17828 --- [ool housekeeper] com.zaxxer.hikari.pool.HikariPool        : CentralHikariPool - Fill pool skipped, pool is at sufficient level.
2026-03-28 11:37:51.712 DEBUG 17828 --- [ruz housekeeper] com.zaxxer.hikari.pool.HikariPool        : ConnDb-Santa_Cruz - Before cleanup stats (total=0, active=0, idle=0, waiting=0)
2026-03-28 11:37:51.714 DEBUG 17828 --- [ruz housekeeper] com.zaxxer.hikari.pool.HikariPool        : ConnDb-Santa_Cruz - After cleanup  stats (total=0, active=0, idle=0, waiting=0)
2026-03-28 11:37:51.714 DEBUG 17828 --- [ruz housekeeper] com.zaxxer.hikari.pool.HikariPool        : ConnDb-Santa_Cruz - Fill pool skipped, pool is at sufficient level.
2026-03-28 11:38:02.494 DEBUG 17828 --- [l-1 housekeeper] com.zaxxer.hikari.pool.HikariPool        : HikariPool-1 - Before cleanup stats (total=2, active=0, idle=2, waiting=0)
2026-03-28 11:38:02.494 DEBUG 17828 --- [l-1 housekeeper] com.zaxxer.hikari.pool.HikariPool        : HikariPool-1 - After cleanup  stats (total=2, active=0, idle=2, waiting=0)
2026-03-28 11:38:02.495 DEBUG 17828 --- [l-1 housekeeper] com.zaxxer.hikari.pool.HikariPool        : HikariPool-1 - Fill pool skipped, pool is at sufficient level.
2026-03-28 11:38:03.060 DEBUG 17828 --- [ruz housekeeper] com.zaxxer.hikari.pool.HikariPool        : ConnDb-Santa_Cruz - Before cleanup stats (total=0, active=0, idle=0, waiting=0)
2026-03-28 11:38:03.060 DEBUG 17828 --- [ruz housekeeper] com.zaxxer.hikari.pool.HikariPool        : ConnDb-Santa_Cruz - After cleanup  stats (total=0, active=0, idle=0, waiting=0)
2026-03-28 11:38:03.061 DEBUG 17828 --- [ruz housekeeper] com.zaxxer.hikari.pool.HikariPool        : ConnDb-Santa_Cruz - Fill pool skipped, pool is at sufficient level.
2026-03-28 11:38:14.336 DEBUG 17828 --- [ool housekeeper] com.zaxxer.hikari.pool.HikariPool        : CentralHikariPool - Before cleanup stats (total=2, active=0, idle=2, waiting=0)
2026-03-28 11:38:14.337 DEBUG 17828 --- [ool housekeeper] com.zaxxer.hikari.pool.HikariPool        : CentralHikariPool - After cleanup  stats (total=0, active=0, idle=0, waiting=0)
2026-03-28 11:38:14.337 DEBUG 17828 --- [ool housekeeper] com.zaxxer.hikari.pool.HikariPool        : CentralHikariPool - Fill pool skipped, pool is at sufficient level.
2026-03-28 11:38:14.337 DEBUG 17828 --- [nnection closer] com.zaxxer.hikari.pool.PoolBase          : CentralHikariPool - Closing connection ConnectionID:11 ClientConnectionId: cf33ff26-6013-4c3d-9cbf-6803fb488cdb: (connection has passed idleTimeout)
2026-03-28 11:38:14.338 DEBUG 17828 --- [nnection closer] com.zaxxer.hikari.pool.HikariPool        : CentralHikariPool - Fill pool skipped, pool is at sufficient level.
2026-03-28 11:38:14.339 DEBUG 17828 --- [nnection closer] com.zaxxer.hikari.pool.PoolBase          : CentralHikariPool - Closing connection ConnectionID:10 ClientConnectionId: 40591271-a7f9-43a6-b46e-bf5e0573d131: (connection has passed idleTimeout)
2026-03-28 11:38:14.339 DEBUG 17828 --- [nnection closer] com.zaxxer.hikari.pool.HikariPool        : CentralHikariPool - Fill pool skipped, pool is at sufficient level.
2026-03-28 11:38:21.720 DEBUG 17828 --- [ruz housekeeper] com.zaxxer.hikari.pool.HikariPool        : ConnDb-Santa_Cruz - Before cleanup stats (total=0, active=0, idle=0, waiting=0)
2026-03-28 11:38:21.721 DEBUG 17828 --- [ruz housekeeper] com.zaxxer.hikari.pool.HikariPool        : ConnDb-Santa_Cruz - After cleanup  stats (total=0, active=0, idle=0, waiting=0)
2026-03-28 11:38:21.721 DEBUG 17828 --- [ruz housekeeper] com.zaxxer.hikari.pool.HikariPool        : ConnDb-Santa_Cruz - Fill pool skipped, pool is at sufficient level.
2026-03-28 11:38:29.614 DEBUG 17828 --- [l-1 housekeeper] com.zaxxer.hikari.pool.HikariPool        : HikariPool-1 - keepalive: connection ConnectionID:13 ClientConnectionId: 78e75d44-781e-4064-b763-ee7442594107 is alive
2026-03-28 11:38:32.499 DEBUG 17828 --- [l-1 housekeeper] com.zaxxer.hikari.pool.HikariPool        : HikariPool-1 - Before cleanup stats (total=2, active=0, idle=2, waiting=0)
2026-03-28 11:38:32.499 DEBUG 17828 --- [l-1 housekeeper] com.zaxxer.hikari.pool.HikariPool        : HikariPool-1 - After cleanup  stats (total=2, active=0, idle=2, waiting=0)
2026-03-28 11:38:32.500 DEBUG 17828 --- [l-1 housekeeper] com.zaxxer.hikari.pool.HikariPool        : HikariPool-1 - Fill pool skipped, pool is at sufficient level.
2026-03-28 11:38:33.067 DEBUG 17828 --- [ruz housekeeper] com.zaxxer.hikari.pool.HikariPool        : ConnDb-Santa_Cruz - Before cleanup stats (total=0, active=0, idle=0, waiting=0)
2026-03-28 11:38:33.067 DEBUG 17828 --- [ruz housekeeper] com.zaxxer.hikari.pool.HikariPool        : ConnDb-Santa_Cruz - After cleanup  stats (total=0, active=0, idle=0, waiting=0)
2026-03-28 11:38:33.068 DEBUG 17828 --- [ruz housekeeper] com.zaxxer.hikari.pool.HikariPool        : ConnDb-Santa_Cruz - Fill pool skipped, pool is at sufficient level.
2026-03-28 11:38:44.349 DEBUG 17828 --- [ool housekeeper] com.zaxxer.hikari.pool.HikariPool        : CentralHikariPool - Before cleanup stats (total=0, active=0, idle=0, waiting=0)
2026-03-28 11:38:44.350 DEBUG 17828 --- [ool housekeeper] com.zaxxer.hikari.pool.HikariPool        : CentralHikariPool - After cleanup  stats (total=0, active=0, idle=0, waiting=0)
2026-03-28 11:38:44.350 DEBUG 17828 --- [ool housekeeper] com.zaxxer.hikari.pool.HikariPool        : CentralHikariPool - Fill pool skipped, pool is at sufficient level.
2026-03-28 11:38:51.735 DEBUG 17828 --- [ruz housekeeper] com.zaxxer.hikari.pool.HikariPool        : ConnDb-Santa_Cruz - Before cleanup stats (total=0, active=0, idle=0, waiting=0)
2026-03-28 11:38:51.735 DEBUG 17828 --- [ruz housekeeper] com.zaxxer.hikari.pool.HikariPool        : ConnDb-Santa_Cruz - After cleanup  stats (total=0, active=0, idle=0, waiting=0)
2026-03-28 11:38:51.736 DEBUG 17828 --- [ruz housekeeper] com.zaxxer.hikari.pool.HikariPool        : ConnDb-Santa_Cruz - Fill pool skipped, pool is at sufficient level.
2026-03-28 11:38:53.851 DEBUG 17828 --- [l-1 housekeeper] com.zaxxer.hikari.pool.HikariPool        : HikariPool-1 - keepalive: connection ConnectionID:12 ClientConnectionId: 8259b5bb-488e-4ef6-8536-ef87a8581928 is alive
2026-03-28 11:39:02.511 DEBUG 17828 --- [l-1 housekeeper] com.zaxxer.hikari.pool.HikariPool        : HikariPool-1 - Before cleanup stats (total=2, active=0, idle=2, waiting=0)
2026-03-28 11:39:02.511 DEBUG 17828 --- [l-1 housekeeper] com.zaxxer.hikari.pool.HikariPool        : HikariPool-1 - After cleanup  stats (total=2, active=0, idle=2, waiting=0)
2026-03-28 11:39:02.512 DEBUG 17828 --- [l-1 housekeeper] com.zaxxer.hikari.pool.HikariPool        : HikariPool-1 - Fill pool skipped, pool is at sufficient level.
2026-03-28 11:39:03.080 DEBUG 17828 --- [ruz housekeeper] com.zaxxer.hikari.pool.HikariPool        : ConnDb-Santa_Cruz - Before cleanup stats (total=0, active=0, idle=0, waiting=0)
2026-03-28 11:39:03.080 DEBUG 17828 --- [ruz housekeeper] com.zaxxer.hikari.pool.HikariPool        : ConnDb-Santa_Cruz - After cleanup  stats (total=0, active=0, idle=0, waiting=0)
2026-03-28 11:39:03.081 DEBUG 17828 --- [ruz housekeeper] com.zaxxer.hikari.pool.HikariPool        : ConnDb-Santa_Cruz - Fill pool skipped, pool is at sufficient level.
2026-03-28 11:39:14.355 DEBUG 17828 --- [ool housekeeper] com.zaxxer.hikari.pool.HikariPool        : CentralHikariPool - Before cleanup stats (total=0, active=0, idle=0, waiting=0)
2026-03-28 11:39:14.355 DEBUG 17828 --- [ool housekeeper] com.zaxxer.hikari.pool.HikariPool        : CentralHikariPool - After cleanup  stats (total=0, active=0, idle=0, waiting=0)
2026-03-28 11:39:14.356 DEBUG 17828 --- [ool housekeeper] com.zaxxer.hikari.pool.HikariPool        : CentralHikariPool - Fill pool skipped, pool is at sufficient level.
2026-03-28 11:39:21.752 DEBUG 17828 --- [ruz housekeeper] com.zaxxer.hikari.pool.HikariPool        : ConnDb-Santa_Cruz - Before cleanup stats (total=0, active=0, idle=0, waiting=0)
2026-03-28 11:39:21.752 DEBUG 17828 --- [ruz housekeeper] com.zaxxer.hikari.pool.HikariPool        : ConnDb-Santa_Cruz - After cleanup  stats (total=0, active=0, idle=0, waiting=0)
2026-03-28 11:39:21.753 DEBUG 17828 --- [ruz housekeeper] com.zaxxer.hikari.pool.HikariPool        : ConnDb-Santa_Cruz - Fill pool skipped, pool is at sufficient level.
2026-03-28 11:39:32.522 DEBUG 17828 --- [l-1 housekeeper] com.zaxxer.hikari.pool.HikariPool        : HikariPool-1 - Before cleanup stats (total=2, active=0, idle=2, waiting=0)
2026-03-28 11:39:32.523 DEBUG 17828 --- [l-1 housekeeper] com.zaxxer.hikari.pool.HikariPool        : HikariPool-1 - After cleanup  stats (total=2, active=0, idle=2, waiting=0)
2026-03-28 11:39:32.523 DEBUG 17828 --- [l-1 housekeeper] com.zaxxer.hikari.pool.HikariPool        : HikariPool-1 - Fill pool skipped, pool is at sufficient level.
2026-03-28 11:39:33.092 DEBUG 17828 --- [ruz housekeeper] com.zaxxer.hikari.pool.HikariPool        : ConnDb-Santa_Cruz - Before cleanup stats (total=0, active=0, idle=0, waiting=0)
2026-03-28 11:39:33.093 DEBUG 17828 --- [ruz housekeeper] com.zaxxer.hikari.pool.HikariPool        : ConnDb-Santa_Cruz - After cleanup  stats (total=0, active=0, idle=0, waiting=0)
2026-03-28 11:39:33.093 DEBUG 17828 --- [ruz housekeeper] com.zaxxer.hikari.pool.HikariPool        : ConnDb-Santa_Cruz - Fill pool skipped, pool is at sufficient level.
2026-03-28 11:39:44.361 DEBUG 17828 --- [ool housekeeper] com.zaxxer.hikari.pool.HikariPool        : CentralHikariPool - Before cleanup stats (total=0, active=0, idle=0, waiting=0)
2026-03-28 11:39:44.361 DEBUG 17828 --- [ool housekeeper] com.zaxxer.hikari.pool.HikariPool        : CentralHikariPool - After cleanup  stats (total=0, active=0, idle=0, waiting=0)
2026-03-28 11:39:44.362 DEBUG 17828 --- [ool housekeeper] com.zaxxer.hikari.pool.HikariPool        : CentralHikariPool - Fill pool skipped, pool is at sufficient level.
2026-03-28 11:39:51.762 DEBUG 17828 --- [ruz housekeeper] com.zaxxer.hikari.pool.HikariPool        : ConnDb-Santa_Cruz - Before cleanup stats (total=0, active=0, idle=0, waiting=0)
2026-03-28 11:39:51.762 DEBUG 17828 --- [ruz housekeeper] com.zaxxer.hikari.pool.HikariPool        : ConnDb-Santa_Cruz - After cleanup  stats (total=0, active=0, idle=0, waiting=0)
2026-03-28 11:39:51.763 DEBUG 17828 --- [ruz housekeeper] com.zaxxer.hikari.pool.HikariPool        : ConnDb-Santa_Cruz - Fill pool skipped, pool is at sufficient level.
2026-03-28 11:40:02.537 DEBUG 17828 --- [l-1 housekeeper] com.zaxxer.hikari.pool.HikariPool        : HikariPool-1 - Before cleanup stats (total=2, active=0, idle=2, waiting=0)
2026-03-28 11:40:02.559 DEBUG 17828 --- [l-1 housekeeper] com.zaxxer.hikari.pool.HikariPool        : HikariPool-1 - After cleanup  stats (total=2, active=0, idle=2, waiting=0)
2026-03-28 11:40:02.560 DEBUG 17828 --- [l-1 housekeeper] com.zaxxer.hikari.pool.HikariPool        : HikariPool-1 - Fill pool skipped, pool is at sufficient level.
2026-03-28 11:40:03.106 DEBUG 17828 --- [ruz housekeeper] com.zaxxer.hikari.pool.HikariPool        : ConnDb-Santa_Cruz - Before cleanup stats (total=0, active=0, idle=0, waiting=0)
2026-03-28 11:40:03.106 DEBUG 17828 --- [ruz housekeeper] com.zaxxer.hikari.pool.HikariPool        : ConnDb-Santa_Cruz - After cleanup  stats (total=0, active=0, idle=0, waiting=0)
2026-03-28 11:40:03.107 DEBUG 17828 --- [ruz housekeeper] com.zaxxer.hikari.pool.HikariPool        : ConnDb-Santa_Cruz - Fill pool skipped, pool is at sufficient level.
2026-03-28 11:40:14.376 DEBUG 17828 --- [ool housekeeper] com.zaxxer.hikari.pool.HikariPool        : CentralHikariPool - Before cleanup stats (total=0, active=0, idle=0, waiting=0)
2026-03-28 11:40:14.376 DEBUG 17828 --- [ool housekeeper] com.zaxxer.hikari.pool.HikariPool        : CentralHikariPool - After cleanup  stats (total=0, active=0, idle=0, waiting=0)
2026-03-28 11:40:14.377 DEBUG 17828 --- [ool housekeeper] com.zaxxer.hikari.pool.HikariPool        : CentralHikariPool - Fill pool skipped, pool is at sufficient level.
2026-03-28 11:40:17.967 DEBUG 17828 --- [l-1 housekeeper] com.zaxxer.hikari.pool.HikariPool        : HikariPool-1 - keepalive: connection ConnectionID:13 ClientConnectionId: 78e75d44-781e-4064-b763-ee7442594107 is alive
2026-03-28 11:40:21.776 DEBUG 17828 --- [ruz housekeeper] com.zaxxer.hikari.pool.HikariPool        : ConnDb-Santa_Cruz - Before cleanup stats (total=0, active=0, idle=0, waiting=0)
2026-03-28 11:40:21.776 DEBUG 17828 --- [ruz housekeeper] com.zaxxer.hikari.pool.HikariPool        : ConnDb-Santa_Cruz - After cleanup  stats (total=0, active=0, idle=0, waiting=0)
2026-03-28 11:40:21.777 DEBUG 17828 --- [ruz housekeeper] com.zaxxer.hikari.pool.HikariPool        : ConnDb-Santa_Cruz - Fill pool skipped, pool is at sufficient level.
2026-03-28 11:40:32.570 DEBUG 17828 --- [l-1 housekeeper] com.zaxxer.hikari.pool.HikariPool        : HikariPool-1 - Before cleanup stats (total=2, active=0, idle=2, waiting=0)
2026-03-28 11:40:32.571 DEBUG 17828 --- [l-1 housekeeper] com.zaxxer.hikari.pool.HikariPool        : HikariPool-1 - After cleanup  stats (total=2, active=0, idle=2, waiting=0)
2026-03-28 11:40:32.571 DEBUG 17828 --- [l-1 housekeeper] com.zaxxer.hikari.pool.HikariPool        : HikariPool-1 - Fill pool skipped, pool is at sufficient level.
2026-03-28 11:40:33.122 DEBUG 17828 --- [ruz housekeeper] com.zaxxer.hikari.pool.HikariPool        : ConnDb-Santa_Cruz - Before cleanup stats (total=0, active=0, idle=0, waiting=0)
2026-03-28 11:40:33.123 DEBUG 17828 --- [ruz housekeeper] com.zaxxer.hikari.pool.HikariPool        : ConnDb-Santa_Cruz - After cleanup  stats (total=0, active=0, idle=0, waiting=0)
2026-03-28 11:40:33.123 DEBUG 17828 --- [ruz housekeeper] com.zaxxer.hikari.pool.HikariPool        : ConnDb-Santa_Cruz - Fill pool skipped, pool is at sufficient level.
2026-03-28 11:40:44.388 DEBUG 17828 --- [ool housekeeper] com.zaxxer.hikari.pool.HikariPool        : CentralHikariPool - Before cleanup stats (total=0, active=0, idle=0, waiting=0)
2026-03-28 11:40:44.390 DEBUG 17828 --- [ool housekeeper] com.zaxxer.hikari.pool.HikariPool        : CentralHikariPool - After cleanup  stats (total=0, active=0, idle=0, waiting=0)
2026-03-28 11:40:44.391 DEBUG 17828 --- [ool housekeeper] com.zaxxer.hikari.pool.HikariPool        : CentralHikariPool - Fill pool skipped, pool is at sufficient level.
2026-03-28 11:40:50.295 DEBUG 17828 --- [l-1 housekeeper] com.zaxxer.hikari.pool.HikariPool        : HikariPool-1 - keepalive: connection ConnectionID:12 ClientConnectionId: 8259b5bb-488e-4ef6-8536-ef87a8581928 is alive
2026-03-28 11:40:51.788 DEBUG 17828 --- [ruz housekeeper] com.zaxxer.hikari.pool.HikariPool        : ConnDb-Santa_Cruz - Before cleanup stats (total=0, active=0, idle=0, waiting=0)
2026-03-28 11:40:51.788 DEBUG 17828 --- [ruz housekeeper] com.zaxxer.hikari.pool.HikariPool        : ConnDb-Santa_Cruz - After cleanup  stats (total=0, active=0, idle=0, waiting=0)
2026-03-28 11:40:51.789 DEBUG 17828 --- [ruz housekeeper] com.zaxxer.hikari.pool.HikariPool        : ConnDb-Santa_Cruz - Fill pool skipped, pool is at sufficient level.
2026-03-28 11:41:02.581 DEBUG 17828 --- [l-1 housekeeper] com.zaxxer.hikari.pool.HikariPool        : HikariPool-1 - Before cleanup stats (total=2, active=0, idle=2, waiting=0)
2026-03-28 11:41:02.581 DEBUG 17828 --- [l-1 housekeeper] com.zaxxer.hikari.pool.HikariPool        : HikariPool-1 - After cleanup  stats (total=2, active=0, idle=2, waiting=0)
2026-03-28 11:41:02.582 DEBUG 17828 --- [l-1 housekeeper] com.zaxxer.hikari.pool.HikariPool        : HikariPool-1 - Fill pool skipped, pool is at sufficient level.
2026-03-28 11:41:03.126 DEBUG 17828 --- [ruz housekeeper] com.zaxxer.hikari.pool.HikariPool        : ConnDb-Santa_Cruz - Before cleanup stats (total=0, active=0, idle=0, waiting=0)
2026-03-28 11:41:03.126 DEBUG 17828 --- [ruz housekeeper] com.zaxxer.hikari.pool.HikariPool        : ConnDb-Santa_Cruz - After cleanup  stats (total=0, active=0, idle=0, waiting=0)
2026-03-28 11:41:03.127 DEBUG 17828 --- [ruz housekeeper] com.zaxxer.hikari.pool.HikariPool        : ConnDb-Santa_Cruz - Fill pool skipped, pool is at sufficient level.
2026-03-28 11:41:14.397 DEBUG 17828 --- [ool housekeeper] com.zaxxer.hikari.pool.HikariPool        : CentralHikariPool - Before cleanup stats (total=0, active=0, idle=0, waiting=0)
2026-03-28 11:41:14.397 DEBUG 17828 --- [ool housekeeper] com.zaxxer.hikari.pool.HikariPool        : CentralHikariPool - After cleanup  stats (total=0, active=0, idle=0, waiting=0)
2026-03-28 11:41:14.398 DEBUG 17828 --- [ool housekeeper] com.zaxxer.hikari.pool.HikariPool        : CentralHikariPool - Fill pool skipped, pool is at sufficient level.
2026-03-28 11:41:21.804 DEBUG 17828 --- [ruz housekeeper] com.zaxxer.hikari.pool.HikariPool        : ConnDb-Santa_Cruz - Before cleanup stats (total=0, active=0, idle=0, waiting=0)
2026-03-28 11:41:21.807 DEBUG 17828 --- [ruz housekeeper] com.zaxxer.hikari.pool.HikariPool        : ConnDb-Santa_Cruz - After cleanup  stats (total=0, active=0, idle=0, waiting=0)
2026-03-28 11:41:21.855 DEBUG 17828 --- [ruz housekeeper] com.zaxxer.hikari.pool.HikariPool        : ConnDb-Santa_Cruz - Fill pool skipped, pool is at sufficient level.
2026-03-28 11:41:28.958 DEBUG 17828 --- [nio-8089-exec-9] o.s.web.servlet.DispatcherServlet        : GET "/supervisor/spy_Ultimo_Estado_Dia_BO_CITA_MAKIRO?fecha=2026-03-28&idUsuario=98&tecnico=KEVIN+GEOVANI+BARROSO+NAVA", parameters={masked}
2026-03-28 11:41:28.958 DEBUG 17828 --- [nio-8089-exec-5] o.s.web.servlet.DispatcherServlet        : GET "/ot/spx_ValidarVentaYDetallewb?fecha=28%2F03%2F2026&nroOT=28759450&numeroCliente=2552233", parameters={masked}
2026-03-28 11:41:28.958 DEBUG 17828 --- [nio-8089-exec-7] o.s.web.servlet.DispatcherServlet        : GET "/ot/spx_ValidarVentaYDetallewb?fecha=28%2F03%2F2026&nroOT=28759209&numeroCliente=2620591", parameters={masked}
2026-03-28 11:41:28.960 DEBUG 17828 --- [nio-8089-exec-9] s.w.s.m.m.a.RequestMappingHandlerMapping : Mapped to com.example.TigoStarSystem.supervisor.controller.EstadoDiaBoCitaController#obtenerUltimoEstadoDia(String, LocalDate, String)
2026-03-28 11:41:28.961 DEBUG 17828 --- [nio-8089-exec-4] o.s.web.servlet.DispatcherServlet        : GET "/ot/spx_ValidarVentaYDetallewb?fecha=28%2F03%2F2026&nroOT=28761686&numeroCliente=2589990", parameters={masked}
2026-03-28 11:41:28.961 DEBUG 17828 --- [io-8089-exec-10] o.s.web.servlet.DispatcherServlet        : GET "/ot/spx_ValidarVentaYDetallewb?fecha=28%2F03%2F2026&nroOT=28760243&numeroCliente=694016", parameters={masked}
2026-03-28 11:41:28.961 DEBUG 17828 --- [nio-8089-exec-1] o.s.web.servlet.DispatcherServlet        : GET "/ot/spx_ValidarVentaYDetallewb?fecha=28%2F03%2F2026&nroOT=28761713&numeroCliente=1096072", parameters={masked}
2026-03-28 11:41:28.961 DEBUG 17828 --- [nio-8089-exec-5] s.w.s.m.m.a.RequestMappingHandlerMapping : Mapped to com.example.TigoStarSystem.ot.controller.OtController#validarVentaYDetalleWb(String, String, Integer, Integer)
2026-03-28 11:41:28.962 DEBUG 17828 --- [nio-8089-exec-7] s.w.s.m.m.a.RequestMappingHandlerMapping : Mapped to com.example.TigoStarSystem.ot.controller.OtController#validarVentaYDetalleWb(String, String, Integer, Integer)
2026-03-28 11:41:28.963 DEBUG 17828 --- [nio-8089-exec-9] o.s.jdbc.core.JdbcTemplate               : Executing prepared SQL query
2026-03-28 11:41:28.963 DEBUG 17828 --- [nio-8089-exec-4] s.w.s.m.m.a.RequestMappingHandlerMapping : Mapped to com.example.TigoStarSystem.ot.controller.OtController#validarVentaYDetalleWb(String, String, Integer, Integer)
2026-03-28 11:41:28.965 DEBUG 17828 --- [io-8089-exec-10] s.w.s.m.m.a.RequestMappingHandlerMapping : Mapped to com.example.TigoStarSystem.ot.controller.OtController#validarVentaYDetalleWb(String, String, Integer, Integer)
2026-03-28 11:41:28.966 DEBUG 17828 --- [nio-8089-exec-1] s.w.s.m.m.a.RequestMappingHandlerMapping : Mapped to com.example.TigoStarSystem.ot.controller.OtController#validarVentaYDetalleWb(String, String, Integer, Integer)
2026-03-28 11:41:28.967 DEBUG 17828 --- [nio-8089-exec-5] o.s.jdbc.core.JdbcTemplate               : Executing SQL query [EXEC dbo.spx_ObtenerSucursalesConexion]
2026-03-28 11:41:28.967 DEBUG 17828 --- [nio-8089-exec-7] o.s.jdbc.core.JdbcTemplate               : Executing SQL query [EXEC dbo.spx_ObtenerSucursalesConexion]
2026-03-28 11:41:28.970 DEBUG 17828 --- [nio-8089-exec-7] o.s.jdbc.datasource.DataSourceUtils      : Fetching JDBC Connection from DataSource
2026-03-28 11:41:28.967 DEBUG 17828 --- [nio-8089-exec-9] o.s.jdbc.core.JdbcTemplate               : Executing prepared SQL statement [EXEC dbo.spy_Ultimo_Estado_Dia_BO_CITA_MAKIRO ?, ?]
2026-03-28 11:41:28.968 DEBUG 17828 --- [nio-8089-exec-4] o.s.jdbc.core.JdbcTemplate               : Executing SQL query [EXEC dbo.spx_ObtenerSucursalesConexion]
2026-03-28 11:41:28.969 DEBUG 17828 --- [io-8089-exec-10] o.s.jdbc.core.JdbcTemplate               : Executing SQL query [EXEC dbo.spx_ObtenerSucursalesConexion]
2026-03-28 11:41:28.970 DEBUG 17828 --- [nio-8089-exec-5] o.s.jdbc.datasource.DataSourceUtils      : Fetching JDBC Connection from DataSource
2026-03-28 11:41:28.970 DEBUG 17828 --- [nio-8089-exec-1] o.s.jdbc.core.JdbcTemplate               : Executing SQL query [EXEC dbo.spx_ObtenerSucursalesConexion]
2026-03-28 11:41:28.976 DEBUG 17828 --- [nio-8089-exec-1] o.s.jdbc.datasource.DataSourceUtils      : Fetching JDBC Connection from DataSource
2026-03-28 11:41:28.974 DEBUG 17828 --- [nio-8089-exec-9] o.s.jdbc.datasource.DataSourceUtils      : Fetching JDBC Connection from DataSource
2026-03-28 11:41:28.974 DEBUG 17828 --- [nio-8089-exec-4] o.s.jdbc.datasource.DataSourceUtils      : Fetching JDBC Connection from DataSource
2026-03-28 11:41:28.975 DEBUG 17828 --- [io-8089-exec-10] o.s.jdbc.datasource.DataSourceUtils      : Fetching JDBC Connection from DataSource
2026-03-28 11:41:28.976 DEBUG 17828 --- [nio-8089-exec-7] o.s.jdbc.core.JdbcTemplate               : Executing prepared SQL query
2026-03-28 11:41:28.980 DEBUG 17828 --- [nio-8089-exec-5] o.s.jdbc.core.JdbcTemplate               : Executing prepared SQL query
2026-03-28 11:41:28.982 DEBUG 17828 --- [nio-8089-exec-5] o.s.jdbc.core.JdbcTemplate               : Executing prepared SQL statement [EXEC dbo.spx_ValidarVentaYDetallewb ?, ?, ?]
2026-03-28 11:41:28.981 DEBUG 17828 --- [nio-8089-exec-7] o.s.jdbc.core.JdbcTemplate               : Executing prepared SQL statement [EXEC dbo.spx_ValidarVentaYDetallewb ?, ?, ?]
2026-03-28 11:41:28.982 DEBUG 17828 --- [nio-8089-exec-1] o.s.jdbc.core.JdbcTemplate               : Executing prepared SQL query
2026-03-28 11:41:28.983 DEBUG 17828 --- [nio-8089-exec-5] o.s.jdbc.datasource.DataSourceUtils      : Fetching JDBC Connection from DataSource
2026-03-28 11:41:28.983 DEBUG 17828 --- [nio-8089-exec-7] o.s.jdbc.datasource.DataSourceUtils      : Fetching JDBC Connection from DataSource
2026-03-28 11:41:28.984 DEBUG 17828 --- [nio-8089-exec-1] o.s.jdbc.core.JdbcTemplate               : Executing prepared SQL statement [EXEC dbo.spx_ValidarVentaYDetallewb ?, ?, ?]
2026-03-28 11:41:28.984 DEBUG 17828 --- [nio-8089-exec-4] o.s.jdbc.core.JdbcTemplate               : Executing prepared SQL query
2026-03-28 11:41:28.986 DEBUG 17828 --- [io-8089-exec-10] o.s.jdbc.core.JdbcTemplate               : Executing prepared SQL query
2026-03-28 11:41:28.986 DEBUG 17828 --- [nio-8089-exec-1] o.s.jdbc.datasource.DataSourceUtils      : Fetching JDBC Connection from DataSource
2026-03-28 11:41:28.987 DEBUG 17828 --- [nio-8089-exec-4] o.s.jdbc.core.JdbcTemplate               : Executing prepared SQL statement [EXEC dbo.spx_ValidarVentaYDetallewb ?, ?, ?]
2026-03-28 11:41:28.987 DEBUG 17828 --- [io-8089-exec-10] o.s.jdbc.core.JdbcTemplate               : Executing prepared SQL statement [EXEC dbo.spx_ValidarVentaYDetallewb ?, ?, ?]
2026-03-28 11:41:28.990 DEBUG 17828 --- [nio-8089-exec-1] com.zaxxer.hikari.pool.HikariPool        : HikariPool-1 - Add connection elided, waiting 1, queue 2
2026-03-28 11:41:28.990 DEBUG 17828 --- [nio-8089-exec-4] o.s.jdbc.datasource.DataSourceUtils      : Fetching JDBC Connection from DataSource
2026-03-28 11:41:28.991 DEBUG 17828 --- [io-8089-exec-10] o.s.jdbc.datasource.DataSourceUtils      : Fetching JDBC Connection from DataSource
2026-03-28 11:41:29.001 DEBUG 17828 --- [onnection adder] com.zaxxer.hikari.pool.HikariPool        : HikariPool-1 - Added connection ConnectionID:15 ClientConnectionId: a1bb10d7-68dd-4770-8d4a-826e9e0e1209
2026-03-28 11:41:29.013 DEBUG 17828 --- [onnection adder] com.zaxxer.hikari.pool.HikariPool        : CentralHikariPool - Added connection ConnectionID:14 ClientConnectionId: 0e46ebe4-0ab8-4928-b3d3-6c23e14109e9
2026-03-28 11:41:29.021 DEBUG 17828 --- [onnection adder] com.zaxxer.hikari.pool.HikariPool        : HikariPool-1 - Added connection ConnectionID:16 ClientConnectionId: eb5ce43d-9614-4155-bd77-02337e95baf0
2026-03-28 11:41:29.022 DEBUG 17828 --- [nio-8089-exec-9] o.s.w.s.m.m.a.HttpEntityMethodProcessor  : Using 'application/json', given [application/json, text/plain, */*] and supported [application/json, application/*+json, application/json, application/*+json]
2026-03-28 11:41:29.023 DEBUG 17828 --- [nio-8089-exec-9] o.s.w.s.m.m.a.HttpEntityMethodProcessor  : Writing [com.example.TigoStarSystem.common.ApiResponse@364db524]
2026-03-28 11:41:29.024 DEBUG 17828 --- [nio-8089-exec-9] o.s.web.servlet.DispatcherServlet        : Completed 200 OK
2026-03-28 11:41:29.027 DEBUG 17828 --- [nio-8089-exec-2] o.s.web.servlet.DispatcherServlet        : GET "/ot/spx_ValidarVentaYDetallewb?fecha=28%2F03%2F2026&nroOT=28762785&numeroCliente=1203674", parameters={masked}
2026-03-28 11:41:29.029 DEBUG 17828 --- [nio-8089-exec-2] s.w.s.m.m.a.RequestMappingHandlerMapping : Mapped to com.example.TigoStarSystem.ot.controller.OtController#validarVentaYDetalleWb(String, String, Integer, Integer)
2026-03-28 11:41:29.030 DEBUG 17828 --- [nio-8089-exec-2] o.s.jdbc.core.JdbcTemplate               : Executing SQL query [EXEC dbo.spx_ObtenerSucursalesConexion]
2026-03-28 11:41:29.031 DEBUG 17828 --- [nio-8089-exec-2] o.s.jdbc.datasource.DataSourceUtils      : Fetching JDBC Connection from DataSource
2026-03-28 11:41:29.042 DEBUG 17828 --- [onnection adder] com.zaxxer.hikari.pool.HikariPool        : HikariPool-1 - Added connection ConnectionID:17 ClientConnectionId: b3e879a7-04f8-4dca-8397-c773a4cde4c0
2026-03-28 11:41:29.065 DEBUG 17828 --- [onnection adder] com.zaxxer.hikari.pool.HikariPool        : HikariPool-1 - Added connection ConnectionID:18 ClientConnectionId: e9cbc3f1-66df-4219-9f0c-eb8f99d5945e
2026-03-28 11:41:29.068 DEBUG 17828 --- [nio-8089-exec-2] o.s.jdbc.core.JdbcTemplate               : Executing prepared SQL query
2026-03-28 11:41:29.069 DEBUG 17828 --- [nio-8089-exec-2] o.s.jdbc.core.JdbcTemplate               : Executing prepared SQL statement [EXEC dbo.spx_ValidarVentaYDetallewb ?, ?, ?]
2026-03-28 11:41:29.070 DEBUG 17828 --- [nio-8089-exec-2] o.s.jdbc.datasource.DataSourceUtils      : Fetching JDBC Connection from DataSource
2026-03-28 11:41:29.124 DEBUG 17828 --- [nio-8089-exec-1] o.s.w.s.m.m.a.HttpEntityMethodProcessor  : Using 'application/json', given [application/json, text/plain, */*] and supported [application/json, application/*+json, application/json, application/*+json]
2026-03-28 11:41:29.125 DEBUG 17828 --- [nio-8089-exec-1] o.s.w.s.m.m.a.HttpEntityMethodProcessor  : Writing [com.example.TigoStarSystem.common.ApiResponse@8f5770c]
2026-03-28 11:41:29.126 DEBUG 17828 --- [nio-8089-exec-1] o.s.web.servlet.DispatcherServlet        : Completed 200 OK
2026-03-28 11:41:29.128 DEBUG 17828 --- [nio-8089-exec-7] o.s.w.s.m.m.a.HttpEntityMethodProcessor  : Using 'application/json', given [application/json, text/plain, */*] and supported [application/json, application/*+json, application/json, application/*+json]
2026-03-28 11:41:29.128 DEBUG 17828 --- [nio-8089-exec-6] o.s.web.servlet.DispatcherServlet        : GET "/ot/spx_ValidarVentaYDetallewb?fecha=28%2F03%2F2026&nroOT=28763544&numeroCliente=682543", parameters={masked}
2026-03-28 11:41:29.128 DEBUG 17828 --- [nio-8089-exec-7] o.s.w.s.m.m.a.HttpEntityMethodProcessor  : Writing [com.example.TigoStarSystem.common.ApiResponse@51e78e12]
2026-03-28 11:41:29.129 DEBUG 17828 --- [nio-8089-exec-6] s.w.s.m.m.a.RequestMappingHandlerMapping : Mapped to com.example.TigoStarSystem.ot.controller.OtController#validarVentaYDetalleWb(String, String, Integer, Integer)
2026-03-28 11:41:29.130 DEBUG 17828 --- [nio-8089-exec-7] o.s.web.servlet.DispatcherServlet        : Completed 200 OK
2026-03-28 11:41:29.131 DEBUG 17828 --- [nio-8089-exec-6] o.s.jdbc.core.JdbcTemplate               : Executing SQL query [EXEC dbo.spx_ObtenerSucursalesConexion]
2026-03-28 11:41:29.131 DEBUG 17828 --- [nio-8089-exec-6] o.s.jdbc.datasource.DataSourceUtils      : Fetching JDBC Connection from DataSource
2026-03-28 11:41:29.136 DEBUG 17828 --- [nio-8089-exec-6] o.s.jdbc.core.JdbcTemplate               : Executing prepared SQL query
2026-03-28 11:41:29.137 DEBUG 17828 --- [nio-8089-exec-6] o.s.jdbc.core.JdbcTemplate               : Executing prepared SQL statement [EXEC dbo.spx_ValidarVentaYDetallewb ?, ?, ?]
2026-03-28 11:41:29.137 DEBUG 17828 --- [nio-8089-exec-6] o.s.jdbc.datasource.DataSourceUtils      : Fetching JDBC Connection from DataSource
2026-03-28 11:41:29.144 DEBUG 17828 --- [nio-8089-exec-4] o.s.w.s.m.m.a.HttpEntityMethodProcessor  : Using 'application/json', given [application/json, text/plain, */*] and supported [application/json, application/*+json, application/json, application/*+json]
2026-03-28 11:41:29.145 DEBUG 17828 --- [nio-8089-exec-4] o.s.w.s.m.m.a.HttpEntityMethodProcessor  : Writing [com.example.TigoStarSystem.common.ApiResponse@2a10bcf9]
2026-03-28 11:41:29.147 DEBUG 17828 --- [nio-8089-exec-4] o.s.web.servlet.DispatcherServlet        : Completed 200 OK
2026-03-28 11:41:29.155 DEBUG 17828 --- [nio-8089-exec-5] o.s.w.s.m.m.a.HttpEntityMethodProcessor  : Using 'application/json', given [application/json, text/plain, */*] and supported [application/json, application/*+json, application/json, application/*+json]
2026-03-28 11:41:29.155 DEBUG 17828 --- [nio-8089-exec-5] o.s.w.s.m.m.a.HttpEntityMethodProcessor  : Writing [com.example.TigoStarSystem.common.ApiResponse@53d5ea06]
2026-03-28 11:41:29.157 DEBUG 17828 --- [nio-8089-exec-5] o.s.web.servlet.DispatcherServlet        : Completed 200 OK
2026-03-28 11:41:29.206 DEBUG 17828 --- [io-8089-exec-10] o.s.w.s.m.m.a.HttpEntityMethodProcessor  : Using 'application/json', given [application/json, text/plain, */*] and supported [application/json, application/*+json, application/json, application/*+json]
2026-03-28 11:41:29.207 DEBUG 17828 --- [io-8089-exec-10] o.s.w.s.m.m.a.HttpEntityMethodProcessor  : Writing [com.example.TigoStarSystem.common.ApiResponse@3367e782]
2026-03-28 11:41:29.208 DEBUG 17828 --- [io-8089-exec-10] o.s.web.servlet.DispatcherServlet        : Completed 200 OK
2026-03-28 11:41:29.215 DEBUG 17828 --- [nio-8089-exec-2] o.s.w.s.m.m.a.HttpEntityMethodProcessor  : Using 'application/json', given [application/json, text/plain, */*] and supported [application/json, application/*+json, application/json, application/*+json]
2026-03-28 11:41:29.216 DEBUG 17828 --- [nio-8089-exec-2] o.s.w.s.m.m.a.HttpEntityMethodProcessor  : Writing [com.example.TigoStarSystem.common.ApiResponse@48e1b531]
2026-03-28 11:41:29.217 DEBUG 17828 --- [nio-8089-exec-2] o.s.web.servlet.DispatcherServlet        : Completed 200 OK
2026-03-28 11:41:29.226 DEBUG 17828 --- [nio-8089-exec-6] o.s.w.s.m.m.a.HttpEntityMethodProcessor  : Using 'application/json', given [application/json, text/plain, */*] and supported [application/json, application/*+json, application/json, application/*+json]
2026-03-28 11:41:29.227 DEBUG 17828 --- [nio-8089-exec-6] o.s.w.s.m.m.a.HttpEntityMethodProcessor  : Writing [com.example.TigoStarSystem.common.ApiResponse@631881e3]
2026-03-28 11:41:29.228 DEBUG 17828 --- [nio-8089-exec-6] o.s.web.servlet.DispatcherServlet        : Completed 200 OK
2026-03-28 11:41:32.588 DEBUG 17828 --- [l-1 housekeeper] com.zaxxer.hikari.pool.HikariPool        : HikariPool-1 - Before cleanup stats (total=6, active=0, idle=6, waiting=0)
2026-03-28 11:41:32.589 DEBUG 17828 --- [l-1 housekeeper] com.zaxxer.hikari.pool.HikariPool        : HikariPool-1 - After cleanup  stats (total=6, active=0, idle=6, waiting=0)
2026-03-28 11:41:32.590 DEBUG 17828 --- [l-1 housekeeper] com.zaxxer.hikari.pool.HikariPool        : HikariPool-1 - Fill pool skipped, pool is at sufficient level.
2026-03-28 11:41:33.140 DEBUG 17828 --- [ruz housekeeper] com.zaxxer.hikari.pool.HikariPool        : ConnDb-Santa_Cruz - Before cleanup stats (total=0, active=0, idle=0, waiting=0)
2026-03-28 11:41:33.141 DEBUG 17828 --- [ruz housekeeper] com.zaxxer.hikari.pool.HikariPool        : ConnDb-Santa_Cruz - After cleanup  stats (total=0, active=0, idle=0, waiting=0)
2026-03-28 11:41:33.142 DEBUG 17828 --- [ruz housekeeper] com.zaxxer.hikari.pool.HikariPool        : ConnDb-Santa_Cruz - Fill pool skipped, pool is at sufficient level.
2026-03-28 11:41:33.332 DEBUG 17828 --- [nio-8089-exec-8] o.s.web.servlet.DispatcherServlet        : GET "/auth/permisos", parameters={}
2026-03-28 11:41:33.334 DEBUG 17828 --- [nio-8089-exec-8] s.w.s.m.m.a.RequestMappingHandlerMapping : Mapped to com.example.TigoStarSystem.auth.controller.AuthPermisosController#permisos(String)
2026-03-28 11:41:33.339 DEBUG 17828 --- [nio-8089-exec-8] o.s.jdbc.core.JdbcTemplate               : Executing SQL query [EXEC dbo.spx_ObtenerPrivilegiosRoles]
2026-03-28 11:41:33.340 DEBUG 17828 --- [nio-8089-exec-8] o.s.jdbc.datasource.DataSourceUtils      : Fetching JDBC Connection from DataSource
2026-03-28 11:41:33.347 DEBUG 17828 --- [nio-8089-exec-8] o.s.jdbc.core.JdbcTemplate               : Executing prepared SQL query
2026-03-28 11:41:33.350 DEBUG 17828 --- [nio-8089-exec-8] o.s.jdbc.core.JdbcTemplate               : Executing prepared SQL statement [EXEC dbo.spx_ObtenerPrivilegiosRolDetalle ?]
2026-03-28 11:41:33.350 DEBUG 17828 --- [nio-8089-exec-8] o.s.jdbc.datasource.DataSourceUtils      : Fetching JDBC Connection from DataSource
2026-03-28 11:41:33.357 DEBUG 17828 --- [nio-8089-exec-8] o.s.w.s.m.m.a.HttpEntityMethodProcessor  : Using 'application/json', given [application/json, text/plain, */*] and supported [application/json, application/*+json, application/json, application/*+json]
2026-03-28 11:41:33.360 DEBUG 17828 --- [nio-8089-exec-8] o.s.w.s.m.m.a.HttpEntityMethodProcessor  : Writing [com.example.TigoStarSystem.common.ApiResponse@5d685f9]
2026-03-28 11:41:33.362 DEBUG 17828 --- [nio-8089-exec-8] o.s.web.servlet.DispatcherServlet        : Completed 200 OK
2026-03-28 11:41:33.365 DEBUG 17828 --- [nio-8089-exec-3] o.s.web.servlet.DispatcherServlet        : GET "/auth/permisos", parameters={}
2026-03-28 11:41:33.368 DEBUG 17828 --- [nio-8089-exec-3] s.w.s.m.m.a.RequestMappingHandlerMapping : Mapped to com.example.TigoStarSystem.auth.controller.AuthPermisosController#permisos(String)
2026-03-28 11:41:33.395 DEBUG 17828 --- [nio-8089-exec-9] o.s.web.servlet.DispatcherServlet        : GET "/supervisor/spy_Ultimo_Estado_Dia_BO_CITA_MAKIRO?fecha=2026-03-28&idUsuario=98&tecnico=KEVIN+GEOVANI+BARROSO+NAVA", parameters={masked}
2026-03-28 11:41:33.495 DEBUG 17828 --- [nio-8089-exec-3] o.s.jdbc.core.JdbcTemplate               : Executing SQL query [EXEC dbo.spx_ObtenerPrivilegiosRoles]
2026-03-28 11:41:33.496 DEBUG 17828 --- [nio-8089-exec-9] s.w.s.m.m.a.RequestMappingHandlerMapping : Mapped to com.example.TigoStarSystem.supervisor.controller.EstadoDiaBoCitaController#obtenerUltimoEstadoDia(String, LocalDate, String)
2026-03-28 11:41:33.545 DEBUG 17828 --- [nio-8089-exec-3] o.s.jdbc.datasource.DataSourceUtils      : Fetching JDBC Connection from DataSource
2026-03-28 11:41:33.547 DEBUG 17828 --- [nio-8089-exec-9] o.s.jdbc.core.JdbcTemplate               : Executing prepared SQL query
2026-03-28 11:41:33.587 DEBUG 17828 --- [nio-8089-exec-9] o.s.jdbc.core.JdbcTemplate               : Executing prepared SQL statement [EXEC dbo.spy_Ultimo_Estado_Dia_BO_CITA_MAKIRO ?, ?]
2026-03-28 11:41:33.588 DEBUG 17828 --- [nio-8089-exec-9] o.s.jdbc.datasource.DataSourceUtils      : Fetching JDBC Connection from DataSource
2026-03-28 11:41:33.590 DEBUG 17828 --- [nio-8089-exec-3] o.s.jdbc.core.JdbcTemplate               : Executing prepared SQL query
2026-03-28 11:41:33.590 DEBUG 17828 --- [nio-8089-exec-3] o.s.jdbc.core.JdbcTemplate               : Executing prepared SQL statement [EXEC dbo.spx_ObtenerPrivilegiosRolDetalle ?]
2026-03-28 11:41:33.591 DEBUG 17828 --- [nio-8089-exec-3] o.s.jdbc.datasource.DataSourceUtils      : Fetching JDBC Connection from DataSource
2026-03-28 11:41:33.597 DEBUG 17828 --- [nio-8089-exec-9] o.s.w.s.m.m.a.HttpEntityMethodProcessor  : Using 'application/json', given [application/json, text/plain, */*] and supported [application/json, application/*+json, application/json, application/*+json]
2026-03-28 11:41:33.599 DEBUG 17828 --- [nio-8089-exec-9] o.s.w.s.m.m.a.HttpEntityMethodProcessor  : Writing [com.example.TigoStarSystem.common.ApiResponse@37fb0351]
2026-03-28 11:41:33.601 DEBUG 17828 --- [nio-8089-exec-9] o.s.web.servlet.DispatcherServlet        : Completed 200 OK
2026-03-28 11:41:33.605 DEBUG 17828 --- [nio-8089-exec-3] o.s.w.s.m.m.a.HttpEntityMethodProcessor  : Using 'application/json', given [application/json, text/plain, */*] and supported [application/json, application/*+json, application/json, application/*+json]
2026-03-28 11:41:33.606 DEBUG 17828 --- [nio-8089-exec-3] o.s.w.s.m.m.a.HttpEntityMethodProcessor  : Writing [com.example.TigoStarSystem.common.ApiResponse@271ce73c]
2026-03-28 11:41:33.607 DEBUG 17828 --- [nio-8089-exec-3] o.s.web.servlet.DispatcherServlet        : Completed 200 OK
2026-03-28 11:41:33.632 DEBUG 17828 --- [onnection adder] com.zaxxer.hikari.pool.HikariPool        : CentralHikariPool - Added connection ConnectionID:19 ClientConnectionId: a610e34f-6066-49ff-8fec-88db355be5a5
2026-03-28 11:41:44.410 DEBUG 17828 --- [ool housekeeper] com.zaxxer.hikari.pool.HikariPool        : CentralHikariPool - Before cleanup stats (total=2, active=0, idle=2, waiting=0)
2026-03-28 11:41:44.410 DEBUG 17828 --- [ool housekeeper] com.zaxxer.hikari.pool.HikariPool        : CentralHikariPool - After cleanup  stats (total=2, active=0, idle=2, waiting=0)
2026-03-28 11:41:44.411 DEBUG 17828 --- [ool housekeeper] com.zaxxer.hikari.pool.HikariPool        : CentralHikariPool - Fill pool skipped, pool is at sufficient level.
2026-03-28 11:41:51.924 DEBUG 17828 --- [ruz housekeeper] com.zaxxer.hikari.pool.HikariPool        : ConnDb-Santa_Cruz - Before cleanup stats (total=0, active=0, idle=0, waiting=0)
2026-03-28 11:41:51.925 DEBUG 17828 --- [ruz housekeeper] com.zaxxer.hikari.pool.HikariPool        : ConnDb-Santa_Cruz - After cleanup  stats (total=0, active=0, idle=0, waiting=0)
2026-03-28 11:41:51.925 DEBUG 17828 --- [ruz housekeeper] com.zaxxer.hikari.pool.HikariPool        : ConnDb-Santa_Cruz - Fill pool skipped, pool is at sufficient level.
2026-03-28 11:41:53.783 DEBUG 17828 --- [nio-8089-exec-1] o.s.web.servlet.DispatcherServlet        : GET "/auth/permisos", parameters={}
2026-03-28 11:41:53.785 DEBUG 17828 --- [nio-8089-exec-1] s.w.s.m.m.a.RequestMappingHandlerMapping : Mapped to com.example.TigoStarSystem.auth.controller.AuthPermisosController#permisos(String)
2026-03-28 11:41:53.787 DEBUG 17828 --- [nio-8089-exec-1] o.s.jdbc.core.JdbcTemplate               : Executing SQL query [EXEC dbo.spx_ObtenerPrivilegiosRoles]
2026-03-28 11:41:53.788 DEBUG 17828 --- [nio-8089-exec-1] o.s.jdbc.datasource.DataSourceUtils      : Fetching JDBC Connection from DataSource
2026-03-28 11:41:53.795 DEBUG 17828 --- [nio-8089-exec-1] o.s.jdbc.core.JdbcTemplate               : Executing prepared SQL query
2026-03-28 11:41:53.795 DEBUG 17828 --- [nio-8089-exec-1] o.s.jdbc.core.JdbcTemplate               : Executing prepared SQL statement [EXEC dbo.spx_ObtenerPrivilegiosRolDetalle ?]
2026-03-28 11:41:53.796 DEBUG 17828 --- [nio-8089-exec-1] o.s.jdbc.datasource.DataSourceUtils      : Fetching JDBC Connection from DataSource
2026-03-28 11:41:53.800 DEBUG 17828 --- [nio-8089-exec-1] o.s.w.s.m.m.a.HttpEntityMethodProcessor  : Using 'application/json', given [application/json, text/plain, */*] and supported [application/json, application/*+json, application/json, application/*+json]
2026-03-28 11:41:53.801 DEBUG 17828 --- [nio-8089-exec-1] o.s.w.s.m.m.a.HttpEntityMethodProcessor  : Writing [com.example.TigoStarSystem.common.ApiResponse@2ed3f278]
2026-03-28 11:41:53.802 DEBUG 17828 --- [nio-8089-exec-1] o.s.web.servlet.DispatcherServlet        : Completed 200 OK
2026-03-28 11:41:53.805 DEBUG 17828 --- [nio-8089-exec-7] o.s.web.servlet.DispatcherServlet        : GET "/auth/permisos", parameters={}
2026-03-28 11:41:53.807 DEBUG 17828 --- [nio-8089-exec-7] s.w.s.m.m.a.RequestMappingHandlerMapping : Mapped to com.example.TigoStarSystem.auth.controller.AuthPermisosController#permisos(String)
2026-03-28 11:41:53.808 DEBUG 17828 --- [nio-8089-exec-7] o.s.jdbc.core.JdbcTemplate               : Executing SQL query [EXEC dbo.spx_ObtenerPrivilegiosRoles]
2026-03-28 11:41:53.808 DEBUG 17828 --- [nio-8089-exec-7] o.s.jdbc.datasource.DataSourceUtils      : Fetching JDBC Connection from DataSource
2026-03-28 11:41:53.823 DEBUG 17828 --- [nio-8089-exec-7] o.s.jdbc.core.JdbcTemplate               : Executing prepared SQL query
2026-03-28 11:41:53.824 DEBUG 17828 --- [nio-8089-exec-7] o.s.jdbc.core.JdbcTemplate               : Executing prepared SQL statement [EXEC dbo.spx_ObtenerPrivilegiosRolDetalle ?]
2026-03-28 11:41:53.825 DEBUG 17828 --- [nio-8089-exec-7] o.s.jdbc.datasource.DataSourceUtils      : Fetching JDBC Connection from DataSource
2026-03-28 11:41:53.837 DEBUG 17828 --- [nio-8089-exec-7] o.s.w.s.m.m.a.HttpEntityMethodProcessor  : Using 'application/json', given [application/json, text/plain, */*] and supported [application/json, application/*+json, application/json, application/*+json]
2026-03-28 11:41:53.838 DEBUG 17828 --- [nio-8089-exec-4] o.s.web.servlet.DispatcherServlet        : GET "/supervisor/spy_Ultimo_Estado_Dia_BO_CITA_MAKIRO?fecha=2026-03-28&idUsuario=98&tecnico=KEVIN+GEOVANI+BARROSO+NAVA", parameters={masked}
2026-03-28 11:41:53.838 DEBUG 17828 --- [nio-8089-exec-7] o.s.w.s.m.m.a.HttpEntityMethodProcessor  : Writing [com.example.TigoStarSystem.common.ApiResponse@638a0c95]
2026-03-28 11:41:53.839 DEBUG 17828 --- [nio-8089-exec-4] s.w.s.m.m.a.RequestMappingHandlerMapping : Mapped to com.example.TigoStarSystem.supervisor.controller.EstadoDiaBoCitaController#obtenerUltimoEstadoDia(String, LocalDate, String)
2026-03-28 11:41:53.840 DEBUG 17828 --- [nio-8089-exec-7] o.s.web.servlet.DispatcherServlet        : Completed 200 OK
2026-03-28 11:41:53.841 DEBUG 17828 --- [nio-8089-exec-4] o.s.jdbc.core.JdbcTemplate               : Executing prepared SQL query
2026-03-28 11:41:53.842 DEBUG 17828 --- [nio-8089-exec-4] o.s.jdbc.core.JdbcTemplate               : Executing prepared SQL statement [EXEC dbo.spy_Ultimo_Estado_Dia_BO_CITA_MAKIRO ?, ?]
2026-03-28 11:41:53.843 DEBUG 17828 --- [nio-8089-exec-4] o.s.jdbc.datasource.DataSourceUtils      : Fetching JDBC Connection from DataSource
2026-03-28 11:41:53.905 DEBUG 17828 --- [nio-8089-exec-4] o.s.w.s.m.m.a.HttpEntityMethodProcessor  : Using 'application/json', given [application/json, text/plain, */*] and supported [application/json, application/*+json, application/json, application/*+json]
2026-03-28 11:41:53.906 DEBUG 17828 --- [nio-8089-exec-4] o.s.w.s.m.m.a.HttpEntityMethodProcessor  : Writing [com.example.TigoStarSystem.common.ApiResponse@291453d0]
2026-03-28 11:41:53.907 DEBUG 17828 --- [nio-8089-exec-4] o.s.web.servlet.DispatcherServlet        : Completed 200 OK
2026-03-28 11:41:53.930 DEBUG 17828 --- [nio-8089-exec-5] o.s.web.servlet.DispatcherServlet        : GET "/ot/spx_ValidarVentaYDetallewb?fecha=28%2F03%2F2026&nroOT=28759209&numeroCliente=2620591", parameters={masked}
2026-03-28 11:41:53.930 DEBUG 17828 --- [nio-8089-exec-2] o.s.web.servlet.DispatcherServlet        : GET "/ot/spx_ValidarVentaYDetallewb?fecha=28%2F03%2F2026&nroOT=28760243&numeroCliente=694016", parameters={masked}
2026-03-28 11:41:53.930 DEBUG 17828 --- [io-8089-exec-10] o.s.web.servlet.DispatcherServlet        : GET "/ot/spx_ValidarVentaYDetallewb?fecha=28%2F03%2F2026&nroOT=28759450&numeroCliente=2552233", parameters={masked}
2026-03-28 11:41:53.932 DEBUG 17828 --- [nio-8089-exec-9] o.s.web.servlet.DispatcherServlet        : GET "/ot/spx_ValidarVentaYDetallewb?fecha=28%2F03%2F2026&nroOT=28762785&numeroCliente=1203674", parameters={masked}
2026-03-28 11:41:53.932 DEBUG 17828 --- [nio-8089-exec-5] s.w.s.m.m.a.RequestMappingHandlerMapping : Mapped to com.example.TigoStarSystem.ot.controller.OtController#validarVentaYDetalleWb(String, String, Integer, Integer)
2026-03-28 11:41:53.932 DEBUG 17828 --- [nio-8089-exec-6] o.s.web.servlet.DispatcherServlet        : GET "/ot/spx_ValidarVentaYDetallewb?fecha=28%2F03%2F2026&nroOT=28761686&numeroCliente=2589990", parameters={masked}
2026-03-28 11:41:53.932 DEBUG 17828 --- [nio-8089-exec-8] o.s.web.servlet.DispatcherServlet        : GET "/ot/spx_ValidarVentaYDetallewb?fecha=28%2F03%2F2026&nroOT=28761713&numeroCliente=1096072", parameters={masked}
2026-03-28 11:41:53.932 DEBUG 17828 --- [nio-8089-exec-2] s.w.s.m.m.a.RequestMappingHandlerMapping : Mapped to com.example.TigoStarSystem.ot.controller.OtController#validarVentaYDetalleWb(String, String, Integer, Integer)
2026-03-28 11:41:53.933 DEBUG 17828 --- [io-8089-exec-10] s.w.s.m.m.a.RequestMappingHandlerMapping : Mapped to com.example.TigoStarSystem.ot.controller.OtController#validarVentaYDetalleWb(String, String, Integer, Integer)
2026-03-28 11:41:53.933 DEBUG 17828 --- [nio-8089-exec-9] s.w.s.m.m.a.RequestMappingHandlerMapping : Mapped to com.example.TigoStarSystem.ot.controller.OtController#validarVentaYDetalleWb(String, String, Integer, Integer)
2026-03-28 11:41:53.935 DEBUG 17828 --- [nio-8089-exec-6] s.w.s.m.m.a.RequestMappingHandlerMapping : Mapped to com.example.TigoStarSystem.ot.controller.OtController#validarVentaYDetalleWb(String, String, Integer, Integer)
2026-03-28 11:41:53.936 DEBUG 17828 --- [nio-8089-exec-8] s.w.s.m.m.a.RequestMappingHandlerMapping : Mapped to com.example.TigoStarSystem.ot.controller.OtController#validarVentaYDetalleWb(String, String, Integer, Integer)
2026-03-28 11:41:53.936 DEBUG 17828 --- [nio-8089-exec-5] o.s.jdbc.core.JdbcTemplate               : Executing SQL query [EXEC dbo.spx_ObtenerSucursalesConexion]
2026-03-28 11:41:53.937 DEBUG 17828 --- [nio-8089-exec-2] o.s.jdbc.core.JdbcTemplate               : Executing SQL query [EXEC dbo.spx_ObtenerSucursalesConexion]
2026-03-28 11:41:53.937 DEBUG 17828 --- [io-8089-exec-10] o.s.jdbc.core.JdbcTemplate               : Executing SQL query [EXEC dbo.spx_ObtenerSucursalesConexion]
2026-03-28 11:41:53.938 DEBUG 17828 --- [nio-8089-exec-9] o.s.jdbc.core.JdbcTemplate               : Executing SQL query [EXEC dbo.spx_ObtenerSucursalesConexion]
2026-03-28 11:41:53.938 DEBUG 17828 --- [nio-8089-exec-6] o.s.jdbc.core.JdbcTemplate               : Executing SQL query [EXEC dbo.spx_ObtenerSucursalesConexion]
2026-03-28 11:41:53.939 DEBUG 17828 --- [nio-8089-exec-5] o.s.jdbc.datasource.DataSourceUtils      : Fetching JDBC Connection from DataSource
2026-03-28 11:41:53.939 DEBUG 17828 --- [nio-8089-exec-8] o.s.jdbc.core.JdbcTemplate               : Executing SQL query [EXEC dbo.spx_ObtenerSucursalesConexion]
2026-03-28 11:41:53.941 DEBUG 17828 --- [nio-8089-exec-2] o.s.jdbc.datasource.DataSourceUtils      : Fetching JDBC Connection from DataSource
2026-03-28 11:41:53.941 DEBUG 17828 --- [io-8089-exec-10] o.s.jdbc.datasource.DataSourceUtils      : Fetching JDBC Connection from DataSource
2026-03-28 11:41:53.942 DEBUG 17828 --- [nio-8089-exec-9] o.s.jdbc.datasource.DataSourceUtils      : Fetching JDBC Connection from DataSource
2026-03-28 11:41:53.943 DEBUG 17828 --- [nio-8089-exec-6] o.s.jdbc.datasource.DataSourceUtils      : Fetching JDBC Connection from DataSource
2026-03-28 11:41:53.944 DEBUG 17828 --- [nio-8089-exec-8] o.s.jdbc.datasource.DataSourceUtils      : Fetching JDBC Connection from DataSource
2026-03-28 11:41:53.949 DEBUG 17828 --- [nio-8089-exec-5] o.s.jdbc.core.JdbcTemplate               : Executing prepared SQL query
2026-03-28 11:41:53.950 DEBUG 17828 --- [nio-8089-exec-5] o.s.jdbc.core.JdbcTemplate               : Executing prepared SQL statement [EXEC dbo.spx_ValidarVentaYDetallewb ?, ?, ?]
2026-03-28 11:41:53.950 DEBUG 17828 --- [nio-8089-exec-5] o.s.jdbc.datasource.DataSourceUtils      : Fetching JDBC Connection from DataSource
2026-03-28 11:41:53.951 DEBUG 17828 --- [nio-8089-exec-2] o.s.jdbc.core.JdbcTemplate               : Executing prepared SQL query
2026-03-28 11:41:53.952 DEBUG 17828 --- [nio-8089-exec-2] o.s.jdbc.core.JdbcTemplate               : Executing prepared SQL statement [EXEC dbo.spx_ValidarVentaYDetallewb ?, ?, ?]
2026-03-28 11:41:53.952 DEBUG 17828 --- [io-8089-exec-10] o.s.jdbc.core.JdbcTemplate               : Executing prepared SQL query
2026-03-28 11:41:53.952 DEBUG 17828 --- [nio-8089-exec-2] o.s.jdbc.datasource.DataSourceUtils      : Fetching JDBC Connection from DataSource
2026-03-28 11:41:53.952 DEBUG 17828 --- [nio-8089-exec-9] o.s.jdbc.core.JdbcTemplate               : Executing prepared SQL query
2026-03-28 11:41:53.953 DEBUG 17828 --- [io-8089-exec-10] o.s.jdbc.core.JdbcTemplate               : Executing prepared SQL statement [EXEC dbo.spx_ValidarVentaYDetallewb ?, ?, ?]
2026-03-28 11:41:53.954 DEBUG 17828 --- [nio-8089-exec-9] o.s.jdbc.core.JdbcTemplate               : Executing prepared SQL statement [EXEC dbo.spx_ValidarVentaYDetallewb ?, ?, ?]
2026-03-28 11:41:53.955 DEBUG 17828 --- [io-8089-exec-10] o.s.jdbc.datasource.DataSourceUtils      : Fetching JDBC Connection from DataSource
2026-03-28 11:41:53.955 DEBUG 17828 --- [nio-8089-exec-8] o.s.jdbc.core.JdbcTemplate               : Executing prepared SQL query
2026-03-28 11:41:53.957 DEBUG 17828 --- [nio-8089-exec-6] o.s.jdbc.core.JdbcTemplate               : Executing prepared SQL query
2026-03-28 11:41:53.957 DEBUG 17828 --- [nio-8089-exec-9] o.s.jdbc.datasource.DataSourceUtils      : Fetching JDBC Connection from DataSource
2026-03-28 11:41:53.958 DEBUG 17828 --- [nio-8089-exec-8] o.s.jdbc.core.JdbcTemplate               : Executing prepared SQL statement [EXEC dbo.spx_ValidarVentaYDetallewb ?, ?, ?]
2026-03-28 11:41:53.959 DEBUG 17828 --- [nio-8089-exec-6] o.s.jdbc.core.JdbcTemplate               : Executing prepared SQL statement [EXEC dbo.spx_ValidarVentaYDetallewb ?, ?, ?]
2026-03-28 11:41:53.961 DEBUG 17828 --- [nio-8089-exec-6] o.s.jdbc.datasource.DataSourceUtils      : Fetching JDBC Connection from DataSource
2026-03-28 11:41:53.960 DEBUG 17828 --- [nio-8089-exec-8] o.s.jdbc.datasource.DataSourceUtils      : Fetching JDBC Connection from DataSource
2026-03-28 11:41:54.067 DEBUG 17828 --- [nio-8089-exec-5] o.s.w.s.m.m.a.HttpEntityMethodProcessor  : Using 'application/json', given [application/json, text/plain, */*] and supported [application/json, application/*+json, application/json, application/*+json]
2026-03-28 11:41:54.068 DEBUG 17828 --- [nio-8089-exec-5] o.s.w.s.m.m.a.HttpEntityMethodProcessor  : Writing [com.example.TigoStarSystem.common.ApiResponse@56de82b2]
2026-03-28 11:41:54.069 DEBUG 17828 --- [nio-8089-exec-5] o.s.web.servlet.DispatcherServlet        : Completed 200 OK
2026-03-28 11:41:54.072 DEBUG 17828 --- [nio-8089-exec-3] o.s.web.servlet.DispatcherServlet        : GET "/ot/spx_ValidarVentaYDetallewb?fecha=28%2F03%2F2026&nroOT=28763544&numeroCliente=682543", parameters={masked}
2026-03-28 11:41:54.073 DEBUG 17828 --- [nio-8089-exec-3] s.w.s.m.m.a.RequestMappingHandlerMapping : Mapped to com.example.TigoStarSystem.ot.controller.OtController#validarVentaYDetalleWb(String, String, Integer, Integer)
2026-03-28 11:41:54.074 DEBUG 17828 --- [nio-8089-exec-3] o.s.jdbc.core.JdbcTemplate               : Executing SQL query [EXEC dbo.spx_ObtenerSucursalesConexion]
2026-03-28 11:41:54.074 DEBUG 17828 --- [nio-8089-exec-3] o.s.jdbc.datasource.DataSourceUtils      : Fetching JDBC Connection from DataSource
2026-03-28 11:41:54.080 DEBUG 17828 --- [nio-8089-exec-3] o.s.jdbc.core.JdbcTemplate               : Executing prepared SQL query
2026-03-28 11:41:54.081 DEBUG 17828 --- [nio-8089-exec-3] o.s.jdbc.core.JdbcTemplate               : Executing prepared SQL statement [EXEC dbo.spx_ValidarVentaYDetallewb ?, ?, ?]
2026-03-28 11:41:54.081 DEBUG 17828 --- [nio-8089-exec-8] o.s.w.s.m.m.a.HttpEntityMethodProcessor  : Using 'application/json', given [application/json, text/plain, */*] and supported [application/json, application/*+json, application/json, application/*+json]
2026-03-28 11:41:54.082 DEBUG 17828 --- [nio-8089-exec-3] o.s.jdbc.datasource.DataSourceUtils      : Fetching JDBC Connection from DataSource
2026-03-28 11:41:54.084 DEBUG 17828 --- [nio-8089-exec-8] o.s.w.s.m.m.a.HttpEntityMethodProcessor  : Writing [com.example.TigoStarSystem.common.ApiResponse@36399de7]
2026-03-28 11:41:54.085 DEBUG 17828 --- [nio-8089-exec-8] o.s.web.servlet.DispatcherServlet        : Completed 200 OK
2026-03-28 11:41:54.101 DEBUG 17828 --- [nio-8089-exec-6] o.s.w.s.m.m.a.HttpEntityMethodProcessor  : Using 'application/json', given [application/json, text/plain, */*] and supported [application/json, application/*+json, application/json, application/*+json]
2026-03-28 11:41:54.105 DEBUG 17828 --- [nio-8089-exec-6] o.s.w.s.m.m.a.HttpEntityMethodProcessor  : Writing [com.example.TigoStarSystem.common.ApiResponse@35c4bb14]
2026-03-28 11:41:54.108 DEBUG 17828 --- [nio-8089-exec-6] o.s.web.servlet.DispatcherServlet        : Completed 200 OK
2026-03-28 11:41:54.110 DEBUG 17828 --- [io-8089-exec-10] o.s.w.s.m.m.a.HttpEntityMethodProcessor  : Using 'application/json', given [application/json, text/plain, */*] and supported [application/json, application/*+json, application/json, application/*+json]
2026-03-28 11:41:54.111 DEBUG 17828 --- [io-8089-exec-10] o.s.w.s.m.m.a.HttpEntityMethodProcessor  : Writing [com.example.TigoStarSystem.common.ApiResponse@73cb3870]
2026-03-28 11:41:54.112 DEBUG 17828 --- [io-8089-exec-10] o.s.web.servlet.DispatcherServlet        : Completed 200 OK
2026-03-28 11:41:54.128 DEBUG 17828 --- [nio-8089-exec-9] o.s.w.s.m.m.a.HttpEntityMethodProcessor  : Using 'application/json', given [application/json, text/plain, */*] and supported [application/json, application/*+json, application/json, application/*+json]
2026-03-28 11:41:54.130 DEBUG 17828 --- [nio-8089-exec-9] o.s.w.s.m.m.a.HttpEntityMethodProcessor  : Writing [com.example.TigoStarSystem.common.ApiResponse@79543812]
2026-03-28 11:41:54.132 DEBUG 17828 --- [nio-8089-exec-9] o.s.web.servlet.DispatcherServlet        : Completed 200 OK
2026-03-28 11:41:54.150 DEBUG 17828 --- [nio-8089-exec-2] o.s.w.s.m.m.a.HttpEntityMethodProcessor  : Using 'application/json', given [application/json, text/plain, */*] and supported [application/json, application/*+json, application/json, application/*+json]
2026-03-28 11:41:54.151 DEBUG 17828 --- [nio-8089-exec-2] o.s.w.s.m.m.a.HttpEntityMethodProcessor  : Writing [com.example.TigoStarSystem.common.ApiResponse@436bf0ac]
2026-03-28 11:41:54.153 DEBUG 17828 --- [nio-8089-exec-2] o.s.web.servlet.DispatcherServlet        : Completed 200 OK
2026-03-28 11:41:54.171 DEBUG 17828 --- [nio-8089-exec-3] o.s.w.s.m.m.a.HttpEntityMethodProcessor  : Using 'application/json', given [application/json, text/plain, */*] and supported [application/json, application/*+json, application/json, application/*+json]
2026-03-28 11:41:54.173 DEBUG 17828 --- [nio-8089-exec-3] o.s.w.s.m.m.a.HttpEntityMethodProcessor  : Writing [com.example.TigoStarSystem.common.ApiResponse@59d3b95f]
2026-03-28 11:41:54.174 DEBUG 17828 --- [nio-8089-exec-3] o.s.web.servlet.DispatcherServlet        : Completed 200 OK
2026-03-28 11:41:59.191 DEBUG 17828 --- [nio-8089-exec-1] o.s.web.servlet.DispatcherServlet        : GET "/catalogos/estados", parameters={}
2026-03-28 11:41:59.204 DEBUG 17828 --- [nio-8089-exec-1] s.w.s.m.m.a.RequestMappingHandlerMapping : Mapped to com.example.TigoStarSystem.catalogo.controller.CatalogoController#listarEstados()
2026-03-28 11:41:59.254 DEBUG 17828 --- [nio-8089-exec-1] o.s.jdbc.core.JdbcTemplate               : Executing SQL query [EXEC sp_ObtenerEstado]
2026-03-28 11:41:59.255 DEBUG 17828 --- [nio-8089-exec-1] o.s.jdbc.datasource.DataSourceUtils      : Fetching JDBC Connection from DataSource
2026-03-28 11:41:59.259 DEBUG 17828 --- [nio-8089-exec-1] o.s.w.s.m.m.a.HttpEntityMethodProcessor  : Using 'application/json', given [application/json, text/plain, */*] and supported [application/json, application/*+json, application/json, application/*+json]
2026-03-28 11:41:59.302 DEBUG 17828 --- [nio-8089-exec-1] o.s.w.s.m.m.a.HttpEntityMethodProcessor  : Writing [com.example.TigoStarSystem.common.ApiResponse@15c8a28a]
2026-03-28 11:41:59.303 DEBUG 17828 --- [nio-8089-exec-1] o.s.web.servlet.DispatcherServlet        : Completed 200 OK
2026-03-28 11:42:02.595 DEBUG 17828 --- [l-1 housekeeper] com.zaxxer.hikari.pool.HikariPool        : HikariPool-1 - Before cleanup stats (total=6, active=0, idle=6, waiting=0)
2026-03-28 11:42:02.596 DEBUG 17828 --- [l-1 housekeeper] com.zaxxer.hikari.pool.HikariPool        : HikariPool-1 - After cleanup  stats (total=6, active=0, idle=6, waiting=0)
2026-03-28 11:42:02.596 DEBUG 17828 --- [l-1 housekeeper] com.zaxxer.hikari.pool.HikariPool        : HikariPool-1 - Fill pool skipped, pool is at sufficient level.
2026-03-28 11:42:03.146 DEBUG 17828 --- [ruz housekeeper] com.zaxxer.hikari.pool.HikariPool        : ConnDb-Santa_Cruz - Before cleanup stats (total=0, active=0, idle=0, waiting=0)
2026-03-28 11:42:03.146 DEBUG 17828 --- [ruz housekeeper] com.zaxxer.hikari.pool.HikariPool        : ConnDb-Santa_Cruz - After cleanup  stats (total=0, active=0, idle=0, waiting=0)
2026-03-28 11:42:03.147 DEBUG 17828 --- [ruz housekeeper] com.zaxxer.hikari.pool.HikariPool        : ConnDb-Santa_Cruz - Fill pool skipped, pool is at sufficient level.
2026-03-28 11:42:06.307 DEBUG 17828 --- [l-1 housekeeper] com.zaxxer.hikari.pool.HikariPool        : HikariPool-1 - keepalive: connection ConnectionID:13 ClientConnectionId: 78e75d44-781e-4064-b763-ee7442594107 is alive
2026-03-28 11:42:14.420 DEBUG 17828 --- [ool housekeeper] com.zaxxer.hikari.pool.HikariPool        : CentralHikariPool - Before cleanup stats (total=2, active=0, idle=2, waiting=0)
2026-03-28 11:42:14.420 DEBUG 17828 --- [ool housekeeper] com.zaxxer.hikari.pool.HikariPool        : CentralHikariPool - After cleanup  stats (total=2, active=0, idle=2, waiting=0)
2026-03-28 11:42:14.421 DEBUG 17828 --- [ool housekeeper] com.zaxxer.hikari.pool.HikariPool        : CentralHikariPool - Fill pool skipped, pool is at sufficient level.
2026-03-28 11:42:21.931 DEBUG 17828 --- [ruz housekeeper] com.zaxxer.hikari.pool.HikariPool        : ConnDb-Santa_Cruz - Before cleanup stats (total=0, active=0, idle=0, waiting=0)
2026-03-28 11:42:21.931 DEBUG 17828 --- [ruz housekeeper] com.zaxxer.hikari.pool.HikariPool        : ConnDb-Santa_Cruz - After cleanup  stats (total=0, active=0, idle=0, waiting=0)
2026-03-28 11:42:21.931 DEBUG 17828 --- [ruz housekeeper] com.zaxxer.hikari.pool.HikariPool        : ConnDb-Santa_Cruz - Fill pool skipped, pool is at sufficient level.
2026-03-28 11:42:32.598 DEBUG 17828 --- [l-1 housekeeper] com.zaxxer.hikari.pool.HikariPool        : HikariPool-1 - Before cleanup stats (total=6, active=0, idle=6, waiting=0)
2026-03-28 11:42:32.599 DEBUG 17828 --- [l-1 housekeeper] com.zaxxer.hikari.pool.HikariPool        : HikariPool-1 - After cleanup  stats (total=6, active=0, idle=6, waiting=0)
2026-03-28 11:42:32.599 DEBUG 17828 --- [l-1 housekeeper] com.zaxxer.hikari.pool.HikariPool        : HikariPool-1 - Fill pool skipped, pool is at sufficient level.
2026-03-28 11:42:33.148 DEBUG 17828 --- [ruz housekeeper] com.zaxxer.hikari.pool.HikariPool        : ConnDb-Santa_Cruz - Before cleanup stats (total=0, active=0, idle=0, waiting=0)
2026-03-28 11:42:33.149 DEBUG 17828 --- [ruz housekeeper] com.zaxxer.hikari.pool.HikariPool        : ConnDb-Santa_Cruz - After cleanup  stats (total=0, active=0, idle=0, waiting=0)
2026-03-28 11:42:33.149 DEBUG 17828 --- [ruz housekeeper] com.zaxxer.hikari.pool.HikariPool        : ConnDb-Santa_Cruz - Fill pool skipped, pool is at sufficient level.
2026-03-28 11:42:44.423 DEBUG 17828 --- [ool housekeeper] com.zaxxer.hikari.pool.HikariPool        : CentralHikariPool - Before cleanup stats (total=2, active=0, idle=2, waiting=0)
2026-03-28 11:42:44.424 DEBUG 17828 --- [ool housekeeper] com.zaxxer.hikari.pool.HikariPool        : CentralHikariPool - After cleanup  stats (total=2, active=0, idle=2, waiting=0)
2026-03-28 11:42:44.424 DEBUG 17828 --- [ool housekeeper] com.zaxxer.hikari.pool.HikariPool        : CentralHikariPool - Fill pool skipped, pool is at sufficient level.
2026-03-28 11:42:46.745 DEBUG 17828 --- [l-1 housekeeper] com.zaxxer.hikari.pool.HikariPool        : HikariPool-1 - keepalive: connection ConnectionID:12 ClientConnectionId: 8259b5bb-488e-4ef6-8536-ef87a8581928 is alive
2026-03-28 11:42:51.934 DEBUG 17828 --- [ruz housekeeper] com.zaxxer.hikari.pool.HikariPool        : ConnDb-Santa_Cruz - Before cleanup stats (total=0, active=0, idle=0, waiting=0)
2026-03-28 11:42:51.934 DEBUG 17828 --- [ruz housekeeper] com.zaxxer.hikari.pool.HikariPool        : ConnDb-Santa_Cruz - After cleanup  stats (total=0, active=0, idle=0, waiting=0)
2026-03-28 11:42:51.934 DEBUG 17828 --- [ruz housekeeper] com.zaxxer.hikari.pool.HikariPool        : ConnDb-Santa_Cruz - Fill pool skipped, pool is at sufficient level.
2026-03-28 11:43:02.612 DEBUG 17828 --- [l-1 housekeeper] com.zaxxer.hikari.pool.HikariPool        : HikariPool-1 - Before cleanup stats (total=6, active=0, idle=6, waiting=0)
2026-03-28 11:43:02.612 DEBUG 17828 --- [l-1 housekeeper] com.zaxxer.hikari.pool.HikariPool        : HikariPool-1 - After cleanup  stats (total=6, active=0, idle=6, waiting=0)
2026-03-28 11:43:02.613 DEBUG 17828 --- [l-1 housekeeper] com.zaxxer.hikari.pool.HikariPool        : HikariPool-1 - Fill pool skipped, pool is at sufficient level.
2026-03-28 11:43:03.165 DEBUG 17828 --- [ruz housekeeper] com.zaxxer.hikari.pool.HikariPool        : ConnDb-Santa_Cruz - Before cleanup stats (total=0, active=0, idle=0, waiting=0)
2026-03-28 11:43:03.165 DEBUG 17828 --- [ruz housekeeper] com.zaxxer.hikari.pool.HikariPool        : ConnDb-Santa_Cruz - After cleanup  stats (total=0, active=0, idle=0, waiting=0)
2026-03-28 11:43:03.166 DEBUG 17828 --- [ruz housekeeper] com.zaxxer.hikari.pool.HikariPool        : ConnDb-Santa_Cruz - Fill pool skipped, pool is at sufficient level.
2026-03-28 11:43:14.432 DEBUG 17828 --- [ool housekeeper] com.zaxxer.hikari.pool.HikariPool        : CentralHikariPool - Before cleanup stats (total=2, active=0, idle=2, waiting=0)
2026-03-28 11:43:14.432 DEBUG 17828 --- [ool housekeeper] com.zaxxer.hikari.pool.HikariPool        : CentralHikariPool - After cleanup  stats (total=2, active=0, idle=2, waiting=0)
2026-03-28 11:43:14.433 DEBUG 17828 --- [ool housekeeper] com.zaxxer.hikari.pool.HikariPool        : CentralHikariPool - Fill pool skipped, pool is at sufficient level.
2026-03-28 11:43:18.688 DEBUG 17828 --- [l-1 housekeeper] com.zaxxer.hikari.pool.HikariPool        : HikariPool-1 - keepalive: connection ConnectionID:16 ClientConnectionId: eb5ce43d-9614-4155-bd77-02337e95baf0 is alive
2026-03-28 11:43:19.060 DEBUG 17828 --- [l-1 housekeeper] com.zaxxer.hikari.pool.HikariPool        : HikariPool-1 - keepalive: connection ConnectionID:17 ClientConnectionId: b3e879a7-04f8-4dca-8397-c773a4cde4c0 is alive
2026-03-28 11:43:19.847 DEBUG 17828 --- [l-1 housekeeper] com.zaxxer.hikari.pool.HikariPool        : HikariPool-1 - keepalive: connection ConnectionID:18 ClientConnectionId: e9cbc3f1-66df-4219-9f0c-eb8f99d5945e is alive
2026-03-28 11:43:21.935 DEBUG 17828 --- [ruz housekeeper] com.zaxxer.hikari.pool.HikariPool        : ConnDb-Santa_Cruz - Before cleanup stats (total=0, active=0, idle=0, waiting=0)
2026-03-28 11:43:21.935 DEBUG 17828 --- [ruz housekeeper] com.zaxxer.hikari.pool.HikariPool        : ConnDb-Santa_Cruz - After cleanup  stats (total=0, active=0, idle=0, waiting=0)
2026-03-28 11:43:21.936 DEBUG 17828 --- [ruz housekeeper] com.zaxxer.hikari.pool.HikariPool        : ConnDb-Santa_Cruz - Fill pool skipped, pool is at sufficient level.
2026-03-28 11:43:22.172 DEBUG 17828 --- [l-1 housekeeper] com.zaxxer.hikari.pool.HikariPool        : HikariPool-1 - keepalive: connection ConnectionID:15 ClientConnectionId: a1bb10d7-68dd-4770-8d4a-826e9e0e1209 is alive
2026-03-28 11:43:27.682 DEBUG 17828 --- [ool housekeeper] com.zaxxer.hikari.pool.HikariPool        : CentralHikariPool - keepalive: connection ConnectionID:14 ClientConnectionId: 0e46ebe4-0ab8-4928-b3d3-6c23e14109e9 is alive
2026-03-28 11:43:29.678 DEBUG 17828 --- [ool housekeeper] com.zaxxer.hikari.pool.HikariPool        : CentralHikariPool - keepalive: connection ConnectionID:19 ClientConnectionId: a610e34f-6066-49ff-8fec-88db355be5a5 is alive
2026-03-28 11:43:32.617 DEBUG 17828 --- [l-1 housekeeper] com.zaxxer.hikari.pool.HikariPool        : HikariPool-1 - Before cleanup stats (total=6, active=0, idle=6, waiting=0)
2026-03-28 11:43:32.619 DEBUG 17828 --- [l-1 housekeeper] com.zaxxer.hikari.pool.HikariPool        : HikariPool-1 - After cleanup  stats (total=6, active=0, idle=6, waiting=0)
2026-03-28 11:43:32.620 DEBUG 17828 --- [l-1 housekeeper] com.zaxxer.hikari.pool.HikariPool        : HikariPool-1 - Fill pool skipped, pool is at sufficient level.
2026-03-28 11:43:33.176 DEBUG 17828 --- [ruz housekeeper] com.zaxxer.hikari.pool.HikariPool        : ConnDb-Santa_Cruz - Before cleanup stats (total=0, active=0, idle=0, waiting=0)
2026-03-28 11:43:33.176 DEBUG 17828 --- [ruz housekeeper] com.zaxxer.hikari.pool.HikariPool        : ConnDb-Santa_Cruz - After cleanup  stats (total=0, active=0, idle=0, waiting=0)
2026-03-28 11:43:33.177 DEBUG 17828 --- [ruz housekeeper] com.zaxxer.hikari.pool.HikariPool        : ConnDb-Santa_Cruz - Fill pool skipped, pool is at sufficient level.
2026-03-28 11:43:44.449 DEBUG 17828 --- [ool housekeeper] com.zaxxer.hikari.pool.HikariPool        : CentralHikariPool - Before cleanup stats (total=2, active=0, idle=2, waiting=0)
2026-03-28 11:43:44.450 DEBUG 17828 --- [ool housekeeper] com.zaxxer.hikari.pool.HikariPool        : CentralHikariPool - After cleanup  stats (total=2, active=0, idle=2, waiting=0)
2026-03-28 11:43:44.450 DEBUG 17828 --- [ool housekeeper] com.zaxxer.hikari.pool.HikariPool        : CentralHikariPool - Fill pool skipped, pool is at sufficient level.
2026-03-28 11:43:46.593 DEBUG 17828 --- [nio-8089-exec-9] o.s.web.servlet.DispatcherServlet        : GET "/auth/permisos", parameters={}
2026-03-28 11:43:46.609 DEBUG 17828 --- [nio-8089-exec-9] s.w.s.m.m.a.RequestMappingHandlerMapping : Mapped to com.example.TigoStarSystem.auth.controller.AuthPermisosController#permisos(String)
2026-03-28 11:43:46.660 DEBUG 17828 --- [nio-8089-exec-9] o.s.jdbc.core.JdbcTemplate               : Executing SQL query [EXEC dbo.spx_ObtenerPrivilegiosRoles]
2026-03-28 11:43:46.660 DEBUG 17828 --- [nio-8089-exec-9] o.s.jdbc.datasource.DataSourceUtils      : Fetching JDBC Connection from DataSource
2026-03-28 11:43:46.691 DEBUG 17828 --- [nio-8089-exec-9] o.s.jdbc.core.JdbcTemplate               : Executing prepared SQL query
2026-03-28 11:43:46.693 DEBUG 17828 --- [nio-8089-exec-9] o.s.jdbc.core.JdbcTemplate               : Executing prepared SQL statement [EXEC dbo.spx_ObtenerPrivilegiosRolDetalle ?]
2026-03-28 11:43:46.694 DEBUG 17828 --- [nio-8089-exec-9] o.s.jdbc.datasource.DataSourceUtils      : Fetching JDBC Connection from DataSource
2026-03-28 11:43:46.702 DEBUG 17828 --- [nio-8089-exec-9] o.s.w.s.m.m.a.HttpEntityMethodProcessor  : Using 'application/json', given [application/json, text/plain, */*] and supported [application/json, application/*+json, application/json, application/*+json]
2026-03-28 11:43:46.702 DEBUG 17828 --- [nio-8089-exec-9] o.s.w.s.m.m.a.HttpEntityMethodProcessor  : Writing [com.example.TigoStarSystem.common.ApiResponse@16da5de2]
2026-03-28 11:43:46.705 DEBUG 17828 --- [nio-8089-exec-9] o.s.web.servlet.DispatcherServlet        : Completed 200 OK
2026-03-28 11:43:46.707 DEBUG 17828 --- [nio-8089-exec-2] o.s.web.servlet.DispatcherServlet        : GET "/auth/permisos", parameters={}
2026-03-28 11:43:46.708 DEBUG 17828 --- [nio-8089-exec-2] s.w.s.m.m.a.RequestMappingHandlerMapping : Mapped to com.example.TigoStarSystem.auth.controller.AuthPermisosController#permisos(String)
2026-03-28 11:43:46.709 DEBUG 17828 --- [nio-8089-exec-2] o.s.jdbc.core.JdbcTemplate               : Executing SQL query [EXEC dbo.spx_ObtenerPrivilegiosRoles]
2026-03-28 11:43:46.709 DEBUG 17828 --- [nio-8089-exec-2] o.s.jdbc.datasource.DataSourceUtils      : Fetching JDBC Connection from DataSource
2026-03-28 11:43:46.713 DEBUG 17828 --- [nio-8089-exec-2] o.s.jdbc.core.JdbcTemplate               : Executing prepared SQL query
2026-03-28 11:43:46.748 DEBUG 17828 --- [nio-8089-exec-3] o.s.web.servlet.DispatcherServlet        : GET "/supervisor/spy_Ultimo_Estado_Dia_BO_CITA_MAKIRO?fecha=2026-03-28&idUsuario=98&tecnico=KEVIN+GEOVANI+BARROSO+NAVA", parameters={masked}
2026-03-28 11:43:46.759 DEBUG 17828 --- [nio-8089-exec-2] o.s.jdbc.core.JdbcTemplate               : Executing prepared SQL statement [EXEC dbo.spx_ObtenerPrivilegiosRolDetalle ?]
2026-03-28 11:43:46.792 DEBUG 17828 --- [nio-8089-exec-3] s.w.s.m.m.a.RequestMappingHandlerMapping : Mapped to com.example.TigoStarSystem.supervisor.controller.EstadoDiaBoCitaController#obtenerUltimoEstadoDia(String, LocalDate, String)
2026-03-28 11:43:46.793 DEBUG 17828 --- [nio-8089-exec-2] o.s.jdbc.datasource.DataSourceUtils      : Fetching JDBC Connection from DataSource
2026-03-28 11:43:46.794 DEBUG 17828 --- [nio-8089-exec-3] o.s.jdbc.core.JdbcTemplate               : Executing prepared SQL query
2026-03-28 11:43:46.795 DEBUG 17828 --- [nio-8089-exec-3] o.s.jdbc.core.JdbcTemplate               : Executing prepared SQL statement [EXEC dbo.spy_Ultimo_Estado_Dia_BO_CITA_MAKIRO ?, ?]
2026-03-28 11:43:46.796 DEBUG 17828 --- [nio-8089-exec-3] o.s.jdbc.datasource.DataSourceUtils      : Fetching JDBC Connection from DataSource
2026-03-28 11:43:46.798 DEBUG 17828 --- [nio-8089-exec-2] o.s.w.s.m.m.a.HttpEntityMethodProcessor  : Using 'application/json', given [application/json, text/plain, */*] and supported [application/json, application/*+json, application/json, application/*+json]
2026-03-28 11:43:46.799 DEBUG 17828 --- [nio-8089-exec-2] o.s.w.s.m.m.a.HttpEntityMethodProcessor  : Writing [com.example.TigoStarSystem.common.ApiResponse@6e69dcd]
2026-03-28 11:43:46.801 DEBUG 17828 --- [nio-8089-exec-2] o.s.web.servlet.DispatcherServlet        : Completed 200 OK
2026-03-28 11:43:46.869 DEBUG 17828 --- [nio-8089-exec-3] o.s.w.s.m.m.a.HttpEntityMethodProcessor  : Using 'application/json', given [application/json, text/plain, */*] and supported [application/json, application/*+json, application/json, application/*+json]
2026-03-28 11:43:46.877 DEBUG 17828 --- [nio-8089-exec-3] o.s.w.s.m.m.a.HttpEntityMethodProcessor  : Writing [com.example.TigoStarSystem.common.ApiResponse@19b6905e]
2026-03-28 11:43:46.879 DEBUG 17828 --- [nio-8089-exec-3] o.s.web.servlet.DispatcherServlet        : Completed 200 OK
2026-03-28 11:43:47.028 DEBUG 17828 --- [nio-8089-exec-6] o.s.web.servlet.DispatcherServlet        : GET "/ot/spx_ValidarVentaYDetallewb?fecha=28%2F03%2F2026&nroOT=28759450&numeroCliente=2552233", parameters={masked}
2026-03-28 11:43:47.028 DEBUG 17828 --- [nio-8089-exec-1] o.s.web.servlet.DispatcherServlet        : GET "/ot/spx_ValidarVentaYDetallewb?fecha=28%2F03%2F2026&nroOT=28759209&numeroCliente=2620591", parameters={masked}
2026-03-28 11:43:47.028 DEBUG 17828 --- [nio-8089-exec-7] o.s.web.servlet.DispatcherServlet        : GET "/ot/spx_ValidarVentaYDetallewb?fecha=28%2F03%2F2026&nroOT=28760243&numeroCliente=694016", parameters={masked}
2026-03-28 11:43:47.028 DEBUG 17828 --- [nio-8089-exec-4] o.s.web.servlet.DispatcherServlet        : GET "/ot/spx_ValidarVentaYDetallewb?fecha=28%2F03%2F2026&nroOT=28761713&numeroCliente=1096072", parameters={masked}
2026-03-28 11:43:47.028 DEBUG 17828 --- [nio-8089-exec-5] o.s.web.servlet.DispatcherServlet        : GET "/ot/spx_ValidarVentaYDetallewb?fecha=28%2F03%2F2026&nroOT=28761686&numeroCliente=2589990", parameters={masked}
2026-03-28 11:43:47.028 DEBUG 17828 --- [nio-8089-exec-8] o.s.web.servlet.DispatcherServlet        : GET "/ot/spx_ValidarVentaYDetallewb?fecha=28%2F03%2F2026&nroOT=28762785&numeroCliente=1203674", parameters={masked}
2026-03-28 11:43:47.109 DEBUG 17828 --- [nio-8089-exec-6] s.w.s.m.m.a.RequestMappingHandlerMapping : Mapped to com.example.TigoStarSystem.ot.controller.OtController#validarVentaYDetalleWb(String, String, Integer, Integer)
2026-03-28 11:43:47.159 DEBUG 17828 --- [nio-8089-exec-1] s.w.s.m.m.a.RequestMappingHandlerMapping : Mapped to com.example.TigoStarSystem.ot.controller.OtController#validarVentaYDetalleWb(String, String, Integer, Integer)
2026-03-28 11:43:47.218 DEBUG 17828 --- [nio-8089-exec-7] s.w.s.m.m.a.RequestMappingHandlerMapping : Mapped to com.example.TigoStarSystem.ot.controller.OtController#validarVentaYDetalleWb(String, String, Integer, Integer)
2026-03-28 11:43:47.218 DEBUG 17828 --- [nio-8089-exec-4] s.w.s.m.m.a.RequestMappingHandlerMapping : Mapped to com.example.TigoStarSystem.ot.controller.OtController#validarVentaYDetalleWb(String, String, Integer, Integer)
2026-03-28 11:43:47.219 DEBUG 17828 --- [nio-8089-exec-5] s.w.s.m.m.a.RequestMappingHandlerMapping : Mapped to com.example.TigoStarSystem.ot.controller.OtController#validarVentaYDetalleWb(String, String, Integer, Integer)
2026-03-28 11:43:47.219 DEBUG 17828 --- [nio-8089-exec-8] s.w.s.m.m.a.RequestMappingHandlerMapping : Mapped to com.example.TigoStarSystem.ot.controller.OtController#validarVentaYDetalleWb(String, String, Integer, Integer)
2026-03-28 11:43:47.221 DEBUG 17828 --- [nio-8089-exec-6] o.s.jdbc.core.JdbcTemplate               : Executing SQL query [EXEC dbo.spx_ObtenerSucursalesConexion]
2026-03-28 11:43:47.221 DEBUG 17828 --- [nio-8089-exec-1] o.s.jdbc.core.JdbcTemplate               : Executing SQL query [EXEC dbo.spx_ObtenerSucursalesConexion]
2026-03-28 11:43:47.222 DEBUG 17828 --- [nio-8089-exec-7] o.s.jdbc.core.JdbcTemplate               : Executing SQL query [EXEC dbo.spx_ObtenerSucursalesConexion]
2026-03-28 11:43:47.222 DEBUG 17828 --- [nio-8089-exec-4] o.s.jdbc.core.JdbcTemplate               : Executing SQL query [EXEC dbo.spx_ObtenerSucursalesConexion]
2026-03-28 11:43:47.223 DEBUG 17828 --- [nio-8089-exec-5] o.s.jdbc.core.JdbcTemplate               : Executing SQL query [EXEC dbo.spx_ObtenerSucursalesConexion]
2026-03-28 11:43:47.223 DEBUG 17828 --- [nio-8089-exec-8] o.s.jdbc.core.JdbcTemplate               : Executing SQL query [EXEC dbo.spx_ObtenerSucursalesConexion]
2026-03-28 11:43:47.224 DEBUG 17828 --- [nio-8089-exec-6] o.s.jdbc.datasource.DataSourceUtils      : Fetching JDBC Connection from DataSource
2026-03-28 11:43:47.224 DEBUG 17828 --- [nio-8089-exec-1] o.s.jdbc.datasource.DataSourceUtils      : Fetching JDBC Connection from DataSource
2026-03-28 11:43:47.225 DEBUG 17828 --- [nio-8089-exec-7] o.s.jdbc.datasource.DataSourceUtils      : Fetching JDBC Connection from DataSource
2026-03-28 11:43:47.225 DEBUG 17828 --- [nio-8089-exec-4] o.s.jdbc.datasource.DataSourceUtils      : Fetching JDBC Connection from DataSource
2026-03-28 11:43:47.227 DEBUG 17828 --- [nio-8089-exec-5] o.s.jdbc.datasource.DataSourceUtils      : Fetching JDBC Connection from DataSource
2026-03-28 11:43:47.228 DEBUG 17828 --- [nio-8089-exec-8] o.s.jdbc.datasource.DataSourceUtils      : Fetching JDBC Connection from DataSource
2026-03-28 11:43:47.233 DEBUG 17828 --- [nio-8089-exec-6] o.s.jdbc.core.JdbcTemplate               : Executing prepared SQL query
2026-03-28 11:43:47.234 DEBUG 17828 --- [nio-8089-exec-1] o.s.jdbc.core.JdbcTemplate               : Executing prepared SQL query
2026-03-28 11:43:47.239 DEBUG 17828 --- [nio-8089-exec-1] o.s.jdbc.core.JdbcTemplate               : Executing prepared SQL statement [EXEC dbo.spx_ValidarVentaYDetallewb ?, ?, ?]
2026-03-28 11:43:47.240 DEBUG 17828 --- [nio-8089-exec-1] o.s.jdbc.datasource.DataSourceUtils      : Fetching JDBC Connection from DataSource
2026-03-28 11:43:47.236 DEBUG 17828 --- [nio-8089-exec-6] o.s.jdbc.core.JdbcTemplate               : Executing prepared SQL statement [EXEC dbo.spx_ValidarVentaYDetallewb ?, ?, ?]
2026-03-28 11:43:47.241 DEBUG 17828 --- [nio-8089-exec-6] o.s.jdbc.datasource.DataSourceUtils      : Fetching JDBC Connection from DataSource
2026-03-28 11:43:47.236 DEBUG 17828 --- [nio-8089-exec-7] o.s.jdbc.core.JdbcTemplate               : Executing prepared SQL query
2026-03-28 11:43:47.242 DEBUG 17828 --- [nio-8089-exec-7] o.s.jdbc.core.JdbcTemplate               : Executing prepared SQL statement [EXEC dbo.spx_ValidarVentaYDetallewb ?, ?, ?]
2026-03-28 11:43:47.243 DEBUG 17828 --- [nio-8089-exec-7] o.s.jdbc.datasource.DataSourceUtils      : Fetching JDBC Connection from DataSource
2026-03-28 11:43:47.238 DEBUG 17828 --- [nio-8089-exec-4] o.s.jdbc.core.JdbcTemplate               : Executing prepared SQL query
2026-03-28 11:43:47.239 DEBUG 17828 --- [nio-8089-exec-5] o.s.jdbc.core.JdbcTemplate               : Executing prepared SQL query
2026-03-28 11:43:47.245 DEBUG 17828 --- [nio-8089-exec-5] o.s.jdbc.core.JdbcTemplate               : Executing prepared SQL statement [EXEC dbo.spx_ValidarVentaYDetallewb ?, ?, ?]
2026-03-28 11:43:47.245 DEBUG 17828 --- [nio-8089-exec-5] o.s.jdbc.datasource.DataSourceUtils      : Fetching JDBC Connection from DataSource
2026-03-28 11:43:47.240 DEBUG 17828 --- [nio-8089-exec-8] o.s.jdbc.core.JdbcTemplate               : Executing prepared SQL query
2026-03-28 11:43:47.247 DEBUG 17828 --- [nio-8089-exec-8] o.s.jdbc.core.JdbcTemplate               : Executing prepared SQL statement [EXEC dbo.spx_ValidarVentaYDetallewb ?, ?, ?]
2026-03-28 11:43:47.248 DEBUG 17828 --- [nio-8089-exec-8] o.s.jdbc.datasource.DataSourceUtils      : Fetching JDBC Connection from DataSource
2026-03-28 11:43:47.244 DEBUG 17828 --- [nio-8089-exec-4] o.s.jdbc.core.JdbcTemplate               : Executing prepared SQL statement [EXEC dbo.spx_ValidarVentaYDetallewb ?, ?, ?]
2026-03-28 11:43:47.249 DEBUG 17828 --- [nio-8089-exec-4] o.s.jdbc.datasource.DataSourceUtils      : Fetching JDBC Connection from DataSource
2026-03-28 11:43:47.377 DEBUG 17828 --- [nio-8089-exec-6] o.s.w.s.m.m.a.HttpEntityMethodProcessor  : Using 'application/json', given [application/json, text/plain, */*] and supported [application/json, application/*+json, application/json, application/*+json]
2026-03-28 11:43:47.378 DEBUG 17828 --- [nio-8089-exec-6] o.s.w.s.m.m.a.HttpEntityMethodProcessor  : Writing [com.example.TigoStarSystem.common.ApiResponse@79348f4e]
2026-03-28 11:43:47.380 DEBUG 17828 --- [nio-8089-exec-6] o.s.web.servlet.DispatcherServlet        : Completed 200 OK
2026-03-28 11:43:47.381 DEBUG 17828 --- [io-8089-exec-10] o.s.web.servlet.DispatcherServlet        : GET "/ot/spx_ValidarVentaYDetallewb?fecha=28%2F03%2F2026&nroOT=28763544&numeroCliente=682543", parameters={masked}
2026-03-28 11:43:47.383 DEBUG 17828 --- [io-8089-exec-10] s.w.s.m.m.a.RequestMappingHandlerMapping : Mapped to com.example.TigoStarSystem.ot.controller.OtController#validarVentaYDetalleWb(String, String, Integer, Integer)
2026-03-28 11:43:47.385 DEBUG 17828 --- [io-8089-exec-10] o.s.jdbc.core.JdbcTemplate               : Executing SQL query [EXEC dbo.spx_ObtenerSucursalesConexion]
2026-03-28 11:43:47.386 DEBUG 17828 --- [io-8089-exec-10] o.s.jdbc.datasource.DataSourceUtils      : Fetching JDBC Connection from DataSource
2026-03-28 11:43:47.387 DEBUG 17828 --- [nio-8089-exec-7] o.s.w.s.m.m.a.HttpEntityMethodProcessor  : Using 'application/json', given [application/json, text/plain, */*] and supported [application/json, application/*+json, application/json, application/*+json]
2026-03-28 11:43:47.388 DEBUG 17828 --- [nio-8089-exec-7] o.s.w.s.m.m.a.HttpEntityMethodProcessor  : Writing [com.example.TigoStarSystem.common.ApiResponse@37dbf27b]
2026-03-28 11:43:47.390 DEBUG 17828 --- [nio-8089-exec-7] o.s.web.servlet.DispatcherServlet        : Completed 200 OK
2026-03-28 11:43:47.399 DEBUG 17828 --- [io-8089-exec-10] o.s.jdbc.core.JdbcTemplate               : Executing prepared SQL query
2026-03-28 11:43:47.401 DEBUG 17828 --- [io-8089-exec-10] o.s.jdbc.core.JdbcTemplate               : Executing prepared SQL statement [EXEC dbo.spx_ValidarVentaYDetallewb ?, ?, ?]
2026-03-28 11:43:47.402 DEBUG 17828 --- [io-8089-exec-10] o.s.jdbc.datasource.DataSourceUtils      : Fetching JDBC Connection from DataSource
2026-03-28 11:43:47.433 DEBUG 17828 --- [nio-8089-exec-5] o.s.w.s.m.m.a.HttpEntityMethodProcessor  : Using 'application/json', given [application/json, text/plain, */*] and supported [application/json, application/*+json, application/json, application/*+json]
2026-03-28 11:43:47.433 DEBUG 17828 --- [nio-8089-exec-1] o.s.w.s.m.m.a.HttpEntityMethodProcessor  : Using 'application/json', given [application/json, text/plain, */*] and supported [application/json, application/*+json, application/json, application/*+json]
2026-03-28 11:43:47.435 DEBUG 17828 --- [nio-8089-exec-5] o.s.w.s.m.m.a.HttpEntityMethodProcessor  : Writing [com.example.TigoStarSystem.common.ApiResponse@3a37c8e6]
2026-03-28 11:43:47.436 DEBUG 17828 --- [nio-8089-exec-1] o.s.w.s.m.m.a.HttpEntityMethodProcessor  : Writing [com.example.TigoStarSystem.common.ApiResponse@104698d5]
2026-03-28 11:43:47.437 DEBUG 17828 --- [nio-8089-exec-5] o.s.web.servlet.DispatcherServlet        : Completed 200 OK
2026-03-28 11:43:47.437 DEBUG 17828 --- [nio-8089-exec-1] o.s.web.servlet.DispatcherServlet        : Completed 200 OK
2026-03-28 11:43:47.449 DEBUG 17828 --- [nio-8089-exec-8] o.s.w.s.m.m.a.HttpEntityMethodProcessor  : Using 'application/json', given [application/json, text/plain, */*] and supported [application/json, application/*+json, application/json, application/*+json]
2026-03-28 11:43:47.451 DEBUG 17828 --- [nio-8089-exec-8] o.s.w.s.m.m.a.HttpEntityMethodProcessor  : Writing [com.example.TigoStarSystem.common.ApiResponse@5d5de640]
2026-03-28 11:43:47.452 DEBUG 17828 --- [nio-8089-exec-8] o.s.web.servlet.DispatcherServlet        : Completed 200 OK
2026-03-28 11:43:47.457 DEBUG 17828 --- [nio-8089-exec-4] o.s.w.s.m.m.a.HttpEntityMethodProcessor  : Using 'application/json', given [application/json, text/plain, */*] and supported [application/json, application/*+json, application/json, application/*+json]
2026-03-28 11:43:47.459 DEBUG 17828 --- [nio-8089-exec-4] o.s.w.s.m.m.a.HttpEntityMethodProcessor  : Writing [com.example.TigoStarSystem.common.ApiResponse@6494617]
2026-03-28 11:43:47.479 DEBUG 17828 --- [io-8089-exec-10] o.s.w.s.m.m.a.HttpEntityMethodProcessor  : Using 'application/json', given [application/json, text/plain, */*] and supported [application/json, application/*+json, application/json, application/*+json]
2026-03-28 11:43:47.535 DEBUG 17828 --- [nio-8089-exec-4] o.s.web.servlet.DispatcherServlet        : Completed 200 OK
2026-03-28 11:43:47.536 DEBUG 17828 --- [io-8089-exec-10] o.s.w.s.m.m.a.HttpEntityMethodProcessor  : Writing [com.example.TigoStarSystem.common.ApiResponse@2531a1bc]
2026-03-28 11:43:47.538 DEBUG 17828 --- [io-8089-exec-10] o.s.web.servlet.DispatcherServlet        : Completed 200 OK
2026-03-28 11:43:51.939 DEBUG 17828 --- [ruz housekeeper] com.zaxxer.hikari.pool.HikariPool        : ConnDb-Santa_Cruz - Before cleanup stats (total=0, active=0, idle=0, waiting=0)
2026-03-28 11:43:51.940 DEBUG 17828 --- [ruz housekeeper] com.zaxxer.hikari.pool.HikariPool        : ConnDb-Santa_Cruz - After cleanup  stats (total=0, active=0, idle=0, waiting=0)
2026-03-28 11:43:51.942 DEBUG 17828 --- [ruz housekeeper] com.zaxxer.hikari.pool.HikariPool        : ConnDb-Santa_Cruz - Fill pool skipped, pool is at sufficient level.
2026-03-28 11:43:54.656 DEBUG 17828 --- [l-1 housekeeper] com.zaxxer.hikari.pool.HikariPool        : HikariPool-1 - keepalive: connection ConnectionID:13 ClientConnectionId: 78e75d44-781e-4064-b763-ee7442594107 is alive
2026-03-28 11:43:57.758 DEBUG 17828 --- [nio-8089-exec-9] o.s.web.servlet.DispatcherServlet        : GET "/catalogos/estados", parameters={}
2026-03-28 11:43:57.814 DEBUG 17828 --- [nio-8089-exec-9] s.w.s.m.m.a.RequestMappingHandlerMapping : Mapped to com.example.TigoStarSystem.catalogo.controller.CatalogoController#listarEstados()
2026-03-28 11:43:57.956 DEBUG 17828 --- [nio-8089-exec-9] o.s.jdbc.core.JdbcTemplate               : Executing SQL query [EXEC sp_ObtenerEstado]
2026-03-28 11:43:58.014 DEBUG 17828 --- [nio-8089-exec-9] o.s.jdbc.datasource.DataSourceUtils      : Fetching JDBC Connection from DataSource
2026-03-28 11:43:58.252 DEBUG 17828 --- [nio-8089-exec-9] o.s.w.s.m.m.a.HttpEntityMethodProcessor  : Using 'application/json', given [application/json, text/plain, */*] and supported [application/json, application/*+json, application/json, application/*+json]
2026-03-28 11:43:58.310 DEBUG 17828 --- [nio-8089-exec-9] o.s.w.s.m.m.a.HttpEntityMethodProcessor  : Writing [com.example.TigoStarSystem.common.ApiResponse@2de56a3e]
2026-03-28 11:43:58.364 DEBUG 17828 --- [nio-8089-exec-9] o.s.web.servlet.DispatcherServlet        : Completed 200 OK
2026-03-28 11:44:02.630 DEBUG 17828 --- [l-1 housekeeper] com.zaxxer.hikari.pool.HikariPool        : HikariPool-1 - Before cleanup stats (total=6, active=0, idle=6, waiting=0)
2026-03-28 11:44:02.631 DEBUG 17828 --- [l-1 housekeeper] com.zaxxer.hikari.pool.HikariPool        : HikariPool-1 - After cleanup  stats (total=6, active=0, idle=6, waiting=0)
2026-03-28 11:44:02.632 DEBUG 17828 --- [l-1 housekeeper] com.zaxxer.hikari.pool.HikariPool        : HikariPool-1 - Fill pool skipped, pool is at sufficient level.
2026-03-28 11:44:03.017 DEBUG 17828 --- [nio-8089-exec-2] o.s.web.servlet.DispatcherServlet        : GET "/catalogos/estados", parameters={}
2026-03-28 11:44:03.170 DEBUG 17828 --- [nio-8089-exec-2] s.w.s.m.m.a.RequestMappingHandlerMapping : Mapped to com.example.TigoStarSystem.catalogo.controller.CatalogoController#listarEstados()
2026-03-28 11:44:03.170 DEBUG 17828 --- [nio-8089-exec-2] o.s.jdbc.core.JdbcTemplate               : Executing SQL query [EXEC sp_ObtenerEstado]
2026-03-28 11:44:03.171 DEBUG 17828 --- [nio-8089-exec-2] o.s.jdbc.datasource.DataSourceUtils      : Fetching JDBC Connection from DataSource
2026-03-28 11:44:03.176 DEBUG 17828 --- [nio-8089-exec-2] o.s.w.s.m.m.a.HttpEntityMethodProcessor  : Using 'application/json', given [application/json, text/plain, */*] and supported [application/json, application/*+json, application/json, application/*+json]
2026-03-28 11:44:03.177 DEBUG 17828 --- [nio-8089-exec-2] o.s.w.s.m.m.a.HttpEntityMethodProcessor  : Writing [com.example.TigoStarSystem.common.ApiResponse@38689e64]
2026-03-28 11:44:03.178 DEBUG 17828 --- [nio-8089-exec-2] o.s.web.servlet.DispatcherServlet        : Completed 200 OK
2026-03-28 11:44:03.189 DEBUG 17828 --- [ruz housekeeper] com.zaxxer.hikari.pool.HikariPool        : ConnDb-Santa_Cruz - Before cleanup stats (total=0, active=0, idle=0, waiting=0)
2026-03-28 11:44:03.190 DEBUG 17828 --- [ruz housekeeper] com.zaxxer.hikari.pool.HikariPool        : ConnDb-Santa_Cruz - After cleanup  stats (total=0, active=0, idle=0, waiting=0)
2026-03-28 11:44:03.192 DEBUG 17828 --- [ruz housekeeper] com.zaxxer.hikari.pool.HikariPool        : ConnDb-Santa_Cruz - Fill pool skipped, pool is at sufficient level.
2026-03-28 11:44:09.533 DEBUG 17828 --- [nio-8089-exec-3] o.s.web.servlet.DispatcherServlet        : GET "/auth/permisos", parameters={}
2026-03-28 11:44:09.552 DEBUG 17828 --- [nio-8089-exec-3] s.w.s.m.m.a.RequestMappingHandlerMapping : Mapped to com.example.TigoStarSystem.auth.controller.AuthPermisosController#permisos(String)
2026-03-28 11:44:09.553 DEBUG 17828 --- [nio-8089-exec-3] o.s.jdbc.core.JdbcTemplate               : Executing SQL query [EXEC dbo.spx_ObtenerPrivilegiosRoles]
2026-03-28 11:44:09.554 DEBUG 17828 --- [nio-8089-exec-3] o.s.jdbc.datasource.DataSourceUtils      : Fetching JDBC Connection from DataSource
2026-03-28 11:44:09.563 DEBUG 17828 --- [nio-8089-exec-3] o.s.jdbc.core.JdbcTemplate               : Executing prepared SQL query
2026-03-28 11:44:09.564 DEBUG 17828 --- [nio-8089-exec-3] o.s.jdbc.core.JdbcTemplate               : Executing prepared SQL statement [EXEC dbo.spx_ObtenerPrivilegiosRolDetalle ?]
2026-03-28 11:44:09.565 DEBUG 17828 --- [nio-8089-exec-3] o.s.jdbc.datasource.DataSourceUtils      : Fetching JDBC Connection from DataSource
2026-03-28 11:44:09.575 DEBUG 17828 --- [nio-8089-exec-3] o.s.w.s.m.m.a.HttpEntityMethodProcessor  : Using 'application/json', given [application/json, text/plain, */*] and supported [application/json, application/*+json, application/json, application/*+json]
2026-03-28 11:44:09.576 DEBUG 17828 --- [nio-8089-exec-3] o.s.w.s.m.m.a.HttpEntityMethodProcessor  : Writing [com.example.TigoStarSystem.common.ApiResponse@3d7eb80]
2026-03-28 11:44:09.577 DEBUG 17828 --- [nio-8089-exec-3] o.s.web.servlet.DispatcherServlet        : Completed 200 OK
2026-03-28 11:44:09.580 DEBUG 17828 --- [nio-8089-exec-3] o.s.web.servlet.DispatcherServlet        : GET "/auth/permisos", parameters={}
2026-03-28 11:44:09.582 DEBUG 17828 --- [nio-8089-exec-3] s.w.s.m.m.a.RequestMappingHandlerMapping : Mapped to com.example.TigoStarSystem.auth.controller.AuthPermisosController#permisos(String)
2026-03-28 11:44:09.586 DEBUG 17828 --- [nio-8089-exec-3] o.s.jdbc.core.JdbcTemplate               : Executing SQL query [EXEC dbo.spx_ObtenerPrivilegiosRoles]
2026-03-28 11:44:09.587 DEBUG 17828 --- [nio-8089-exec-3] o.s.jdbc.datasource.DataSourceUtils      : Fetching JDBC Connection from DataSource
2026-03-28 11:44:09.596 DEBUG 17828 --- [nio-8089-exec-3] o.s.jdbc.core.JdbcTemplate               : Executing prepared SQL query
2026-03-28 11:44:09.597 DEBUG 17828 --- [nio-8089-exec-3] o.s.jdbc.core.JdbcTemplate               : Executing prepared SQL statement [EXEC dbo.spx_ObtenerPrivilegiosRolDetalle ?]
2026-03-28 11:44:09.598 DEBUG 17828 --- [nio-8089-exec-3] o.s.jdbc.datasource.DataSourceUtils      : Fetching JDBC Connection from DataSource
2026-03-28 11:44:09.603 DEBUG 17828 --- [nio-8089-exec-3] o.s.w.s.m.m.a.HttpEntityMethodProcessor  : Using 'application/json', given [application/json, text/plain, */*] and supported [application/json, application/*+json, application/json, application/*+json]
2026-03-28 11:44:09.604 DEBUG 17828 --- [nio-8089-exec-3] o.s.w.s.m.m.a.HttpEntityMethodProcessor  : Writing [com.example.TigoStarSystem.common.ApiResponse@74cc545d]
2026-03-28 11:44:09.606 DEBUG 17828 --- [nio-8089-exec-3] o.s.web.servlet.DispatcherServlet        : Completed 200 OK
2026-03-28 11:44:09.631 DEBUG 17828 --- [nio-8089-exec-7] o.s.web.servlet.DispatcherServlet        : GET "/catalogos/estados", parameters={}
2026-03-28 11:44:09.633 DEBUG 17828 --- [nio-8089-exec-7] s.w.s.m.m.a.RequestMappingHandlerMapping : Mapped to com.example.TigoStarSystem.catalogo.controller.CatalogoController#listarEstados()
2026-03-28 11:44:09.635 DEBUG 17828 --- [nio-8089-exec-7] o.s.jdbc.core.JdbcTemplate               : Executing SQL query [EXEC sp_ObtenerEstado]
2026-03-28 11:44:09.636 DEBUG 17828 --- [nio-8089-exec-7] o.s.jdbc.datasource.DataSourceUtils      : Fetching JDBC Connection from DataSource
2026-03-28 11:44:09.642 DEBUG 17828 --- [nio-8089-exec-7] o.s.w.s.m.m.a.HttpEntityMethodProcessor  : Using 'application/json', given [application/json, text/plain, */*] and supported [application/json, application/*+json, application/json, application/*+json]
2026-03-28 11:44:09.645 DEBUG 17828 --- [nio-8089-exec-7] o.s.w.s.m.m.a.HttpEntityMethodProcessor  : Writing [com.example.TigoStarSystem.common.ApiResponse@5b1fa18b]
2026-03-28 11:44:09.646 DEBUG 17828 --- [nio-8089-exec-7] o.s.web.servlet.DispatcherServlet        : Completed 200 OK
2026-03-28 11:44:14.460 DEBUG 17828 --- [ool housekeeper] com.zaxxer.hikari.pool.HikariPool        : CentralHikariPool - Before cleanup stats (total=2, active=0, idle=2, waiting=0)
2026-03-28 11:44:14.461 DEBUG 17828 --- [ool housekeeper] com.zaxxer.hikari.pool.HikariPool        : CentralHikariPool - After cleanup  stats (total=2, active=0, idle=2, waiting=0)
2026-03-28 11:44:14.462 DEBUG 17828 --- [ool housekeeper] com.zaxxer.hikari.pool.HikariPool        : CentralHikariPool - Fill pool skipped, pool is at sufficient level.
2026-03-28 11:44:21.952 DEBUG 17828 --- [ruz housekeeper] com.zaxxer.hikari.pool.HikariPool        : ConnDb-Santa_Cruz - Before cleanup stats (total=0, active=0, idle=0, waiting=0)
2026-03-28 11:44:21.952 DEBUG 17828 --- [ruz housekeeper] com.zaxxer.hikari.pool.HikariPool        : ConnDb-Santa_Cruz - After cleanup  stats (total=0, active=0, idle=0, waiting=0)
2026-03-28 11:44:21.953 DEBUG 17828 --- [ruz housekeeper] com.zaxxer.hikari.pool.HikariPool        : ConnDb-Santa_Cruz - Fill pool skipped, pool is at sufficient level.
2026-03-28 11:44:32.633 DEBUG 17828 --- [l-1 housekeeper] com.zaxxer.hikari.pool.HikariPool        : HikariPool-1 - Before cleanup stats (total=6, active=0, idle=6, waiting=0)
2026-03-28 11:44:32.635 DEBUG 17828 --- [l-1 housekeeper] com.zaxxer.hikari.pool.HikariPool        : HikariPool-1 - After cleanup  stats (total=6, active=0, idle=6, waiting=0)
2026-03-28 11:44:32.636 DEBUG 17828 --- [l-1 housekeeper] com.zaxxer.hikari.pool.HikariPool        : HikariPool-1 - Fill pool skipped, pool is at sufficient level.
2026-03-28 11:44:33.198 DEBUG 17828 --- [ruz housekeeper] com.zaxxer.hikari.pool.HikariPool        : ConnDb-Santa_Cruz - Before cleanup stats (total=0, active=0, idle=0, waiting=0)
2026-03-28 11:44:33.199 DEBUG 17828 --- [ruz housekeeper] com.zaxxer.hikari.pool.HikariPool        : ConnDb-Santa_Cruz - After cleanup  stats (total=0, active=0, idle=0, waiting=0)
2026-03-28 11:44:33.199 DEBUG 17828 --- [ruz housekeeper] com.zaxxer.hikari.pool.HikariPool        : ConnDb-Santa_Cruz - Fill pool skipped, pool is at sufficient level.
2026-03-28 11:44:43.200 DEBUG 17828 --- [l-1 housekeeper] com.zaxxer.hikari.pool.HikariPool        : HikariPool-1 - keepalive: connection ConnectionID:12 ClientConnectionId: 8259b5bb-488e-4ef6-8536-ef87a8581928 is alive
2026-03-28 11:44:44.472 DEBUG 17828 --- [ool housekeeper] com.zaxxer.hikari.pool.HikariPool        : CentralHikariPool - Before cleanup stats (total=2, active=0, idle=2, waiting=0)
2026-03-28 11:44:44.473 DEBUG 17828 --- [ool housekeeper] com.zaxxer.hikari.pool.HikariPool        : CentralHikariPool - After cleanup  stats (total=2, active=0, idle=2, waiting=0)
2026-03-28 11:44:44.473 DEBUG 17828 --- [ool housekeeper] com.zaxxer.hikari.pool.HikariPool        : CentralHikariPool - Fill pool skipped, pool is at sufficient level.
2026-03-28 11:44:51.960 DEBUG 17828 --- [ruz housekeeper] com.zaxxer.hikari.pool.HikariPool        : ConnDb-Santa_Cruz - Before cleanup stats (total=0, active=0, idle=0, waiting=0)
2026-03-28 11:44:51.961 DEBUG 17828 --- [ruz housekeeper] com.zaxxer.hikari.pool.HikariPool        : ConnDb-Santa_Cruz - After cleanup  stats (total=0, active=0, idle=0, waiting=0)
2026-03-28 11:44:51.962 DEBUG 17828 --- [ruz housekeeper] com.zaxxer.hikari.pool.HikariPool        : ConnDb-Santa_Cruz - Fill pool skipped, pool is at sufficient level.
2026-03-28 11:45:02.642 DEBUG 17828 --- [l-1 housekeeper] com.zaxxer.hikari.pool.HikariPool        : HikariPool-1 - Before cleanup stats (total=6, active=0, idle=6, waiting=0)
2026-03-28 11:45:02.643 DEBUG 17828 --- [l-1 housekeeper] com.zaxxer.hikari.pool.HikariPool        : HikariPool-1 - After cleanup  stats (total=6, active=0, idle=6, waiting=0)
2026-03-28 11:45:02.644 DEBUG 17828 --- [l-1 housekeeper] com.zaxxer.hikari.pool.HikariPool        : HikariPool-1 - Fill pool skipped, pool is at sufficient level.
2026-03-28 11:45:03.200 DEBUG 17828 --- [ruz housekeeper] com.zaxxer.hikari.pool.HikariPool        : ConnDb-Santa_Cruz - Before cleanup stats (total=0, active=0, idle=0, waiting=0)
2026-03-28 11:45:03.202 DEBUG 17828 --- [ruz housekeeper] com.zaxxer.hikari.pool.HikariPool        : ConnDb-Santa_Cruz - After cleanup  stats (total=0, active=0, idle=0, waiting=0)
2026-03-28 11:45:03.203 DEBUG 17828 --- [ruz housekeeper] com.zaxxer.hikari.pool.HikariPool        : ConnDb-Santa_Cruz - Fill pool skipped, pool is at sufficient level.
2026-03-28 11:45:08.354 DEBUG 17828 --- [l-1 housekeeper] com.zaxxer.hikari.pool.HikariPool        : HikariPool-1 - keepalive: connection ConnectionID:16 ClientConnectionId: eb5ce43d-9614-4155-bd77-02337e95baf0 is alive
2026-03-28 11:45:09.083 DEBUG 17828 --- [l-1 housekeeper] com.zaxxer.hikari.pool.HikariPool        : HikariPool-1 - keepalive: connection ConnectionID:17 ClientConnectionId: b3e879a7-04f8-4dca-8397-c773a4cde4c0 is alive
2026-03-28 11:45:10.629 DEBUG 17828 --- [l-1 housekeeper] com.zaxxer.hikari.pool.HikariPool        : HikariPool-1 - keepalive: connection ConnectionID:18 ClientConnectionId: e9cbc3f1-66df-4219-9f0c-eb8f99d5945e is alive
2026-03-28 11:45:14.476 DEBUG 17828 --- [ool housekeeper] com.zaxxer.hikari.pool.HikariPool        : CentralHikariPool - Before cleanup stats (total=2, active=0, idle=2, waiting=0)
2026-03-28 11:45:14.478 DEBUG 17828 --- [ool housekeeper] com.zaxxer.hikari.pool.HikariPool        : CentralHikariPool - After cleanup  stats (total=2, active=0, idle=2, waiting=0)
2026-03-28 11:45:14.478 DEBUG 17828 --- [ool housekeeper] com.zaxxer.hikari.pool.HikariPool        : CentralHikariPool - Fill pool skipped, pool is at sufficient level.
2026-03-28 11:45:15.353 DEBUG 17828 --- [l-1 housekeeper] com.zaxxer.hikari.pool.HikariPool        : HikariPool-1 - keepalive: connection ConnectionID:15 ClientConnectionId: a1bb10d7-68dd-4770-8d4a-826e9e0e1209 is alive
2026-03-28 11:45:21.972 DEBUG 17828 --- [ruz housekeeper] com.zaxxer.hikari.pool.HikariPool        : ConnDb-Santa_Cruz - Before cleanup stats (total=0, active=0, idle=0, waiting=0)
2026-03-28 11:45:21.984 DEBUG 17828 --- [ruz housekeeper] com.zaxxer.hikari.pool.HikariPool        : ConnDb-Santa_Cruz - After cleanup  stats (total=0, active=0, idle=0, waiting=0)
2026-03-28 11:45:21.985 DEBUG 17828 --- [ruz housekeeper] com.zaxxer.hikari.pool.HikariPool        : ConnDb-Santa_Cruz - Fill pool skipped, pool is at sufficient level.
2026-03-28 11:45:25.733 DEBUG 17828 --- [ool housekeeper] com.zaxxer.hikari.pool.HikariPool        : CentralHikariPool - keepalive: connection ConnectionID:19 ClientConnectionId: a610e34f-6066-49ff-8fec-88db355be5a5 is alive
2026-03-28 11:45:26.397 DEBUG 17828 --- [ool housekeeper] com.zaxxer.hikari.pool.HikariPool        : CentralHikariPool - keepalive: connection ConnectionID:14 ClientConnectionId: 0e46ebe4-0ab8-4928-b3d3-6c23e14109e9 is alive
2026-03-28 11:45:32.655 DEBUG 17828 --- [l-1 housekeeper] com.zaxxer.hikari.pool.HikariPool        : HikariPool-1 - Before cleanup stats (total=6, active=0, idle=6, waiting=0)
2026-03-28 11:45:32.731 DEBUG 17828 --- [l-1 housekeeper] com.zaxxer.hikari.pool.HikariPool        : HikariPool-1 - After cleanup  stats (total=6, active=0, idle=6, waiting=0)
2026-03-28 11:45:32.780 DEBUG 17828 --- [l-1 housekeeper] com.zaxxer.hikari.pool.HikariPool        : HikariPool-1 - Fill pool skipped, pool is at sufficient level.
2026-03-28 11:45:33.235 DEBUG 17828 --- [ruz housekeeper] com.zaxxer.hikari.pool.HikariPool        : ConnDb-Santa_Cruz - Before cleanup stats (total=0, active=0, idle=0, waiting=0)
2026-03-28 11:45:33.236 DEBUG 17828 --- [ruz housekeeper] com.zaxxer.hikari.pool.HikariPool        : ConnDb-Santa_Cruz - After cleanup  stats (total=0, active=0, idle=0, waiting=0)
2026-03-28 11:45:33.237 DEBUG 17828 --- [ruz housekeeper] com.zaxxer.hikari.pool.HikariPool        : ConnDb-Santa_Cruz - Fill pool skipped, pool is at sufficient level.
2026-03-28 11:45:43.077 DEBUG 17828 --- [l-1 housekeeper] com.zaxxer.hikari.pool.HikariPool        : HikariPool-1 - keepalive: connection ConnectionID:13 ClientConnectionId: 78e75d44-781e-4064-b763-ee7442594107 is alive
2026-03-28 11:45:44.494 DEBUG 17828 --- [ool housekeeper] com.zaxxer.hikari.pool.HikariPool        : CentralHikariPool - Before cleanup stats (total=2, active=0, idle=2, waiting=0)
2026-03-28 11:45:44.495 DEBUG 17828 --- [ool housekeeper] com.zaxxer.hikari.pool.HikariPool        : CentralHikariPool - After cleanup  stats (total=2, active=0, idle=2, waiting=0)
2026-03-28 11:45:44.495 DEBUG 17828 --- [ool housekeeper] com.zaxxer.hikari.pool.HikariPool        : CentralHikariPool - Fill pool skipped, pool is at sufficient level.
2026-03-28 11:45:51.988 DEBUG 17828 --- [ruz housekeeper] com.zaxxer.hikari.pool.HikariPool        : ConnDb-Santa_Cruz - Before cleanup stats (total=0, active=0, idle=0, waiting=0)
2026-03-28 11:45:51.989 DEBUG 17828 --- [ruz housekeeper] com.zaxxer.hikari.pool.HikariPool        : ConnDb-Santa_Cruz - After cleanup  stats (total=0, active=0, idle=0, waiting=0)
2026-03-28 11:45:51.990 DEBUG 17828 --- [ruz housekeeper] com.zaxxer.hikari.pool.HikariPool        : ConnDb-Santa_Cruz - Fill pool skipped, pool is at sufficient level.
2026-03-28 11:46:02.787 DEBUG 17828 --- [l-1 housekeeper] com.zaxxer.hikari.pool.HikariPool        : HikariPool-1 - Before cleanup stats (total=6, active=0, idle=6, waiting=0)
2026-03-28 11:46:02.788 DEBUG 17828 --- [l-1 housekeeper] com.zaxxer.hikari.pool.HikariPool        : HikariPool-1 - After cleanup  stats (total=6, active=0, idle=6, waiting=0)
2026-03-28 11:46:02.788 DEBUG 17828 --- [l-1 housekeeper] com.zaxxer.hikari.pool.HikariPool        : HikariPool-1 - Fill pool skipped, pool is at sufficient level.
2026-03-28 11:46:03.244 DEBUG 17828 --- [ruz housekeeper] com.zaxxer.hikari.pool.HikariPool        : ConnDb-Santa_Cruz - Before cleanup stats (total=0, active=0, idle=0, waiting=0)
2026-03-28 11:46:03.245 DEBUG 17828 --- [ruz housekeeper] com.zaxxer.hikari.pool.HikariPool        : ConnDb-Santa_Cruz - After cleanup  stats (total=0, active=0, idle=0, waiting=0)
2026-03-28 11:46:03.245 DEBUG 17828 --- [ruz housekeeper] com.zaxxer.hikari.pool.HikariPool        : ConnDb-Santa_Cruz - Fill pool skipped, pool is at sufficient level.
2026-03-28 11:46:14.507 DEBUG 17828 --- [ool housekeeper] com.zaxxer.hikari.pool.HikariPool        : CentralHikariPool - Before cleanup stats (total=2, active=0, idle=2, waiting=0)
2026-03-28 11:46:14.508 DEBUG 17828 --- [ool housekeeper] com.zaxxer.hikari.pool.HikariPool        : CentralHikariPool - After cleanup  stats (total=2, active=0, idle=2, waiting=0)
2026-03-28 11:46:14.508 DEBUG 17828 --- [ool housekeeper] com.zaxxer.hikari.pool.HikariPool        : CentralHikariPool - Fill pool skipped, pool is at sufficient level.
2026-03-28 11:46:21.995 DEBUG 17828 --- [ruz housekeeper] com.zaxxer.hikari.pool.HikariPool        : ConnDb-Santa_Cruz - Before cleanup stats (total=0, active=0, idle=0, waiting=0)
2026-03-28 11:46:21.996 DEBUG 17828 --- [ruz housekeeper] com.zaxxer.hikari.pool.HikariPool        : ConnDb-Santa_Cruz - After cleanup  stats (total=0, active=0, idle=0, waiting=0)
2026-03-28 11:46:21.997 DEBUG 17828 --- [ruz housekeeper] com.zaxxer.hikari.pool.HikariPool        : ConnDb-Santa_Cruz - Fill pool skipped, pool is at sufficient level.
2026-03-28 11:46:32.794 DEBUG 17828 --- [l-1 housekeeper] com.zaxxer.hikari.pool.HikariPool        : HikariPool-1 - Before cleanup stats (total=6, active=0, idle=6, waiting=0)
2026-03-28 11:46:32.794 DEBUG 17828 --- [l-1 housekeeper] com.zaxxer.hikari.pool.HikariPool        : HikariPool-1 - After cleanup  stats (total=6, active=0, idle=6, waiting=0)
2026-03-28 11:46:32.795 DEBUG 17828 --- [l-1 housekeeper] com.zaxxer.hikari.pool.HikariPool        : HikariPool-1 - Fill pool skipped, pool is at sufficient level.
2026-03-28 11:46:33.251 DEBUG 17828 --- [ruz housekeeper] com.zaxxer.hikari.pool.HikariPool        : ConnDb-Santa_Cruz - Before cleanup stats (total=0, active=0, idle=0, waiting=0)
2026-03-28 11:46:33.251 DEBUG 17828 --- [ruz housekeeper] com.zaxxer.hikari.pool.HikariPool        : ConnDb-Santa_Cruz - After cleanup  stats (total=0, active=0, idle=0, waiting=0)
2026-03-28 11:46:33.252 DEBUG 17828 --- [ruz housekeeper] com.zaxxer.hikari.pool.HikariPool        : ConnDb-Santa_Cruz - Fill pool skipped, pool is at sufficient level.
2026-03-28 11:46:39.645 DEBUG 17828 --- [l-1 housekeeper] com.zaxxer.hikari.pool.HikariPool        : HikariPool-1 - keepalive: connection ConnectionID:12 ClientConnectionId: 8259b5bb-488e-4ef6-8536-ef87a8581928 is alive
2026-03-28 11:46:44.520 DEBUG 17828 --- [ool housekeeper] com.zaxxer.hikari.pool.HikariPool        : CentralHikariPool - Before cleanup stats (total=2, active=0, idle=2, waiting=0)
2026-03-28 11:46:44.520 DEBUG 17828 --- [ool housekeeper] com.zaxxer.hikari.pool.HikariPool        : CentralHikariPool - After cleanup  stats (total=2, active=0, idle=2, waiting=0)
2026-03-28 11:46:44.521 DEBUG 17828 --- [ool housekeeper] com.zaxxer.hikari.pool.HikariPool        : CentralHikariPool - Fill pool skipped, pool is at sufficient level.
2026-03-28 11:46:52.012 DEBUG 17828 --- [ruz housekeeper] com.zaxxer.hikari.pool.HikariPool        : ConnDb-Santa_Cruz - Before cleanup stats (total=0, active=0, idle=0, waiting=0)
2026-03-28 11:46:52.012 DEBUG 17828 --- [ruz housekeeper] com.zaxxer.hikari.pool.HikariPool        : ConnDb-Santa_Cruz - After cleanup  stats (total=0, active=0, idle=0, waiting=0)
2026-03-28 11:46:52.013 DEBUG 17828 --- [ruz housekeeper] com.zaxxer.hikari.pool.HikariPool        : ConnDb-Santa_Cruz - Fill pool skipped, pool is at sufficient level.
2026-03-28 11:46:58.033 DEBUG 17828 --- [l-1 housekeeper] com.zaxxer.hikari.pool.HikariPool        : HikariPool-1 - keepalive: connection ConnectionID:16 ClientConnectionId: eb5ce43d-9614-4155-bd77-02337e95baf0 is alive
2026-03-28 11:46:59.105 DEBUG 17828 --- [l-1 housekeeper] com.zaxxer.hikari.pool.HikariPool        : HikariPool-1 - keepalive: connection ConnectionID:17 ClientConnectionId: b3e879a7-04f8-4dca-8397-c773a4cde4c0 is alive
2026-03-28 11:47:01.416 DEBUG 17828 --- [l-1 housekeeper] com.zaxxer.hikari.pool.HikariPool        : HikariPool-1 - keepalive: connection ConnectionID:18 ClientConnectionId: e9cbc3f1-66df-4219-9f0c-eb8f99d5945e is alive
2026-03-28 11:47:02.809 DEBUG 17828 --- [l-1 housekeeper] com.zaxxer.hikari.pool.HikariPool        : HikariPool-1 - Before cleanup stats (total=6, active=0, idle=6, waiting=0)
2026-03-28 11:47:02.812 DEBUG 17828 --- [l-1 housekeeper] com.zaxxer.hikari.pool.HikariPool        : HikariPool-1 - After cleanup  stats (total=6, active=0, idle=6, waiting=0)
2026-03-28 11:47:02.813 DEBUG 17828 --- [l-1 housekeeper] com.zaxxer.hikari.pool.HikariPool        : HikariPool-1 - Fill pool skipped, pool is at sufficient level.
2026-03-28 11:47:03.265 DEBUG 17828 --- [ruz housekeeper] com.zaxxer.hikari.pool.HikariPool        : ConnDb-Santa_Cruz - Before cleanup stats (total=0, active=0, idle=0, waiting=0)
2026-03-28 11:47:03.266 DEBUG 17828 --- [ruz housekeeper] com.zaxxer.hikari.pool.HikariPool        : ConnDb-Santa_Cruz - After cleanup  stats (total=0, active=0, idle=0, waiting=0)
2026-03-28 11:47:03.267 DEBUG 17828 --- [ruz housekeeper] com.zaxxer.hikari.pool.HikariPool        : ConnDb-Santa_Cruz - Fill pool skipped, pool is at sufficient level.
2026-03-28 11:47:08.527 DEBUG 17828 --- [l-1 housekeeper] com.zaxxer.hikari.pool.HikariPool        : HikariPool-1 - keepalive: connection ConnectionID:15 ClientConnectionId: a1bb10d7-68dd-4770-8d4a-826e9e0e1209 is alive
2026-03-28 11:47:14.526 DEBUG 17828 --- [ool housekeeper] com.zaxxer.hikari.pool.HikariPool        : CentralHikariPool - Before cleanup stats (total=2, active=0, idle=2, waiting=0)
2026-03-28 11:47:14.527 DEBUG 17828 --- [ool housekeeper] com.zaxxer.hikari.pool.HikariPool        : CentralHikariPool - After cleanup  stats (total=2, active=0, idle=2, waiting=0)
2026-03-28 11:47:14.527 DEBUG 17828 --- [ool housekeeper] com.zaxxer.hikari.pool.HikariPool        : CentralHikariPool - Fill pool skipped, pool is at sufficient level.
2026-03-28 11:47:21.795 DEBUG 17828 --- [ool housekeeper] com.zaxxer.hikari.pool.HikariPool        : CentralHikariPool - keepalive: connection ConnectionID:19 ClientConnectionId: a610e34f-6066-49ff-8fec-88db355be5a5 is alive
2026-03-28 11:47:22.024 DEBUG 17828 --- [ruz housekeeper] com.zaxxer.hikari.pool.HikariPool        : ConnDb-Santa_Cruz - Before cleanup stats (total=0, active=0, idle=0, waiting=0)
2026-03-28 11:47:22.024 DEBUG 17828 --- [ruz housekeeper] com.zaxxer.hikari.pool.HikariPool        : ConnDb-Santa_Cruz - After cleanup  stats (total=0, active=0, idle=0, waiting=0)
2026-03-28 11:47:22.025 DEBUG 17828 --- [ruz housekeeper] com.zaxxer.hikari.pool.HikariPool        : ConnDb-Santa_Cruz - Fill pool skipped, pool is at sufficient level.
2026-03-28 11:47:25.094 DEBUG 17828 --- [ool housekeeper] com.zaxxer.hikari.pool.HikariPool        : CentralHikariPool - keepalive: connection ConnectionID:14 ClientConnectionId: 0e46ebe4-0ab8-4928-b3d3-6c23e14109e9 is alive
2026-03-28 11:47:31.431 DEBUG 17828 --- [l-1 housekeeper] com.zaxxer.hikari.pool.HikariPool        : HikariPool-1 - keepalive: connection ConnectionID:13 ClientConnectionId: 78e75d44-781e-4064-b763-ee7442594107 is alive
2026-03-28 11:47:32.828 DEBUG 17828 --- [l-1 housekeeper] com.zaxxer.hikari.pool.HikariPool        : HikariPool-1 - Before cleanup stats (total=6, active=0, idle=6, waiting=0)
2026-03-28 11:47:32.829 DEBUG 17828 --- [l-1 housekeeper] com.zaxxer.hikari.pool.HikariPool        : HikariPool-1 - After cleanup  stats (total=6, active=0, idle=6, waiting=0)
2026-03-28 11:47:32.829 DEBUG 17828 --- [l-1 housekeeper] com.zaxxer.hikari.pool.HikariPool        : HikariPool-1 - Fill pool skipped, pool is at sufficient level.
2026-03-28 11:47:33.278 DEBUG 17828 --- [ruz housekeeper] com.zaxxer.hikari.pool.HikariPool        : ConnDb-Santa_Cruz - Before cleanup stats (total=0, active=0, idle=0, waiting=0)
2026-03-28 11:47:33.279 DEBUG 17828 --- [ruz housekeeper] com.zaxxer.hikari.pool.HikariPool        : ConnDb-Santa_Cruz - After cleanup  stats (total=0, active=0, idle=0, waiting=0)
2026-03-28 11:47:33.279 DEBUG 17828 --- [ruz housekeeper] com.zaxxer.hikari.pool.HikariPool        : ConnDb-Santa_Cruz - Fill pool skipped, pool is at sufficient level.
2026-03-28 11:47:44.530 DEBUG 17828 --- [ool housekeeper] com.zaxxer.hikari.pool.HikariPool        : CentralHikariPool - Before cleanup stats (total=2, active=0, idle=2, waiting=0)
2026-03-28 11:47:44.530 DEBUG 17828 --- [ool housekeeper] com.zaxxer.hikari.pool.HikariPool        : CentralHikariPool - After cleanup  stats (total=2, active=0, idle=2, waiting=0)
2026-03-28 11:47:44.531 DEBUG 17828 --- [ool housekeeper] com.zaxxer.hikari.pool.HikariPool        : CentralHikariPool - Fill pool skipped, pool is at sufficient level.
2026-03-28 11:47:52.034 DEBUG 17828 --- [ruz housekeeper] com.zaxxer.hikari.pool.HikariPool        : ConnDb-Santa_Cruz - Before cleanup stats (total=0, active=0, idle=0, waiting=0)
2026-03-28 11:47:52.034 DEBUG 17828 --- [ruz housekeeper] com.zaxxer.hikari.pool.HikariPool        : ConnDb-Santa_Cruz - After cleanup  stats (total=0, active=0, idle=0, waiting=0)
2026-03-28 11:47:52.035 DEBUG 17828 --- [ruz housekeeper] com.zaxxer.hikari.pool.HikariPool        : ConnDb-Santa_Cruz - Fill pool skipped, pool is at sufficient level.
2026-03-28 11:47:52.383 DEBUG 17828 --- [nnection closer] com.zaxxer.hikari.pool.PoolBase          : HikariPool-1 - Closing connection ConnectionID:13 ClientConnectionId: 78e75d44-781e-4064-b763-ee7442594107: (connection has passed maxLifetime)
2026-03-28 11:47:52.384 DEBUG 17828 --- [nnection closer] com.zaxxer.hikari.pool.HikariPool        : HikariPool-1 - Fill pool skipped, pool is at sufficient level.
2026-03-28 11:47:59.718 DEBUG 17828 --- [nnection closer] com.zaxxer.hikari.pool.PoolBase          : HikariPool-1 - Closing connection ConnectionID:12 ClientConnectionId: 8259b5bb-488e-4ef6-8536-ef87a8581928: (connection has passed maxLifetime)
2026-03-28 11:47:59.719 DEBUG 17828 --- [nnection closer] com.zaxxer.hikari.pool.HikariPool        : HikariPool-1 - Fill pool skipped, pool is at sufficient level.
2026-03-28 11:48:02.842 DEBUG 17828 --- [l-1 housekeeper] com.zaxxer.hikari.pool.HikariPool        : HikariPool-1 - Before cleanup stats (total=4, active=0, idle=4, waiting=0)
2026-03-28 11:48:02.842 DEBUG 17828 --- [l-1 housekeeper] com.zaxxer.hikari.pool.HikariPool        : HikariPool-1 - After cleanup  stats (total=4, active=0, idle=4, waiting=0)
2026-03-28 11:48:02.843 DEBUG 17828 --- [l-1 housekeeper] com.zaxxer.hikari.pool.HikariPool        : HikariPool-1 - Fill pool skipped, pool is at sufficient level.
2026-03-28 11:48:03.293 DEBUG 17828 --- [ruz housekeeper] com.zaxxer.hikari.pool.HikariPool        : ConnDb-Santa_Cruz - Before cleanup stats (total=0, active=0, idle=0, waiting=0)
2026-03-28 11:48:03.293 DEBUG 17828 --- [ruz housekeeper] com.zaxxer.hikari.pool.HikariPool        : ConnDb-Santa_Cruz - After cleanup  stats (total=0, active=0, idle=0, waiting=0)
2026-03-28 11:48:03.294 DEBUG 17828 --- [ruz housekeeper] com.zaxxer.hikari.pool.HikariPool        : ConnDb-Santa_Cruz - Fill pool skipped, pool is at sufficient level.
2026-03-28 11:48:14.532 DEBUG 17828 --- [ool housekeeper] com.zaxxer.hikari.pool.HikariPool        : CentralHikariPool - Before cleanup stats (total=2, active=0, idle=2, waiting=0)
2026-03-28 11:48:14.533 DEBUG 17828 --- [ool housekeeper] com.zaxxer.hikari.pool.HikariPool        : CentralHikariPool - After cleanup  stats (total=2, active=0, idle=2, waiting=0)
2026-03-28 11:48:14.533 DEBUG 17828 --- [ool housekeeper] com.zaxxer.hikari.pool.HikariPool        : CentralHikariPool - Fill pool skipped, pool is at sufficient level.
2026-03-28 11:48:22.044 DEBUG 17828 --- [ruz housekeeper] com.zaxxer.hikari.pool.HikariPool        : ConnDb-Santa_Cruz - Before cleanup stats (total=0, active=0, idle=0, waiting=0)
2026-03-28 11:48:22.044 DEBUG 17828 --- [ruz housekeeper] com.zaxxer.hikari.pool.HikariPool        : ConnDb-Santa_Cruz - After cleanup  stats (total=0, active=0, idle=0, waiting=0)
2026-03-28 11:48:22.045 DEBUG 17828 --- [ruz housekeeper] com.zaxxer.hikari.pool.HikariPool        : ConnDb-Santa_Cruz - Fill pool skipped, pool is at sufficient level.
2026-03-28 11:48:32.849 DEBUG 17828 --- [l-1 housekeeper] com.zaxxer.hikari.pool.HikariPool        : HikariPool-1 - Before cleanup stats (total=4, active=0, idle=4, waiting=0)
2026-03-28 11:48:32.849 DEBUG 17828 --- [l-1 housekeeper] com.zaxxer.hikari.pool.HikariPool        : HikariPool-1 - After cleanup  stats (total=4, active=0, idle=4, waiting=0)
2026-03-28 11:48:32.850 DEBUG 17828 --- [l-1 housekeeper] com.zaxxer.hikari.pool.HikariPool        : HikariPool-1 - Fill pool skipped, pool is at sufficient level.
2026-03-28 11:48:33.308 DEBUG 17828 --- [ruz housekeeper] com.zaxxer.hikari.pool.HikariPool        : ConnDb-Santa_Cruz - Before cleanup stats (total=0, active=0, idle=0, waiting=0)
2026-03-28 11:48:33.308 DEBUG 17828 --- [ruz housekeeper] com.zaxxer.hikari.pool.HikariPool        : ConnDb-Santa_Cruz - After cleanup  stats (total=0, active=0, idle=0, waiting=0)
2026-03-28 11:48:33.309 DEBUG 17828 --- [ruz housekeeper] com.zaxxer.hikari.pool.HikariPool        : ConnDb-Santa_Cruz - Fill pool skipped, pool is at sufficient level.
2026-03-28 11:48:44.537 DEBUG 17828 --- [ool housekeeper] com.zaxxer.hikari.pool.HikariPool        : CentralHikariPool - Before cleanup stats (total=2, active=0, idle=2, waiting=0)
2026-03-28 11:48:44.538 DEBUG 17828 --- [ool housekeeper] com.zaxxer.hikari.pool.HikariPool        : CentralHikariPool - After cleanup  stats (total=2, active=0, idle=2, waiting=0)
2026-03-28 11:48:44.538 DEBUG 17828 --- [ool housekeeper] com.zaxxer.hikari.pool.HikariPool        : CentralHikariPool - Fill pool skipped, pool is at sufficient level.
2026-03-28 11:48:47.705 DEBUG 17828 --- [l-1 housekeeper] com.zaxxer.hikari.pool.HikariPool        : HikariPool-1 - keepalive: connection ConnectionID:16 ClientConnectionId: eb5ce43d-9614-4155-bd77-02337e95baf0 is alive
2026-03-28 11:48:49.124 DEBUG 17828 --- [l-1 housekeeper] com.zaxxer.hikari.pool.HikariPool        : HikariPool-1 - keepalive: connection ConnectionID:17 ClientConnectionId: b3e879a7-04f8-4dca-8397-c773a4cde4c0 is alive
2026-03-28 11:48:52.058 DEBUG 17828 --- [ruz housekeeper] com.zaxxer.hikari.pool.HikariPool        : ConnDb-Santa_Cruz - Before cleanup stats (total=0, active=0, idle=0, waiting=0)
2026-03-28 11:48:52.068 DEBUG 17828 --- [ruz housekeeper] com.zaxxer.hikari.pool.HikariPool        : ConnDb-Santa_Cruz - After cleanup  stats (total=0, active=0, idle=0, waiting=0)
2026-03-28 11:48:52.099 DEBUG 17828 --- [ruz housekeeper] com.zaxxer.hikari.pool.HikariPool        : ConnDb-Santa_Cruz - Fill pool skipped, pool is at sufficient level.
2026-03-28 11:48:52.199 DEBUG 17828 --- [l-1 housekeeper] com.zaxxer.hikari.pool.HikariPool        : HikariPool-1 - keepalive: connection ConnectionID:18 ClientConnectionId: e9cbc3f1-66df-4219-9f0c-eb8f99d5945e is alive
2026-03-28 11:49:01.722 DEBUG 17828 --- [l-1 housekeeper] com.zaxxer.hikari.pool.HikariPool        : HikariPool-1 - keepalive: connection ConnectionID:15 ClientConnectionId: a1bb10d7-68dd-4770-8d4a-826e9e0e1209 is alive
2026-03-28 11:49:02.855 DEBUG 17828 --- [l-1 housekeeper] com.zaxxer.hikari.pool.HikariPool        : HikariPool-1 - Before cleanup stats (total=4, active=0, idle=4, waiting=0)
2026-03-28 11:49:02.856 DEBUG 17828 --- [l-1 housekeeper] com.zaxxer.hikari.pool.HikariPool        : HikariPool-1 - After cleanup  stats (total=1, active=0, idle=1, waiting=0)
2026-03-28 11:49:02.856 DEBUG 17828 --- [l-1 housekeeper] com.zaxxer.hikari.pool.HikariPool        : HikariPool-1 - Fill pool skipped, pool is at sufficient level.
2026-03-28 11:49:02.856 DEBUG 17828 --- [nnection closer] com.zaxxer.hikari.pool.PoolBase          : HikariPool-1 - Closing connection ConnectionID:17 ClientConnectionId: b3e879a7-04f8-4dca-8397-c773a4cde4c0: (connection has passed idleTimeout)
2026-03-28 11:49:02.858 DEBUG 17828 --- [nnection closer] com.zaxxer.hikari.pool.HikariPool        : HikariPool-1 - Fill pool skipped, pool is at sufficient level.
2026-03-28 11:49:02.858 DEBUG 17828 --- [nnection closer] com.zaxxer.hikari.pool.PoolBase          : HikariPool-1 - Closing connection ConnectionID:16 ClientConnectionId: eb5ce43d-9614-4155-bd77-02337e95baf0: (connection has passed idleTimeout)
2026-03-28 11:49:02.859 DEBUG 17828 --- [nnection closer] com.zaxxer.hikari.pool.HikariPool        : HikariPool-1 - Fill pool skipped, pool is at sufficient level.
2026-03-28 11:49:02.859 DEBUG 17828 --- [nnection closer] com.zaxxer.hikari.pool.PoolBase          : HikariPool-1 - Closing connection ConnectionID:15 ClientConnectionId: a1bb10d7-68dd-4770-8d4a-826e9e0e1209: (connection has passed idleTimeout)
2026-03-28 11:49:02.860 DEBUG 17828 --- [nnection closer] com.zaxxer.hikari.pool.HikariPool        : HikariPool-1 - Fill pool skipped, pool is at sufficient level.
2026-03-28 11:49:03.323 DEBUG 17828 --- [ruz housekeeper] com.zaxxer.hikari.pool.HikariPool        : ConnDb-Santa_Cruz - Before cleanup stats (total=0, active=0, idle=0, waiting=0)
2026-03-28 11:49:03.324 DEBUG 17828 --- [ruz housekeeper] com.zaxxer.hikari.pool.HikariPool        : ConnDb-Santa_Cruz - After cleanup  stats (total=0, active=0, idle=0, waiting=0)
2026-03-28 11:49:03.324 DEBUG 17828 --- [ruz housekeeper] com.zaxxer.hikari.pool.HikariPool        : ConnDb-Santa_Cruz - Fill pool skipped, pool is at sufficient level.
2026-03-28 11:49:14.545 DEBUG 17828 --- [ool housekeeper] com.zaxxer.hikari.pool.HikariPool        : CentralHikariPool - Before cleanup stats (total=2, active=0, idle=2, waiting=0)
2026-03-28 11:49:14.546 DEBUG 17828 --- [ool housekeeper] com.zaxxer.hikari.pool.HikariPool        : CentralHikariPool - After cleanup  stats (total=0, active=0, idle=0, waiting=0)
2026-03-28 11:49:14.546 DEBUG 17828 --- [nnection closer] com.zaxxer.hikari.pool.PoolBase          : CentralHikariPool - Closing connection ConnectionID:19 ClientConnectionId: a610e34f-6066-49ff-8fec-88db355be5a5: (connection has passed idleTimeout)
2026-03-28 11:49:14.546 DEBUG 17828 --- [ool housekeeper] com.zaxxer.hikari.pool.HikariPool        : CentralHikariPool - Fill pool skipped, pool is at sufficient level.
2026-03-28 11:49:14.547 DEBUG 17828 --- [nnection closer] com.zaxxer.hikari.pool.HikariPool        : CentralHikariPool - Fill pool skipped, pool is at sufficient level.
2026-03-28 11:49:14.548 DEBUG 17828 --- [nnection closer] com.zaxxer.hikari.pool.PoolBase          : CentralHikariPool - Closing connection ConnectionID:14 ClientConnectionId: 0e46ebe4-0ab8-4928-b3d3-6c23e14109e9: (connection has passed idleTimeout)
2026-03-28 11:49:14.548 DEBUG 17828 --- [nnection closer] com.zaxxer.hikari.pool.HikariPool        : CentralHikariPool - Fill pool skipped, pool is at sufficient level.
2026-03-28 11:49:22.130 DEBUG 17828 --- [ruz housekeeper] com.zaxxer.hikari.pool.HikariPool        : ConnDb-Santa_Cruz - Before cleanup stats (total=0, active=0, idle=0, waiting=0)
2026-03-28 11:49:22.131 DEBUG 17828 --- [ruz housekeeper] com.zaxxer.hikari.pool.HikariPool        : ConnDb-Santa_Cruz - After cleanup  stats (total=0, active=0, idle=0, waiting=0)
2026-03-28 11:49:22.135 DEBUG 17828 --- [ruz housekeeper] com.zaxxer.hikari.pool.HikariPool        : ConnDb-Santa_Cruz - Fill pool skipped, pool is at sufficient level.
2026-03-28 11:49:32.857 DEBUG 17828 --- [l-1 housekeeper] com.zaxxer.hikari.pool.HikariPool        : HikariPool-1 - Before cleanup stats (total=1, active=0, idle=1, waiting=0)
2026-03-28 11:49:32.875 DEBUG 17828 --- [l-1 housekeeper] com.zaxxer.hikari.pool.HikariPool        : HikariPool-1 - After cleanup  stats (total=0, active=0, idle=0, waiting=0)
2026-03-28 11:49:32.875 DEBUG 17828 --- [l-1 housekeeper] com.zaxxer.hikari.pool.HikariPool        : HikariPool-1 - Fill pool skipped, pool is at sufficient level.
2026-03-28 11:49:32.875 DEBUG 17828 --- [nnection closer] com.zaxxer.hikari.pool.PoolBase          : HikariPool-1 - Closing connection ConnectionID:18 ClientConnectionId: e9cbc3f1-66df-4219-9f0c-eb8f99d5945e: (connection has passed idleTimeout)
2026-03-28 11:49:32.877 DEBUG 17828 --- [nnection closer] com.zaxxer.hikari.pool.HikariPool        : HikariPool-1 - Fill pool skipped, pool is at sufficient level.
2026-03-28 11:49:33.333 DEBUG 17828 --- [ruz housekeeper] com.zaxxer.hikari.pool.HikariPool        : ConnDb-Santa_Cruz - Before cleanup stats (total=0, active=0, idle=0, waiting=0)
2026-03-28 11:49:33.334 DEBUG 17828 --- [ruz housekeeper] com.zaxxer.hikari.pool.HikariPool        : ConnDb-Santa_Cruz - After cleanup  stats (total=0, active=0, idle=0, waiting=0)
2026-03-28 11:49:33.334 DEBUG 17828 --- [ruz housekeeper] com.zaxxer.hikari.pool.HikariPool        : ConnDb-Santa_Cruz - Fill pool skipped, pool is at sufficient level.
2026-03-28 11:49:44.560 DEBUG 17828 --- [ool housekeeper] com.zaxxer.hikari.pool.HikariPool        : CentralHikariPool - Before cleanup stats (total=0, active=0, idle=0, waiting=0)
2026-03-28 11:49:44.561 DEBUG 17828 --- [ool housekeeper] com.zaxxer.hikari.pool.HikariPool        : CentralHikariPool - After cleanup  stats (total=0, active=0, idle=0, waiting=0)
2026-03-28 11:49:44.561 DEBUG 17828 --- [ool housekeeper] com.zaxxer.hikari.pool.HikariPool        : CentralHikariPool - Fill pool skipped, pool is at sufficient level.
2026-03-28 11:49:52.142 DEBUG 17828 --- [ruz housekeeper] com.zaxxer.hikari.pool.HikariPool        : ConnDb-Santa_Cruz - Before cleanup stats (total=0, active=0, idle=0, waiting=0)
2026-03-28 11:49:52.144 DEBUG 17828 --- [ruz housekeeper] com.zaxxer.hikari.pool.HikariPool        : ConnDb-Santa_Cruz - After cleanup  stats (total=0, active=0, idle=0, waiting=0)
2026-03-28 11:49:52.145 DEBUG 17828 --- [ruz housekeeper] com.zaxxer.hikari.pool.HikariPool        : ConnDb-Santa_Cruz - Fill pool skipped, pool is at sufficient level.
2026-03-28 11:50:02.883 DEBUG 17828 --- [l-1 housekeeper] com.zaxxer.hikari.pool.HikariPool        : HikariPool-1 - Before cleanup stats (total=0, active=0, idle=0, waiting=0)
2026-03-28 11:50:02.913 DEBUG 17828 --- [l-1 housekeeper] com.zaxxer.hikari.pool.HikariPool        : HikariPool-1 - After cleanup  stats (total=0, active=0, idle=0, waiting=0)
2026-03-28 11:50:02.973 DEBUG 17828 --- [l-1 housekeeper] com.zaxxer.hikari.pool.HikariPool        : HikariPool-1 - Fill pool skipped, pool is at sufficient level.
2026-03-28 11:50:03.349 DEBUG 17828 --- [ruz housekeeper] com.zaxxer.hikari.pool.HikariPool        : ConnDb-Santa_Cruz - Before cleanup stats (total=0, active=0, idle=0, waiting=0)
2026-03-28 11:50:03.409 DEBUG 17828 --- [ruz housekeeper] com.zaxxer.hikari.pool.HikariPool        : ConnDb-Santa_Cruz - After cleanup  stats (total=0, active=0, idle=0, waiting=0)
2026-03-28 11:50:03.409 DEBUG 17828 --- [ruz housekeeper] com.zaxxer.hikari.pool.HikariPool        : ConnDb-Santa_Cruz - Fill pool skipped, pool is at sufficient level.
2026-03-28 11:50:14.574 DEBUG 17828 --- [ool housekeeper] com.zaxxer.hikari.pool.HikariPool        : CentralHikariPool - Before cleanup stats (total=0, active=0, idle=0, waiting=0)
2026-03-28 11:50:14.575 DEBUG 17828 --- [ool housekeeper] com.zaxxer.hikari.pool.HikariPool        : CentralHikariPool - After cleanup  stats (total=0, active=0, idle=0, waiting=0)
2026-03-28 11:50:14.576 DEBUG 17828 --- [ool housekeeper] com.zaxxer.hikari.pool.HikariPool        : CentralHikariPool - Fill pool skipped, pool is at sufficient level.
2026-03-28 11:50:22.161 DEBUG 17828 --- [ruz housekeeper] com.zaxxer.hikari.pool.HikariPool        : ConnDb-Santa_Cruz - Before cleanup stats (total=0, active=0, idle=0, waiting=0)
2026-03-28 11:50:22.169 DEBUG 17828 --- [ruz housekeeper] com.zaxxer.hikari.pool.HikariPool        : ConnDb-Santa_Cruz - After cleanup  stats (total=0, active=0, idle=0, waiting=0)
2026-03-28 11:50:22.172 DEBUG 17828 --- [ruz housekeeper] com.zaxxer.hikari.pool.HikariPool        : ConnDb-Santa_Cruz - Fill pool skipped, pool is at sufficient level.
2026-03-28 11:50:32.989 DEBUG 17828 --- [l-1 housekeeper] com.zaxxer.hikari.pool.HikariPool        : HikariPool-1 - Before cleanup stats (total=0, active=0, idle=0, waiting=0)
2026-03-28 11:50:33.400 DEBUG 17828 --- [l-1 housekeeper] com.zaxxer.hikari.pool.HikariPool        : HikariPool-1 - After cleanup  stats (total=0, active=0, idle=0, waiting=0)
2026-03-28 11:50:33.420 DEBUG 17828 --- [ruz housekeeper] com.zaxxer.hikari.pool.HikariPool        : ConnDb-Santa_Cruz - Before cleanup stats (total=0, active=0, idle=0, waiting=0)
2026-03-28 11:50:33.501 DEBUG 17828 --- [l-1 housekeeper] com.zaxxer.hikari.pool.HikariPool        : HikariPool-1 - Fill pool skipped, pool is at sufficient level.
2026-03-28 11:50:33.553 DEBUG 17828 --- [ruz housekeeper] com.zaxxer.hikari.pool.HikariPool        : ConnDb-Santa_Cruz - After cleanup  stats (total=0, active=0, idle=0, waiting=0)
2026-03-28 11:50:33.651 DEBUG 17828 --- [ruz housekeeper] com.zaxxer.hikari.pool.HikariPool        : ConnDb-Santa_Cruz - Fill pool skipped, pool is at sufficient level.
2026-03-28 11:50:44.592 DEBUG 17828 --- [ool housekeeper] com.zaxxer.hikari.pool.HikariPool        : CentralHikariPool - Before cleanup stats (total=0, active=0, idle=0, waiting=0)
2026-03-28 11:50:44.802 DEBUG 17828 --- [ool housekeeper] com.zaxxer.hikari.pool.HikariPool        : CentralHikariPool - After cleanup  stats (total=0, active=0, idle=0, waiting=0)
2026-03-28 11:50:44.802 DEBUG 17828 --- [ool housekeeper] com.zaxxer.hikari.pool.HikariPool        : CentralHikariPool - Fill pool skipped, pool is at sufficient level.
2026-03-28 11:50:52.222 DEBUG 17828 --- [ruz housekeeper] com.zaxxer.hikari.pool.HikariPool        : ConnDb-Santa_Cruz - Before cleanup stats (total=0, active=0, idle=0, waiting=0)
2026-03-28 11:50:52.243 DEBUG 17828 --- [ruz housekeeper] com.zaxxer.hikari.pool.HikariPool        : ConnDb-Santa_Cruz - After cleanup  stats (total=0, active=0, idle=0, waiting=0)
2026-03-28 11:50:52.244 DEBUG 17828 --- [ruz housekeeper] com.zaxxer.hikari.pool.HikariPool        : ConnDb-Santa_Cruz - Fill pool skipped, pool is at sufficient level.
2026-03-28 11:51:03.663 DEBUG 17828 --- [l-1 housekeeper] com.zaxxer.hikari.pool.HikariPool        : HikariPool-1 - Before cleanup stats (total=0, active=0, idle=0, waiting=0)
2026-03-28 11:51:03.741 DEBUG 17828 --- [ruz housekeeper] com.zaxxer.hikari.pool.HikariPool        : ConnDb-Santa_Cruz - Before cleanup stats (total=0, active=0, idle=0, waiting=0)
2026-03-28 11:51:03.942 DEBUG 17828 --- [l-1 housekeeper] com.zaxxer.hikari.pool.HikariPool        : HikariPool-1 - After cleanup  stats (total=0, active=0, idle=0, waiting=0)
2026-03-28 11:51:03.943 DEBUG 17828 --- [ruz housekeeper] com.zaxxer.hikari.pool.HikariPool        : ConnDb-Santa_Cruz - After cleanup  stats (total=0, active=0, idle=0, waiting=0)
2026-03-28 11:51:04.063 DEBUG 17828 --- [l-1 housekeeper] com.zaxxer.hikari.pool.HikariPool        : HikariPool-1 - Fill pool skipped, pool is at sufficient level.
2026-03-28 11:51:04.204 DEBUG 17828 --- [ruz housekeeper] com.zaxxer.hikari.pool.HikariPool        : ConnDb-Santa_Cruz - Fill pool skipped, pool is at sufficient level.
2026-03-28 11:51:14.812 DEBUG 17828 --- [ool housekeeper] com.zaxxer.hikari.pool.HikariPool        : CentralHikariPool - Before cleanup stats (total=0, active=0, idle=0, waiting=0)
2026-03-28 11:51:14.812 DEBUG 17828 --- [ool housekeeper] com.zaxxer.hikari.pool.HikariPool        : CentralHikariPool - After cleanup  stats (total=0, active=0, idle=0, waiting=0)
2026-03-28 11:51:14.813 DEBUG 17828 --- [ool housekeeper] com.zaxxer.hikari.pool.HikariPool        : CentralHikariPool - Fill pool skipped, pool is at sufficient level.
2026-03-28 11:51:22.271 DEBUG 17828 --- [ruz housekeeper] com.zaxxer.hikari.pool.HikariPool        : ConnDb-Santa_Cruz - Before cleanup stats (total=0, active=0, idle=0, waiting=0)
2026-03-28 11:51:22.294 DEBUG 17828 --- [ruz housekeeper] com.zaxxer.hikari.pool.HikariPool        : ConnDb-Santa_Cruz - After cleanup  stats (total=0, active=0, idle=0, waiting=0)
2026-03-28 11:51:22.298 DEBUG 17828 --- [ruz housekeeper] com.zaxxer.hikari.pool.HikariPool        : ConnDb-Santa_Cruz - Fill pool skipped, pool is at sufficient level.
2026-03-28 11:51:34.214 DEBUG 17828 --- [l-1 housekeeper] com.zaxxer.hikari.pool.HikariPool        : HikariPool-1 - Before cleanup stats (total=0, active=0, idle=0, waiting=0)
2026-03-28 11:51:34.214 DEBUG 17828 --- [l-1 housekeeper] com.zaxxer.hikari.pool.HikariPool        : HikariPool-1 - After cleanup  stats (total=0, active=0, idle=0, waiting=0)
2026-03-28 11:51:34.215 DEBUG 17828 --- [l-1 housekeeper] com.zaxxer.hikari.pool.HikariPool        : HikariPool-1 - Fill pool skipped, pool is at sufficient level.
2026-03-28 11:51:34.321 DEBUG 17828 --- [ruz housekeeper] com.zaxxer.hikari.pool.HikariPool        : ConnDb-Santa_Cruz - Before cleanup stats (total=0, active=0, idle=0, waiting=0)
2026-03-28 11:51:34.321 DEBUG 17828 --- [ruz housekeeper] com.zaxxer.hikari.pool.HikariPool        : ConnDb-Santa_Cruz - After cleanup  stats (total=0, active=0, idle=0, waiting=0)
2026-03-28 11:51:34.322 DEBUG 17828 --- [ruz housekeeper] com.zaxxer.hikari.pool.HikariPool        : ConnDb-Santa_Cruz - Fill pool skipped, pool is at sufficient level.
2026-03-28 11:51:44.816 DEBUG 17828 --- [ool housekeeper] com.zaxxer.hikari.pool.HikariPool        : CentralHikariPool - Before cleanup stats (total=0, active=0, idle=0, waiting=0)
2026-03-28 11:51:44.817 DEBUG 17828 --- [ool housekeeper] com.zaxxer.hikari.pool.HikariPool        : CentralHikariPool - After cleanup  stats (total=0, active=0, idle=0, waiting=0)
2026-03-28 11:51:44.817 DEBUG 17828 --- [ool housekeeper] com.zaxxer.hikari.pool.HikariPool        : CentralHikariPool - Fill pool skipped, pool is at sufficient level.
2026-03-28 11:51:52.301 DEBUG 17828 --- [ruz housekeeper] com.zaxxer.hikari.pool.HikariPool        : ConnDb-Santa_Cruz - Before cleanup stats (total=0, active=0, idle=0, waiting=0)
2026-03-28 11:51:52.310 DEBUG 17828 --- [ruz housekeeper] com.zaxxer.hikari.pool.HikariPool        : ConnDb-Santa_Cruz - After cleanup  stats (total=0, active=0, idle=0, waiting=0)
2026-03-28 11:51:52.317 DEBUG 17828 --- [ruz housekeeper] com.zaxxer.hikari.pool.HikariPool        : ConnDb-Santa_Cruz - Fill pool skipped, pool is at sufficient level.
2026-03-28 11:52:04.220 DEBUG 17828 --- [l-1 housekeeper] com.zaxxer.hikari.pool.HikariPool        : HikariPool-1 - Before cleanup stats (total=0, active=0, idle=0, waiting=0)
2026-03-28 11:52:04.329 DEBUG 17828 --- [ruz housekeeper] com.zaxxer.hikari.pool.HikariPool        : ConnDb-Santa_Cruz - Before cleanup stats (total=0, active=0, idle=0, waiting=0)
2026-03-28 11:52:04.473 DEBUG 17828 --- [l-1 housekeeper] com.zaxxer.hikari.pool.HikariPool        : HikariPool-1 - After cleanup  stats (total=0, active=0, idle=0, waiting=0)
2026-03-28 11:52:04.608 DEBUG 17828 --- [ruz housekeeper] com.zaxxer.hikari.pool.HikariPool        : ConnDb-Santa_Cruz - After cleanup  stats (total=0, active=0, idle=0, waiting=0)
2026-03-28 11:52:04.733 DEBUG 17828 --- [l-1 housekeeper] com.zaxxer.hikari.pool.HikariPool        : HikariPool-1 - Fill pool skipped, pool is at sufficient level.
2026-03-28 11:52:04.751 DEBUG 17828 --- [ruz housekeeper] com.zaxxer.hikari.pool.HikariPool        : ConnDb-Santa_Cruz - Fill pool skipped, pool is at sufficient level.
2026-03-28 11:52:14.822 DEBUG 17828 --- [ool housekeeper] com.zaxxer.hikari.pool.HikariPool        : CentralHikariPool - Before cleanup stats (total=0, active=0, idle=0, waiting=0)
2026-03-28 11:52:14.827 DEBUG 17828 --- [ool housekeeper] com.zaxxer.hikari.pool.HikariPool        : CentralHikariPool - After cleanup  stats (total=0, active=0, idle=0, waiting=0)
2026-03-28 11:52:14.854 DEBUG 17828 --- [ool housekeeper] com.zaxxer.hikari.pool.HikariPool        : CentralHikariPool - Fill pool skipped, pool is at sufficient level.
2026-03-28 11:52:22.347 DEBUG 17828 --- [ruz housekeeper] com.zaxxer.hikari.pool.HikariPool        : ConnDb-Santa_Cruz - Before cleanup stats (total=0, active=0, idle=0, waiting=0)
2026-03-28 11:52:22.347 DEBUG 17828 --- [ruz housekeeper] com.zaxxer.hikari.pool.HikariPool        : ConnDb-Santa_Cruz - After cleanup  stats (total=0, active=0, idle=0, waiting=0)
2026-03-28 11:52:22.348 DEBUG 17828 --- [ruz housekeeper] com.zaxxer.hikari.pool.HikariPool        : ConnDb-Santa_Cruz - Fill pool skipped, pool is at sufficient level.
2026-03-28 11:52:22.436 DEBUG 17828 --- [nio-8089-exec-3] o.s.web.servlet.DispatcherServlet        : GET "/auth/permisos", parameters={}
2026-03-28 11:52:22.436 DEBUG 17828 --- [nio-8089-exec-3] s.w.s.m.m.a.RequestMappingHandlerMapping : Mapped to com.example.TigoStarSystem.auth.controller.AuthPermisosController#permisos(String)
2026-03-28 11:52:22.438 DEBUG 17828 --- [nio-8089-exec-3] o.s.jdbc.core.JdbcTemplate               : Executing SQL query [EXEC dbo.spx_ObtenerPrivilegiosRoles]
2026-03-28 11:52:22.438 DEBUG 17828 --- [nio-8089-exec-3] o.s.jdbc.datasource.DataSourceUtils      : Fetching JDBC Connection from DataSource
2026-03-28 11:52:22.473 DEBUG 17828 --- [onnection adder] com.zaxxer.hikari.pool.HikariPool        : CentralHikariPool - Added connection ConnectionID:20 ClientConnectionId: eac85b28-a7ed-4f7b-bf76-2150ad359c7d
2026-03-28 11:52:22.478 DEBUG 17828 --- [nio-8089-exec-3] o.s.jdbc.core.JdbcTemplate               : Executing prepared SQL query
2026-03-28 11:52:22.641 DEBUG 17828 --- [nio-8089-exec-3] o.s.jdbc.core.JdbcTemplate               : Executing prepared SQL statement [EXEC dbo.spx_ObtenerPrivilegiosRolDetalle ?]
2026-03-28 11:52:22.641 DEBUG 17828 --- [nio-8089-exec-3] o.s.jdbc.datasource.DataSourceUtils      : Fetching JDBC Connection from DataSource
2026-03-28 11:52:22.711 DEBUG 17828 --- [nio-8089-exec-3] o.s.w.s.m.m.a.HttpEntityMethodProcessor  : Using 'application/json', given [application/json, text/plain, */*] and supported [application/json, application/*+json, application/json, application/*+json]
2026-03-28 11:52:22.765 DEBUG 17828 --- [nio-8089-exec-3] o.s.w.s.m.m.a.HttpEntityMethodProcessor  : Writing [com.example.TigoStarSystem.common.ApiResponse@1d8840e6]
2026-03-28 11:52:22.766 DEBUG 17828 --- [nio-8089-exec-3] o.s.web.servlet.DispatcherServlet        : Completed 200 OK
2026-03-28 11:52:22.768 DEBUG 17828 --- [nio-8089-exec-7] o.s.web.servlet.DispatcherServlet        : GET "/auth/permisos", parameters={}
2026-03-28 11:52:22.769 DEBUG 17828 --- [nio-8089-exec-7] s.w.s.m.m.a.RequestMappingHandlerMapping : Mapped to com.example.TigoStarSystem.auth.controller.AuthPermisosController#permisos(String)
2026-03-28 11:52:22.770 DEBUG 17828 --- [nio-8089-exec-7] o.s.jdbc.core.JdbcTemplate               : Executing SQL query [EXEC dbo.spx_ObtenerPrivilegiosRoles]
2026-03-28 11:52:22.771 DEBUG 17828 --- [nio-8089-exec-7] o.s.jdbc.datasource.DataSourceUtils      : Fetching JDBC Connection from DataSource
2026-03-28 11:52:22.794 DEBUG 17828 --- [nio-8089-exec-1] o.s.web.servlet.DispatcherServlet        : GET "/catalogos/estados", parameters={}
2026-03-28 11:52:22.795 DEBUG 17828 --- [nio-8089-exec-1] s.w.s.m.m.a.RequestMappingHandlerMapping : Mapped to com.example.TigoStarSystem.catalogo.controller.CatalogoController#listarEstados()
2026-03-28 11:52:22.796 DEBUG 17828 --- [nio-8089-exec-8] o.s.web.servlet.DispatcherServlet        : GET "/catalogos/tipo-material?tipoServicioId=1", parameters={masked}
2026-03-28 11:52:22.797 DEBUG 17828 --- [nio-8089-exec-1] o.s.jdbc.core.JdbcTemplate               : Executing SQL query [EXEC sp_ObtenerEstado]
2026-03-28 11:52:22.801 DEBUG 17828 --- [nio-8089-exec-8] s.w.s.m.m.a.RequestMappingHandlerMapping : Mapped to com.example.TigoStarSystem.catalogo.controller.CatalogoController#listarTipoMaterial(Integer)
2026-03-28 11:52:22.801 DEBUG 17828 --- [nio-8089-exec-1] o.s.jdbc.datasource.DataSourceUtils      : Fetching JDBC Connection from DataSource
2026-03-28 11:52:22.803 DEBUG 17828 --- [nio-8089-exec-8] o.s.jdbc.core.JdbcTemplate               : Executing prepared SQL query
2026-03-28 11:52:22.805 DEBUG 17828 --- [nio-8089-exec-8] o.s.jdbc.core.JdbcTemplate               : Executing prepared SQL statement [EXEC sp_ObtenerTipoMaterial ?]
2026-03-28 11:52:22.806 DEBUG 17828 --- [nio-8089-exec-8] o.s.jdbc.datasource.DataSourceUtils      : Fetching JDBC Connection from DataSource
2026-03-28 11:52:22.811 DEBUG 17828 --- [nio-8089-exec-7] o.s.jdbc.core.JdbcTemplate               : Executing prepared SQL query
2026-03-28 11:52:22.812 DEBUG 17828 --- [nio-8089-exec-7] o.s.jdbc.core.JdbcTemplate               : Executing prepared SQL statement [EXEC dbo.spx_ObtenerPrivilegiosRolDetalle ?]
2026-03-28 11:52:22.812 DEBUG 17828 --- [nio-8089-exec-7] o.s.jdbc.datasource.DataSourceUtils      : Fetching JDBC Connection from DataSource
2026-03-28 11:52:22.826 DEBUG 17828 --- [nio-8089-exec-7] o.s.w.s.m.m.a.HttpEntityMethodProcessor  : Using 'application/json', given [application/json, text/plain, */*] and supported [application/json, application/*+json, application/json, application/*+json]
2026-03-28 11:52:22.828 DEBUG 17828 --- [nio-8089-exec-7] o.s.w.s.m.m.a.HttpEntityMethodProcessor  : Writing [com.example.TigoStarSystem.common.ApiResponse@33bfc8b9]
2026-03-28 11:52:22.829 DEBUG 17828 --- [nio-8089-exec-7] o.s.web.servlet.DispatcherServlet        : Completed 200 OK
2026-03-28 11:52:22.862 DEBUG 17828 --- [onnection adder] com.zaxxer.hikari.pool.HikariPool        : HikariPool-1 - Added connection ConnectionID:21 ClientConnectionId: 40cde6ac-615a-4768-bd5e-b9a7760946ae
2026-03-28 11:52:22.877 DEBUG 17828 --- [nio-8089-exec-1] o.s.w.s.m.m.a.HttpEntityMethodProcessor  : Using 'application/json', given [application/json, text/plain, */*] and supported [application/json, application/*+json, application/json, application/*+json]
2026-03-28 11:52:22.900 DEBUG 17828 --- [nio-8089-exec-1] o.s.w.s.m.m.a.HttpEntityMethodProcessor  : Writing [com.example.TigoStarSystem.common.ApiResponse@1b14e88]
2026-03-28 11:52:22.902 DEBUG 17828 --- [nio-8089-exec-1] o.s.web.servlet.DispatcherServlet        : Completed 200 OK
2026-03-28 11:52:23.001 DEBUG 17828 --- [nio-8089-exec-8] o.s.w.s.m.m.a.HttpEntityMethodProcessor  : Using 'application/json', given [application/json, text/plain, */*] and supported [application/json, application/*+json, application/json, application/*+json]
2026-03-28 11:52:23.002 DEBUG 17828 --- [nio-8089-exec-8] o.s.w.s.m.m.a.HttpEntityMethodProcessor  : Writing [com.example.TigoStarSystem.common.ApiResponse@2e729dd3]
2026-03-28 11:52:23.003 DEBUG 17828 --- [nio-8089-exec-8] o.s.web.servlet.DispatcherServlet        : Completed 200 OK
2026-03-28 11:52:34.763 DEBUG 17828 --- [ruz housekeeper] com.zaxxer.hikari.pool.HikariPool        : ConnDb-Santa_Cruz - Before cleanup stats (total=0, active=0, idle=0, waiting=0)
2026-03-28 11:52:34.763 DEBUG 17828 --- [l-1 housekeeper] com.zaxxer.hikari.pool.HikariPool        : HikariPool-1 - Before cleanup stats (total=1, active=0, idle=1, waiting=0)
2026-03-28 11:52:34.768 DEBUG 17828 --- [ruz housekeeper] com.zaxxer.hikari.pool.HikariPool        : ConnDb-Santa_Cruz - After cleanup  stats (total=0, active=0, idle=0, waiting=0)
2026-03-28 11:52:34.768 DEBUG 17828 --- [l-1 housekeeper] com.zaxxer.hikari.pool.HikariPool        : HikariPool-1 - After cleanup  stats (total=1, active=0, idle=1, waiting=0)
2026-03-28 11:52:34.827 DEBUG 17828 --- [ruz housekeeper] com.zaxxer.hikari.pool.HikariPool        : ConnDb-Santa_Cruz - Fill pool skipped, pool is at sufficient level.
2026-03-28 11:52:34.893 DEBUG 17828 --- [l-1 housekeeper] com.zaxxer.hikari.pool.HikariPool        : HikariPool-1 - Fill pool skipped, pool is at sufficient level.
2026-03-28 11:52:44.866 DEBUG 17828 --- [ool housekeeper] com.zaxxer.hikari.pool.HikariPool        : CentralHikariPool - Before cleanup stats (total=1, active=0, idle=1, waiting=0)
2026-03-28 11:52:44.867 DEBUG 17828 --- [ool housekeeper] com.zaxxer.hikari.pool.HikariPool        : CentralHikariPool - After cleanup  stats (total=1, active=0, idle=1, waiting=0)
2026-03-28 11:52:44.868 DEBUG 17828 --- [ool housekeeper] com.zaxxer.hikari.pool.HikariPool        : CentralHikariPool - Fill pool skipped, pool is at sufficient level.
2026-03-28 11:52:52.361 DEBUG 17828 --- [ruz housekeeper] com.zaxxer.hikari.pool.HikariPool        : ConnDb-Santa_Cruz - Before cleanup stats (total=0, active=0, idle=0, waiting=0)
2026-03-28 11:52:52.362 DEBUG 17828 --- [ruz housekeeper] com.zaxxer.hikari.pool.HikariPool        : ConnDb-Santa_Cruz - After cleanup  stats (total=0, active=0, idle=0, waiting=0)
2026-03-28 11:52:52.362 DEBUG 17828 --- [ruz housekeeper] com.zaxxer.hikari.pool.HikariPool        : ConnDb-Santa_Cruz - Fill pool skipped, pool is at sufficient level.
2026-03-28 11:53:04.898 DEBUG 17828 --- [l-1 housekeeper] com.zaxxer.hikari.pool.HikariPool        : HikariPool-1 - Before cleanup stats (total=1, active=0, idle=1, waiting=0)
2026-03-28 11:53:04.898 DEBUG 17828 --- [l-1 housekeeper] com.zaxxer.hikari.pool.HikariPool        : HikariPool-1 - After cleanup  stats (total=1, active=0, idle=1, waiting=0)
2026-03-28 11:53:04.900 DEBUG 17828 --- [l-1 housekeeper] com.zaxxer.hikari.pool.HikariPool        : HikariPool-1 - Fill pool skipped, pool is at sufficient level.
2026-03-28 11:53:04.898 DEBUG 17828 --- [ruz housekeeper] com.zaxxer.hikari.pool.HikariPool        : ConnDb-Santa_Cruz - Before cleanup stats (total=0, active=0, idle=0, waiting=0)
2026-03-28 11:53:04.902 DEBUG 17828 --- [ruz housekeeper] com.zaxxer.hikari.pool.HikariPool        : ConnDb-Santa_Cruz - After cleanup  stats (total=0, active=0, idle=0, waiting=0)
2026-03-28 11:53:04.903 DEBUG 17828 --- [ruz housekeeper] com.zaxxer.hikari.pool.HikariPool        : ConnDb-Santa_Cruz - Fill pool skipped, pool is at sufficient level.
2026-03-28 11:53:14.873 DEBUG 17828 --- [ool housekeeper] com.zaxxer.hikari.pool.HikariPool        : CentralHikariPool - Before cleanup stats (total=1, active=0, idle=1, waiting=0)
2026-03-28 11:53:14.874 DEBUG 17828 --- [ool housekeeper] com.zaxxer.hikari.pool.HikariPool        : CentralHikariPool - After cleanup  stats (total=1, active=0, idle=1, waiting=0)
2026-03-28 11:53:14.875 DEBUG 17828 --- [ool housekeeper] com.zaxxer.hikari.pool.HikariPool        : CentralHikariPool - Fill pool skipped, pool is at sufficient level.
2026-03-28 11:53:22.375 DEBUG 17828 --- [ruz housekeeper] com.zaxxer.hikari.pool.HikariPool        : ConnDb-Santa_Cruz - Before cleanup stats (total=0, active=0, idle=0, waiting=0)
2026-03-28 11:53:22.375 DEBUG 17828 --- [ruz housekeeper] com.zaxxer.hikari.pool.HikariPool        : ConnDb-Santa_Cruz - After cleanup  stats (total=0, active=0, idle=0, waiting=0)
2026-03-28 11:53:22.376 DEBUG 17828 --- [ruz housekeeper] com.zaxxer.hikari.pool.HikariPool        : ConnDb-Santa_Cruz - Fill pool skipped, pool is at sufficient level.
2026-03-28 11:53:34.915 DEBUG 17828 --- [l-1 housekeeper] com.zaxxer.hikari.pool.HikariPool        : HikariPool-1 - Before cleanup stats (total=1, active=0, idle=1, waiting=0)
2026-03-28 11:53:34.915 DEBUG 17828 --- [ruz housekeeper] com.zaxxer.hikari.pool.HikariPool        : ConnDb-Santa_Cruz - Before cleanup stats (total=0, active=0, idle=0, waiting=0)
2026-03-28 11:53:34.917 DEBUG 17828 --- [l-1 housekeeper] com.zaxxer.hikari.pool.HikariPool        : HikariPool-1 - After cleanup  stats (total=1, active=0, idle=1, waiting=0)
2026-03-28 11:53:34.917 DEBUG 17828 --- [ruz housekeeper] com.zaxxer.hikari.pool.HikariPool        : ConnDb-Santa_Cruz - After cleanup  stats (total=0, active=0, idle=0, waiting=0)
2026-03-28 11:53:34.922 DEBUG 17828 --- [ruz housekeeper] com.zaxxer.hikari.pool.HikariPool        : ConnDb-Santa_Cruz - Fill pool skipped, pool is at sufficient level.
2026-03-28 11:53:34.920 DEBUG 17828 --- [l-1 housekeeper] com.zaxxer.hikari.pool.HikariPool        : HikariPool-1 - Fill pool skipped, pool is at sufficient level.
2026-03-28 11:53:44.877 DEBUG 17828 --- [ool housekeeper] com.zaxxer.hikari.pool.HikariPool        : CentralHikariPool - Before cleanup stats (total=1, active=0, idle=1, waiting=0)
2026-03-28 11:53:44.879 DEBUG 17828 --- [ool housekeeper] com.zaxxer.hikari.pool.HikariPool        : CentralHikariPool - After cleanup  stats (total=1, active=0, idle=1, waiting=0)
2026-03-28 11:53:44.879 DEBUG 17828 --- [ool housekeeper] com.zaxxer.hikari.pool.HikariPool        : CentralHikariPool - Fill pool skipped, pool is at sufficient level.
2026-03-28 11:53:52.381 DEBUG 17828 --- [ruz housekeeper] com.zaxxer.hikari.pool.HikariPool        : ConnDb-Santa_Cruz - Before cleanup stats (total=0, active=0, idle=0, waiting=0)
2026-03-28 11:53:52.382 DEBUG 17828 --- [ruz housekeeper] com.zaxxer.hikari.pool.HikariPool        : ConnDb-Santa_Cruz - After cleanup  stats (total=0, active=0, idle=0, waiting=0)
2026-03-28 11:53:52.382 DEBUG 17828 --- [ruz housekeeper] com.zaxxer.hikari.pool.HikariPool        : ConnDb-Santa_Cruz - Fill pool skipped, pool is at sufficient level.
2026-03-28 11:54:04.923 DEBUG 17828 --- [l-1 housekeeper] com.zaxxer.hikari.pool.HikariPool        : HikariPool-1 - Before cleanup stats (total=1, active=0, idle=1, waiting=0)
2026-03-28 11:54:04.923 DEBUG 17828 --- [ruz housekeeper] com.zaxxer.hikari.pool.HikariPool        : ConnDb-Santa_Cruz - Before cleanup stats (total=0, active=0, idle=0, waiting=0)
2026-03-28 11:54:04.923 DEBUG 17828 --- [l-1 housekeeper] com.zaxxer.hikari.pool.HikariPool        : HikariPool-1 - After cleanup  stats (total=1, active=0, idle=1, waiting=0)
2026-03-28 11:54:04.925 DEBUG 17828 --- [ruz housekeeper] com.zaxxer.hikari.pool.HikariPool        : ConnDb-Santa_Cruz - After cleanup  stats (total=0, active=0, idle=0, waiting=0)
2026-03-28 11:54:04.926 DEBUG 17828 --- [ruz housekeeper] com.zaxxer.hikari.pool.HikariPool        : ConnDb-Santa_Cruz - Fill pool skipped, pool is at sufficient level.
2026-03-28 11:54:04.926 DEBUG 17828 --- [l-1 housekeeper] com.zaxxer.hikari.pool.HikariPool        : HikariPool-1 - Fill pool skipped, pool is at sufficient level.
2026-03-28 11:54:12.195 DEBUG 17828 --- [ool housekeeper] com.zaxxer.hikari.pool.HikariPool        : CentralHikariPool - keepalive: connection ConnectionID:20 ClientConnectionId: eac85b28-a7ed-4f7b-bf76-2150ad359c7d is alive
2026-03-28 11:54:14.888 DEBUG 17828 --- [ool housekeeper] com.zaxxer.hikari.pool.HikariPool        : CentralHikariPool - Before cleanup stats (total=1, active=0, idle=1, waiting=0)
2026-03-28 11:54:14.889 DEBUG 17828 --- [ool housekeeper] com.zaxxer.hikari.pool.HikariPool        : CentralHikariPool - After cleanup  stats (total=1, active=0, idle=1, waiting=0)
2026-03-28 11:54:14.889 DEBUG 17828 --- [ool housekeeper] com.zaxxer.hikari.pool.HikariPool        : CentralHikariPool - Fill pool skipped, pool is at sufficient level.
2026-03-28 11:54:20.257 DEBUG 17828 --- [l-1 housekeeper] com.zaxxer.hikari.pool.HikariPool        : HikariPool-1 - keepalive: connection ConnectionID:21 ClientConnectionId: 40cde6ac-615a-4768-bd5e-b9a7760946ae is alive
2026-03-28 11:54:22.391 DEBUG 17828 --- [ruz housekeeper] com.zaxxer.hikari.pool.HikariPool        : ConnDb-Santa_Cruz - Before cleanup stats (total=0, active=0, idle=0, waiting=0)
2026-03-28 11:54:22.391 DEBUG 17828 --- [ruz housekeeper] com.zaxxer.hikari.pool.HikariPool        : ConnDb-Santa_Cruz - After cleanup  stats (total=0, active=0, idle=0, waiting=0)
2026-03-28 11:54:22.392 DEBUG 17828 --- [ruz housekeeper] com.zaxxer.hikari.pool.HikariPool        : ConnDb-Santa_Cruz - Fill pool skipped, pool is at sufficient level.
2026-03-28 11:54:34.928 DEBUG 17828 --- [l-1 housekeeper] com.zaxxer.hikari.pool.HikariPool        : HikariPool-1 - Before cleanup stats (total=1, active=0, idle=1, waiting=0)
2026-03-28 11:54:34.928 DEBUG 17828 --- [l-1 housekeeper] com.zaxxer.hikari.pool.HikariPool        : HikariPool-1 - After cleanup  stats (total=1, active=0, idle=1, waiting=0)
2026-03-28 11:54:34.929 DEBUG 17828 --- [l-1 housekeeper] com.zaxxer.hikari.pool.HikariPool        : HikariPool-1 - Fill pool skipped, pool is at sufficient level.
2026-03-28 11:54:34.928 DEBUG 17828 --- [ruz housekeeper] com.zaxxer.hikari.pool.HikariPool        : ConnDb-Santa_Cruz - Before cleanup stats (total=0, active=0, idle=0, waiting=0)
2026-03-28 11:54:34.930 DEBUG 17828 --- [ruz housekeeper] com.zaxxer.hikari.pool.HikariPool        : ConnDb-Santa_Cruz - After cleanup  stats (total=0, active=0, idle=0, waiting=0)
2026-03-28 11:54:34.931 DEBUG 17828 --- [ruz housekeeper] com.zaxxer.hikari.pool.HikariPool        : ConnDb-Santa_Cruz - Fill pool skipped, pool is at sufficient level.
2026-03-28 11:54:44.903 DEBUG 17828 --- [ool housekeeper] com.zaxxer.hikari.pool.HikariPool        : CentralHikariPool - Before cleanup stats (total=1, active=0, idle=1, waiting=0)
2026-03-28 11:54:44.904 DEBUG 17828 --- [ool housekeeper] com.zaxxer.hikari.pool.HikariPool        : CentralHikariPool - After cleanup  stats (total=1, active=0, idle=1, waiting=0)
2026-03-28 11:54:44.905 DEBUG 17828 --- [ool housekeeper] com.zaxxer.hikari.pool.HikariPool        : CentralHikariPool - Fill pool skipped, pool is at sufficient level.
2026-03-28 11:54:52.406 DEBUG 17828 --- [ruz housekeeper] com.zaxxer.hikari.pool.HikariPool        : ConnDb-Santa_Cruz - Before cleanup stats (total=0, active=0, idle=0, waiting=0)
2026-03-28 11:54:52.407 DEBUG 17828 --- [ruz housekeeper] com.zaxxer.hikari.pool.HikariPool        : ConnDb-Santa_Cruz - After cleanup  stats (total=0, active=0, idle=0, waiting=0)
2026-03-28 11:54:52.407 DEBUG 17828 --- [ruz housekeeper] com.zaxxer.hikari.pool.HikariPool        : ConnDb-Santa_Cruz - Fill pool skipped, pool is at sufficient level.
2026-03-28 11:55:04.942 DEBUG 17828 --- [l-1 housekeeper] com.zaxxer.hikari.pool.HikariPool        : HikariPool-1 - Before cleanup stats (total=1, active=0, idle=1, waiting=0)
2026-03-28 11:55:04.942 DEBUG 17828 --- [l-1 housekeeper] com.zaxxer.hikari.pool.HikariPool        : HikariPool-1 - After cleanup  stats (total=1, active=0, idle=1, waiting=0)
2026-03-28 11:55:04.943 DEBUG 17828 --- [l-1 housekeeper] com.zaxxer.hikari.pool.HikariPool        : HikariPool-1 - Fill pool skipped, pool is at sufficient level.
2026-03-28 11:55:04.942 DEBUG 17828 --- [ruz housekeeper] com.zaxxer.hikari.pool.HikariPool        : ConnDb-Santa_Cruz - Before cleanup stats (total=0, active=0, idle=0, waiting=0)
2026-03-28 11:55:04.944 DEBUG 17828 --- [ruz housekeeper] com.zaxxer.hikari.pool.HikariPool        : ConnDb-Santa_Cruz - After cleanup  stats (total=0, active=0, idle=0, waiting=0)
2026-03-28 11:55:04.945 DEBUG 17828 --- [ruz housekeeper] com.zaxxer.hikari.pool.HikariPool        : ConnDb-Santa_Cruz - Fill pool skipped, pool is at sufficient level.
2026-03-28 11:55:14.915 DEBUG 17828 --- [ool housekeeper] com.zaxxer.hikari.pool.HikariPool        : CentralHikariPool - Before cleanup stats (total=1, active=0, idle=1, waiting=0)
2026-03-28 11:55:14.915 DEBUG 17828 --- [ool housekeeper] com.zaxxer.hikari.pool.HikariPool        : CentralHikariPool - After cleanup  stats (total=1, active=0, idle=1, waiting=0)
2026-03-28 11:55:14.916 DEBUG 17828 --- [ool housekeeper] com.zaxxer.hikari.pool.HikariPool        : CentralHikariPool - Fill pool skipped, pool is at sufficient level.
2026-03-28 11:55:22.414 DEBUG 17828 --- [ruz housekeeper] com.zaxxer.hikari.pool.HikariPool        : ConnDb-Santa_Cruz - Before cleanup stats (total=0, active=0, idle=0, waiting=0)
2026-03-28 11:55:22.415 DEBUG 17828 --- [ruz housekeeper] com.zaxxer.hikari.pool.HikariPool        : ConnDb-Santa_Cruz - After cleanup  stats (total=0, active=0, idle=0, waiting=0)
2026-03-28 11:55:22.415 DEBUG 17828 --- [ruz housekeeper] com.zaxxer.hikari.pool.HikariPool        : ConnDb-Santa_Cruz - Fill pool skipped, pool is at sufficient level.
2026-03-28 11:55:34.948 DEBUG 17828 --- [ruz housekeeper] com.zaxxer.hikari.pool.HikariPool        : ConnDb-Santa_Cruz - Before cleanup stats (total=0, active=0, idle=0, waiting=0)
2026-03-28 11:55:34.948 DEBUG 17828 --- [l-1 housekeeper] com.zaxxer.hikari.pool.HikariPool        : HikariPool-1 - Before cleanup stats (total=1, active=0, idle=1, waiting=0)
2026-03-28 11:55:34.948 DEBUG 17828 --- [ruz housekeeper] com.zaxxer.hikari.pool.HikariPool        : ConnDb-Santa_Cruz - After cleanup  stats (total=0, active=0, idle=0, waiting=0)
2026-03-28 11:55:34.950 DEBUG 17828 --- [ruz housekeeper] com.zaxxer.hikari.pool.HikariPool        : ConnDb-Santa_Cruz - Fill pool skipped, pool is at sufficient level.
2026-03-28 11:55:34.949 DEBUG 17828 --- [l-1 housekeeper] com.zaxxer.hikari.pool.HikariPool        : HikariPool-1 - After cleanup  stats (total=1, active=0, idle=1, waiting=0)
2026-03-28 11:55:34.952 DEBUG 17828 --- [l-1 housekeeper] com.zaxxer.hikari.pool.HikariPool        : HikariPool-1 - Fill pool skipped, pool is at sufficient level.
2026-03-28 11:55:44.926 DEBUG 17828 --- [ool housekeeper] com.zaxxer.hikari.pool.HikariPool        : CentralHikariPool - Before cleanup stats (total=1, active=0, idle=1, waiting=0)
2026-03-28 11:55:44.927 DEBUG 17828 --- [ool housekeeper] com.zaxxer.hikari.pool.HikariPool        : CentralHikariPool - After cleanup  stats (total=1, active=0, idle=1, waiting=0)
2026-03-28 11:55:44.927 DEBUG 17828 --- [ool housekeeper] com.zaxxer.hikari.pool.HikariPool        : CentralHikariPool - Fill pool skipped, pool is at sufficient level.
2026-03-28 11:55:52.417 DEBUG 17828 --- [ruz housekeeper] com.zaxxer.hikari.pool.HikariPool        : ConnDb-Santa_Cruz - Before cleanup stats (total=0, active=0, idle=0, waiting=0)
2026-03-28 11:55:52.469 DEBUG 17828 --- [ruz housekeeper] com.zaxxer.hikari.pool.HikariPool        : ConnDb-Santa_Cruz - After cleanup  stats (total=0, active=0, idle=0, waiting=0)
2026-03-28 11:55:52.491 DEBUG 17828 --- [ruz housekeeper] com.zaxxer.hikari.pool.HikariPool        : ConnDb-Santa_Cruz - Fill pool skipped, pool is at sufficient level.
2026-03-28 11:56:01.913 DEBUG 17828 --- [ool housekeeper] com.zaxxer.hikari.pool.HikariPool        : CentralHikariPool - keepalive: connection ConnectionID:20 ClientConnectionId: eac85b28-a7ed-4f7b-bf76-2150ad359c7d is alive
2026-03-28 11:56:04.959 DEBUG 17828 --- [ruz housekeeper] com.zaxxer.hikari.pool.HikariPool        : ConnDb-Santa_Cruz - Before cleanup stats (total=0, active=0, idle=0, waiting=0)
2026-03-28 11:56:04.959 DEBUG 17828 --- [ruz housekeeper] com.zaxxer.hikari.pool.HikariPool        : ConnDb-Santa_Cruz - After cleanup  stats (total=0, active=0, idle=0, waiting=0)
2026-03-28 11:56:04.961 DEBUG 17828 --- [ruz housekeeper] com.zaxxer.hikari.pool.HikariPool        : ConnDb-Santa_Cruz - Fill pool skipped, pool is at sufficient level.
2026-03-28 11:56:04.959 DEBUG 17828 --- [l-1 housekeeper] com.zaxxer.hikari.pool.HikariPool        : HikariPool-1 - Before cleanup stats (total=1, active=0, idle=1, waiting=0)
2026-03-28 11:56:04.962 DEBUG 17828 --- [l-1 housekeeper] com.zaxxer.hikari.pool.HikariPool        : HikariPool-1 - After cleanup  stats (total=1, active=0, idle=1, waiting=0)
2026-03-28 11:56:04.962 DEBUG 17828 --- [l-1 housekeeper] com.zaxxer.hikari.pool.HikariPool        : HikariPool-1 - Fill pool skipped, pool is at sufficient level.
2026-03-28 11:56:14.936 DEBUG 17828 --- [ool housekeeper] com.zaxxer.hikari.pool.HikariPool        : CentralHikariPool - Before cleanup stats (total=1, active=0, idle=1, waiting=0)
2026-03-28 11:56:14.937 DEBUG 17828 --- [ool housekeeper] com.zaxxer.hikari.pool.HikariPool        : CentralHikariPool - After cleanup  stats (total=1, active=0, idle=1, waiting=0)
2026-03-28 11:56:14.938 DEBUG 17828 --- [ool housekeeper] com.zaxxer.hikari.pool.HikariPool        : CentralHikariPool - Fill pool skipped, pool is at sufficient level.
2026-03-28 11:56:17.662 DEBUG 17828 --- [l-1 housekeeper] com.zaxxer.hikari.pool.HikariPool        : HikariPool-1 - keepalive: connection ConnectionID:21 ClientConnectionId: 40cde6ac-615a-4768-bd5e-b9a7760946ae is alive
2026-03-28 11:56:22.507 DEBUG 17828 --- [ruz housekeeper] com.zaxxer.hikari.pool.HikariPool        : ConnDb-Santa_Cruz - Before cleanup stats (total=0, active=0, idle=0, waiting=0)
2026-03-28 11:56:22.511 DEBUG 17828 --- [ruz housekeeper] com.zaxxer.hikari.pool.HikariPool        : ConnDb-Santa_Cruz - After cleanup  stats (total=0, active=0, idle=0, waiting=0)
2026-03-28 11:56:22.511 DEBUG 17828 --- [ruz housekeeper] com.zaxxer.hikari.pool.HikariPool        : ConnDb-Santa_Cruz - Fill pool skipped, pool is at sufficient level.
2026-03-28 11:56:34.964 DEBUG 17828 --- [l-1 housekeeper] com.zaxxer.hikari.pool.HikariPool        : HikariPool-1 - Before cleanup stats (total=1, active=0, idle=1, waiting=0)
2026-03-28 11:56:34.964 DEBUG 17828 --- [l-1 housekeeper] com.zaxxer.hikari.pool.HikariPool        : HikariPool-1 - After cleanup  stats (total=1, active=0, idle=1, waiting=0)
2026-03-28 11:56:34.965 DEBUG 17828 --- [l-1 housekeeper] com.zaxxer.hikari.pool.HikariPool        : HikariPool-1 - Fill pool skipped, pool is at sufficient level.
2026-03-28 11:56:34.964 DEBUG 17828 --- [ruz housekeeper] com.zaxxer.hikari.pool.HikariPool        : ConnDb-Santa_Cruz - Before cleanup stats (total=0, active=0, idle=0, waiting=0)
2026-03-28 11:56:34.966 DEBUG 17828 --- [ruz housekeeper] com.zaxxer.hikari.pool.HikariPool        : ConnDb-Santa_Cruz - After cleanup  stats (total=0, active=0, idle=0, waiting=0)
2026-03-28 11:56:34.967 DEBUG 17828 --- [ruz housekeeper] com.zaxxer.hikari.pool.HikariPool        : ConnDb-Santa_Cruz - Fill pool skipped, pool is at sufficient level.
2026-03-28 11:56:44.944 DEBUG 17828 --- [ool housekeeper] com.zaxxer.hikari.pool.HikariPool        : CentralHikariPool - Before cleanup stats (total=1, active=0, idle=1, waiting=0)
2026-03-28 11:56:44.945 DEBUG 17828 --- [ool housekeeper] com.zaxxer.hikari.pool.HikariPool        : CentralHikariPool - After cleanup  stats (total=1, active=0, idle=1, waiting=0)
2026-03-28 11:56:44.945 DEBUG 17828 --- [ool housekeeper] com.zaxxer.hikari.pool.HikariPool        : CentralHikariPool - Fill pool skipped, pool is at sufficient level.
2026-03-28 11:56:52.514 DEBUG 17828 --- [ruz housekeeper] com.zaxxer.hikari.pool.HikariPool        : ConnDb-Santa_Cruz - Before cleanup stats (total=0, active=0, idle=0, waiting=0)
2026-03-28 11:56:52.515 DEBUG 17828 --- [ruz housekeeper] com.zaxxer.hikari.pool.HikariPool        : ConnDb-Santa_Cruz - After cleanup  stats (total=0, active=0, idle=0, waiting=0)
2026-03-28 11:56:52.516 DEBUG 17828 --- [ruz housekeeper] com.zaxxer.hikari.pool.HikariPool        : ConnDb-Santa_Cruz - Fill pool skipped, pool is at sufficient level.
2026-03-28 11:57:04.980 DEBUG 17828 --- [ruz housekeeper] com.zaxxer.hikari.pool.HikariPool        : ConnDb-Santa_Cruz - Before cleanup stats (total=0, active=0, idle=0, waiting=0)
2026-03-28 11:57:04.980 DEBUG 17828 --- [ruz housekeeper] com.zaxxer.hikari.pool.HikariPool        : ConnDb-Santa_Cruz - After cleanup  stats (total=0, active=0, idle=0, waiting=0)
2026-03-28 11:57:04.981 DEBUG 17828 --- [ruz housekeeper] com.zaxxer.hikari.pool.HikariPool        : ConnDb-Santa_Cruz - Fill pool skipped, pool is at sufficient level.
2026-03-28 11:57:04.980 DEBUG 17828 --- [l-1 housekeeper] com.zaxxer.hikari.pool.HikariPool        : HikariPool-1 - Before cleanup stats (total=1, active=0, idle=1, waiting=0)
2026-03-28 11:57:04.982 DEBUG 17828 --- [l-1 housekeeper] com.zaxxer.hikari.pool.HikariPool        : HikariPool-1 - After cleanup  stats (total=1, active=0, idle=1, waiting=0)
2026-03-28 11:57:04.983 DEBUG 17828 --- [l-1 housekeeper] com.zaxxer.hikari.pool.HikariPool        : HikariPool-1 - Fill pool skipped, pool is at sufficient level.
2026-03-28 11:57:14.952 DEBUG 17828 --- [ool housekeeper] com.zaxxer.hikari.pool.HikariPool        : CentralHikariPool - Before cleanup stats (total=1, active=0, idle=1, waiting=0)
2026-03-28 11:57:14.952 DEBUG 17828 --- [ool housekeeper] com.zaxxer.hikari.pool.HikariPool        : CentralHikariPool - After cleanup  stats (total=1, active=0, idle=1, waiting=0)
2026-03-28 11:57:14.953 DEBUG 17828 --- [ool housekeeper] com.zaxxer.hikari.pool.HikariPool        : CentralHikariPool - Fill pool skipped, pool is at sufficient level.
2026-03-28 11:57:22.529 DEBUG 17828 --- [ruz housekeeper] com.zaxxer.hikari.pool.HikariPool        : ConnDb-Santa_Cruz - Before cleanup stats (total=0, active=0, idle=0, waiting=0)
2026-03-28 11:57:22.529 DEBUG 17828 --- [ruz housekeeper] com.zaxxer.hikari.pool.HikariPool        : ConnDb-Santa_Cruz - After cleanup  stats (total=0, active=0, idle=0, waiting=0)
2026-03-28 11:57:22.530 DEBUG 17828 --- [ruz housekeeper] com.zaxxer.hikari.pool.HikariPool        : ConnDb-Santa_Cruz - Fill pool skipped, pool is at sufficient level.
2026-03-28 11:57:34.985 DEBUG 17828 --- [l-1 housekeeper] com.zaxxer.hikari.pool.HikariPool        : HikariPool-1 - Before cleanup stats (total=1, active=0, idle=1, waiting=0)
2026-03-28 11:57:34.985 DEBUG 17828 --- [ruz housekeeper] com.zaxxer.hikari.pool.HikariPool        : ConnDb-Santa_Cruz - Before cleanup stats (total=0, active=0, idle=0, waiting=0)
2026-03-28 11:57:34.986 DEBUG 17828 --- [l-1 housekeeper] com.zaxxer.hikari.pool.HikariPool        : HikariPool-1 - After cleanup  stats (total=0, active=0, idle=0, waiting=0)
2026-03-28 11:57:34.986 DEBUG 17828 --- [nnection closer] com.zaxxer.hikari.pool.PoolBase          : HikariPool-1 - Closing connection ConnectionID:21 ClientConnectionId: 40cde6ac-615a-4768-bd5e-b9a7760946ae: (connection has passed idleTimeout)
2026-03-28 11:57:34.986 DEBUG 17828 --- [ruz housekeeper] com.zaxxer.hikari.pool.HikariPool        : ConnDb-Santa_Cruz - After cleanup  stats (total=0, active=0, idle=0, waiting=0)
2026-03-28 11:57:34.987 DEBUG 17828 --- [l-1 housekeeper] com.zaxxer.hikari.pool.HikariPool        : HikariPool-1 - Fill pool skipped, pool is at sufficient level.
2026-03-28 11:57:34.988 DEBUG 17828 --- [ruz housekeeper] com.zaxxer.hikari.pool.HikariPool        : ConnDb-Santa_Cruz - Fill pool skipped, pool is at sufficient level.
2026-03-28 11:57:34.988 DEBUG 17828 --- [nnection closer] com.zaxxer.hikari.pool.HikariPool        : HikariPool-1 - Fill pool skipped, pool is at sufficient level.
2026-03-28 11:57:44.958 DEBUG 17828 --- [ool housekeeper] com.zaxxer.hikari.pool.HikariPool        : CentralHikariPool - Before cleanup stats (total=1, active=0, idle=1, waiting=0)
2026-03-28 11:57:44.959 DEBUG 17828 --- [ool housekeeper] com.zaxxer.hikari.pool.HikariPool        : CentralHikariPool - After cleanup  stats (total=0, active=0, idle=0, waiting=0)
2026-03-28 11:57:44.959 DEBUG 17828 --- [ool housekeeper] com.zaxxer.hikari.pool.HikariPool        : CentralHikariPool - Fill pool skipped, pool is at sufficient level.
2026-03-28 11:57:44.959 DEBUG 17828 --- [nnection closer] com.zaxxer.hikari.pool.PoolBase          : CentralHikariPool - Closing connection ConnectionID:20 ClientConnectionId: eac85b28-a7ed-4f7b-bf76-2150ad359c7d: (connection has passed idleTimeout)
2026-03-28 11:57:44.961 DEBUG 17828 --- [nnection closer] com.zaxxer.hikari.pool.HikariPool        : CentralHikariPool - Fill pool skipped, pool is at sufficient level.
2026-03-28 11:57:52.539 DEBUG 17828 --- [ruz housekeeper] com.zaxxer.hikari.pool.HikariPool        : ConnDb-Santa_Cruz - Before cleanup stats (total=0, active=0, idle=0, waiting=0)
2026-03-28 11:57:52.540 DEBUG 17828 --- [ruz housekeeper] com.zaxxer.hikari.pool.HikariPool        : ConnDb-Santa_Cruz - After cleanup  stats (total=0, active=0, idle=0, waiting=0)
2026-03-28 11:57:52.541 DEBUG 17828 --- [ruz housekeeper] com.zaxxer.hikari.pool.HikariPool        : ConnDb-Santa_Cruz - Fill pool skipped, pool is at sufficient level.
2026-03-28 11:58:04.989 DEBUG 17828 --- [l-1 housekeeper] com.zaxxer.hikari.pool.HikariPool        : HikariPool-1 - Before cleanup stats (total=0, active=0, idle=0, waiting=0)
2026-03-28 11:58:04.990 DEBUG 17828 --- [l-1 housekeeper] com.zaxxer.hikari.pool.HikariPool        : HikariPool-1 - After cleanup  stats (total=0, active=0, idle=0, waiting=0)
2026-03-28 11:58:04.990 DEBUG 17828 --- [l-1 housekeeper] com.zaxxer.hikari.pool.HikariPool        : HikariPool-1 - Fill pool skipped, pool is at sufficient level.
2026-03-28 11:58:05.004 DEBUG 17828 --- [ruz housekeeper] com.zaxxer.hikari.pool.HikariPool        : ConnDb-Santa_Cruz - Before cleanup stats (total=0, active=0, idle=0, waiting=0)
2026-03-28 11:58:05.006 DEBUG 17828 --- [ruz housekeeper] com.zaxxer.hikari.pool.HikariPool        : ConnDb-Santa_Cruz - After cleanup  stats (total=0, active=0, idle=0, waiting=0)
2026-03-28 11:58:05.007 DEBUG 17828 --- [ruz housekeeper] com.zaxxer.hikari.pool.HikariPool        : ConnDb-Santa_Cruz - Fill pool skipped, pool is at sufficient level.
2026-03-28 11:58:14.966 DEBUG 17828 --- [ool housekeeper] com.zaxxer.hikari.pool.HikariPool        : CentralHikariPool - Before cleanup stats (total=0, active=0, idle=0, waiting=0)
2026-03-28 11:58:14.966 DEBUG 17828 --- [ool housekeeper] com.zaxxer.hikari.pool.HikariPool        : CentralHikariPool - After cleanup  stats (total=0, active=0, idle=0, waiting=0)
2026-03-28 11:58:14.967 DEBUG 17828 --- [ool housekeeper] com.zaxxer.hikari.pool.HikariPool        : CentralHikariPool - Fill pool skipped, pool is at sufficient level.
2026-03-28 11:58:22.549 DEBUG 17828 --- [ruz housekeeper] com.zaxxer.hikari.pool.HikariPool        : ConnDb-Santa_Cruz - Before cleanup stats (total=0, active=0, idle=0, waiting=0)
2026-03-28 11:58:22.558 DEBUG 17828 --- [ruz housekeeper] com.zaxxer.hikari.pool.HikariPool        : ConnDb-Santa_Cruz - After cleanup  stats (total=0, active=0, idle=0, waiting=0)
2026-03-28 11:58:22.603 DEBUG 17828 --- [ruz housekeeper] com.zaxxer.hikari.pool.HikariPool        : ConnDb-Santa_Cruz - Fill pool skipped, pool is at sufficient level.
2026-03-28 11:58:35.001 DEBUG 17828 --- [l-1 housekeeper] com.zaxxer.hikari.pool.HikariPool        : HikariPool-1 - Before cleanup stats (total=0, active=0, idle=0, waiting=0)
2026-03-28 11:58:35.001 DEBUG 17828 --- [l-1 housekeeper] com.zaxxer.hikari.pool.HikariPool        : HikariPool-1 - After cleanup  stats (total=0, active=0, idle=0, waiting=0)
2026-03-28 11:58:35.002 DEBUG 17828 --- [l-1 housekeeper] com.zaxxer.hikari.pool.HikariPool        : HikariPool-1 - Fill pool skipped, pool is at sufficient level.
2026-03-28 11:58:35.016 DEBUG 17828 --- [ruz housekeeper] com.zaxxer.hikari.pool.HikariPool        : ConnDb-Santa_Cruz - Before cleanup stats (total=0, active=0, idle=0, waiting=0)
2026-03-28 11:58:35.016 DEBUG 17828 --- [ruz housekeeper] com.zaxxer.hikari.pool.HikariPool        : ConnDb-Santa_Cruz - After cleanup  stats (total=0, active=0, idle=0, waiting=0)
2026-03-28 11:58:35.017 DEBUG 17828 --- [ruz housekeeper] com.zaxxer.hikari.pool.HikariPool        : ConnDb-Santa_Cruz - Fill pool skipped, pool is at sufficient level.
2026-03-28 11:58:44.983 DEBUG 17828 --- [ool housekeeper] com.zaxxer.hikari.pool.HikariPool        : CentralHikariPool - Before cleanup stats (total=0, active=0, idle=0, waiting=0)
2026-03-28 11:58:44.983 DEBUG 17828 --- [ool housekeeper] com.zaxxer.hikari.pool.HikariPool        : CentralHikariPool - After cleanup  stats (total=0, active=0, idle=0, waiting=0)
2026-03-28 11:58:44.984 DEBUG 17828 --- [ool housekeeper] com.zaxxer.hikari.pool.HikariPool        : CentralHikariPool - Fill pool skipped, pool is at sufficient level.
2026-03-28 11:58:52.611 DEBUG 17828 --- [ruz housekeeper] com.zaxxer.hikari.pool.HikariPool        : ConnDb-Santa_Cruz - Before cleanup stats (total=0, active=0, idle=0, waiting=0)
2026-03-28 11:58:52.612 DEBUG 17828 --- [ruz housekeeper] com.zaxxer.hikari.pool.HikariPool        : ConnDb-Santa_Cruz - After cleanup  stats (total=0, active=0, idle=0, waiting=0)
2026-03-28 11:58:52.617 DEBUG 17828 --- [ruz housekeeper] com.zaxxer.hikari.pool.HikariPool        : ConnDb-Santa_Cruz - Fill pool skipped, pool is at sufficient level.
2026-03-28 11:59:05.011 DEBUG 17828 --- [l-1 housekeeper] com.zaxxer.hikari.pool.HikariPool        : HikariPool-1 - Before cleanup stats (total=0, active=0, idle=0, waiting=0)
2026-03-28 11:59:05.027 DEBUG 17828 --- [ruz housekeeper] com.zaxxer.hikari.pool.HikariPool        : ConnDb-Santa_Cruz - Before cleanup stats (total=0, active=0, idle=0, waiting=0)
2026-03-28 11:59:05.070 DEBUG 17828 --- [l-1 housekeeper] com.zaxxer.hikari.pool.HikariPool        : HikariPool-1 - After cleanup  stats (total=0, active=0, idle=0, waiting=0)
2026-03-28 11:59:05.071 DEBUG 17828 --- [ruz housekeeper] com.zaxxer.hikari.pool.HikariPool        : ConnDb-Santa_Cruz - After cleanup  stats (total=0, active=0, idle=0, waiting=0)
2026-03-28 11:59:05.072 DEBUG 17828 --- [ruz housekeeper] com.zaxxer.hikari.pool.HikariPool        : ConnDb-Santa_Cruz - Fill pool skipped, pool is at sufficient level.
2026-03-28 11:59:05.071 DEBUG 17828 --- [l-1 housekeeper] com.zaxxer.hikari.pool.HikariPool        : HikariPool-1 - Fill pool skipped, pool is at sufficient level.
2026-03-28 11:59:14.986 DEBUG 17828 --- [ool housekeeper] com.zaxxer.hikari.pool.HikariPool        : CentralHikariPool - Before cleanup stats (total=0, active=0, idle=0, waiting=0)
2026-03-28 11:59:14.987 DEBUG 17828 --- [ool housekeeper] com.zaxxer.hikari.pool.HikariPool        : CentralHikariPool - After cleanup  stats (total=0, active=0, idle=0, waiting=0)
2026-03-28 11:59:14.988 DEBUG 17828 --- [ool housekeeper] com.zaxxer.hikari.pool.HikariPool        : CentralHikariPool - Fill pool skipped, pool is at sufficient level.
2026-03-28 11:59:22.623 DEBUG 17828 --- [ruz housekeeper] com.zaxxer.hikari.pool.HikariPool        : ConnDb-Santa_Cruz - Before cleanup stats (total=0, active=0, idle=0, waiting=0)
2026-03-28 11:59:22.623 DEBUG 17828 --- [ruz housekeeper] com.zaxxer.hikari.pool.HikariPool        : ConnDb-Santa_Cruz - After cleanup  stats (total=0, active=0, idle=0, waiting=0)
2026-03-28 11:59:22.624 DEBUG 17828 --- [ruz housekeeper] com.zaxxer.hikari.pool.HikariPool        : ConnDb-Santa_Cruz - Fill pool skipped, pool is at sufficient level.
2026-03-28 11:59:35.081 DEBUG 17828 --- [ruz housekeeper] com.zaxxer.hikari.pool.HikariPool        : ConnDb-Santa_Cruz - Before cleanup stats (total=0, active=0, idle=0, waiting=0)
2026-03-28 11:59:35.081 DEBUG 17828 --- [ruz housekeeper] com.zaxxer.hikari.pool.HikariPool        : ConnDb-Santa_Cruz - After cleanup  stats (total=0, active=0, idle=0, waiting=0)
2026-03-28 11:59:35.082 DEBUG 17828 --- [ruz housekeeper] com.zaxxer.hikari.pool.HikariPool        : ConnDb-Santa_Cruz - Fill pool skipped, pool is at sufficient level.
2026-03-28 11:59:35.081 DEBUG 17828 --- [l-1 housekeeper] com.zaxxer.hikari.pool.HikariPool        : HikariPool-1 - Before cleanup stats (total=0, active=0, idle=0, waiting=0)
2026-03-28 11:59:35.084 DEBUG 17828 --- [l-1 housekeeper] com.zaxxer.hikari.pool.HikariPool        : HikariPool-1 - After cleanup  stats (total=0, active=0, idle=0, waiting=0)
2026-03-28 11:59:35.085 DEBUG 17828 --- [l-1 housekeeper] com.zaxxer.hikari.pool.HikariPool        : HikariPool-1 - Fill pool skipped, pool is at sufficient level.
2026-03-28 11:59:45.004 DEBUG 17828 --- [ool housekeeper] com.zaxxer.hikari.pool.HikariPool        : CentralHikariPool - Before cleanup stats (total=0, active=0, idle=0, waiting=0)
2026-03-28 11:59:45.004 DEBUG 17828 --- [ool housekeeper] com.zaxxer.hikari.pool.HikariPool        : CentralHikariPool - After cleanup  stats (total=0, active=0, idle=0, waiting=0)
2026-03-28 11:59:45.005 DEBUG 17828 --- [ool housekeeper] com.zaxxer.hikari.pool.HikariPool        : CentralHikariPool - Fill pool skipped, pool is at sufficient level.
2026-03-28 11:59:52.636 DEBUG 17828 --- [ruz housekeeper] com.zaxxer.hikari.pool.HikariPool        : ConnDb-Santa_Cruz - Before cleanup stats (total=0, active=0, idle=0, waiting=0)
2026-03-28 11:59:52.636 DEBUG 17828 --- [ruz housekeeper] com.zaxxer.hikari.pool.HikariPool        : ConnDb-Santa_Cruz - After cleanup  stats (total=0, active=0, idle=0, waiting=0)
2026-03-28 11:59:52.637 DEBUG 17828 --- [ruz housekeeper] com.zaxxer.hikari.pool.HikariPool        : ConnDb-Santa_Cruz - Fill pool skipped, pool is at sufficient level.
2026-03-28 12:00:05.087 DEBUG 17828 --- [ruz housekeeper] com.zaxxer.hikari.pool.HikariPool        : ConnDb-Santa_Cruz - Before cleanup stats (total=0, active=0, idle=0, waiting=0)
2026-03-28 12:00:05.087 DEBUG 17828 --- [l-1 housekeeper] com.zaxxer.hikari.pool.HikariPool        : HikariPool-1 - Before cleanup stats (total=0, active=0, idle=0, waiting=0)
2026-03-28 12:00:05.088 DEBUG 17828 --- [l-1 housekeeper] com.zaxxer.hikari.pool.HikariPool        : HikariPool-1 - After cleanup  stats (total=0, active=0, idle=0, waiting=0)
2026-03-28 12:00:05.088 DEBUG 17828 --- [ruz housekeeper] com.zaxxer.hikari.pool.HikariPool        : ConnDb-Santa_Cruz - After cleanup  stats (total=0, active=0, idle=0, waiting=0)
2026-03-28 12:00:05.089 DEBUG 17828 --- [ruz housekeeper] com.zaxxer.hikari.pool.HikariPool        : ConnDb-Santa_Cruz - Fill pool skipped, pool is at sufficient level.
2026-03-28 12:00:05.089 DEBUG 17828 --- [l-1 housekeeper] com.zaxxer.hikari.pool.HikariPool        : HikariPool-1 - Fill pool skipped, pool is at sufficient level.
2026-03-28 12:00:15.010 DEBUG 17828 --- [ool housekeeper] com.zaxxer.hikari.pool.HikariPool        : CentralHikariPool - Before cleanup stats (total=0, active=0, idle=0, waiting=0)
2026-03-28 12:00:15.012 DEBUG 17828 --- [ool housekeeper] com.zaxxer.hikari.pool.HikariPool        : CentralHikariPool - After cleanup  stats (total=0, active=0, idle=0, waiting=0)
2026-03-28 12:00:15.013 DEBUG 17828 --- [ool housekeeper] com.zaxxer.hikari.pool.HikariPool        : CentralHikariPool - Fill pool skipped, pool is at sufficient level.
2026-03-28 12:00:22.650 DEBUG 17828 --- [ruz housekeeper] com.zaxxer.hikari.pool.HikariPool        : ConnDb-Santa_Cruz - Before cleanup stats (total=0, active=0, idle=0, waiting=0)
2026-03-28 12:00:22.650 DEBUG 17828 --- [ruz housekeeper] com.zaxxer.hikari.pool.HikariPool        : ConnDb-Santa_Cruz - After cleanup  stats (total=0, active=0, idle=0, waiting=0)
2026-03-28 12:00:22.651 DEBUG 17828 --- [ruz housekeeper] com.zaxxer.hikari.pool.HikariPool        : ConnDb-Santa_Cruz - Fill pool skipped, pool is at sufficient level.
2026-03-28 12:00:35.098 DEBUG 17828 --- [ruz housekeeper] com.zaxxer.hikari.pool.HikariPool        : ConnDb-Santa_Cruz - Before cleanup stats (total=0, active=0, idle=0, waiting=0)
2026-03-28 12:00:35.098 DEBUG 17828 --- [ruz housekeeper] com.zaxxer.hikari.pool.HikariPool        : ConnDb-Santa_Cruz - After cleanup  stats (total=0, active=0, idle=0, waiting=0)
2026-03-28 12:00:35.099 DEBUG 17828 --- [ruz housekeeper] com.zaxxer.hikari.pool.HikariPool        : ConnDb-Santa_Cruz - Fill pool skipped, pool is at sufficient level.
2026-03-28 12:00:35.098 DEBUG 17828 --- [l-1 housekeeper] com.zaxxer.hikari.pool.HikariPool        : HikariPool-1 - Before cleanup stats (total=0, active=0, idle=0, waiting=0)
2026-03-28 12:00:35.101 DEBUG 17828 --- [l-1 housekeeper] com.zaxxer.hikari.pool.HikariPool        : HikariPool-1 - After cleanup  stats (total=0, active=0, idle=0, waiting=0)
2026-03-28 12:00:35.101 DEBUG 17828 --- [l-1 housekeeper] com.zaxxer.hikari.pool.HikariPool        : HikariPool-1 - Fill pool skipped, pool is at sufficient level.
2026-03-28 12:00:45.028 DEBUG 17828 --- [ool housekeeper] com.zaxxer.hikari.pool.HikariPool        : CentralHikariPool - Before cleanup stats (total=0, active=0, idle=0, waiting=0)
2026-03-28 12:00:45.029 DEBUG 17828 --- [ool housekeeper] com.zaxxer.hikari.pool.HikariPool        : CentralHikariPool - After cleanup  stats (total=0, active=0, idle=0, waiting=0)
2026-03-28 12:00:45.029 DEBUG 17828 --- [ool housekeeper] com.zaxxer.hikari.pool.HikariPool        : CentralHikariPool - Fill pool skipped, pool is at sufficient level.
2026-03-28 12:00:52.655 DEBUG 17828 --- [ruz housekeeper] com.zaxxer.hikari.pool.HikariPool        : ConnDb-Santa_Cruz - Before cleanup stats (total=0, active=0, idle=0, waiting=0)
2026-03-28 12:00:52.656 DEBUG 17828 --- [ruz housekeeper] com.zaxxer.hikari.pool.HikariPool        : ConnDb-Santa_Cruz - After cleanup  stats (total=0, active=0, idle=0, waiting=0)
2026-03-28 12:00:52.657 DEBUG 17828 --- [ruz housekeeper] com.zaxxer.hikari.pool.HikariPool        : ConnDb-Santa_Cruz - Fill pool skipped, pool is at sufficient level.
2026-03-28 12:01:05.104 DEBUG 17828 --- [l-1 housekeeper] com.zaxxer.hikari.pool.HikariPool        : HikariPool-1 - Before cleanup stats (total=0, active=0, idle=0, waiting=0)
2026-03-28 12:01:05.104 DEBUG 17828 --- [ruz housekeeper] com.zaxxer.hikari.pool.HikariPool        : ConnDb-Santa_Cruz - Before cleanup stats (total=0, active=0, idle=0, waiting=0)
2026-03-28 12:01:05.105 DEBUG 17828 --- [ruz housekeeper] com.zaxxer.hikari.pool.HikariPool        : ConnDb-Santa_Cruz - After cleanup  stats (total=0, active=0, idle=0, waiting=0)
2026-03-28 12:01:05.105 DEBUG 17828 --- [l-1 housekeeper] com.zaxxer.hikari.pool.HikariPool        : HikariPool-1 - After cleanup  stats (total=0, active=0, idle=0, waiting=0)
2026-03-28 12:01:05.107 DEBUG 17828 --- [l-1 housekeeper] com.zaxxer.hikari.pool.HikariPool        : HikariPool-1 - Fill pool skipped, pool is at sufficient level.
2026-03-28 12:01:05.107 DEBUG 17828 --- [ruz housekeeper] com.zaxxer.hikari.pool.HikariPool        : ConnDb-Santa_Cruz - Fill pool skipped, pool is at sufficient level.
2026-03-28 12:01:15.032 DEBUG 17828 --- [ool housekeeper] com.zaxxer.hikari.pool.HikariPool        : CentralHikariPool - Before cleanup stats (total=0, active=0, idle=0, waiting=0)
2026-03-28 12:01:15.032 DEBUG 17828 --- [ool housekeeper] com.zaxxer.hikari.pool.HikariPool        : CentralHikariPool - After cleanup  stats (total=0, active=0, idle=0, waiting=0)
2026-03-28 12:01:15.033 DEBUG 17828 --- [ool housekeeper] com.zaxxer.hikari.pool.HikariPool        : CentralHikariPool - Fill pool skipped, pool is at sufficient level.
2026-03-28 12:01:22.667 DEBUG 17828 --- [ruz housekeeper] com.zaxxer.hikari.pool.HikariPool        : ConnDb-Santa_Cruz - Before cleanup stats (total=0, active=0, idle=0, waiting=0)
2026-03-28 12:01:22.668 DEBUG 17828 --- [ruz housekeeper] com.zaxxer.hikari.pool.HikariPool        : ConnDb-Santa_Cruz - After cleanup  stats (total=0, active=0, idle=0, waiting=0)
2026-03-28 12:01:22.668 DEBUG 17828 --- [ruz housekeeper] com.zaxxer.hikari.pool.HikariPool        : ConnDb-Santa_Cruz - Fill pool skipped, pool is at sufficient level.
2026-03-28 12:01:35.117 DEBUG 17828 --- [l-1 housekeeper] com.zaxxer.hikari.pool.HikariPool        : HikariPool-1 - Before cleanup stats (total=0, active=0, idle=0, waiting=0)
2026-03-28 12:01:35.117 DEBUG 17828 --- [ruz housekeeper] com.zaxxer.hikari.pool.HikariPool        : ConnDb-Santa_Cruz - Before cleanup stats (total=0, active=0, idle=0, waiting=0)
2026-03-28 12:01:35.118 DEBUG 17828 --- [ruz housekeeper] com.zaxxer.hikari.pool.HikariPool        : ConnDb-Santa_Cruz - After cleanup  stats (total=0, active=0, idle=0, waiting=0)
2026-03-28 12:01:35.119 DEBUG 17828 --- [ruz housekeeper] com.zaxxer.hikari.pool.HikariPool        : ConnDb-Santa_Cruz - Fill pool skipped, pool is at sufficient level.
2026-03-28 12:01:35.117 DEBUG 17828 --- [l-1 housekeeper] com.zaxxer.hikari.pool.HikariPool        : HikariPool-1 - After cleanup  stats (total=0, active=0, idle=0, waiting=0)
2026-03-28 12:01:35.121 DEBUG 17828 --- [l-1 housekeeper] com.zaxxer.hikari.pool.HikariPool        : HikariPool-1 - Fill pool skipped, pool is at sufficient level.
2026-03-28 12:01:45.036 DEBUG 17828 --- [ool housekeeper] com.zaxxer.hikari.pool.HikariPool        : CentralHikariPool - Before cleanup stats (total=0, active=0, idle=0, waiting=0)
2026-03-28 12:01:45.036 DEBUG 17828 --- [ool housekeeper] com.zaxxer.hikari.pool.HikariPool        : CentralHikariPool - After cleanup  stats (total=0, active=0, idle=0, waiting=0)
2026-03-28 12:01:45.037 DEBUG 17828 --- [ool housekeeper] com.zaxxer.hikari.pool.HikariPool        : CentralHikariPool - Fill pool skipped, pool is at sufficient level.
2026-03-28 12:01:52.682 DEBUG 17828 --- [ruz housekeeper] com.zaxxer.hikari.pool.HikariPool        : ConnDb-Santa_Cruz - Before cleanup stats (total=0, active=0, idle=0, waiting=0)
2026-03-28 12:01:52.683 DEBUG 17828 --- [ruz housekeeper] com.zaxxer.hikari.pool.HikariPool        : ConnDb-Santa_Cruz - After cleanup  stats (total=0, active=0, idle=0, waiting=0)
2026-03-28 12:01:52.683 DEBUG 17828 --- [ruz housekeeper] com.zaxxer.hikari.pool.HikariPool        : ConnDb-Santa_Cruz - Fill pool skipped, pool is at sufficient level.
2026-03-28 12:02:05.127 DEBUG 17828 --- [ruz housekeeper] com.zaxxer.hikari.pool.HikariPool        : ConnDb-Santa_Cruz - Before cleanup stats (total=0, active=0, idle=0, waiting=0)
2026-03-28 12:02:05.127 DEBUG 17828 --- [l-1 housekeeper] com.zaxxer.hikari.pool.HikariPool        : HikariPool-1 - Before cleanup stats (total=0, active=0, idle=0, waiting=0)
2026-03-28 12:02:05.128 DEBUG 17828 --- [l-1 housekeeper] com.zaxxer.hikari.pool.HikariPool        : HikariPool-1 - After cleanup  stats (total=0, active=0, idle=0, waiting=0)
2026-03-28 12:02:05.129 DEBUG 17828 --- [l-1 housekeeper] com.zaxxer.hikari.pool.HikariPool        : HikariPool-1 - Fill pool skipped, pool is at sufficient level.
2026-03-28 12:02:05.128 DEBUG 17828 --- [ruz housekeeper] com.zaxxer.hikari.pool.HikariPool        : ConnDb-Santa_Cruz - After cleanup  stats (total=0, active=0, idle=0, waiting=0)
2026-03-28 12:02:05.130 DEBUG 17828 --- [ruz housekeeper] com.zaxxer.hikari.pool.HikariPool        : ConnDb-Santa_Cruz - Fill pool skipped, pool is at sufficient level.
2026-03-28 12:02:15.051 DEBUG 17828 --- [ool housekeeper] com.zaxxer.hikari.pool.HikariPool        : CentralHikariPool - Before cleanup stats (total=0, active=0, idle=0, waiting=0)
2026-03-28 12:02:15.051 DEBUG 17828 --- [ool housekeeper] com.zaxxer.hikari.pool.HikariPool        : CentralHikariPool - After cleanup  stats (total=0, active=0, idle=0, waiting=0)
2026-03-28 12:02:15.052 DEBUG 17828 --- [ool housekeeper] com.zaxxer.hikari.pool.HikariPool        : CentralHikariPool - Fill pool skipped, pool is at sufficient level.
2026-03-28 12:02:22.694 DEBUG 17828 --- [ruz housekeeper] com.zaxxer.hikari.pool.HikariPool        : ConnDb-Santa_Cruz - Before cleanup stats (total=0, active=0, idle=0, waiting=0)
2026-03-28 12:02:22.695 DEBUG 17828 --- [ruz housekeeper] com.zaxxer.hikari.pool.HikariPool        : ConnDb-Santa_Cruz - After cleanup  stats (total=0, active=0, idle=0, waiting=0)
2026-03-28 12:02:22.695 DEBUG 17828 --- [ruz housekeeper] com.zaxxer.hikari.pool.HikariPool        : ConnDb-Santa_Cruz - Fill pool skipped, pool is at sufficient level.
2026-03-28 12:02:35.140 DEBUG 17828 --- [l-1 housekeeper] com.zaxxer.hikari.pool.HikariPool        : HikariPool-1 - Before cleanup stats (total=0, active=0, idle=0, waiting=0)
2026-03-28 12:02:35.140 DEBUG 17828 --- [ruz housekeeper] com.zaxxer.hikari.pool.HikariPool        : ConnDb-Santa_Cruz - Before cleanup stats (total=0, active=0, idle=0, waiting=0)
2026-03-28 12:02:35.141 DEBUG 17828 --- [l-1 housekeeper] com.zaxxer.hikari.pool.HikariPool        : HikariPool-1 - After cleanup  stats (total=0, active=0, idle=0, waiting=0)
2026-03-28 12:02:35.141 DEBUG 17828 --- [ruz housekeeper] com.zaxxer.hikari.pool.HikariPool        : ConnDb-Santa_Cruz - After cleanup  stats (total=0, active=0, idle=0, waiting=0)
2026-03-28 12:02:35.142 DEBUG 17828 --- [l-1 housekeeper] com.zaxxer.hikari.pool.HikariPool        : HikariPool-1 - Fill pool skipped, pool is at sufficient level.
2026-03-28 12:02:35.143 DEBUG 17828 --- [ruz housekeeper] com.zaxxer.hikari.pool.HikariPool        : ConnDb-Santa_Cruz - Fill pool skipped, pool is at sufficient level.
2026-03-28 12:02:45.056 DEBUG 17828 --- [ool housekeeper] com.zaxxer.hikari.pool.HikariPool        : CentralHikariPool - Before cleanup stats (total=0, active=0, idle=0, waiting=0)
2026-03-28 12:02:45.057 DEBUG 17828 --- [ool housekeeper] com.zaxxer.hikari.pool.HikariPool        : CentralHikariPool - After cleanup  stats (total=0, active=0, idle=0, waiting=0)
2026-03-28 12:02:45.057 DEBUG 17828 --- [ool housekeeper] com.zaxxer.hikari.pool.HikariPool        : CentralHikariPool - Fill pool skipped, pool is at sufficient level.
2026-03-28 12:02:52.703 DEBUG 17828 --- [ruz housekeeper] com.zaxxer.hikari.pool.HikariPool        : ConnDb-Santa_Cruz - Before cleanup stats (total=0, active=0, idle=0, waiting=0)
2026-03-28 12:02:52.703 DEBUG 17828 --- [ruz housekeeper] com.zaxxer.hikari.pool.HikariPool        : ConnDb-Santa_Cruz - After cleanup  stats (total=0, active=0, idle=0, waiting=0)
2026-03-28 12:02:52.704 DEBUG 17828 --- [ruz housekeeper] com.zaxxer.hikari.pool.HikariPool        : ConnDb-Santa_Cruz - Fill pool skipped, pool is at sufficient level.
2026-03-28 12:03:01.731 DEBUG 17828 --- [nio-8089-exec-2] o.s.web.servlet.DispatcherServlet        : GET "/auth/permisos", parameters={}
2026-03-28 12:03:01.781 DEBUG 17828 --- [nio-8089-exec-2] s.w.s.m.m.a.RequestMappingHandlerMapping : Mapped to com.example.TigoStarSystem.auth.controller.AuthPermisosController#permisos(String)
2026-03-28 12:03:01.786 DEBUG 17828 --- [nio-8089-exec-2] o.s.jdbc.core.JdbcTemplate               : Executing SQL query [EXEC dbo.spx_ObtenerPrivilegiosRoles]
2026-03-28 12:03:01.954 DEBUG 17828 --- [nio-8089-exec-2] o.s.jdbc.datasource.DataSourceUtils      : Fetching JDBC Connection from DataSource
2026-03-28 12:03:01.995 DEBUG 17828 --- [onnection adder] com.zaxxer.hikari.pool.HikariPool        : CentralHikariPool - Added connection ConnectionID:22 ClientConnectionId: fa6341b9-2cc5-452e-a485-9a30f14d9333
2026-03-28 12:03:01.999 DEBUG 17828 --- [nio-8089-exec-2] o.s.jdbc.core.JdbcTemplate               : Executing prepared SQL query
2026-03-28 12:03:02.183 DEBUG 17828 --- [nio-8089-exec-2] o.s.jdbc.core.JdbcTemplate               : Executing prepared SQL statement [EXEC dbo.spx_ObtenerPrivilegiosRolDetalle ?]
2026-03-28 12:03:02.187 DEBUG 17828 --- [nio-8089-exec-2] o.s.jdbc.datasource.DataSourceUtils      : Fetching JDBC Connection from DataSource
2026-03-28 12:03:02.303 DEBUG 17828 --- [nio-8089-exec-2] o.s.w.s.m.m.a.HttpEntityMethodProcessor  : Using 'application/json', given [application/json, text/plain, */*] and supported [application/json, application/*+json, application/json, application/*+json]
2026-03-28 12:03:02.304 DEBUG 17828 --- [nio-8089-exec-2] o.s.w.s.m.m.a.HttpEntityMethodProcessor  : Writing [com.example.TigoStarSystem.common.ApiResponse@328a705f]
2026-03-28 12:03:02.305 DEBUG 17828 --- [nio-8089-exec-2] o.s.web.servlet.DispatcherServlet        : Completed 200 OK
2026-03-28 12:03:02.307 DEBUG 17828 --- [nio-8089-exec-6] o.s.web.servlet.DispatcherServlet        : GET "/auth/permisos", parameters={}
2026-03-28 12:03:02.308 DEBUG 17828 --- [nio-8089-exec-6] s.w.s.m.m.a.RequestMappingHandlerMapping : Mapped to com.example.TigoStarSystem.auth.controller.AuthPermisosController#permisos(String)
2026-03-28 12:03:02.308 DEBUG 17828 --- [nio-8089-exec-6] o.s.jdbc.core.JdbcTemplate               : Executing SQL query [EXEC dbo.spx_ObtenerPrivilegiosRoles]
2026-03-28 12:03:02.310 DEBUG 17828 --- [nio-8089-exec-6] o.s.jdbc.datasource.DataSourceUtils      : Fetching JDBC Connection from DataSource
2026-03-28 12:03:02.315 DEBUG 17828 --- [nio-8089-exec-6] o.s.jdbc.core.JdbcTemplate               : Executing prepared SQL query
2026-03-28 12:03:02.315 DEBUG 17828 --- [nio-8089-exec-6] o.s.jdbc.core.JdbcTemplate               : Executing prepared SQL statement [EXEC dbo.spx_ObtenerPrivilegiosRolDetalle ?]
2026-03-28 12:03:02.316 DEBUG 17828 --- [nio-8089-exec-6] o.s.jdbc.datasource.DataSourceUtils      : Fetching JDBC Connection from DataSource
2026-03-28 12:03:02.321 DEBUG 17828 --- [nio-8089-exec-6] o.s.w.s.m.m.a.HttpEntityMethodProcessor  : Using 'application/json', given [application/json, text/plain, */*] and supported [application/json, application/*+json, application/json, application/*+json]
2026-03-28 12:03:02.322 DEBUG 17828 --- [nio-8089-exec-6] o.s.w.s.m.m.a.HttpEntityMethodProcessor  : Writing [com.example.TigoStarSystem.common.ApiResponse@69b89767]
2026-03-28 12:03:02.323 DEBUG 17828 --- [nio-8089-exec-6] o.s.web.servlet.DispatcherServlet        : Completed 200 OK
2026-03-28 12:03:02.351 DEBUG 17828 --- [nio-8089-exec-3] o.s.web.servlet.DispatcherServlet        : GET "/catalogos/estados", parameters={}
2026-03-28 12:03:02.353 DEBUG 17828 --- [nio-8089-exec-5] o.s.web.servlet.DispatcherServlet        : GET "/catalogos/tipo-material?tipoServicioId=1", parameters={masked}
2026-03-28 12:03:02.354 DEBUG 17828 --- [nio-8089-exec-3] s.w.s.m.m.a.RequestMappingHandlerMapping : Mapped to com.example.TigoStarSystem.catalogo.controller.CatalogoController#listarEstados()
2026-03-28 12:03:02.362 DEBUG 17828 --- [nio-8089-exec-5] s.w.s.m.m.a.RequestMappingHandlerMapping : Mapped to com.example.TigoStarSystem.catalogo.controller.CatalogoController#listarTipoMaterial(Integer)
2026-03-28 12:03:02.366 DEBUG 17828 --- [nio-8089-exec-3] o.s.jdbc.core.JdbcTemplate               : Executing SQL query [EXEC sp_ObtenerEstado]
2026-03-28 12:03:02.580 DEBUG 17828 --- [nio-8089-exec-3] o.s.jdbc.datasource.DataSourceUtils      : Fetching JDBC Connection from DataSource
2026-03-28 12:03:02.580 DEBUG 17828 --- [nio-8089-exec-5] o.s.jdbc.core.JdbcTemplate               : Executing prepared SQL query
2026-03-28 12:03:02.581 DEBUG 17828 --- [nio-8089-exec-5] o.s.jdbc.core.JdbcTemplate               : Executing prepared SQL statement [EXEC sp_ObtenerTipoMaterial ?]
2026-03-28 12:03:02.582 DEBUG 17828 --- [nio-8089-exec-5] o.s.jdbc.datasource.DataSourceUtils      : Fetching JDBC Connection from DataSource
2026-03-28 12:03:02.600 DEBUG 17828 --- [onnection adder] com.zaxxer.hikari.pool.HikariPool        : HikariPool-1 - Added connection ConnectionID:23 ClientConnectionId: e685931a-1bef-4bd6-97b9-e387d82a7981
2026-03-28 12:03:02.602 DEBUG 17828 --- [nio-8089-exec-3] o.s.w.s.m.m.a.HttpEntityMethodProcessor  : Using 'application/json', given [application/json, text/plain, */*] and supported [application/json, application/*+json, application/json, application/*+json]
2026-03-28 12:03:02.603 DEBUG 17828 --- [nio-8089-exec-3] o.s.w.s.m.m.a.HttpEntityMethodProcessor  : Writing [com.example.TigoStarSystem.common.ApiResponse@50284863]
2026-03-28 12:03:02.604 DEBUG 17828 --- [nio-8089-exec-3] o.s.web.servlet.DispatcherServlet        : Completed 200 OK
2026-03-28 12:03:02.604 DEBUG 17828 --- [nio-8089-exec-5] o.s.w.s.m.m.a.HttpEntityMethodProcessor  : Using 'application/json', given [application/json, text/plain, */*] and supported [application/json, application/*+json, application/json, application/*+json]
2026-03-28 12:03:02.606 DEBUG 17828 --- [nio-8089-exec-5] o.s.w.s.m.m.a.HttpEntityMethodProcessor  : Writing [com.example.TigoStarSystem.common.ApiResponse@5d2ca134]
2026-03-28 12:03:02.607 DEBUG 17828 --- [nio-8089-exec-5] o.s.web.servlet.DispatcherServlet        : Completed 200 OK
2026-03-28 12:03:02.631 DEBUG 17828 --- [onnection adder] com.zaxxer.hikari.pool.HikariPool        : HikariPool-1 - Added connection ConnectionID:24 ClientConnectionId: e7910f7b-b32a-4bbe-bbf9-ad4b835c8ebb
2026-03-28 12:03:05.152 DEBUG 17828 --- [l-1 housekeeper] com.zaxxer.hikari.pool.HikariPool        : HikariPool-1 - Before cleanup stats (total=2, active=0, idle=2, waiting=0)
2026-03-28 12:03:05.152 DEBUG 17828 --- [ruz housekeeper] com.zaxxer.hikari.pool.HikariPool        : ConnDb-Santa_Cruz - Before cleanup stats (total=0, active=0, idle=0, waiting=0)
2026-03-28 12:03:05.153 DEBUG 17828 --- [ruz housekeeper] com.zaxxer.hikari.pool.HikariPool        : ConnDb-Santa_Cruz - After cleanup  stats (total=0, active=0, idle=0, waiting=0)
2026-03-28 12:03:05.152 DEBUG 17828 --- [l-1 housekeeper] com.zaxxer.hikari.pool.HikariPool        : HikariPool-1 - After cleanup  stats (total=2, active=0, idle=2, waiting=0)
2026-03-28 12:03:05.154 DEBUG 17828 --- [ruz housekeeper] com.zaxxer.hikari.pool.HikariPool        : ConnDb-Santa_Cruz - Fill pool skipped, pool is at sufficient level.
2026-03-28 12:03:05.154 DEBUG 17828 --- [l-1 housekeeper] com.zaxxer.hikari.pool.HikariPool        : HikariPool-1 - Fill pool skipped, pool is at sufficient level.
2026-03-28 12:03:15.069 DEBUG 17828 --- [ool housekeeper] com.zaxxer.hikari.pool.HikariPool        : CentralHikariPool - Before cleanup stats (total=1, active=0, idle=1, waiting=0)
2026-03-28 12:03:15.069 DEBUG 17828 --- [ool housekeeper] com.zaxxer.hikari.pool.HikariPool        : CentralHikariPool - After cleanup  stats (total=1, active=0, idle=1, waiting=0)
2026-03-28 12:03:15.070 DEBUG 17828 --- [ool housekeeper] com.zaxxer.hikari.pool.HikariPool        : CentralHikariPool - Fill pool skipped, pool is at sufficient level.
2026-03-28 12:03:22.718 DEBUG 17828 --- [ruz housekeeper] com.zaxxer.hikari.pool.HikariPool        : ConnDb-Santa_Cruz - Before cleanup stats (total=0, active=0, idle=0, waiting=0)
2026-03-28 12:03:22.720 DEBUG 17828 --- [ruz housekeeper] com.zaxxer.hikari.pool.HikariPool        : ConnDb-Santa_Cruz - After cleanup  stats (total=0, active=0, idle=0, waiting=0)
2026-03-28 12:03:22.721 DEBUG 17828 --- [ruz housekeeper] com.zaxxer.hikari.pool.HikariPool        : ConnDb-Santa_Cruz - Fill pool skipped, pool is at sufficient level.
2026-03-28 12:03:35.164 DEBUG 17828 --- [ruz housekeeper] com.zaxxer.hikari.pool.HikariPool        : ConnDb-Santa_Cruz - Before cleanup stats (total=0, active=0, idle=0, waiting=0)
2026-03-28 12:03:35.164 DEBUG 17828 --- [l-1 housekeeper] com.zaxxer.hikari.pool.HikariPool        : HikariPool-1 - Before cleanup stats (total=2, active=0, idle=2, waiting=0)
2026-03-28 12:03:35.165 DEBUG 17828 --- [ruz housekeeper] com.zaxxer.hikari.pool.HikariPool        : ConnDb-Santa_Cruz - After cleanup  stats (total=0, active=0, idle=0, waiting=0)
2026-03-28 12:03:35.165 DEBUG 17828 --- [l-1 housekeeper] com.zaxxer.hikari.pool.HikariPool        : HikariPool-1 - After cleanup  stats (total=2, active=0, idle=2, waiting=0)
2026-03-28 12:03:35.166 DEBUG 17828 --- [ruz housekeeper] com.zaxxer.hikari.pool.HikariPool        : ConnDb-Santa_Cruz - Fill pool skipped, pool is at sufficient level.
2026-03-28 12:03:35.167 DEBUG 17828 --- [l-1 housekeeper] com.zaxxer.hikari.pool.HikariPool        : HikariPool-1 - Fill pool skipped, pool is at sufficient level.
2026-03-28 12:03:45.082 DEBUG 17828 --- [ool housekeeper] com.zaxxer.hikari.pool.HikariPool        : CentralHikariPool - Before cleanup stats (total=1, active=0, idle=1, waiting=0)
2026-03-28 12:03:45.082 DEBUG 17828 --- [ool housekeeper] com.zaxxer.hikari.pool.HikariPool        : CentralHikariPool - After cleanup  stats (total=1, active=0, idle=1, waiting=0)
2026-03-28 12:03:45.083 DEBUG 17828 --- [ool housekeeper] com.zaxxer.hikari.pool.HikariPool        : CentralHikariPool - Fill pool skipped, pool is at sufficient level.
2026-03-28 12:03:52.725 DEBUG 17828 --- [ruz housekeeper] com.zaxxer.hikari.pool.HikariPool        : ConnDb-Santa_Cruz - Before cleanup stats (total=0, active=0, idle=0, waiting=0)
2026-03-28 12:03:52.742 DEBUG 17828 --- [ruz housekeeper] com.zaxxer.hikari.pool.HikariPool        : ConnDb-Santa_Cruz - After cleanup  stats (total=0, active=0, idle=0, waiting=0)
2026-03-28 12:03:52.743 DEBUG 17828 --- [ruz housekeeper] com.zaxxer.hikari.pool.HikariPool        : ConnDb-Santa_Cruz - Fill pool skipped, pool is at sufficient level.
