
  .   ____          _            __ _ _
 /\\ / ___'_ __ _ _(_)_ __  __ _ \ \ \ \
( ( )\___ | '_ | '_| | '_ \/ _` | \ \ \ \
 \\/  ___)| |_)| | | | | || (_| |  ) ) ) )
  '  |____| .__|_| |_|_| |_\__, | / / / /
 =========|_|==============|___/=/_/_/_/
 :: Spring Boot ::               (v2.7.18)

2026-03-27 17:45:38.257  INFO 15316 --- [           main] c.e.T.TigoStarSystemApplication          : Starting TigoStarSystemApplication using Java 1.8.0_471 on DESKTOP-B4OJ8TG with PID 15316 (D:\Nueva carpeta (4)\version3\BackMakiro-backV3\target\classes started by Stefania in D:\Nueva carpeta (4)\version3\BackMakiro-backV3)
2026-03-27 17:45:38.560 DEBUG 15316 --- [           main] c.e.T.TigoStarSystemApplication          : Running with Spring Boot v2.7.18, Spring v5.3.31
2026-03-27 17:45:38.563  INFO 15316 --- [           main] c.e.T.TigoStarSystemApplication          : No active profile set, falling back to 1 default profile: "default"
2026-03-27 17:45:38.669 DEBUG 15316 --- [           main] o.s.boot.SpringApplication               : Loading source class com.example.TigoStarSystem.TigoStarSystemApplication
2026-03-27 17:45:38.817 DEBUG 15316 --- [           main] ConfigServletWebServerApplicationContext : Refreshing org.springframework.boot.web.servlet.context.AnnotationConfigServletWebServerApplicationContext@4e07b95f
2026-03-27 17:45:42.203 DEBUG 15316 --- [           main] .s.b.w.e.t.TomcatServletWebServerFactory : Code archive: C:\Users\Stefania\.m2\repository\org\springframework\boot\spring-boot\2.7.18\spring-boot-2.7.18.jar
2026-03-27 17:45:42.204 DEBUG 15316 --- [           main] .s.b.w.e.t.TomcatServletWebServerFactory : Code archive: C:\Users\Stefania\.m2\repository\org\springframework\boot\spring-boot\2.7.18\spring-boot-2.7.18.jar
2026-03-27 17:45:42.204 DEBUG 15316 --- [           main] .s.b.w.e.t.TomcatServletWebServerFactory : None of the document roots [src/main/webapp, public, static] point to a directory and will be ignored.
2026-03-27 17:45:42.269  INFO 15316 --- [           main] o.s.b.w.embedded.tomcat.TomcatWebServer  : Tomcat initialized with port(s): 8089 (http)
2026-03-27 17:45:42.280  INFO 15316 --- [           main] o.apache.catalina.core.StandardService   : Starting service [Tomcat]
2026-03-27 17:45:42.281  INFO 15316 --- [           main] org.apache.catalina.core.StandardEngine  : Starting Servlet engine: [Apache Tomcat/9.0.83]
2026-03-27 17:45:42.699  INFO 15316 --- [           main] o.a.c.c.C.[Tomcat].[localhost].[/]       : Initializing Spring embedded WebApplicationContext
2026-03-27 17:45:42.700 DEBUG 15316 --- [           main] w.s.c.ServletWebServerApplicationContext : Published root WebApplicationContext as ServletContext attribute with name [org.springframework.web.context.WebApplicationContext.ROOT]
2026-03-27 17:45:42.700  INFO 15316 --- [           main] w.s.c.ServletWebServerApplicationContext : Root WebApplicationContext: initialization completed in 3883 ms
2026-03-27 17:45:42.757 DEBUG 15316 --- [           main] o.s.b.w.s.ServletContextInitializerBeans : Mapping filters: filterRegistrationBean urls=[/*] order=-2147483648, characterEncodingFilter urls=[/*] order=-2147483648, formContentFilter urls=[/*] order=-9900, requestContextFilter urls=[/*] order=-105
2026-03-27 17:45:42.758 DEBUG 15316 --- [           main] o.s.b.w.s.ServletContextInitializerBeans : Mapping servlets: dispatcherServlet urls=[/]
2026-03-27 17:45:42.790 DEBUG 15316 --- [           main] o.s.b.w.s.f.OrderedRequestContextFilter  : Filter 'requestContextFilter' configured for use
2026-03-27 17:45:42.791 DEBUG 15316 --- [           main] o.springframework.web.filter.CorsFilter  : Filter 'corsFilter' configured for use
2026-03-27 17:45:42.791 DEBUG 15316 --- [           main] s.b.w.s.f.OrderedCharacterEncodingFilter : Filter 'characterEncodingFilter' configured for use
2026-03-27 17:45:42.792 DEBUG 15316 --- [           main] o.s.b.w.s.f.OrderedFormContentFilter     : Filter 'formContentFilter' configured for use
2026-03-27 17:45:42.841 DEBUG 15316 --- [           main] com.zaxxer.hikari.HikariConfig           : Driver class com.microsoft.sqlserver.jdbc.SQLServerDriver found in Thread context class loader sun.misc.Launcher$AppClassLoader@7506e922
2026-03-27 17:45:43.225 DEBUG 15316 --- [           main] com.zaxxer.hikari.HikariConfig           : Driver class com.microsoft.sqlserver.jdbc.SQLServerDriver found in Thread context class loader sun.misc.Launcher$AppClassLoader@7506e922
2026-03-27 17:45:43.227 DEBUG 15316 --- [           main] com.zaxxer.hikari.HikariConfig           : CentralHikariPool - configuration:
2026-03-27 17:45:43.263 DEBUG 15316 --- [           main] com.zaxxer.hikari.HikariConfig           : allowPoolSuspension................................false
2026-03-27 17:45:43.264 DEBUG 15316 --- [           main] com.zaxxer.hikari.HikariConfig           : autoCommit................................true
2026-03-27 17:45:43.264 DEBUG 15316 --- [           main] com.zaxxer.hikari.HikariConfig           : catalog................................none
2026-03-27 17:45:43.266 DEBUG 15316 --- [           main] com.zaxxer.hikari.HikariConfig           : connectionInitSql................................none
2026-03-27 17:45:43.266 DEBUG 15316 --- [           main] com.zaxxer.hikari.HikariConfig           : connectionTestQuery................................"SELECT 1"
2026-03-27 17:45:43.266 DEBUG 15316 --- [           main] com.zaxxer.hikari.HikariConfig           : connectionTimeout................................15000
2026-03-27 17:45:43.267 DEBUG 15316 --- [           main] com.zaxxer.hikari.HikariConfig           : dataSource................................none
2026-03-27 17:45:43.267 DEBUG 15316 --- [           main] com.zaxxer.hikari.HikariConfig           : dataSourceClassName................................none
2026-03-27 17:45:43.267 DEBUG 15316 --- [           main] com.zaxxer.hikari.HikariConfig           : dataSourceJNDI................................none
2026-03-27 17:45:43.269 DEBUG 15316 --- [           main] com.zaxxer.hikari.HikariConfig           : dataSourceProperties................................{password=<masked>}
2026-03-27 17:45:43.270 DEBUG 15316 --- [           main] com.zaxxer.hikari.HikariConfig           : driverClassName................................"com.microsoft.sqlserver.jdbc.SQLServerDriver"
2026-03-27 17:45:43.270 DEBUG 15316 --- [           main] com.zaxxer.hikari.HikariConfig           : exceptionOverrideClassName................................none
2026-03-27 17:45:43.272 DEBUG 15316 --- [           main] com.zaxxer.hikari.HikariConfig           : healthCheckProperties................................{}
2026-03-27 17:45:43.272 DEBUG 15316 --- [           main] com.zaxxer.hikari.HikariConfig           : healthCheckRegistry................................none
2026-03-27 17:45:43.272 DEBUG 15316 --- [           main] com.zaxxer.hikari.HikariConfig           : idleTimeout................................300000
2026-03-27 17:45:43.273 DEBUG 15316 --- [           main] com.zaxxer.hikari.HikariConfig           : initializationFailTimeout................................-1
2026-03-27 17:45:43.273 DEBUG 15316 --- [           main] com.zaxxer.hikari.HikariConfig           : isolateInternalQueries................................false
2026-03-27 17:45:43.274 DEBUG 15316 --- [           main] com.zaxxer.hikari.HikariConfig           : jdbcUrl................................jdbc:sqlserver://172.16.0.13;databaseName=BDControlOrdenes;encrypt=false;trustServerCertificate=true
2026-03-27 17:45:43.274 DEBUG 15316 --- [           main] com.zaxxer.hikari.HikariConfig           : keepaliveTime................................120000
2026-03-27 17:45:43.277 DEBUG 15316 --- [           main] com.zaxxer.hikari.HikariConfig           : leakDetectionThreshold................................0
2026-03-27 17:45:43.278 DEBUG 15316 --- [           main] com.zaxxer.hikari.HikariConfig           : maxLifetime................................900000
2026-03-27 17:45:43.278 DEBUG 15316 --- [           main] com.zaxxer.hikari.HikariConfig           : maximumPoolSize................................10
2026-03-27 17:45:43.280 DEBUG 15316 --- [           main] com.zaxxer.hikari.HikariConfig           : metricRegistry................................none
2026-03-27 17:45:43.280 DEBUG 15316 --- [           main] com.zaxxer.hikari.HikariConfig           : metricsTrackerFactory................................none
2026-03-27 17:45:43.281 DEBUG 15316 --- [           main] com.zaxxer.hikari.HikariConfig           : minimumIdle................................0
2026-03-27 17:45:43.282 DEBUG 15316 --- [           main] com.zaxxer.hikari.HikariConfig           : password................................<masked>
2026-03-27 17:45:43.282 DEBUG 15316 --- [           main] com.zaxxer.hikari.HikariConfig           : poolName................................"CentralHikariPool"
2026-03-27 17:45:43.284 DEBUG 15316 --- [           main] com.zaxxer.hikari.HikariConfig           : readOnly................................false
2026-03-27 17:45:43.284 DEBUG 15316 --- [           main] com.zaxxer.hikari.HikariConfig           : registerMbeans................................false
2026-03-27 17:45:43.285 DEBUG 15316 --- [           main] com.zaxxer.hikari.HikariConfig           : scheduledExecutor................................none
2026-03-27 17:45:43.286 DEBUG 15316 --- [           main] com.zaxxer.hikari.HikariConfig           : schema................................none
2026-03-27 17:45:43.286 DEBUG 15316 --- [           main] com.zaxxer.hikari.HikariConfig           : threadFactory................................internal
2026-03-27 17:45:43.287 DEBUG 15316 --- [           main] com.zaxxer.hikari.HikariConfig           : transactionIsolation................................default
2026-03-27 17:45:43.289 DEBUG 15316 --- [           main] com.zaxxer.hikari.HikariConfig           : username................................"sistemas"
2026-03-27 17:45:43.290 DEBUG 15316 --- [           main] com.zaxxer.hikari.HikariConfig           : validationTimeout................................5000
2026-03-27 17:45:43.334  INFO 15316 --- [           main] com.zaxxer.hikari.HikariDataSource       : CentralHikariPool - Starting...
2026-03-27 17:45:43.388  INFO 15316 --- [           main] com.zaxxer.hikari.HikariDataSource       : CentralHikariPool - Start completed.
2026-03-27 17:45:43.462 DEBUG 15316 --- [           main] o.s.j.d.DriverManagerDataSource          : Loaded JDBC driver: com.microsoft.sqlserver.jdbc.SQLServerDriver
2026-03-27 17:45:43.493 DEBUG 15316 --- [ool housekeeper] com.zaxxer.hikari.pool.HikariPool        : CentralHikariPool - Before cleanup stats (total=0, active=0, idle=0, waiting=0)
2026-03-27 17:45:43.495 DEBUG 15316 --- [ool housekeeper] com.zaxxer.hikari.pool.HikariPool        : CentralHikariPool - After cleanup  stats (total=0, active=0, idle=0, waiting=0)
2026-03-27 17:45:43.495 DEBUG 15316 --- [ool housekeeper] com.zaxxer.hikari.pool.HikariPool        : CentralHikariPool - Fill pool skipped, pool is at sufficient level.
2026-03-27 17:45:44.000 DEBUG 15316 --- [           main] o.s.b.a.AutoConfigurationPackages        : @EnableAutoConfiguration was declared on a class in the package 'com.example.TigoStarSystem'. Automatic @Repository and @Entity scanning is enabled.
2026-03-27 17:45:44.052 DEBUG 15316 --- [           main] s.w.s.m.m.a.RequestMappingHandlerAdapter : ControllerAdvice beans: 0 @ModelAttribute, 0 @InitBinder, 1 RequestBodyAdvice, 1 ResponseBodyAdvice
2026-03-27 17:45:44.225 DEBUG 15316 --- [           main] s.w.s.m.m.a.RequestMappingHandlerMapping : 74 mappings in 'requestMappingHandlerMapping'
2026-03-27 17:45:44.240 DEBUG 15316 --- [           main] o.s.w.s.handler.SimpleUrlHandlerMapping  : Patterns [/webjars/**, /**, /swagger-ui*/*swagger-initializer.js, /swagger-ui*/**] in 'resourceHandlerMapping'
2026-03-27 17:45:44.251 DEBUG 15316 --- [           main] .m.m.a.ExceptionHandlerExceptionResolver : ControllerAdvice beans: 2 @ExceptionHandler, 1 ResponseBodyAdvice
2026-03-27 17:45:44.404  INFO 15316 --- [           main] o.s.b.w.embedded.tomcat.TomcatWebServer  : Tomcat started on port(s): 8089 (http) with context path ''
2026-03-27 17:45:44.433 DEBUG 15316 --- [           main] ConditionEvaluationReportLoggingListener : 


============================
CONDITIONS EVALUATION REPORT
============================


Positive matches:
-----------------

   AopAutoConfiguration matched:
      - @ConditionalOnProperty (spring.aop.auto=true) matched (OnPropertyCondition)

   AopAutoConfiguration.ClassProxyingConfiguration matched:
      - @ConditionalOnMissingClass did not find unwanted class 'org.aspectj.weaver.Advice' (OnClassCondition)
      - @ConditionalOnProperty (spring.aop.proxy-target-class=true) matched (OnPropertyCondition)

   ApplicationAvailabilityAutoConfiguration#applicationAvailability matched:
      - @ConditionalOnMissingBean (types: org.springframework.boot.availability.ApplicationAvailability; SearchStrategy: all) did not find any beans (OnBeanCondition)

   DataSourceAutoConfiguration matched:
      - @ConditionalOnClass found required classes 'javax.sql.DataSource', 'org.springframework.jdbc.datasource.embedded.EmbeddedDatabaseType' (OnClassCondition)
      - @ConditionalOnMissingBean (types: io.r2dbc.spi.ConnectionFactory; SearchStrategy: all) did not find any beans (OnBeanCondition)

   DataSourceAutoConfiguration.PooledDataSourceConfiguration matched:
      - AnyNestedCondition 1 matched 1 did not; NestedCondition on DataSourceAutoConfiguration.PooledDataSourceCondition.PooledDataSourceAvailable PooledDataSource found supported DataSource; NestedCondition on DataSourceAutoConfiguration.PooledDataSourceCondition.ExplicitType @ConditionalOnProperty (spring.datasource.type) did not find property 'type' (DataSourceAutoConfiguration.PooledDataSourceCondition)
      - @ConditionalOnMissingBean (types: javax.sql.DataSource,javax.sql.XADataSource; SearchStrategy: all) did not find any beans (OnBeanCondition)

   DataSourceConfiguration.Hikari matched:
      - @ConditionalOnClass found required class 'com.zaxxer.hikari.HikariDataSource' (OnClassCondition)
      - @ConditionalOnProperty (spring.datasource.type=com.zaxxer.hikari.HikariDataSource) matched (OnPropertyCondition)
      - @ConditionalOnMissingBean (types: javax.sql.DataSource; SearchStrategy: all) did not find any beans (OnBeanCondition)

   DataSourceInitializationConfiguration matched:
      - @ConditionalOnClass found required class 'org.springframework.jdbc.datasource.init.DatabasePopulator' (OnClassCondition)
      - @ConditionalOnSingleCandidate (types: javax.sql.DataSource; SearchStrategy: all) found a single bean 'dataSource'; @ConditionalOnMissingBean (types: org.springframework.boot.autoconfigure.sql.init.SqlDataSourceScriptDatabaseInitializer,org.springframework.boot.autoconfigure.sql.init.SqlR2dbcScriptDatabaseInitializer; SearchStrategy: all) did not find any beans (OnBeanCondition)

   DataSourceJmxConfiguration matched:
      - @ConditionalOnProperty (spring.jmx.enabled=true) matched (OnPropertyCondition)

   DataSourceJmxConfiguration.Hikari matched:
      - @ConditionalOnClass found required class 'com.zaxxer.hikari.HikariDataSource' (OnClassCondition)
      - @ConditionalOnSingleCandidate (types: javax.sql.DataSource; SearchStrategy: all) found a single bean 'dataSource' (OnBeanCondition)

   DataSourcePoolMetadataProvidersConfiguration.HikariPoolDataSourceMetadataProviderConfiguration matched:
      - @ConditionalOnClass found required class 'com.zaxxer.hikari.HikariDataSource' (OnClassCondition)

   DataSourceTransactionManagerAutoConfiguration matched:
      - @ConditionalOnClass found required classes 'org.springframework.jdbc.core.JdbcTemplate', 'org.springframework.transaction.TransactionManager' (OnClassCondition)

   DataSourceTransactionManagerAutoConfiguration.JdbcTransactionManagerConfiguration matched:
      - @ConditionalOnSingleCandidate (types: javax.sql.DataSource; SearchStrategy: all) found a single bean 'dataSource' (OnBeanCondition)

   DataSourceTransactionManagerAutoConfiguration.JdbcTransactionManagerConfiguration#transactionManager matched:
      - @ConditionalOnMissingBean (types: org.springframework.transaction.TransactionManager; SearchStrategy: all) did not find any beans (OnBeanCondition)

   DispatcherServletAutoConfiguration matched:
      - @ConditionalOnClass found required class 'org.springframework.web.servlet.DispatcherServlet' (OnClassCondition)
      - found 'session' scope (OnWebApplicationCondition)

   DispatcherServletAutoConfiguration.DispatcherServletConfiguration matched:
      - @ConditionalOnClass found required class 'javax.servlet.ServletRegistration' (OnClassCondition)
      - Default DispatcherServlet did not find dispatcher servlet beans (DispatcherServletAutoConfiguration.DefaultDispatcherServletCondition)

   DispatcherServletAutoConfiguration.DispatcherServletRegistrationConfiguration matched:
      - @ConditionalOnClass found required class 'javax.servlet.ServletRegistration' (OnClassCondition)
      - DispatcherServlet Registration did not find servlet registration bean (DispatcherServletAutoConfiguration.DispatcherServletRegistrationCondition)

   DispatcherServletAutoConfiguration.DispatcherServletRegistrationConfiguration#dispatcherServletRegistration matched:
      - @ConditionalOnBean (names: dispatcherServlet types: org.springframework.web.servlet.DispatcherServlet; SearchStrategy: all) found bean 'dispatcherServlet' (OnBeanCondition)

   EmbeddedWebServerFactoryCustomizerAutoConfiguration matched:
      - @ConditionalOnWebApplication (required) found 'session' scope (OnWebApplicationCondition)
      - @ConditionalOnWarDeployment the application is not deployed as a WAR file. (OnWarDeploymentCondition)

   EmbeddedWebServerFactoryCustomizerAutoConfiguration.TomcatWebServerFactoryCustomizerConfiguration matched:
      - @ConditionalOnClass found required classes 'org.apache.catalina.startup.Tomcat', 'org.apache.coyote.UpgradeProtocol' (OnClassCondition)

   ErrorMvcAutoConfiguration matched:
      - @ConditionalOnClass found required classes 'javax.servlet.Servlet', 'org.springframework.web.servlet.DispatcherServlet' (OnClassCondition)
      - found 'session' scope (OnWebApplicationCondition)

   ErrorMvcAutoConfiguration#basicErrorController matched:
      - @ConditionalOnMissingBean (types: org.springframework.boot.web.servlet.error.ErrorController; SearchStrategy: current) did not find any beans (OnBeanCondition)

   ErrorMvcAutoConfiguration#errorAttributes matched:
      - @ConditionalOnMissingBean (types: org.springframework.boot.web.servlet.error.ErrorAttributes; SearchStrategy: current) did not find any beans (OnBeanCondition)

   ErrorMvcAutoConfiguration.DefaultErrorViewResolverConfiguration#conventionErrorViewResolver matched:
      - @ConditionalOnBean (types: org.springframework.web.servlet.DispatcherServlet; SearchStrategy: all) found bean 'dispatcherServlet'; @ConditionalOnMissingBean (types: org.springframework.boot.autoconfigure.web.servlet.error.ErrorViewResolver; SearchStrategy: all) did not find any beans (OnBeanCondition)

   ErrorMvcAutoConfiguration.WhitelabelErrorViewConfiguration matched:
      - @ConditionalOnProperty (server.error.whitelabel.enabled) matched (OnPropertyCondition)
      - ErrorTemplate Missing did not find error template view (ErrorMvcAutoConfiguration.ErrorTemplateMissingCondition)

   ErrorMvcAutoConfiguration.WhitelabelErrorViewConfiguration#beanNameViewResolver matched:
      - @ConditionalOnMissingBean (types: org.springframework.web.servlet.view.BeanNameViewResolver; SearchStrategy: all) did not find any beans (OnBeanCondition)

   ErrorMvcAutoConfiguration.WhitelabelErrorViewConfiguration#defaultErrorView matched:
      - @ConditionalOnMissingBean (names: error; SearchStrategy: all) did not find any beans (OnBeanCondition)

   GenericCacheConfiguration matched:
      - Cache org.springframework.boot.autoconfigure.cache.GenericCacheConfiguration automatic cache type (CacheCondition)

   HttpEncodingAutoConfiguration matched:
      - @ConditionalOnClass found required class 'org.springframework.web.filter.CharacterEncodingFilter' (OnClassCondition)
      - found 'session' scope (OnWebApplicationCondition)
      - @ConditionalOnProperty (server.servlet.encoding.enabled) matched (OnPropertyCondition)

   HttpEncodingAutoConfiguration#characterEncodingFilter matched:
      - @ConditionalOnMissingBean (types: org.springframework.web.filter.CharacterEncodingFilter; SearchStrategy: all) did not find any beans (OnBeanCondition)

   HttpMessageConvertersAutoConfiguration matched:
      - @ConditionalOnClass found required class 'org.springframework.http.converter.HttpMessageConverter' (OnClassCondition)
      - NoneNestedConditions 0 matched 1 did not; NestedCondition on HttpMessageConvertersAutoConfiguration.NotReactiveWebApplicationCondition.ReactiveWebApplication did not find reactive web application classes (HttpMessageConvertersAutoConfiguration.NotReactiveWebApplicationCondition)

   HttpMessageConvertersAutoConfiguration#messageConverters matched:
      - @ConditionalOnMissingBean (types: org.springframework.boot.autoconfigure.http.HttpMessageConverters; SearchStrategy: all) did not find any beans (OnBeanCondition)

   HttpMessageConvertersAutoConfiguration.StringHttpMessageConverterConfiguration matched:
      - @ConditionalOnClass found required class 'org.springframework.http.converter.StringHttpMessageConverter' (OnClassCondition)

   HttpMessageConvertersAutoConfiguration.StringHttpMessageConverterConfiguration#stringHttpMessageConverter matched:
      - @ConditionalOnMissingBean (types: org.springframework.http.converter.StringHttpMessageConverter; SearchStrategy: all) did not find any beans (OnBeanCondition)

   JacksonAutoConfiguration matched:
      - @ConditionalOnClass found required class 'com.fasterxml.jackson.databind.ObjectMapper' (OnClassCondition)

   JacksonAutoConfiguration.Jackson2ObjectMapperBuilderCustomizerConfiguration matched:
      - @ConditionalOnClass found required class 'org.springframework.http.converter.json.Jackson2ObjectMapperBuilder' (OnClassCondition)

   JacksonAutoConfiguration.JacksonObjectMapperBuilderConfiguration matched:
      - @ConditionalOnClass found required class 'org.springframework.http.converter.json.Jackson2ObjectMapperBuilder' (OnClassCondition)

   JacksonAutoConfiguration.JacksonObjectMapperBuilderConfiguration#jacksonObjectMapperBuilder matched:
      - @ConditionalOnMissingBean (types: org.springframework.http.converter.json.Jackson2ObjectMapperBuilder; SearchStrategy: all) did not find any beans (OnBeanCondition)

   JacksonAutoConfiguration.JacksonObjectMapperConfiguration matched:
      - @ConditionalOnClass found required class 'org.springframework.http.converter.json.Jackson2ObjectMapperBuilder' (OnClassCondition)

   JacksonAutoConfiguration.JacksonObjectMapperConfiguration#jacksonObjectMapper matched:
      - @ConditionalOnMissingBean (types: com.fasterxml.jackson.databind.ObjectMapper; SearchStrategy: all) did not find any beans (OnBeanCondition)

   JacksonAutoConfiguration.ParameterNamesModuleConfiguration matched:
      - @ConditionalOnClass found required class 'com.fasterxml.jackson.module.paramnames.ParameterNamesModule' (OnClassCondition)

   JacksonAutoConfiguration.ParameterNamesModuleConfiguration#parameterNamesModule matched:
      - @ConditionalOnMissingBean (types: com.fasterxml.jackson.module.paramnames.ParameterNamesModule; SearchStrategy: all) did not find any beans (OnBeanCondition)

   JacksonHttpMessageConvertersConfiguration.MappingJackson2HttpMessageConverterConfiguration matched:
      - @ConditionalOnClass found required class 'com.fasterxml.jackson.databind.ObjectMapper' (OnClassCondition)
      - @ConditionalOnProperty (spring.mvc.converters.preferred-json-mapper=jackson) matched (OnPropertyCondition)
      - @ConditionalOnBean (types: com.fasterxml.jackson.databind.ObjectMapper; SearchStrategy: all) found bean 'jacksonObjectMapper' (OnBeanCondition)

   JacksonHttpMessageConvertersConfiguration.MappingJackson2HttpMessageConverterConfiguration#mappingJackson2HttpMessageConverter matched:
      - @ConditionalOnMissingBean (types: org.springframework.http.converter.json.MappingJackson2HttpMessageConverter ignored: org.springframework.hateoas.server.mvc.TypeConstrainedMappingJackson2HttpMessageConverter,org.springframework.data.rest.webmvc.alps.AlpsJsonHttpMessageConverter; SearchStrategy: all) did not find any beans (OnBeanCondition)

   JdbcTemplateAutoConfiguration matched:
      - @ConditionalOnClass found required classes 'javax.sql.DataSource', 'org.springframework.jdbc.core.JdbcTemplate' (OnClassCondition)
      - @ConditionalOnSingleCandidate (types: javax.sql.DataSource; SearchStrategy: all) found a single bean 'dataSource' (OnBeanCondition)

   LifecycleAutoConfiguration#defaultLifecycleProcessor matched:
      - @ConditionalOnMissingBean (names: lifecycleProcessor; SearchStrategy: current) did not find any beans (OnBeanCondition)

   MailSenderAutoConfiguration matched:
      - @ConditionalOnClass found required classes 'javax.mail.internet.MimeMessage', 'javax.activation.MimeType', 'org.springframework.mail.MailSender' (OnClassCondition)
      - AnyNestedCondition 1 matched 1 did not; NestedCondition on MailSenderAutoConfiguration.MailSenderCondition.JndiNameProperty @ConditionalOnProperty (spring.mail.jndi-name) did not find property 'jndi-name'; NestedCondition on MailSenderAutoConfiguration.MailSenderCondition.HostProperty @ConditionalOnProperty (spring.mail.host) matched (MailSenderAutoConfiguration.MailSenderCondition)
      - @ConditionalOnMissingBean (types: org.springframework.mail.MailSender; SearchStrategy: all) did not find any beans (OnBeanCondition)

   MailSenderPropertiesConfiguration matched:
      - @ConditionalOnProperty (spring.mail.host) matched (OnPropertyCondition)

   MailSenderPropertiesConfiguration#mailSender matched:
      - @ConditionalOnMissingBean (types: org.springframework.mail.javamail.JavaMailSender; SearchStrategy: all) did not find any beans (OnBeanCondition)

   MultipartAutoConfiguration matched:
      - @ConditionalOnClass found required classes 'javax.servlet.Servlet', 'org.springframework.web.multipart.support.StandardServletMultipartResolver', 'javax.servlet.MultipartConfigElement' (OnClassCondition)
      - found 'session' scope (OnWebApplicationCondition)
      - @ConditionalOnProperty (spring.servlet.multipart.enabled) matched (OnPropertyCondition)

   MultipartAutoConfiguration#multipartConfigElement matched:
      - @ConditionalOnMissingBean (types: javax.servlet.MultipartConfigElement,org.springframework.web.multipart.commons.CommonsMultipartResolver; SearchStrategy: all) did not find any beans (OnBeanCondition)

   MultipartAutoConfiguration#multipartResolver matched:
      - @ConditionalOnMissingBean (types: org.springframework.web.multipart.MultipartResolver; SearchStrategy: all) did not find any beans (OnBeanCondition)

   NamedParameterJdbcTemplateConfiguration matched:
      - @ConditionalOnSingleCandidate (types: org.springframework.jdbc.core.JdbcTemplate; SearchStrategy: all) found a single primary bean 'jdbcTemplate' from beans 'jdbcTemplate', 'centralJdbcTemplate'; @ConditionalOnMissingBean (types: org.springframework.jdbc.core.namedparam.NamedParameterJdbcOperations; SearchStrategy: all) did not find any beans (OnBeanCondition)

   NoOpCacheConfiguration matched:
      - Cache org.springframework.boot.autoconfigure.cache.NoOpCacheConfiguration automatic cache type (CacheCondition)

   PersistenceExceptionTranslationAutoConfiguration matched:
      - @ConditionalOnClass found required class 'org.springframework.dao.annotation.PersistenceExceptionTranslationPostProcessor' (OnClassCondition)

   PersistenceExceptionTranslationAutoConfiguration#persistenceExceptionTranslationPostProcessor matched:
      - @ConditionalOnProperty (spring.dao.exceptiontranslation.enabled) matched (OnPropertyCondition)
      - @ConditionalOnMissingBean (types: org.springframework.dao.annotation.PersistenceExceptionTranslationPostProcessor; SearchStrategy: all) did not find any beans (OnBeanCondition)

   PropertyPlaceholderAutoConfiguration#propertySourcesPlaceholderConfigurer matched:
      - @ConditionalOnMissingBean (types: org.springframework.context.support.PropertySourcesPlaceholderConfigurer; SearchStrategy: current) did not find any beans (OnBeanCondition)

   RestTemplateAutoConfiguration matched:
      - @ConditionalOnClass found required class 'org.springframework.web.client.RestTemplate' (OnClassCondition)
      - NoneNestedConditions 0 matched 1 did not; NestedCondition on RestTemplateAutoConfiguration.NotReactiveWebApplicationCondition.ReactiveWebApplication did not find reactive web application classes (RestTemplateAutoConfiguration.NotReactiveWebApplicationCondition)

   RestTemplateAutoConfiguration#restTemplateBuilder matched:
      - @ConditionalOnMissingBean (types: org.springframework.boot.web.client.RestTemplateBuilder; SearchStrategy: all) did not find any beans (OnBeanCondition)

   RestTemplateAutoConfiguration#restTemplateBuilderConfigurer matched:
      - @ConditionalOnMissingBean (types: org.springframework.boot.autoconfigure.web.client.RestTemplateBuilderConfigurer; SearchStrategy: all) did not find any beans (OnBeanCondition)

   ServletWebServerFactoryAutoConfiguration matched:
      - @ConditionalOnClass found required class 'javax.servlet.ServletRequest' (OnClassCondition)
      - found 'session' scope (OnWebApplicationCondition)

   ServletWebServerFactoryAutoConfiguration#tomcatServletWebServerFactoryCustomizer matched:
      - @ConditionalOnClass found required class 'org.apache.catalina.startup.Tomcat' (OnClassCondition)

   ServletWebServerFactoryConfiguration.EmbeddedTomcat matched:
      - @ConditionalOnClass found required classes 'javax.servlet.Servlet', 'org.apache.catalina.startup.Tomcat', 'org.apache.coyote.UpgradeProtocol' (OnClassCondition)
      - @ConditionalOnMissingBean (types: org.springframework.boot.web.servlet.server.ServletWebServerFactory; SearchStrategy: current) did not find any beans (OnBeanCondition)

   SimpleCacheConfiguration matched:
      - Cache org.springframework.boot.autoconfigure.cache.SimpleCacheConfiguration automatic cache type (CacheCondition)

   SpringDocConfigProperties matched:
      - @ConditionalOnProperty (springdoc.api-docs.enabled) matched (OnPropertyCondition)

   SpringDocConfiguration matched:
      - @ConditionalOnWebApplication (required) found 'session' scope (OnWebApplicationCondition)
      - @ConditionalOnProperty (springdoc.api-docs.enabled) matched (OnPropertyCondition)

   SpringDocConfiguration#fileSupportConverter matched:
      - @ConditionalOnMissingBean (types: org.springdoc.core.converters.FileSupportConverter; SearchStrategy: all) did not find any beans (OnBeanCondition)

   SpringDocConfiguration#openAPIBuilder matched:
      - @ConditionalOnMissingBean (types: org.springdoc.core.OpenAPIService; SearchStrategy: all) did not find any beans (OnBeanCondition)

   SpringDocConfiguration#operationBuilder matched:
      - @ConditionalOnMissingBean (types: org.springdoc.core.OperationService; SearchStrategy: all) did not find any beans (OnBeanCondition)

   SpringDocConfiguration#parameterBuilder matched:
      - @ConditionalOnMissingBean (types: org.springdoc.core.GenericParameterService; SearchStrategy: all) did not find any beans (OnBeanCondition)

   SpringDocConfiguration#polymorphicModelConverter matched:
      - @ConditionalOnProperty (springdoc.model-converters.polymorphic-converter.enabled) matched (OnPropertyCondition)
      - @ConditionalOnMissingBean (types: org.springdoc.core.converters.PolymorphicModelConverter; SearchStrategy: all) did not find any beans (OnBeanCondition)

   SpringDocConfiguration#requestBodyBuilder matched:
      - @ConditionalOnMissingBean (types: org.springdoc.core.RequestBodyService; SearchStrategy: all) did not find any beans (OnBeanCondition)

   SpringDocConfiguration#responseSupportConverter matched:
      - @ConditionalOnMissingBean (types: org.springdoc.core.converters.ResponseSupportConverter; SearchStrategy: all) did not find any beans (OnBeanCondition)

   SpringDocConfiguration#schemaPropertyDeprecatingConverter matched:
      - @ConditionalOnProperty (springdoc.model-converters.deprecating-converter.enabled) matched (OnPropertyCondition)
      - @ConditionalOnMissingBean (types: org.springdoc.core.converters.SchemaPropertyDeprecatingConverter; SearchStrategy: all) did not find any beans (OnBeanCondition)

   SpringDocConfiguration#securityParser matched:
      - @ConditionalOnMissingBean (types: org.springdoc.core.SecurityService; SearchStrategy: all) did not find any beans (OnBeanCondition)

   SpringDocConfiguration#springDocCustomizers matched:
      - @ConditionalOnMissingBean (types: org.springdoc.core.customizers.SpringDocCustomizers; SearchStrategy: all) did not find any beans (OnBeanCondition)

   SpringDocConfiguration#springDocObjectMapperProvider matched:
      - @ConditionalOnMissingBean (types: org.springdoc.core.providers.ObjectMapperProvider; SearchStrategy: all) did not find any beans (OnBeanCondition)

   SpringDocConfiguration#springDocProviders matched:
      - @ConditionalOnMissingBean (types: org.springdoc.core.SpringDocProviders; SearchStrategy: all) did not find any beans (OnBeanCondition)

   SpringDocConfiguration.SpringDocSpringDataWebPropertiesProvider matched:
      - @ConditionalOnClass found required class 'org.springframework.boot.autoconfigure.data.web.SpringDataWebProperties' (OnClassCondition)

   SpringDocConfiguration.SpringDocSpringDataWebPropertiesProvider#springDataWebPropertiesProvider matched:
      - @ConditionalOnMissingBean (types: org.springdoc.core.providers.SpringDataWebPropertiesProvider; SearchStrategy: all) did not find any beans (OnBeanCondition)

   SpringDocConfiguration.WebConversionServiceConfiguration matched:
      - @ConditionalOnClass found required class 'org.springframework.boot.autoconfigure.web.format.WebConversionService' (OnClassCondition)

   SpringDocUIConfiguration matched:
      - @ConditionalOnWebApplication (required) found 'session' scope (OnWebApplicationCondition)
      - @ConditionalOnExpression (#{${springdoc.api-docs.enabled:true}}) resulted in true (OnExpressionCondition)
      - @ConditionalOnBean (types: org.springdoc.core.SpringDocConfiguration; SearchStrategy: all) found bean 'org.springdoc.core.SpringDocConfiguration' (OnBeanCondition)

   SpringDocWebMvcConfiguration matched:
      - found 'session' scope (OnWebApplicationCondition)
      - @ConditionalOnProperty (springdoc.api-docs.enabled) matched (OnPropertyCondition)
      - @ConditionalOnBean (types: org.springdoc.core.SpringDocConfiguration; SearchStrategy: all) found bean 'org.springdoc.core.SpringDocConfiguration' (OnBeanCondition)

   SpringDocWebMvcConfiguration#openApiResource matched:
      - @ConditionalOnProperty (springdoc.use-management-port=false) matched (OnPropertyCondition)
      - @ConditionalOnMissingBean (types: org.springdoc.webmvc.api.OpenApiWebMvcResource; SearchStrategy: all) did not find any beans (OnBeanCondition)

   SpringDocWebMvcConfiguration#requestBuilder matched:
      - @ConditionalOnMissingBean (types: org.springdoc.webmvc.core.RequestService; SearchStrategy: all) did not find any beans (OnBeanCondition)

   SpringDocWebMvcConfiguration#responseBuilder matched:
      - @ConditionalOnMissingBean (types: org.springdoc.core.GenericResponseService; SearchStrategy: all) did not find any beans (OnBeanCondition)

   SpringDocWebMvcConfiguration#springWebProvider matched:
      - @ConditionalOnMissingBean (types: org.springdoc.core.providers.SpringWebProvider; SearchStrategy: all) did not find any beans (OnBeanCondition)

   SpringDocWebMvcConfiguration.SpringDocWebMvcRouterConfiguration matched:
      - @ConditionalOnClass found required class 'org.springframework.web.servlet.function.RouterFunction' (OnClassCondition)

   SpringDocWebMvcConfiguration.SpringDocWebMvcRouterConfiguration#routerFunctionProvider matched:
      - @ConditionalOnMissingBean (types: org.springdoc.webmvc.core.RouterFunctionWebMvcProvider; SearchStrategy: all) did not find any beans (OnBeanCondition)

   SqlInitializationAutoConfiguration matched:
      - @ConditionalOnProperty (spring.sql.init.enabled) matched (OnPropertyCondition)
      - NoneNestedConditions 0 matched 1 did not; NestedCondition on SqlInitializationAutoConfiguration.SqlInitializationModeCondition.ModeIsNever @ConditionalOnProperty (spring.sql.init.mode=never) did not find property 'mode' (SqlInitializationAutoConfiguration.SqlInitializationModeCondition)

   SwaggerConfig matched:
      - found 'session' scope (OnWebApplicationCondition)
      - @ConditionalOnProperty (springdoc.swagger-ui.enabled) matched (OnPropertyCondition)
      - @ConditionalOnBean (types: org.springdoc.core.SpringDocConfiguration; SearchStrategy: all) found bean 'org.springdoc.core.SpringDocConfiguration' (OnBeanCondition)

   SwaggerConfig#indexPageTransformer matched:
      - @ConditionalOnMissingBean (types: org.springdoc.webmvc.ui.SwaggerIndexTransformer; SearchStrategy: all) did not find any beans (OnBeanCondition)

   SwaggerConfig#swaggerConfigResource matched:
      - @ConditionalOnProperty (springdoc.use-management-port=false) matched (OnPropertyCondition)
      - @ConditionalOnMissingBean (types: org.springdoc.webmvc.ui.SwaggerConfigResource; SearchStrategy: all) did not find any beans (OnBeanCondition)

   SwaggerConfig#swaggerResourceResolver matched:
      - @ConditionalOnMissingBean (types: org.springdoc.webmvc.ui.SwaggerResourceResolver; SearchStrategy: all) did not find any beans (OnBeanCondition)

   SwaggerConfig#swaggerWebMvcConfigurer matched:
      - @ConditionalOnMissingBean (types: org.springdoc.webmvc.ui.SwaggerWebMvcConfigurer; SearchStrategy: all) did not find any beans (OnBeanCondition)

   SwaggerConfig#swaggerWelcome matched:
      - @ConditionalOnProperty (springdoc.use-management-port=false) matched (OnPropertyCondition)
      - @ConditionalOnMissingBean (types: org.springdoc.webmvc.ui.SwaggerWelcomeWebMvc; SearchStrategy: all) did not find any beans (OnBeanCondition)

   SwaggerUiConfigParameters matched:
      - @ConditionalOnProperty (springdoc.swagger-ui.enabled) matched (OnPropertyCondition)
      - @ConditionalOnBean (types: org.springdoc.core.SpringDocConfiguration; SearchStrategy: all) found bean 'org.springdoc.core.SpringDocConfiguration' (OnBeanCondition)

   SwaggerUiConfigProperties matched:
      - @ConditionalOnProperty (springdoc.swagger-ui.enabled) matched (OnPropertyCondition)
      - @ConditionalOnBean (types: org.springdoc.core.SpringDocConfiguration; SearchStrategy: all) found bean 'org.springdoc.core.SpringDocConfiguration' (OnBeanCondition)

   SwaggerUiOAuthProperties matched:
      - @ConditionalOnProperty (springdoc.swagger-ui.enabled) matched (OnPropertyCondition)
      - @ConditionalOnBean (types: org.springdoc.core.SpringDocConfiguration; SearchStrategy: all) found bean 'org.springdoc.core.SpringDocConfiguration' (OnBeanCondition)

   TaskExecutionAutoConfiguration matched:
      - @ConditionalOnClass found required class 'org.springframework.scheduling.concurrent.ThreadPoolTaskExecutor' (OnClassCondition)

   TaskExecutionAutoConfiguration#applicationTaskExecutor matched:
      - @ConditionalOnMissingBean (types: java.util.concurrent.Executor; SearchStrategy: all) did not find any beans (OnBeanCondition)

   TaskExecutionAutoConfiguration#taskExecutorBuilder matched:
      - @ConditionalOnMissingBean (types: org.springframework.boot.task.TaskExecutorBuilder; SearchStrategy: all) did not find any beans (OnBeanCondition)

   TaskSchedulingAutoConfiguration matched:
      - @ConditionalOnClass found required class 'org.springframework.scheduling.concurrent.ThreadPoolTaskScheduler' (OnClassCondition)

   TaskSchedulingAutoConfiguration#taskSchedulerBuilder matched:
      - @ConditionalOnMissingBean (types: org.springframework.boot.task.TaskSchedulerBuilder; SearchStrategy: all) did not find any beans (OnBeanCondition)

   TransactionAutoConfiguration matched:
      - @ConditionalOnClass found required class 'org.springframework.transaction.PlatformTransactionManager' (OnClassCondition)

   TransactionAutoConfiguration#platformTransactionManagerCustomizers matched:
      - @ConditionalOnMissingBean (types: org.springframework.boot.autoconfigure.transaction.TransactionManagerCustomizers; SearchStrategy: all) did not find any beans (OnBeanCondition)

   TransactionAutoConfiguration.EnableTransactionManagementConfiguration matched:
      - @ConditionalOnBean (types: org.springframework.transaction.TransactionManager; SearchStrategy: all) found bean 'transactionManager'; @ConditionalOnMissingBean (types: org.springframework.transaction.annotation.AbstractTransactionManagementConfiguration; SearchStrategy: all) did not find any beans (OnBeanCondition)

   TransactionAutoConfiguration.EnableTransactionManagementConfiguration.CglibAutoProxyConfiguration matched:
      - @ConditionalOnProperty (spring.aop.proxy-target-class=true) matched (OnPropertyCondition)

   TransactionAutoConfiguration.TransactionTemplateConfiguration matched:
      - @ConditionalOnSingleCandidate (types: org.springframework.transaction.PlatformTransactionManager; SearchStrategy: all) found a single bean 'transactionManager' (OnBeanCondition)

   TransactionAutoConfiguration.TransactionTemplateConfiguration#transactionTemplate matched:
      - @ConditionalOnMissingBean (types: org.springframework.transaction.support.TransactionOperations; SearchStrategy: all) did not find any beans (OnBeanCondition)

   ValidationAutoConfiguration matched:
      - @ConditionalOnClass found required class 'javax.validation.executable.ExecutableValidator' (OnClassCondition)
      - @ConditionalOnResource found location classpath:META-INF/services/javax.validation.spi.ValidationProvider (OnResourceCondition)

   ValidationAutoConfiguration#defaultValidator matched:
      - @ConditionalOnMissingBean (types: javax.validation.Validator; SearchStrategy: all) did not find any beans (OnBeanCondition)

   ValidationAutoConfiguration#methodValidationPostProcessor matched:
      - @ConditionalOnMissingBean (types: org.springframework.validation.beanvalidation.MethodValidationPostProcessor; SearchStrategy: current) did not find any beans (OnBeanCondition)

   WebMvcAutoConfiguration matched:
      - @ConditionalOnClass found required classes 'javax.servlet.Servlet', 'org.springframework.web.servlet.DispatcherServlet', 'org.springframework.web.servlet.config.annotation.WebMvcConfigurer' (OnClassCondition)
      - found 'session' scope (OnWebApplicationCondition)
      - @ConditionalOnMissingBean (types: org.springframework.web.servlet.config.annotation.WebMvcConfigurationSupport; SearchStrategy: all) did not find any beans (OnBeanCondition)

   WebMvcAutoConfiguration#formContentFilter matched:
      - @ConditionalOnProperty (spring.mvc.formcontent.filter.enabled) matched (OnPropertyCondition)
      - @ConditionalOnMissingBean (types: org.springframework.web.filter.FormContentFilter; SearchStrategy: all) did not find any beans (OnBeanCondition)

   WebMvcAutoConfiguration.EnableWebMvcConfiguration#flashMapManager matched:
      - @ConditionalOnMissingBean (names: flashMapManager; SearchStrategy: all) did not find any beans (OnBeanCondition)

   WebMvcAutoConfiguration.EnableWebMvcConfiguration#localeResolver matched:
      - @ConditionalOnMissingBean (names: localeResolver; SearchStrategy: all) did not find any beans (OnBeanCondition)

   WebMvcAutoConfiguration.EnableWebMvcConfiguration#themeResolver matched:
      - @ConditionalOnMissingBean (names: themeResolver; SearchStrategy: all) did not find any beans (OnBeanCondition)

   WebMvcAutoConfiguration.WebMvcAutoConfigurationAdapter#defaultViewResolver matched:
      - @ConditionalOnMissingBean (types: org.springframework.web.servlet.view.InternalResourceViewResolver; SearchStrategy: all) did not find any beans (OnBeanCondition)

   WebMvcAutoConfiguration.WebMvcAutoConfigurationAdapter#requestContextFilter matched:
      - @ConditionalOnMissingBean (types: org.springframework.web.context.request.RequestContextListener,org.springframework.web.filter.RequestContextFilter; SearchStrategy: all) did not find any beans (OnBeanCondition)

   WebMvcAutoConfiguration.WebMvcAutoConfigurationAdapter#viewResolver matched:
      - @ConditionalOnBean (types: org.springframework.web.servlet.ViewResolver; SearchStrategy: all) found beans 'defaultViewResolver', 'beanNameViewResolver', 'mvcViewResolver'; @ConditionalOnMissingBean (names: viewResolver types: org.springframework.web.servlet.view.ContentNegotiatingViewResolver; SearchStrategy: all) did not find any beans (OnBeanCondition)

   WebSocketServletAutoConfiguration matched:
      - @ConditionalOnClass found required classes 'javax.servlet.Servlet', 'javax.websocket.server.ServerContainer' (OnClassCondition)
      - found 'session' scope (OnWebApplicationCondition)

   WebSocketServletAutoConfiguration.TomcatWebSocketConfiguration matched:
      - @ConditionalOnClass found required classes 'org.apache.catalina.startup.Tomcat', 'org.apache.tomcat.websocket.server.WsSci' (OnClassCondition)

   WebSocketServletAutoConfiguration.TomcatWebSocketConfiguration#websocketServletWebServerCustomizer matched:
      - @ConditionalOnMissingBean (names: websocketServletWebServerCustomizer; SearchStrategy: all) did not find any beans (OnBeanCondition)


Negative matches:
-----------------

   ActiveMQAutoConfiguration:
      Did not match:
         - @ConditionalOnClass did not find required class 'javax.jms.ConnectionFactory' (OnClassCondition)

   AopAutoConfiguration.AspectJAutoProxyingConfiguration:
      Did not match:
         - @ConditionalOnClass did not find required class 'org.aspectj.weaver.Advice' (OnClassCondition)

   ArtemisAutoConfiguration:
      Did not match:
         - @ConditionalOnClass did not find required class 'javax.jms.ConnectionFactory' (OnClassCondition)

   BatchAutoConfiguration:
      Did not match:
         - @ConditionalOnClass did not find required class 'org.springframework.batch.core.launch.JobLauncher' (OnClassCondition)

   Cache2kCacheConfiguration:
      Did not match:
         - @ConditionalOnClass did not find required class 'org.cache2k.Cache2kBuilder' (OnClassCondition)

   CacheAutoConfiguration:
      Did not match:
         - @ConditionalOnBean (types: org.springframework.cache.interceptor.CacheAspectSupport; SearchStrategy: all) did not find any beans of type org.springframework.cache.interceptor.CacheAspectSupport (OnBeanCondition)
      Matched:
         - @ConditionalOnClass found required class 'org.springframework.cache.CacheManager' (OnClassCondition)

   CacheAutoConfiguration.CacheManagerEntityManagerFactoryDependsOnPostProcessor:
      Did not match:
         - @ConditionalOnClass did not find required class 'org.springframework.orm.jpa.LocalContainerEntityManagerFactoryBean' (OnClassCondition)
         - Ancestor org.springframework.boot.autoconfigure.cache.CacheAutoConfiguration did not match (ConditionEvaluationReport.AncestorsMatchedCondition)

   CaffeineCacheConfiguration:
      Did not match:
         - @ConditionalOnClass did not find required class 'com.github.benmanes.caffeine.cache.Caffeine' (OnClassCondition)

   CassandraAutoConfiguration:
      Did not match:
         - @ConditionalOnClass did not find required class 'com.datastax.oss.driver.api.core.CqlSession' (OnClassCondition)

   CassandraDataAutoConfiguration:
      Did not match:
         - @ConditionalOnClass did not find required class 'com.datastax.oss.driver.api.core.CqlSession' (OnClassCondition)

   CassandraReactiveDataAutoConfiguration:
      Did not match:
         - @ConditionalOnClass did not find required class 'com.datastax.oss.driver.api.core.CqlSession' (OnClassCondition)

   CassandraReactiveRepositoriesAutoConfiguration:
      Did not match:
         - @ConditionalOnClass did not find required class 'org.springframework.data.cassandra.ReactiveSession' (OnClassCondition)

   CassandraRepositoriesAutoConfiguration:
      Did not match:
         - @ConditionalOnClass did not find required class 'com.datastax.oss.driver.api.core.CqlSession' (OnClassCondition)

   ClientHttpConnectorAutoConfiguration:
      Did not match:
         - @ConditionalOnClass did not find required class 'org.springframework.web.reactive.function.client.WebClient' (OnClassCondition)

   CodecsAutoConfiguration:
      Did not match:
         - @ConditionalOnClass did not find required class 'org.springframework.web.reactive.function.client.WebClient' (OnClassCondition)

   CouchbaseAutoConfiguration:
      Did not match:
         - @ConditionalOnClass did not find required class 'com.couchbase.client.java.Cluster' (OnClassCondition)

   CouchbaseCacheConfiguration:
      Did not match:
         - @ConditionalOnClass did not find required class 'com.couchbase.client.java.Cluster' (OnClassCondition)

   CouchbaseDataAutoConfiguration:
      Did not match:
         - @ConditionalOnClass did not find required class 'com.couchbase.client.java.Bucket' (OnClassCondition)

   CouchbaseReactiveDataAutoConfiguration:
      Did not match:
         - @ConditionalOnClass did not find required class 'com.couchbase.client.java.Cluster' (OnClassCondition)

   CouchbaseReactiveRepositoriesAutoConfiguration:
      Did not match:
         - @ConditionalOnClass did not find required class 'com.couchbase.client.java.Cluster' (OnClassCondition)

   CouchbaseRepositoriesAutoConfiguration:
      Did not match:
         - @ConditionalOnClass did not find required class 'com.couchbase.client.java.Bucket' (OnClassCondition)

   DataSourceAutoConfiguration.EmbeddedDatabaseConfiguration:
      Did not match:
         - EmbeddedDataSource spring.datasource.url is set (DataSourceAutoConfiguration.EmbeddedDatabaseCondition)

   DataSourceConfiguration.Dbcp2:
      Did not match:
         - @ConditionalOnClass did not find required class 'org.apache.commons.dbcp2.BasicDataSource' (OnClassCondition)

   DataSourceConfiguration.Generic:
      Did not match:
         - @ConditionalOnProperty (spring.datasource.type) did not find property 'spring.datasource.type' (OnPropertyCondition)

   DataSourceConfiguration.OracleUcp:
      Did not match:
         - @ConditionalOnClass did not find required classes 'oracle.ucp.jdbc.PoolDataSourceImpl', 'oracle.jdbc.OracleConnection' (OnClassCondition)

   DataSourceConfiguration.Tomcat:
      Did not match:
         - @ConditionalOnClass did not find required class 'org.apache.tomcat.jdbc.pool.DataSource' (OnClassCondition)

   DataSourceJmxConfiguration.TomcatDataSourceJmxConfiguration:
      Did not match:
         - @ConditionalOnClass did not find required class 'org.apache.tomcat.jdbc.pool.DataSourceProxy' (OnClassCondition)

   DataSourcePoolMetadataProvidersConfiguration.CommonsDbcp2PoolDataSourceMetadataProviderConfiguration:
      Did not match:
         - @ConditionalOnClass did not find required class 'org.apache.commons.dbcp2.BasicDataSource' (OnClassCondition)

   DataSourcePoolMetadataProvidersConfiguration.OracleUcpPoolDataSourceMetadataProviderConfiguration:
      Did not match:
         - @ConditionalOnClass did not find required classes 'oracle.ucp.jdbc.PoolDataSource', 'oracle.jdbc.OracleConnection' (OnClassCondition)

   DataSourcePoolMetadataProvidersConfiguration.TomcatDataSourcePoolMetadataProviderConfiguration:
      Did not match:
         - @ConditionalOnClass did not find required class 'org.apache.tomcat.jdbc.pool.DataSource' (OnClassCondition)

   DispatcherServletAutoConfiguration.DispatcherServletConfiguration#multipartResolver:
      Did not match:
         - @ConditionalOnBean (types: org.springframework.web.multipart.MultipartResolver; SearchStrategy: all) did not find any beans of type org.springframework.web.multipart.MultipartResolver (OnBeanCondition)

   EhCacheCacheConfiguration:
      Did not match:
         - @ConditionalOnClass did not find required class 'net.sf.ehcache.Cache' (OnClassCondition)

   ElasticsearchDataAutoConfiguration:
      Did not match:
         - @ConditionalOnClass did not find required class 'org.springframework.data.elasticsearch.core.ElasticsearchRestTemplate' (OnClassCondition)

   ElasticsearchRepositoriesAutoConfiguration:
      Did not match:
         - @ConditionalOnClass did not find required class 'org.elasticsearch.client.Client' (OnClassCondition)

   ElasticsearchRestClientAutoConfiguration:
      Did not match:
         - @ConditionalOnClass did not find required class 'org.elasticsearch.client.RestClientBuilder' (OnClassCondition)

   EmbeddedLdapAutoConfiguration:
      Did not match:
         - @ConditionalOnClass did not find required class 'com.unboundid.ldap.listener.InMemoryDirectoryServer' (OnClassCondition)

   EmbeddedMongoAutoConfiguration:
      Did not match:
         - @ConditionalOnClass did not find required class 'com.mongodb.MongoClientSettings' (OnClassCondition)

   EmbeddedWebServerFactoryCustomizerAutoConfiguration.JettyWebServerFactoryCustomizerConfiguration:
      Did not match:
         - @ConditionalOnClass did not find required classes 'org.eclipse.jetty.server.Server', 'org.eclipse.jetty.util.Loader', 'org.eclipse.jetty.webapp.WebAppContext' (OnClassCondition)

   EmbeddedWebServerFactoryCustomizerAutoConfiguration.NettyWebServerFactoryCustomizerConfiguration:
      Did not match:
         - @ConditionalOnClass did not find required class 'reactor.netty.http.server.HttpServer' (OnClassCondition)

   EmbeddedWebServerFactoryCustomizerAutoConfiguration.UndertowWebServerFactoryCustomizerConfiguration:
      Did not match:
         - @ConditionalOnClass did not find required classes 'io.undertow.Undertow', 'org.xnio.SslClientAuthMode' (OnClassCondition)

   ErrorWebFluxAutoConfiguration:
      Did not match:
         - @ConditionalOnClass did not find required class 'org.springframework.web.reactive.config.WebFluxConfigurer' (OnClassCondition)

   FlywayAutoConfiguration:
      Did not match:
         - @ConditionalOnClass did not find required class 'org.flywaydb.core.Flyway' (OnClassCondition)

   FreeMarkerAutoConfiguration:
      Did not match:
         - @ConditionalOnClass did not find required class 'freemarker.template.Configuration' (OnClassCondition)

   GraphQlAutoConfiguration:
      Did not match:
         - @ConditionalOnClass did not find required class 'graphql.GraphQL' (OnClassCondition)

   GraphQlQueryByExampleAutoConfiguration:
      Did not match:
         - @ConditionalOnClass did not find required class 'graphql.GraphQL' (OnClassCondition)

   GraphQlQuerydslAutoConfiguration:
      Did not match:
         - @ConditionalOnClass did not find required class 'graphql.GraphQL' (OnClassCondition)

   GraphQlRSocketAutoConfiguration:
      Did not match:
         - @ConditionalOnClass did not find required class 'graphql.GraphQL' (OnClassCondition)

   GraphQlReactiveQueryByExampleAutoConfiguration:
      Did not match:
         - @ConditionalOnClass did not find required class 'graphql.GraphQL' (OnClassCondition)

   GraphQlReactiveQuerydslAutoConfiguration:
      Did not match:
         - @ConditionalOnClass did not find required class 'graphql.GraphQL' (OnClassCondition)

   GraphQlWebFluxAutoConfiguration:
      Did not match:
         - @ConditionalOnClass did not find required class 'graphql.GraphQL' (OnClassCondition)

   GraphQlWebFluxSecurityAutoConfiguration:
      Did not match:
         - @ConditionalOnClass did not find required class 'graphql.GraphQL' (OnClassCondition)

   GraphQlWebMvcAutoConfiguration:
      Did not match:
         - @ConditionalOnClass did not find required class 'graphql.GraphQL' (OnClassCondition)

   GraphQlWebMvcSecurityAutoConfiguration:
      Did not match:
         - @ConditionalOnClass did not find required class 'graphql.GraphQL' (OnClassCondition)

   GroovyTemplateAutoConfiguration:
      Did not match:
         - @ConditionalOnClass did not find required class 'groovy.text.markup.MarkupTemplateEngine' (OnClassCondition)

   GsonAutoConfiguration:
      Did not match:
         - @ConditionalOnClass did not find required class 'com.google.gson.Gson' (OnClassCondition)

   GsonHttpMessageConvertersConfiguration:
      Did not match:
         - @ConditionalOnClass did not find required class 'com.google.gson.Gson' (OnClassCondition)

   H2ConsoleAutoConfiguration:
      Did not match:
         - @ConditionalOnClass did not find required class 'org.h2.server.web.WebServlet' (OnClassCondition)

   HazelcastAutoConfiguration:
      Did not match:
         - @ConditionalOnClass did not find required class 'com.hazelcast.core.HazelcastInstance' (OnClassCondition)

   HazelcastCacheConfiguration:
      Did not match:
         - @ConditionalOnClass did not find required class 'com.hazelcast.core.HazelcastInstance' (OnClassCondition)

   HazelcastJpaDependencyAutoConfiguration:
      Did not match:
         - @ConditionalOnClass did not find required class 'com.hazelcast.core.HazelcastInstance' (OnClassCondition)

   HibernateJpaAutoConfiguration:
      Did not match:
         - @ConditionalOnClass did not find required class 'javax.persistence.EntityManager' (OnClassCondition)

   HttpHandlerAutoConfiguration:
      Did not match:
         - @ConditionalOnClass did not find required class 'org.springframework.web.reactive.DispatcherHandler' (OnClassCondition)

   HypermediaAutoConfiguration:
      Did not match:
         - @ConditionalOnClass did not find required class 'org.springframework.hateoas.EntityModel' (OnClassCondition)

   InfinispanCacheConfiguration:
      Did not match:
         - @ConditionalOnClass did not find required class 'org.infinispan.spring.embedded.provider.SpringEmbeddedCacheManager' (OnClassCondition)

   InfluxDbAutoConfiguration:
      Did not match:
         - @ConditionalOnClass did not find required class 'org.influxdb.InfluxDB' (OnClassCondition)

   IntegrationAutoConfiguration:
      Did not match:
         - @ConditionalOnClass did not find required class 'org.springframework.integration.config.EnableIntegration' (OnClassCondition)

   JCacheCacheConfiguration:
      Did not match:
         - @ConditionalOnClass did not find required class 'javax.cache.Caching' (OnClassCondition)

   JacksonHttpMessageConvertersConfiguration.MappingJackson2XmlHttpMessageConverterConfiguration:
      Did not match:
         - @ConditionalOnClass did not find required class 'com.fasterxml.jackson.dataformat.xml.XmlMapper' (OnClassCondition)

   JdbcRepositoriesAutoConfiguration:
      Did not match:
         - @ConditionalOnClass did not find required class 'org.springframework.data.jdbc.repository.config.AbstractJdbcConfiguration' (OnClassCondition)

   JdbcTemplateConfiguration:
      Did not match:
         - @ConditionalOnMissingBean (types: org.springframework.jdbc.core.JdbcOperations; SearchStrategy: all) found beans of type 'org.springframework.jdbc.core.JdbcOperations' jdbcTemplate, centralJdbcTemplate (OnBeanCondition)

   JerseyAutoConfiguration:
      Did not match:
         - @ConditionalOnClass did not find required class 'org.glassfish.jersey.server.spring.SpringComponentProvider' (OnClassCondition)

   JmsAutoConfiguration:
      Did not match:
         - @ConditionalOnClass did not find required class 'javax.jms.Message' (OnClassCondition)

   JmxAutoConfiguration:
      Did not match:
         - @ConditionalOnProperty (spring.jmx.enabled=true) did not find property 'enabled' (OnPropertyCondition)
      Matched:
         - @ConditionalOnClass found required class 'org.springframework.jmx.export.MBeanExporter' (OnClassCondition)

   JndiConnectionFactoryAutoConfiguration:
      Did not match:
         - @ConditionalOnClass did not find required class 'org.springframework.jms.core.JmsTemplate' (OnClassCondition)

   JndiDataSourceAutoConfiguration:
      Did not match:
         - @ConditionalOnProperty (spring.datasource.jndi-name) did not find property 'jndi-name' (OnPropertyCondition)
      Matched:
         - @ConditionalOnClass found required classes 'javax.sql.DataSource', 'org.springframework.jdbc.datasource.embedded.EmbeddedDatabaseType' (OnClassCondition)

   JooqAutoConfiguration:
      Did not match:
         - @ConditionalOnClass did not find required class 'org.jooq.DSLContext' (OnClassCondition)

   JpaRepositoriesAutoConfiguration:
      Did not match:
         - @ConditionalOnClass did not find required class 'org.springframework.data.jpa.repository.JpaRepository' (OnClassCondition)

   JsonbAutoConfiguration:
      Did not match:
         - @ConditionalOnClass did not find required class 'javax.json.bind.Jsonb' (OnClassCondition)

   JsonbHttpMessageConvertersConfiguration:
      Did not match:
         - @ConditionalOnClass did not find required class 'javax.json.bind.Jsonb' (OnClassCondition)

   JtaAutoConfiguration:
      Did not match:
         - @ConditionalOnClass did not find required class 'javax.transaction.Transaction' (OnClassCondition)

   KafkaAutoConfiguration:
      Did not match:
         - @ConditionalOnClass did not find required class 'org.springframework.kafka.core.KafkaTemplate' (OnClassCondition)

   LdapAutoConfiguration:
      Did not match:
         - @ConditionalOnClass did not find required class 'org.springframework.ldap.core.ContextSource' (OnClassCondition)

   LdapRepositoriesAutoConfiguration:
      Did not match:
         - @ConditionalOnClass did not find required class 'org.springframework.data.ldap.repository.LdapRepository' (OnClassCondition)

   LiquibaseAutoConfiguration:
      Did not match:
         - @ConditionalOnClass did not find required class 'liquibase.change.DatabaseChange' (OnClassCondition)

   MailSenderJndiConfiguration:
      Did not match:
         - @ConditionalOnProperty (spring.mail.jndi-name) did not find property 'jndi-name' (OnPropertyCondition)
      Matched:
         - @ConditionalOnClass found required class 'javax.mail.Session' (OnClassCondition)

   MailSenderValidatorAutoConfiguration:
      Did not match:
         - @ConditionalOnProperty (spring.mail.test-connection) did not find property 'test-connection' (OnPropertyCondition)

   MessageSourceAutoConfiguration:
      Did not match:
         - ResourceBundle did not find bundle with basename messages (MessageSourceAutoConfiguration.ResourceBundleCondition)

   MongoAutoConfiguration:
      Did not match:
         - @ConditionalOnClass did not find required class 'com.mongodb.client.MongoClient' (OnClassCondition)

   MongoDataAutoConfiguration:
      Did not match:
         - @ConditionalOnClass did not find required class 'com.mongodb.client.MongoClient' (OnClassCondition)

   MongoReactiveAutoConfiguration:
      Did not match:
         - @ConditionalOnClass did not find required class 'com.mongodb.reactivestreams.client.MongoClient' (OnClassCondition)

   MongoReactiveDataAutoConfiguration:
      Did not match:
         - @ConditionalOnClass did not find required class 'com.mongodb.reactivestreams.client.MongoClient' (OnClassCondition)

   MongoReactiveRepositoriesAutoConfiguration:
      Did not match:
         - @ConditionalOnClass did not find required class 'com.mongodb.reactivestreams.client.MongoClient' (OnClassCondition)

   MongoRepositoriesAutoConfiguration:
      Did not match:
         - @ConditionalOnClass did not find required class 'com.mongodb.client.MongoClient' (OnClassCondition)

   MultipleOpenApiSupportConfiguration:
      Did not match:
         - AnyNestedCondition 0 matched 2 did not; NestedCondition on MultipleOpenApiSupportCondition.OnActuatorDifferentPort @ConditionalOnProperty (springdoc.show-actuator) did not find property 'springdoc.show-actuator'; NestedCondition on MultipleOpenApiSupportCondition.OnMultipleOpenApiSupportCondition AnyNestedCondition 0 matched 2 did not; NestedCondition on MultipleOpenApiGroupsCondition.OnGroupConfigProperty @ConditionalOnProperty (springdoc.group-configs[0].group) did not find property 'springdoc.group-configs[0].group'; NestedCondition on MultipleOpenApiGroupsCondition.OnGroupedOpenApiBean @ConditionalOnBean (types: org.springdoc.core.GroupedOpenApi; SearchStrategy: all) did not find any beans of type org.springdoc.core.GroupedOpenApi (MultipleOpenApiSupportCondition)
      Matched:
         - found 'session' scope (OnWebApplicationCondition)
         - @ConditionalOnProperty (springdoc.api-docs.enabled) matched (OnPropertyCondition)

   MultipleOpenApiSupportConfiguration.SpringDocWebMvcActuatorDifferentConfiguration:
      Did not match:
         - @ConditionalOnClass did not find required class 'org.springframework.boot.actuate.endpoint.web.servlet.WebMvcEndpointHandlerMapping' (OnClassCondition)
         - Ancestor org.springdoc.webmvc.core.MultipleOpenApiSupportConfiguration did not match (ConditionEvaluationReport.AncestorsMatchedCondition)

   MustacheAutoConfiguration:
      Did not match:
         - @ConditionalOnClass did not find required class 'com.samskivert.mustache.Mustache' (OnClassCondition)

   Neo4jAutoConfiguration:
      Did not match:
         - @ConditionalOnClass did not find required class 'org.neo4j.driver.Driver' (OnClassCondition)

   Neo4jDataAutoConfiguration:
      Did not match:
         - @ConditionalOnClass did not find required class 'org.neo4j.driver.Driver' (OnClassCondition)

   Neo4jReactiveDataAutoConfiguration:
      Did not match:
         - @ConditionalOnClass did not find required class 'org.neo4j.driver.Driver' (OnClassCondition)

   Neo4jReactiveRepositoriesAutoConfiguration:
      Did not match:
         - @ConditionalOnClass did not find required class 'org.neo4j.driver.Driver' (OnClassCondition)

   Neo4jRepositoriesAutoConfiguration:
      Did not match:
         - @ConditionalOnClass did not find required class 'org.neo4j.driver.Driver' (OnClassCondition)

   NettyAutoConfiguration:
      Did not match:
         - @ConditionalOnClass did not find required class 'io.netty.util.NettyRuntime' (OnClassCondition)

   OAuth2ClientAutoConfiguration:
      Did not match:
         - @ConditionalOnClass did not find required class 'org.springframework.security.config.annotation.web.configuration.EnableWebSecurity' (OnClassCondition)

   OAuth2ResourceServerAutoConfiguration:
      Did not match:
         - @ConditionalOnClass did not find required class 'org.springframework.security.oauth2.server.resource.BearerTokenAuthenticationToken' (OnClassCondition)

   ProjectInfoAutoConfiguration#buildProperties:
      Did not match:
         - @ConditionalOnResource did not find resource '${spring.info.build.location:classpath:META-INF/build-info.properties}' (OnResourceCondition)

   ProjectInfoAutoConfiguration#gitProperties:
      Did not match:
         - GitResource did not find git info at classpath:git.properties (ProjectInfoAutoConfiguration.GitResourceAvailableCondition)

   QuartzAutoConfiguration:
      Did not match:
         - @ConditionalOnClass did not find required class 'org.quartz.Scheduler' (OnClassCondition)

   R2dbcAutoConfiguration:
      Did not match:
         - @ConditionalOnClass did not find required class 'io.r2dbc.spi.ConnectionFactory' (OnClassCondition)

   R2dbcDataAutoConfiguration:
      Did not match:
         - @ConditionalOnClass did not find required class 'org.springframework.data.r2dbc.core.R2dbcEntityTemplate' (OnClassCondition)

   R2dbcInitializationConfiguration:
      Did not match:
         - @ConditionalOnClass did not find required classes 'io.r2dbc.spi.ConnectionFactory', 'org.springframework.r2dbc.connection.init.DatabasePopulator' (OnClassCondition)

   R2dbcRepositoriesAutoConfiguration:
      Did not match:
         - @ConditionalOnClass did not find required class 'io.r2dbc.spi.ConnectionFactory' (OnClassCondition)

   R2dbcTransactionManagerAutoConfiguration:
      Did not match:
         - @ConditionalOnClass did not find required class 'org.springframework.r2dbc.connection.R2dbcTransactionManager' (OnClassCondition)

   RSocketGraphQlClientAutoConfiguration:
      Did not match:
         - @ConditionalOnClass did not find required class 'graphql.GraphQL' (OnClassCondition)

   RSocketMessagingAutoConfiguration:
      Did not match:
         - @ConditionalOnClass did not find required class 'io.rsocket.RSocket' (OnClassCondition)

   RSocketRequesterAutoConfiguration:
      Did not match:
         - @ConditionalOnClass did not find required class 'io.rsocket.RSocket' (OnClassCondition)

   RSocketSecurityAutoConfiguration:
      Did not match:
         - @ConditionalOnClass did not find required class 'org.springframework.security.rsocket.core.SecuritySocketAcceptorInterceptor' (OnClassCondition)

   RSocketServerAutoConfiguration:
      Did not match:
         - @ConditionalOnClass did not find required class 'io.rsocket.core.RSocketServer' (OnClassCondition)

   RSocketStrategiesAutoConfiguration:
      Did not match:
         - @ConditionalOnClass did not find required class 'io.netty.buffer.PooledByteBufAllocator' (OnClassCondition)

   RabbitAutoConfiguration:
      Did not match:
         - @ConditionalOnClass did not find required class 'com.rabbitmq.client.Channel' (OnClassCondition)

   ReactiveElasticsearchRepositoriesAutoConfiguration:
      Did not match:
         - @ConditionalOnClass did not find required class 'org.springframework.data.elasticsearch.client.reactive.ReactiveElasticsearchClient' (OnClassCondition)

   ReactiveElasticsearchRestClientAutoConfiguration:
      Did not match:
         - @ConditionalOnClass did not find required class 'reactor.netty.http.client.HttpClient' (OnClassCondition)

   ReactiveMultipartAutoConfiguration:
      Did not match:
         - @ConditionalOnClass did not find required class 'org.springframework.web.reactive.config.WebFluxConfigurer' (OnClassCondition)

   ReactiveOAuth2ClientAutoConfiguration:
      Did not match:
         - @ConditionalOnClass did not find required class 'reactor.core.publisher.Flux' (OnClassCondition)

   ReactiveOAuth2ResourceServerAutoConfiguration:
      Did not match:
         - @ConditionalOnClass did not find required class 'org.springframework.security.config.annotation.web.reactive.EnableWebFluxSecurity' (OnClassCondition)

   ReactiveSecurityAutoConfiguration:
      Did not match:
         - @ConditionalOnClass did not find required class 'reactor.core.publisher.Flux' (OnClassCondition)

   ReactiveUserDetailsServiceAutoConfiguration:
      Did not match:
         - @ConditionalOnClass did not find required class 'org.springframework.security.authentication.ReactiveAuthenticationManager' (OnClassCondition)

   ReactiveWebServerFactoryAutoConfiguration:
      Did not match:
         - @ConditionalOnWebApplication did not find reactive web application classes (OnWebApplicationCondition)

   RedisAutoConfiguration:
      Did not match:
         - @ConditionalOnClass did not find required class 'org.springframework.data.redis.core.RedisOperations' (OnClassCondition)

   RedisCacheConfiguration:
      Did not match:
         - @ConditionalOnClass did not find required class 'org.springframework.data.redis.connection.RedisConnectionFactory' (OnClassCondition)

   RedisReactiveAutoConfiguration:
      Did not match:
         - @ConditionalOnClass did not find required class 'reactor.core.publisher.Flux' (OnClassCondition)

   RedisRepositoriesAutoConfiguration:
      Did not match:
         - @ConditionalOnClass did not find required class 'org.springframework.data.redis.repository.configuration.EnableRedisRepositories' (OnClassCondition)

   RepositoryRestMvcAutoConfiguration:
      Did not match:
         - @ConditionalOnClass did not find required class 'org.springframework.data.rest.webmvc.config.RepositoryRestMvcConfiguration' (OnClassCondition)

   Saml2RelyingPartyAutoConfiguration:
      Did not match:
         - @ConditionalOnClass did not find required class 'org.springframework.security.saml2.provider.service.registration.RelyingPartyRegistrationRepository' (OnClassCondition)

   SecurityAutoConfiguration:
      Did not match:
         - @ConditionalOnClass did not find required class 'org.springframework.security.authentication.DefaultAuthenticationEventPublisher' (OnClassCondition)

   SecurityFilterAutoConfiguration:
      Did not match:
         - @ConditionalOnClass did not find required class 'org.springframework.security.config.http.SessionCreationPolicy' (OnClassCondition)

   SendGridAutoConfiguration:
      Did not match:
         - @ConditionalOnClass did not find required class 'com.sendgrid.SendGrid' (OnClassCondition)

   ServletWebServerFactoryAutoConfiguration.ForwardedHeaderFilterConfiguration:
      Did not match:
         - @ConditionalOnProperty (server.forward-headers-strategy=framework) did not find property 'server.forward-headers-strategy' (OnPropertyCondition)

   ServletWebServerFactoryConfiguration.EmbeddedJetty:
      Did not match:
         - @ConditionalOnClass did not find required classes 'org.eclipse.jetty.server.Server', 'org.eclipse.jetty.util.Loader', 'org.eclipse.jetty.webapp.WebAppContext' (OnClassCondition)

   ServletWebServerFactoryConfiguration.EmbeddedUndertow:
      Did not match:
         - @ConditionalOnClass did not find required classes 'io.undertow.Undertow', 'org.xnio.SslClientAuthMode' (OnClassCondition)

   SessionAutoConfiguration:
      Did not match:
         - @ConditionalOnClass did not find required class 'org.springframework.session.Session' (OnClassCondition)

   SolrAutoConfiguration:
      Did not match:
         - @ConditionalOnClass did not find required class 'org.apache.solr.client.solrj.impl.CloudSolrClient' (OnClassCondition)

   SpringApplicationAdminJmxAutoConfiguration:
      Did not match:
         - @ConditionalOnProperty (spring.application.admin.enabled=true) did not find property 'enabled' (OnPropertyCondition)

   SpringDataWebAutoConfiguration:
      Did not match:
         - @ConditionalOnClass did not find required class 'org.springframework.data.web.PageableHandlerMethodArgumentResolver' (OnClassCondition)

   SpringDocConfiguration#propertiesResolverForSchema:
      Did not match:
         - @ConditionalOnProperty (springdoc.api-docs.resolve-schema-properties) did not find property 'springdoc.api-docs.resolve-schema-properties' (OnPropertyCondition)

   SpringDocConfiguration#propertyCustomizingConverter:
      Did not match:
         - @ConditionalOnBean (types: org.springdoc.core.customizers.PropertyCustomizer; SearchStrategy: all) did not find any beans of type org.springdoc.core.customizers.PropertyCustomizer (OnBeanCondition)

   SpringDocConfiguration#springdocBeanFactoryPostProcessor:
      Did not match:
         - AnyNestedCondition 0 matched 2 did not; NestedCondition on CacheOrGroupedOpenApiCondition.OnCacheDisabled found non-matching nested conditions @ConditionalOnProperty (springdoc.cache.disabled) did not find property 'springdoc.cache.disabled'; NestedCondition on CacheOrGroupedOpenApiCondition.OnMultipleOpenApiSupportCondition AnyNestedCondition 0 matched 2 did not; NestedCondition on MultipleOpenApiSupportCondition.OnActuatorDifferentPort @ConditionalOnProperty (springdoc.show-actuator) did not find property 'springdoc.show-actuator'; NestedCondition on MultipleOpenApiSupportCondition.OnMultipleOpenApiSupportCondition AnyNestedCondition 0 matched 2 did not; NestedCondition on MultipleOpenApiGroupsCondition.OnGroupConfigProperty @ConditionalOnProperty (springdoc.group-configs[0].group) did not find property 'springdoc.group-configs[0].group'; NestedCondition on MultipleOpenApiGroupsCondition.OnGroupedOpenApiBean @ConditionalOnBean (types: org.springdoc.core.GroupedOpenApi; SearchStrategy: all) did not find any beans of type org.springdoc.core.GroupedOpenApi (CacheOrGroupedOpenApiCondition)
      Matched:
         - @ConditionalOnClass found required class 'org.springframework.boot.context.properties.bind.BindResult' (OnClassCondition)

   SpringDocConfiguration#springdocBeanFactoryPostProcessor2:
      Did not match:
         - @ConditionalOnMissingClass found unwanted class 'org.springframework.boot.context.properties.bind.BindResult' (OnClassCondition)

   SpringDocConfiguration.SpringDocActuatorConfiguration:
      Did not match:
         - @ConditionalOnClass did not find required class 'org.springframework.boot.actuate.autoconfigure.endpoint.web.WebEndpointProperties' (OnClassCondition)

   SpringDocConfiguration.SpringDocFunctionCatalogConfiguration:
      Did not match:
         - @ConditionalOnClass did not find required class 'org.springframework.cloud.function.web.function.FunctionEndpointInitializer' (OnClassCondition)

   SpringDocConfiguration.SpringDocPageableConfiguration:
      Did not match:
         - @ConditionalOnClass did not find required class 'org.springframework.data.domain.Pageable' (OnClassCondition)

   SpringDocConfiguration.SpringDocRepositoryRestConfiguration:
      Did not match:
         - @ConditionalOnClass did not find required class 'org.springframework.data.rest.core.config.RepositoryRestConfiguration' (OnClassCondition)

   SpringDocConfiguration.SpringDocSortConfiguration:
      Did not match:
         - @ConditionalOnClass did not find required class 'org.springframework.data.domain.Sort' (OnClassCondition)

   SpringDocConfiguration.SpringDocWebFluxSupportConfiguration:
      Did not match:
         - @ConditionalOnClass did not find required class 'reactor.core.publisher.Flux' (OnClassCondition)

   SpringDocWebMvcConfiguration.SpringDocWebMvcActuatorConfiguration:
      Did not match:
         - @ConditionalOnClass did not find required class 'org.springframework.boot.actuate.endpoint.web.servlet.WebMvcEndpointHandlerMapping' (OnClassCondition)

   SwaggerConfig#springWebProvider:
      Did not match:
         - @ConditionalOnMissingBean (types: org.springdoc.core.providers.SpringWebProvider; SearchStrategy: all) found beans of type 'org.springdoc.core.providers.SpringWebProvider' springWebProvider (OnBeanCondition)

   SwaggerConfig#swaggerUiConfigParameters:
      Did not match:
         - @ConditionalOnMissingBean (types: org.springdoc.core.SwaggerUiConfigParameters; SearchStrategy: all) found beans of type 'org.springdoc.core.SwaggerUiConfigParameters' org.springdoc.core.SwaggerUiConfigParameters (OnBeanCondition)

   SwaggerConfig#swaggerUiHome:
      Did not match:
         - @ConditionalOnProperty (springdoc.swagger-ui.use-root-path=true) did not find property 'springdoc.swagger-ui.use-root-path' (OnPropertyCondition)

   SwaggerConfig.SwaggerActuatorWelcomeConfiguration:
      Did not match:
         - @ConditionalOnClass did not find required class 'org.springframework.boot.actuate.endpoint.web.servlet.WebMvcEndpointHandlerMapping' (OnClassCondition)

   TaskSchedulingAutoConfiguration#scheduledBeanLazyInitializationExcludeFilter:
      Did not match:
         - @ConditionalOnBean (names: org.springframework.context.annotation.internalScheduledAnnotationProcessor; SearchStrategy: all) did not find any beans named org.springframework.context.annotation.internalScheduledAnnotationProcessor (OnBeanCondition)

   TaskSchedulingAutoConfiguration#taskScheduler:
      Did not match:
         - @ConditionalOnBean (names: org.springframework.context.annotation.internalScheduledAnnotationProcessor; SearchStrategy: all) did not find any beans named org.springframework.context.annotation.internalScheduledAnnotationProcessor (OnBeanCondition)

   ThymeleafAutoConfiguration:
      Did not match:
         - @ConditionalOnClass did not find required class 'org.thymeleaf.spring5.SpringTemplateEngine' (OnClassCondition)

   TransactionAutoConfiguration#transactionalOperator:
      Did not match:
         - @ConditionalOnSingleCandidate (types: org.springframework.transaction.ReactiveTransactionManager; SearchStrategy: all) did not find any beans (OnBeanCondition)

   TransactionAutoConfiguration.AspectJTransactionManagementConfiguration:
      Did not match:
         - @ConditionalOnBean did not find required type 'org.springframework.transaction.aspectj.AbstractTransactionAspect' (OnBeanCondition)
         - @ConditionalOnBean (types: org.springframework.transaction.aspectj.AbstractTransactionAspect; SearchStrategy: all) did not find any beans of type org.springframework.transaction.aspectj.AbstractTransactionAspect (OnBeanCondition)

   TransactionAutoConfiguration.EnableTransactionManagementConfiguration.JdkDynamicAutoProxyConfiguration:
      Did not match:
         - @ConditionalOnProperty (spring.aop.proxy-target-class=false) did not find property 'proxy-target-class' (OnPropertyCondition)

   UserDetailsServiceAutoConfiguration:
      Did not match:
         - @ConditionalOnClass did not find required class 'org.springframework.security.authentication.AuthenticationManager' (OnClassCondition)

   WebClientAutoConfiguration:
      Did not match:
         - @ConditionalOnClass did not find required class 'org.springframework.web.reactive.function.client.WebClient' (OnClassCondition)

   WebFluxAutoConfiguration:
      Did not match:
         - @ConditionalOnClass did not find required class 'org.springframework.web.reactive.config.WebFluxConfigurer' (OnClassCondition)

   WebMvcAutoConfiguration#hiddenHttpMethodFilter:
      Did not match:
         - @ConditionalOnProperty (spring.mvc.hiddenmethod.filter.enabled) did not find property 'enabled' (OnPropertyCondition)

   WebMvcAutoConfiguration.ResourceChainCustomizerConfiguration:
      Did not match:
         - @ConditionalOnEnabledResourceChain did not find class org.webjars.WebJarAssetLocator (OnEnabledResourceChainCondition)

   WebMvcAutoConfiguration.WebMvcAutoConfigurationAdapter#beanNameViewResolver:
      Did not match:
         - @ConditionalOnMissingBean (types: org.springframework.web.servlet.view.BeanNameViewResolver; SearchStrategy: all) found beans of type 'org.springframework.web.servlet.view.BeanNameViewResolver' beanNameViewResolver (OnBeanCondition)

   WebServiceTemplateAutoConfiguration:
      Did not match:
         - @ConditionalOnClass did not find required class 'org.springframework.oxm.Marshaller' (OnClassCondition)

   WebServicesAutoConfiguration:
      Did not match:
         - @ConditionalOnClass did not find required class 'org.springframework.ws.transport.http.MessageDispatcherServlet' (OnClassCondition)

   WebSessionIdResolverAutoConfiguration:
      Did not match:
         - @ConditionalOnClass did not find required class 'reactor.core.publisher.Mono' (OnClassCondition)

   WebSocketMessagingAutoConfiguration:
      Did not match:
         - @ConditionalOnClass did not find required class 'org.springframework.web.socket.config.annotation.WebSocketMessageBrokerConfigurer' (OnClassCondition)

   WebSocketReactiveAutoConfiguration:
      Did not match:
         - @ConditionalOnWebApplication did not find reactive web application classes (OnWebApplicationCondition)

   WebSocketServletAutoConfiguration.Jetty10WebSocketConfiguration:
      Did not match:
         - @ConditionalOnClass did not find required classes 'org.eclipse.jetty.websocket.javax.server.internal.JavaxWebSocketServerContainer', 'org.eclipse.jetty.websocket.server.JettyWebSocketServerContainer' (OnClassCondition)

   WebSocketServletAutoConfiguration.JettyWebSocketConfiguration:
      Did not match:
         - @ConditionalOnClass did not find required class 'org.eclipse.jetty.websocket.jsr356.server.deploy.WebSocketServerContainerInitializer' (OnClassCondition)

   WebSocketServletAutoConfiguration.UndertowWebSocketConfiguration:
      Did not match:
         - @ConditionalOnClass did not find required class 'io.undertow.websockets.jsr.Bootstrap' (OnClassCondition)

   XADataSourceAutoConfiguration:
      Did not match:
         - @ConditionalOnClass did not find required class 'javax.transaction.TransactionManager' (OnClassCondition)


Exclusions:
-----------

    None


Unconditional classes:
----------------------

    org.springframework.boot.autoconfigure.context.ConfigurationPropertiesAutoConfiguration

    org.springframework.boot.autoconfigure.context.LifecycleAutoConfiguration

    org.springframework.boot.autoconfigure.context.PropertyPlaceholderAutoConfiguration

    org.springframework.boot.autoconfigure.availability.ApplicationAvailabilityAutoConfiguration

    org.springframework.boot.autoconfigure.info.ProjectInfoAutoConfiguration



2026-03-27 17:45:44.437  INFO 15316 --- [           main] c.e.T.TigoStarSystemApplication          : Started TigoStarSystemApplication in 7.97 seconds (JVM running for 9.36)
2026-03-27 17:45:44.439 DEBUG 15316 --- [           main] o.s.b.a.ApplicationAvailabilityBean      : Application availability state LivenessState changed to CORRECT
2026-03-27 17:45:44.441  INFO 15316 --- [           main] c.e.T.config.StartupInfoLogger           : spring.profiles.active=[]
2026-03-27 17:45:44.442  INFO 15316 --- [           main] c.e.T.config.StartupInfoLogger           : spring.datasource.url=jdbc:sqlserver://tigo.makiro.com.bo;databaseName=BDSistemaAntenaUTecnico;encrypt=false;trustServerCertificate=true
2026-03-27 17:45:44.444  INFO 15316 --- [           main] c.e.T.config.StartupInfoLogger           : spring.datasource.driver-class-name=com.microsoft.sqlserver.jdbc.SQLServerDriver
2026-03-27 17:45:44.445  INFO 15316 --- [           main] c.e.T.config.StartupInfoLogger           : app.central.datasource.url=jdbc:sqlserver://172.16.0.13;databaseName=BDControlOrdenes;encrypt=false;trustServerCertificate=true
2026-03-27 17:45:44.445  INFO 15316 --- [           main] c.e.T.config.StartupInfoLogger           : app.central.datasource.driver-class-name=com.microsoft.sqlserver.jdbc.SQLServerDriver
2026-03-27 17:45:44.446  INFO 15316 --- [           main] c.e.T.config.StartupInfoLogger           : app.cuadrilla.mail.enabled=true
2026-03-27 17:45:44.447  INFO 15316 --- [           main] c.e.T.config.StartupInfoLogger           : app.cuadrilla.mail.to=cabrerajosue715@gmail.com
2026-03-27 17:45:44.448  INFO 15316 --- [           main] c.e.T.config.StartupInfoLogger           : app.cuadrilla.mail.from=sistemas_sc@makiro.com.bo
2026-03-27 17:45:44.449  INFO 15316 --- [           main] c.e.T.config.StartupInfoLogger           : spring.mail.host=vps-1537170-x.dattaweb.com
2026-03-27 17:45:44.450  INFO 15316 --- [           main] c.e.T.config.StartupInfoLogger           : spring.mail.port=587
2026-03-27 17:45:44.450  INFO 15316 --- [           main] c.e.T.config.StartupInfoLogger           : java.version=1.8.0_471
2026-03-27 17:45:44.451  INFO 15316 --- [           main] c.e.T.config.StartupInfoLogger           : java.home=C:\Program Files\Java\jdk-1.8\jre
2026-03-27 17:45:44.452  INFO 15316 --- [           main] c.e.T.config.StartupInfoLogger           : java.security.properties=null
2026-03-27 17:45:44.452  INFO 15316 --- [           main] c.e.T.config.StartupInfoLogger           : jdk.tls.client.protocols=TLSv1,TLSv1.1,TLSv1.2
2026-03-27 17:45:44.453  INFO 15316 --- [           main] c.e.T.config.StartupInfoLogger           : https.protocols=TLSv1,TLSv1.1,TLSv1.2
2026-03-27 17:45:44.454  INFO 15316 --- [           main] c.e.T.config.StartupInfoLogger           : jdk.tls.disabledAlgorithms=null
2026-03-27 17:45:44.455 DEBUG 15316 --- [           main] o.s.b.a.ApplicationAvailabilityBean      : Application availability state ReadinessState changed to ACCEPTING_TRAFFIC
2026-03-27 17:45:44.478  INFO 15316 --- [nio-8089-exec-1] o.a.c.c.C.[Tomcat].[localhost].[/]       : Initializing Spring DispatcherServlet 'dispatcherServlet'
2026-03-27 17:45:44.479  INFO 15316 --- [nio-8089-exec-1] o.s.web.servlet.DispatcherServlet        : Initializing Servlet 'dispatcherServlet'
2026-03-27 17:45:44.479 DEBUG 15316 --- [nio-8089-exec-1] o.s.web.servlet.DispatcherServlet        : Detected StandardServletMultipartResolver
2026-03-27 17:45:44.480 DEBUG 15316 --- [nio-8089-exec-1] o.s.web.servlet.DispatcherServlet        : Detected AcceptHeaderLocaleResolver
2026-03-27 17:45:44.480 DEBUG 15316 --- [nio-8089-exec-1] o.s.web.servlet.DispatcherServlet        : Detected FixedThemeResolver
2026-03-27 17:45:44.482 DEBUG 15316 --- [nio-8089-exec-1] o.s.web.servlet.DispatcherServlet        : Detected org.springframework.web.servlet.view.DefaultRequestToViewNameTranslator@70c1a609
2026-03-27 17:45:44.482 DEBUG 15316 --- [nio-8089-exec-1] o.s.web.servlet.DispatcherServlet        : Detected org.springframework.web.servlet.support.SessionFlashMapManager@24c93412
2026-03-27 17:45:44.483 DEBUG 15316 --- [nio-8089-exec-1] o.s.web.servlet.DispatcherServlet        : enableLoggingRequestDetails='false': request parameters and headers will be masked to prevent unsafe logging of potentially sensitive data
2026-03-27 17:45:44.484  INFO 15316 --- [nio-8089-exec-1] o.s.web.servlet.DispatcherServlet        : Completed initialization in 5 ms
2026-03-27 17:45:44.494 DEBUG 15316 --- [nio-8089-exec-1] o.s.web.servlet.DispatcherServlet        : GET "/ot/spx_ObtenerCaberaVentaParaRegistroOTwb?clienteNro=2589990&ot=28761686&tor=T1&grupo=&tecnicoNombre=KEVIN%20GEOVANI%20BARROSO%20NAVA", parameters={masked}
2026-03-27 17:45:44.501 DEBUG 15316 --- [nio-8089-exec-1] s.w.s.m.m.a.RequestMappingHandlerMapping : Mapped to com.example.TigoStarSystem.ot.controller.OtController#obtenerCabeceraVentaParaRegistroOtWb(String, Integer, Integer, String, String, String)
2026-03-27 17:45:44.839 DEBUG 15316 --- [nio-8089-exec-1] .m.m.a.ExceptionHandlerExceptionResolver : Using @ExceptionHandler com.example.TigoStarSystem.common.GlobalExceptionHandler#handleConstraintViolation(ConstraintViolationException, HttpServletRequest)
2026-03-27 17:45:44.885 DEBUG 15316 --- [nio-8089-exec-1] o.s.w.s.m.m.a.HttpEntityMethodProcessor  : Using 'application/json', given [*/*] and supported [application/json, application/*+json, application/json, application/*+json]
2026-03-27 17:45:44.886 DEBUG 15316 --- [nio-8089-exec-1] o.s.w.s.m.m.a.HttpEntityMethodProcessor  : Writing [com.example.TigoStarSystem.common.ApiError@26bcfd67]
2026-03-27 17:45:44.922 DEBUG 15316 --- [nio-8089-exec-1] .m.m.a.ExceptionHandlerExceptionResolver : Resolved [javax.validation.ConstraintViolationException: obtenerCabeceraVentaParaRegistroOtWb.grupo: no debe estar vacío]
2026-03-27 17:45:44.923 DEBUG 15316 --- [nio-8089-exec-1] o.s.web.servlet.DispatcherServlet        : Completed 400 BAD_REQUEST
2026-03-27 17:46:13.505 DEBUG 15316 --- [ool housekeeper] com.zaxxer.hikari.pool.HikariPool        : CentralHikariPool - Before cleanup stats (total=0, active=0, idle=0, waiting=0)
2026-03-27 17:46:13.506 DEBUG 15316 --- [ool housekeeper] com.zaxxer.hikari.pool.HikariPool        : CentralHikariPool - After cleanup  stats (total=0, active=0, idle=0, waiting=0)
2026-03-27 17:46:13.507 DEBUG 15316 --- [ool housekeeper] com.zaxxer.hikari.pool.HikariPool        : CentralHikariPool - Fill pool skipped, pool is at sufficient level.
2026-03-27 17:46:43.511 DEBUG 15316 --- [ool housekeeper] com.zaxxer.hikari.pool.HikariPool        : CentralHikariPool - Before cleanup stats (total=0, active=0, idle=0, waiting=0)
2026-03-27 17:46:43.512 DEBUG 15316 --- [ool housekeeper] com.zaxxer.hikari.pool.HikariPool        : CentralHikariPool - After cleanup  stats (total=0, active=0, idle=0, waiting=0)
2026-03-27 17:46:43.512 DEBUG 15316 --- [ool housekeeper] com.zaxxer.hikari.pool.HikariPool        : CentralHikariPool - Fill pool skipped, pool is at sufficient level.
2026-03-27 17:47:13.524 DEBUG 15316 --- [ool housekeeper] com.zaxxer.hikari.pool.HikariPool        : CentralHikariPool - Before cleanup stats (total=0, active=0, idle=0, waiting=0)
2026-03-27 17:47:13.526 DEBUG 15316 --- [ool housekeeper] com.zaxxer.hikari.pool.HikariPool        : CentralHikariPool - After cleanup  stats (total=0, active=0, idle=0, waiting=0)
2026-03-27 17:47:13.527 DEBUG 15316 --- [ool housekeeper] com.zaxxer.hikari.pool.HikariPool        : CentralHikariPool - Fill pool skipped, pool is at sufficient level.
2026-03-27 17:47:43.532 DEBUG 15316 --- [ool housekeeper] com.zaxxer.hikari.pool.HikariPool        : CentralHikariPool - Before cleanup stats (total=0, active=0, idle=0, waiting=0)
2026-03-27 17:47:43.533 DEBUG 15316 --- [ool housekeeper] com.zaxxer.hikari.pool.HikariPool        : CentralHikariPool - After cleanup  stats (total=0, active=0, idle=0, waiting=0)
2026-03-27 17:47:43.533 DEBUG 15316 --- [ool housekeeper] com.zaxxer.hikari.pool.HikariPool        : CentralHikariPool - Fill pool skipped, pool is at sufficient level.
2026-03-27 17:48:13.545 DEBUG 15316 --- [ool housekeeper] com.zaxxer.hikari.pool.HikariPool        : CentralHikariPool - Before cleanup stats (total=0, active=0, idle=0, waiting=0)
2026-03-27 17:48:13.546 DEBUG 15316 --- [ool housekeeper] com.zaxxer.hikari.pool.HikariPool        : CentralHikariPool - After cleanup  stats (total=0, active=0, idle=0, waiting=0)
2026-03-27 17:48:13.549 DEBUG 15316 --- [ool housekeeper] com.zaxxer.hikari.pool.HikariPool        : CentralHikariPool - Fill pool skipped, pool is at sufficient level.
2026-03-27 17:48:43.559 DEBUG 15316 --- [ool housekeeper] com.zaxxer.hikari.pool.HikariPool        : CentralHikariPool - Before cleanup stats (total=0, active=0, idle=0, waiting=0)
2026-03-27 17:48:43.560 DEBUG 15316 --- [ool housekeeper] com.zaxxer.hikari.pool.HikariPool        : CentralHikariPool - After cleanup  stats (total=0, active=0, idle=0, waiting=0)
2026-03-27 17:48:43.560 DEBUG 15316 --- [ool housekeeper] com.zaxxer.hikari.pool.HikariPool        : CentralHikariPool - Fill pool skipped, pool is at sufficient level.
2026-03-27 17:48:49.454 DEBUG 15316 --- [nio-8089-exec-4] o.s.web.servlet.DispatcherServlet        : GET "/ot/spx_ObtenerCaberaVentaParaRegistroOTwb?clienteNro=2589990&ot=28761686&tor=T1&grupo=GRUPO%20M24_KEVIN%20GEOVANI&tecnicoNombre=KEVIN%20GEOVANI%20BARROSO%20NAVA", parameters={masked}
2026-03-27 17:48:49.605 DEBUG 15316 --- [nio-8089-exec-4] s.w.s.m.m.a.RequestMappingHandlerMapping : Mapped to com.example.TigoStarSystem.ot.controller.OtController#obtenerCabeceraVentaParaRegistroOtWb(String, Integer, Integer, String, String, String)
2026-03-27 17:48:49.629 DEBUG 15316 --- [nio-8089-exec-4] o.s.jdbc.core.JdbcTemplate               : Executing prepared SQL query
2026-03-27 17:48:49.630 DEBUG 15316 --- [nio-8089-exec-4] o.s.jdbc.core.JdbcTemplate               : Executing prepared SQL statement [EXEC dbo.spx_ObtenerCaberaVentaParaRegistroOTwb ?, ?, ?, ?, ?]
2026-03-27 17:48:49.632 DEBUG 15316 --- [nio-8089-exec-4] o.s.jdbc.datasource.DataSourceUtils      : Fetching JDBC Connection from DataSource
2026-03-27 17:48:49.633 DEBUG 15316 --- [nio-8089-exec-4] com.zaxxer.hikari.HikariConfig           : HikariPool-1 - configuration:
2026-03-27 17:48:49.634 DEBUG 15316 --- [nio-8089-exec-4] com.zaxxer.hikari.HikariConfig           : allowPoolSuspension................................false
2026-03-27 17:48:49.634 DEBUG 15316 --- [nio-8089-exec-4] com.zaxxer.hikari.HikariConfig           : autoCommit................................true
2026-03-27 17:48:49.635 DEBUG 15316 --- [nio-8089-exec-4] com.zaxxer.hikari.HikariConfig           : catalog................................none
2026-03-27 17:48:49.636 DEBUG 15316 --- [nio-8089-exec-4] com.zaxxer.hikari.HikariConfig           : connectionInitSql................................none
2026-03-27 17:48:49.636 DEBUG 15316 --- [nio-8089-exec-4] com.zaxxer.hikari.HikariConfig           : connectionTestQuery................................"SELECT 1"
2026-03-27 17:48:49.637 DEBUG 15316 --- [nio-8089-exec-4] com.zaxxer.hikari.HikariConfig           : connectionTimeout................................15000
2026-03-27 17:48:49.637 DEBUG 15316 --- [nio-8089-exec-4] com.zaxxer.hikari.HikariConfig           : dataSource................................none
2026-03-27 17:48:49.638 DEBUG 15316 --- [nio-8089-exec-4] com.zaxxer.hikari.HikariConfig           : dataSourceClassName................................none
2026-03-27 17:48:49.638 DEBUG 15316 --- [nio-8089-exec-4] com.zaxxer.hikari.HikariConfig           : dataSourceJNDI................................none
2026-03-27 17:48:49.639 DEBUG 15316 --- [nio-8089-exec-4] com.zaxxer.hikari.HikariConfig           : dataSourceProperties................................{trustServerCertificate=true, password=<masked>, encrypt=false}
2026-03-27 17:48:49.640 DEBUG 15316 --- [nio-8089-exec-4] com.zaxxer.hikari.HikariConfig           : driverClassName................................"com.microsoft.sqlserver.jdbc.SQLServerDriver"
2026-03-27 17:48:49.640 DEBUG 15316 --- [nio-8089-exec-4] com.zaxxer.hikari.HikariConfig           : exceptionOverrideClassName................................none
2026-03-27 17:48:49.641 DEBUG 15316 --- [nio-8089-exec-4] com.zaxxer.hikari.HikariConfig           : healthCheckProperties................................{}
2026-03-27 17:48:49.641 DEBUG 15316 --- [nio-8089-exec-4] com.zaxxer.hikari.HikariConfig           : healthCheckRegistry................................none
2026-03-27 17:48:49.642 DEBUG 15316 --- [nio-8089-exec-4] com.zaxxer.hikari.HikariConfig           : idleTimeout................................300000
2026-03-27 17:48:49.643 DEBUG 15316 --- [nio-8089-exec-4] com.zaxxer.hikari.HikariConfig           : initializationFailTimeout................................-1
2026-03-27 17:48:49.643 DEBUG 15316 --- [nio-8089-exec-4] com.zaxxer.hikari.HikariConfig           : isolateInternalQueries................................false
2026-03-27 17:48:49.644 DEBUG 15316 --- [nio-8089-exec-4] com.zaxxer.hikari.HikariConfig           : jdbcUrl................................jdbc:sqlserver://tigo.makiro.com.bo;databaseName=BDSistemaAntenaUTecnico;encrypt=false;trustServerCertificate=true
2026-03-27 17:48:49.644 DEBUG 15316 --- [nio-8089-exec-4] com.zaxxer.hikari.HikariConfig           : keepaliveTime................................120000
2026-03-27 17:48:49.645 DEBUG 15316 --- [nio-8089-exec-4] com.zaxxer.hikari.HikariConfig           : leakDetectionThreshold................................0
2026-03-27 17:48:49.645 DEBUG 15316 --- [nio-8089-exec-4] com.zaxxer.hikari.HikariConfig           : maxLifetime................................900000
2026-03-27 17:48:49.646 DEBUG 15316 --- [nio-8089-exec-4] com.zaxxer.hikari.HikariConfig           : maximumPoolSize................................10
2026-03-27 17:48:49.647 DEBUG 15316 --- [nio-8089-exec-4] com.zaxxer.hikari.HikariConfig           : metricRegistry................................none
2026-03-27 17:48:49.647 DEBUG 15316 --- [nio-8089-exec-4] com.zaxxer.hikari.HikariConfig           : metricsTrackerFactory................................none
2026-03-27 17:48:49.648 DEBUG 15316 --- [nio-8089-exec-4] com.zaxxer.hikari.HikariConfig           : minimumIdle................................0
2026-03-27 17:48:49.648 DEBUG 15316 --- [nio-8089-exec-4] com.zaxxer.hikari.HikariConfig           : password................................<masked>
2026-03-27 17:48:49.649 DEBUG 15316 --- [nio-8089-exec-4] com.zaxxer.hikari.HikariConfig           : poolName................................"HikariPool-1"
2026-03-27 17:48:49.649 DEBUG 15316 --- [nio-8089-exec-4] com.zaxxer.hikari.HikariConfig           : readOnly................................false
2026-03-27 17:48:49.650 DEBUG 15316 --- [nio-8089-exec-4] com.zaxxer.hikari.HikariConfig           : registerMbeans................................false
2026-03-27 17:48:49.651 DEBUG 15316 --- [nio-8089-exec-4] com.zaxxer.hikari.HikariConfig           : scheduledExecutor................................none
2026-03-27 17:48:49.651 DEBUG 15316 --- [nio-8089-exec-4] com.zaxxer.hikari.HikariConfig           : schema................................none
2026-03-27 17:48:49.652 DEBUG 15316 --- [nio-8089-exec-4] com.zaxxer.hikari.HikariConfig           : threadFactory................................internal
2026-03-27 17:48:49.654 DEBUG 15316 --- [nio-8089-exec-4] com.zaxxer.hikari.HikariConfig           : transactionIsolation................................default
2026-03-27 17:48:49.655 DEBUG 15316 --- [nio-8089-exec-4] com.zaxxer.hikari.HikariConfig           : username................................"sistemas"
2026-03-27 17:48:49.655 DEBUG 15316 --- [nio-8089-exec-4] com.zaxxer.hikari.HikariConfig           : validationTimeout................................5000
2026-03-27 17:48:49.656  INFO 15316 --- [nio-8089-exec-4] com.zaxxer.hikari.HikariDataSource       : HikariPool-1 - Starting...
2026-03-27 17:48:49.657  INFO 15316 --- [nio-8089-exec-4] com.zaxxer.hikari.HikariDataSource       : HikariPool-1 - Start completed.
2026-03-27 17:48:49.770 DEBUG 15316 --- [l-1 housekeeper] com.zaxxer.hikari.pool.HikariPool        : HikariPool-1 - Before cleanup stats (total=0, active=0, idle=0, waiting=1)
2026-03-27 17:48:49.771 DEBUG 15316 --- [l-1 housekeeper] com.zaxxer.hikari.pool.HikariPool        : HikariPool-1 - After cleanup  stats (total=0, active=0, idle=0, waiting=1)
2026-03-27 17:48:49.771 DEBUG 15316 --- [l-1 housekeeper] com.zaxxer.hikari.pool.HikariPool        : HikariPool-1 - Fill pool skipped, pool is at sufficient level.
2026-03-27 17:48:50.592 DEBUG 15316 --- [onnection adder] com.zaxxer.hikari.pool.HikariPool        : HikariPool-1 - Added connection ConnectionID:1 ClientConnectionId: b4bc2372-af31-442a-a33d-55fc489e6889
2026-03-27 17:48:50.845 DEBUG 15316 --- [nio-8089-exec-4] o.s.w.s.m.m.a.HttpEntityMethodProcessor  : Using 'application/json', given [*/*] and supported [application/json, application/*+json, application/json, application/*+json]
2026-03-27 17:48:50.846 DEBUG 15316 --- [nio-8089-exec-4] o.s.w.s.m.m.a.HttpEntityMethodProcessor  : Writing [com.example.TigoStarSystem.common.ApiResponse@69997d23]
2026-03-27 17:48:50.859 DEBUG 15316 --- [nio-8089-exec-4] o.s.web.servlet.DispatcherServlet        : Completed 200 OK
2026-03-27 17:49:13.567 DEBUG 15316 --- [ool housekeeper] com.zaxxer.hikari.pool.HikariPool        : CentralHikariPool - Before cleanup stats (total=0, active=0, idle=0, waiting=0)
2026-03-27 17:49:13.568 DEBUG 15316 --- [ool housekeeper] com.zaxxer.hikari.pool.HikariPool        : CentralHikariPool - After cleanup  stats (total=0, active=0, idle=0, waiting=0)
2026-03-27 17:49:13.568 DEBUG 15316 --- [ool housekeeper] com.zaxxer.hikari.pool.HikariPool        : CentralHikariPool - Fill pool skipped, pool is at sufficient level.
2026-03-27 17:49:19.774 DEBUG 15316 --- [l-1 housekeeper] com.zaxxer.hikari.pool.HikariPool        : HikariPool-1 - Before cleanup stats (total=1, active=0, idle=1, waiting=0)
2026-03-27 17:49:19.775 DEBUG 15316 --- [l-1 housekeeper] com.zaxxer.hikari.pool.HikariPool        : HikariPool-1 - After cleanup  stats (total=1, active=0, idle=1, waiting=0)
2026-03-27 17:49:19.775 DEBUG 15316 --- [l-1 housekeeper] com.zaxxer.hikari.pool.HikariPool        : HikariPool-1 - Fill pool skipped, pool is at sufficient level.
2026-03-27 17:49:43.572 DEBUG 15316 --- [ool housekeeper] com.zaxxer.hikari.pool.HikariPool        : CentralHikariPool - Before cleanup stats (total=0, active=0, idle=0, waiting=0)
2026-03-27 17:49:43.573 DEBUG 15316 --- [ool housekeeper] com.zaxxer.hikari.pool.HikariPool        : CentralHikariPool - After cleanup  stats (total=0, active=0, idle=0, waiting=0)
2026-03-27 17:49:43.573 DEBUG 15316 --- [ool housekeeper] com.zaxxer.hikari.pool.HikariPool        : CentralHikariPool - Fill pool skipped, pool is at sufficient level.
2026-03-27 17:49:49.532 DEBUG 15316 --- [nio-8089-exec-5] o.s.web.servlet.DispatcherServlet        : GET "/catalogos/rutas?tecnicoId=98", parameters={masked}
2026-03-27 17:49:49.532 DEBUG 15316 --- [nio-8089-exec-8] o.s.web.servlet.DispatcherServlet        : GET "/catalogos/estados", parameters={}
2026-03-27 17:49:49.532 DEBUG 15316 --- [nio-8089-exec-3] o.s.web.servlet.DispatcherServlet        : GET "/ot/spx_ObtenerCaberaVentaParaRegistroOTwb?clienteNro=2589990&ot=28761686&tor=TI&grupo=GRUPO+M24_KEVIN+GEOVANI&tecnicoNombre=KEVIN+GEOVANI+BARROSO+NAVA", parameters={masked}
2026-03-27 17:49:49.532 DEBUG 15316 --- [nio-8089-exec-7] o.s.web.servlet.DispatcherServlet        : GET "/catalogos/tipo-servicio", parameters={}
2026-03-27 17:49:49.532 DEBUG 15316 --- [nio-8089-exec-9] o.s.web.servlet.DispatcherServlet        : GET "/ot/spx_ObtenerCaberaVentaParaRegistroOTwb?clienteNro=2589990&ot=28761686&tor=TI&grupo=&tecnicoNombre=KEVIN+GEOVANI+BARROSO+NAVA", parameters={masked}
2026-03-27 17:49:49.533 DEBUG 15316 --- [nio-8089-exec-5] s.w.s.m.m.a.RequestMappingHandlerMapping : Mapped to com.example.TigoStarSystem.catalogo.controller.CatalogoController#listarRutas(Integer)
2026-03-27 17:49:49.534 DEBUG 15316 --- [nio-8089-exec-8] s.w.s.m.m.a.RequestMappingHandlerMapping : Mapped to com.example.TigoStarSystem.catalogo.controller.CatalogoController#listarEstados()
2026-03-27 17:49:49.534 DEBUG 15316 --- [nio-8089-exec-3] s.w.s.m.m.a.RequestMappingHandlerMapping : Mapped to com.example.TigoStarSystem.ot.controller.OtController#obtenerCabeceraVentaParaRegistroOtWb(String, Integer, Integer, String, String, String)
2026-03-27 17:49:49.535 DEBUG 15316 --- [nio-8089-exec-7] s.w.s.m.m.a.RequestMappingHandlerMapping : Mapped to com.example.TigoStarSystem.catalogo.controller.CatalogoController#listarTipoServicio()
2026-03-27 17:49:49.535 DEBUG 15316 --- [nio-8089-exec-9] s.w.s.m.m.a.RequestMappingHandlerMapping : Mapped to com.example.TigoStarSystem.ot.controller.OtController#obtenerCabeceraVentaParaRegistroOtWb(String, Integer, Integer, String, String, String)
2026-03-27 17:49:49.539 DEBUG 15316 --- [nio-8089-exec-3] .m.m.a.ExceptionHandlerExceptionResolver : Using @ExceptionHandler com.example.TigoStarSystem.common.GlobalExceptionHandler#handleApiException(ApiException, HttpServletRequest)
2026-03-27 17:49:49.541 DEBUG 15316 --- [nio-8089-exec-3] o.s.w.s.m.m.a.HttpEntityMethodProcessor  : Using 'application/json', given [application/json, text/plain, */*] and supported [application/json, application/*+json, application/json, application/*+json]
2026-03-27 17:49:49.542 DEBUG 15316 --- [nio-8089-exec-3] o.s.w.s.m.m.a.HttpEntityMethodProcessor  : Writing [com.example.TigoStarSystem.common.ApiError@5874b7f0]
2026-03-27 17:49:49.543 DEBUG 15316 --- [nio-8089-exec-3] .m.m.a.ExceptionHandlerExceptionResolver : Resolved [com.example.TigoStarSystem.common.ApiException: SesiÃ³n invÃ¡lida.]
2026-03-27 17:49:49.544 DEBUG 15316 --- [nio-8089-exec-9] .m.m.a.ExceptionHandlerExceptionResolver : Using @ExceptionHandler com.example.TigoStarSystem.common.GlobalExceptionHandler#handleConstraintViolation(ConstraintViolationException, HttpServletRequest)
2026-03-27 17:49:49.545 DEBUG 15316 --- [nio-8089-exec-8] o.s.jdbc.core.JdbcTemplate               : Executing SQL query [EXEC sp_ObtenerEstado]
2026-03-27 17:49:49.545 DEBUG 15316 --- [nio-8089-exec-7] o.s.jdbc.core.JdbcTemplate               : Executing SQL query [EXEC spx_ObtenerTipoServicio]
2026-03-27 17:49:49.586 DEBUG 15316 --- [nio-8089-exec-7] o.s.jdbc.datasource.DataSourceUtils      : Fetching JDBC Connection from DataSource
2026-03-27 17:49:49.545 DEBUG 15316 --- [nio-8089-exec-5] o.s.jdbc.core.JdbcTemplate               : Executing prepared SQL query
2026-03-27 17:49:49.584 DEBUG 15316 --- [nio-8089-exec-3] o.s.web.servlet.DispatcherServlet        : Completed 401 UNAUTHORIZED
2026-03-27 17:49:49.585 DEBUG 15316 --- [nio-8089-exec-9] o.s.w.s.m.m.a.HttpEntityMethodProcessor  : Using 'application/json', given [application/json, text/plain, */*] and supported [application/json, application/*+json, application/json, application/*+json]
2026-03-27 17:49:49.586 DEBUG 15316 --- [nio-8089-exec-8] o.s.jdbc.datasource.DataSourceUtils      : Fetching JDBC Connection from DataSource
2026-03-27 17:49:49.587 DEBUG 15316 --- [nio-8089-exec-5] o.s.jdbc.core.JdbcTemplate               : Executing prepared SQL statement [EXEC spx_ObtenerRutaXIdTecnico ?]
2026-03-27 17:49:49.588 DEBUG 15316 --- [nio-8089-exec-9] o.s.w.s.m.m.a.HttpEntityMethodProcessor  : Writing [com.example.TigoStarSystem.common.ApiError@440bbab8]
2026-03-27 17:49:49.589 DEBUG 15316 --- [nio-8089-exec-5] o.s.jdbc.datasource.DataSourceUtils      : Fetching JDBC Connection from DataSource
2026-03-27 17:49:49.591 DEBUG 15316 --- [nio-8089-exec-9] .m.m.a.ExceptionHandlerExceptionResolver : Resolved [javax.validation.ConstraintViolationException: obtenerCabeceraVentaParaRegistroOtWb.grupo: no debe estar vacío]
2026-03-27 17:49:49.592 DEBUG 15316 --- [nio-8089-exec-9] o.s.web.servlet.DispatcherServlet        : Completed 400 BAD_REQUEST
2026-03-27 17:49:49.596 DEBUG 15316 --- [nio-8089-exec-7] o.s.w.s.m.m.a.HttpEntityMethodProcessor  : Using 'application/json', given [application/json, text/plain, */*] and supported [application/json, application/*+json, application/json, application/*+json]
2026-03-27 17:49:49.597 DEBUG 15316 --- [nio-8089-exec-7] o.s.w.s.m.m.a.HttpEntityMethodProcessor  : Writing [com.example.TigoStarSystem.common.ApiResponse@26fd65ed]
2026-03-27 17:49:49.599 DEBUG 15316 --- [nio-8089-exec-8] o.s.w.s.m.m.a.HttpEntityMethodProcessor  : Using 'application/json', given [application/json, text/plain, */*] and supported [application/json, application/*+json, application/json, application/*+json]
2026-03-27 17:49:49.603 DEBUG 15316 --- [nio-8089-exec-8] o.s.w.s.m.m.a.HttpEntityMethodProcessor  : Writing [com.example.TigoStarSystem.common.ApiResponse@540c4038]
2026-03-27 17:49:49.603 DEBUG 15316 --- [nio-8089-exec-2] o.s.web.servlet.DispatcherServlet        : GET "/ot/spx_ObtenerCaberaVentaParaRegistroOTwb?clienteNro=2589990&ot=28761686&tor=TI&grupo=GRUPO+M24_KEVIN+GEOVANI&tecnicoNombre=KEVIN+GEOVANI+BARROSO+NAVA", parameters={masked}
2026-03-27 17:49:49.604 DEBUG 15316 --- [nio-8089-exec-5] o.s.w.s.m.m.a.HttpEntityMethodProcessor  : Using 'application/json', given [application/json, text/plain, */*] and supported [application/json, application/*+json, application/json, application/*+json]
2026-03-27 17:49:49.604 DEBUG 15316 --- [nio-8089-exec-2] s.w.s.m.m.a.RequestMappingHandlerMapping : Mapped to com.example.TigoStarSystem.ot.controller.OtController#obtenerCabeceraVentaParaRegistroOtWb(String, Integer, Integer, String, String, String)
2026-03-27 17:49:49.605 DEBUG 15316 --- [nio-8089-exec-5] o.s.w.s.m.m.a.HttpEntityMethodProcessor  : Writing [com.example.TigoStarSystem.common.ApiResponse@60f4fd28]
2026-03-27 17:49:49.605 DEBUG 15316 --- [nio-8089-exec-8] o.s.web.servlet.DispatcherServlet        : Completed 200 OK
2026-03-27 17:49:49.606 DEBUG 15316 --- [nio-8089-exec-7] o.s.web.servlet.DispatcherServlet        : Completed 200 OK
2026-03-27 17:49:49.607 DEBUG 15316 --- [nio-8089-exec-2] o.s.jdbc.core.JdbcTemplate               : Executing prepared SQL query
2026-03-27 17:49:49.607 DEBUG 15316 --- [nio-8089-exec-5] o.s.web.servlet.DispatcherServlet        : Completed 200 OK
2026-03-27 17:49:49.608 DEBUG 15316 --- [nio-8089-exec-2] o.s.jdbc.core.JdbcTemplate               : Executing prepared SQL statement [EXEC dbo.spx_ObtenerCaberaVentaParaRegistroOTwb ?, ?, ?, ?, ?]
2026-03-27 17:49:49.609 DEBUG 15316 --- [nio-8089-exec-2] o.s.jdbc.datasource.DataSourceUtils      : Fetching JDBC Connection from DataSource
2026-03-27 17:49:49.610 DEBUG 15316 --- [io-8089-exec-10] o.s.web.servlet.DispatcherServlet        : GET "/catalogos/estados", parameters={}
2026-03-27 17:49:49.611 DEBUG 15316 --- [io-8089-exec-10] s.w.s.m.m.a.RequestMappingHandlerMapping : Mapped to com.example.TigoStarSystem.catalogo.controller.CatalogoController#listarEstados()
2026-03-27 17:49:49.612 DEBUG 15316 --- [nio-8089-exec-1] o.s.web.servlet.DispatcherServlet        : GET "/catalogos/tipo-servicio", parameters={}
2026-03-27 17:49:49.613 DEBUG 15316 --- [io-8089-exec-10] o.s.jdbc.core.JdbcTemplate               : Executing SQL query [EXEC sp_ObtenerEstado]
2026-03-27 17:49:49.615 DEBUG 15316 --- [nio-8089-exec-1] s.w.s.m.m.a.RequestMappingHandlerMapping : Mapped to com.example.TigoStarSystem.catalogo.controller.CatalogoController#listarTipoServicio()
2026-03-27 17:49:49.615 DEBUG 15316 --- [io-8089-exec-10] o.s.jdbc.datasource.DataSourceUtils      : Fetching JDBC Connection from DataSource
2026-03-27 17:49:49.616 DEBUG 15316 --- [nio-8089-exec-2] o.s.w.s.m.m.a.HttpEntityMethodProcessor  : Using 'application/json', given [application/json, text/plain, */*] and supported [application/json, application/*+json, application/json, application/*+json]
2026-03-27 17:49:49.617 DEBUG 15316 --- [nio-8089-exec-1] o.s.jdbc.core.JdbcTemplate               : Executing SQL query [EXEC spx_ObtenerTipoServicio]
2026-03-27 17:49:49.617 DEBUG 15316 --- [nio-8089-exec-2] o.s.w.s.m.m.a.HttpEntityMethodProcessor  : Writing [com.example.TigoStarSystem.common.ApiResponse@a76bde1]
2026-03-27 17:49:49.618 DEBUG 15316 --- [nio-8089-exec-1] o.s.jdbc.datasource.DataSourceUtils      : Fetching JDBC Connection from DataSource
2026-03-27 17:49:49.620 DEBUG 15316 --- [nio-8089-exec-2] o.s.web.servlet.DispatcherServlet        : Completed 200 OK
2026-03-27 17:49:49.621 DEBUG 15316 --- [onnection adder] com.zaxxer.hikari.pool.HikariPool        : HikariPool-1 - Added connection ConnectionID:2 ClientConnectionId: 28aa640e-62c8-42dd-a130-b622fa220be2
2026-03-27 17:49:49.624 DEBUG 15316 --- [io-8089-exec-10] o.s.w.s.m.m.a.HttpEntityMethodProcessor  : Using 'application/json', given [application/json, text/plain, */*] and supported [application/json, application/*+json, application/json, application/*+json]
2026-03-27 17:49:49.625 DEBUG 15316 --- [io-8089-exec-10] o.s.w.s.m.m.a.HttpEntityMethodProcessor  : Writing [com.example.TigoStarSystem.common.ApiResponse@90cf6e1]
2026-03-27 17:49:49.627 DEBUG 15316 --- [io-8089-exec-10] o.s.web.servlet.DispatcherServlet        : Completed 200 OK
2026-03-27 17:49:49.629 DEBUG 15316 --- [nio-8089-exec-1] o.s.w.s.m.m.a.HttpEntityMethodProcessor  : Using 'application/json', given [application/json, text/plain, */*] and supported [application/json, application/*+json, application/json, application/*+json]
2026-03-27 17:49:49.644 DEBUG 15316 --- [nio-8089-exec-4] o.s.web.servlet.DispatcherServlet        : GET "/auth/sucursales", parameters={}
2026-03-27 17:49:49.694 DEBUG 15316 --- [nio-8089-exec-1] o.s.w.s.m.m.a.HttpEntityMethodProcessor  : Writing [com.example.TigoStarSystem.common.ApiResponse@6b20e68b]
2026-03-27 17:49:49.759 DEBUG 15316 --- [nio-8089-exec-4] s.w.s.m.m.a.RequestMappingHandlerMapping : Mapped to com.example.TigoStarSystem.auth.controller.AuthController#listarSucursales()
2026-03-27 17:49:49.762 DEBUG 15316 --- [nio-8089-exec-1] o.s.web.servlet.DispatcherServlet        : Completed 200 OK
2026-03-27 17:49:49.767  INFO 15316 --- [nio-8089-exec-4] c.e.T.auth.controller.AuthController     : Request GET /auth/sucursales
2026-03-27 17:49:49.821 DEBUG 15316 --- [nio-8089-exec-6] o.s.web.servlet.DispatcherServlet        : GET "/auth/sucursales", parameters={}
2026-03-27 17:49:49.791 DEBUG 15316 --- [l-1 housekeeper] com.zaxxer.hikari.pool.HikariPool        : HikariPool-1 - Before cleanup stats (total=2, active=0, idle=2, waiting=0)
2026-03-27 17:49:49.825 DEBUG 15316 --- [nio-8089-exec-4] o.s.jdbc.core.JdbcTemplate               : Executing SQL query [EXEC dbo.spx_ObtenerSucursalesConexion]
2026-03-27 17:49:49.885 DEBUG 15316 --- [nio-8089-exec-6] s.w.s.m.m.a.RequestMappingHandlerMapping : Mapped to com.example.TigoStarSystem.auth.controller.AuthController#listarSucursales()
2026-03-27 17:49:49.886 DEBUG 15316 --- [l-1 housekeeper] com.zaxxer.hikari.pool.HikariPool        : HikariPool-1 - After cleanup  stats (total=2, active=0, idle=2, waiting=0)
2026-03-27 17:49:49.951 DEBUG 15316 --- [nio-8089-exec-4] o.s.jdbc.datasource.DataSourceUtils      : Fetching JDBC Connection from DataSource
2026-03-27 17:49:50.018  INFO 15316 --- [nio-8089-exec-6] c.e.T.auth.controller.AuthController     : Request GET /auth/sucursales
2026-03-27 17:49:50.019 DEBUG 15316 --- [l-1 housekeeper] com.zaxxer.hikari.pool.HikariPool        : HikariPool-1 - Fill pool skipped, pool is at sufficient level.
2026-03-27 17:49:50.020 DEBUG 15316 --- [nio-8089-exec-6] o.s.jdbc.core.JdbcTemplate               : Executing SQL query [EXEC dbo.spx_ObtenerSucursalesConexion]
2026-03-27 17:49:50.022 DEBUG 15316 --- [nio-8089-exec-6] o.s.jdbc.datasource.DataSourceUtils      : Fetching JDBC Connection from DataSource
2026-03-27 17:49:50.030 DEBUG 15316 --- [nio-8089-exec-4] o.s.w.s.m.m.a.HttpEntityMethodProcessor  : Using 'application/json', given [application/json, text/plain, */*] and supported [application/json, application/*+json, application/json, application/*+json]
2026-03-27 17:49:50.066 DEBUG 15316 --- [nio-8089-exec-4] o.s.w.s.m.m.a.HttpEntityMethodProcessor  : Writing [com.example.TigoStarSystem.common.ApiResponse@20508666]
2026-03-27 17:49:50.068 DEBUG 15316 --- [nio-8089-exec-4] o.s.web.servlet.DispatcherServlet        : Completed 200 OK
2026-03-27 17:49:50.071 DEBUG 15316 --- [nio-8089-exec-6] o.s.w.s.m.m.a.HttpEntityMethodProcessor  : Using 'application/json', given [application/json, text/plain, */*] and supported [application/json, application/*+json, application/json, application/*+json]
2026-03-27 17:49:50.072 DEBUG 15316 --- [nio-8089-exec-6] o.s.w.s.m.m.a.HttpEntityMethodProcessor  : Writing [com.example.TigoStarSystem.common.ApiResponse@136a14fb]
2026-03-27 17:49:50.073 DEBUG 15316 --- [nio-8089-exec-6] o.s.web.servlet.DispatcherServlet        : Completed 200 OK
2026-03-27 17:50:13.586 DEBUG 15316 --- [ool housekeeper] com.zaxxer.hikari.pool.HikariPool        : CentralHikariPool - Before cleanup stats (total=0, active=0, idle=0, waiting=0)
2026-03-27 17:50:13.587 DEBUG 15316 --- [ool housekeeper] com.zaxxer.hikari.pool.HikariPool        : CentralHikariPool - After cleanup  stats (total=0, active=0, idle=0, waiting=0)
2026-03-27 17:50:13.587 DEBUG 15316 --- [ool housekeeper] com.zaxxer.hikari.pool.HikariPool        : CentralHikariPool - Fill pool skipped, pool is at sufficient level.
2026-03-27 17:50:20.034 DEBUG 15316 --- [l-1 housekeeper] com.zaxxer.hikari.pool.HikariPool        : HikariPool-1 - Before cleanup stats (total=2, active=0, idle=2, waiting=0)
2026-03-27 17:50:20.059 DEBUG 15316 --- [l-1 housekeeper] com.zaxxer.hikari.pool.HikariPool        : HikariPool-1 - After cleanup  stats (total=2, active=0, idle=2, waiting=0)
2026-03-27 17:50:20.230 DEBUG 15316 --- [l-1 housekeeper] com.zaxxer.hikari.pool.HikariPool        : HikariPool-1 - Fill pool skipped, pool is at sufficient level.
2026-03-27 17:50:31.031 DEBUG 15316 --- [nio-8089-exec-3] o.s.web.servlet.DispatcherServlet        : POST "/auth/login", parameters={}
2026-03-27 17:50:31.031 DEBUG 15316 --- [nio-8089-exec-9] o.s.web.servlet.DispatcherServlet        : GET "/auth/sucursales", parameters={}
2026-03-27 17:50:31.033 DEBUG 15316 --- [nio-8089-exec-3] s.w.s.m.m.a.RequestMappingHandlerMapping : Mapped to com.example.TigoStarSystem.auth.controller.AuthController#login(AuthLoginRequest)
2026-03-27 17:50:31.033 DEBUG 15316 --- [nio-8089-exec-9] s.w.s.m.m.a.RequestMappingHandlerMapping : Mapped to com.example.TigoStarSystem.auth.controller.AuthController#listarSucursales()
2026-03-27 17:50:31.035  INFO 15316 --- [nio-8089-exec-9] c.e.T.auth.controller.AuthController     : Request GET /auth/sucursales
2026-03-27 17:50:31.036 DEBUG 15316 --- [nio-8089-exec-9] o.s.jdbc.core.JdbcTemplate               : Executing SQL query [EXEC dbo.spx_ObtenerSucursalesConexion]
2026-03-27 17:50:31.037 DEBUG 15316 --- [nio-8089-exec-9] o.s.jdbc.datasource.DataSourceUtils      : Fetching JDBC Connection from DataSource
2026-03-27 17:50:31.046 DEBUG 15316 --- [nio-8089-exec-9] o.s.w.s.m.m.a.HttpEntityMethodProcessor  : Using 'application/json', given [application/json, text/plain, */*] and supported [application/json, application/*+json, application/json, application/*+json]
2026-03-27 17:50:31.046 DEBUG 15316 --- [nio-8089-exec-9] o.s.w.s.m.m.a.HttpEntityMethodProcessor  : Writing [com.example.TigoStarSystem.common.ApiResponse@3d63f699]
2026-03-27 17:50:31.048 DEBUG 15316 --- [nio-8089-exec-9] o.s.web.servlet.DispatcherServlet        : Completed 200 OK
2026-03-27 17:50:31.096 DEBUG 15316 --- [nio-8089-exec-3] m.m.a.RequestResponseBodyMethodProcessor : Read "application/json;charset=UTF-8" to [com.example.TigoStarSystem.auth.dto.AuthLoginRequest@9c50dd7]
2026-03-27 17:50:31.118  INFO 15316 --- [nio-8089-exec-3] c.e.T.auth.service.AuthService           : Login attempt usuario=barrosok, idSucursal=9, validarSucursal=false
2026-03-27 17:50:31.118 DEBUG 15316 --- [nio-8089-exec-3] o.s.jdbc.core.JdbcTemplate               : Executing SQL query [EXEC dbo.spx_ObtenerSucursalesConexion]
2026-03-27 17:50:31.119 DEBUG 15316 --- [nio-8089-exec-3] o.s.jdbc.datasource.DataSourceUtils      : Fetching JDBC Connection from DataSource
2026-03-27 17:50:31.124 DEBUG 15316 --- [nio-8089-exec-3] c.e.T.auth.service.AuthService           : Sucursal resolved idSucursal=9, host=tigo.makiro.com.bo, baseDeDatos=BDSistemaAntenaPM
2026-03-27 17:50:31.125 DEBUG 15316 --- [nio-8089-exec-3] c.e.T.auth.service.AuthService           : Login target resolved idSucursal=9, sucursal=Santa_Cruz, host=tigo.makiro.com.bo, baseDeDatos=BDSistemaAntenaUTecnico
2026-03-27 17:50:31.126 DEBUG 15316 --- [nio-8089-exec-3] c.e.T.auth.service.AuthService           : Creating JDBC connection for sucursal host=tigo.makiro.com.bo baseDeDatos=BDSistemaAntenaUTecnico
2026-03-27 17:50:31.127 DEBUG 15316 --- [nio-8089-exec-3] com.zaxxer.hikari.HikariConfig           : Driver class com.microsoft.sqlserver.jdbc.SQLServerDriver found in Thread context class loader TomcatEmbeddedWebappClassLoader
  context: ROOT
  delegate: true
----------> Parent Classloader:
sun.misc.Launcher$AppClassLoader@7506e922

2026-03-27 17:50:31.127 DEBUG 15316 --- [nio-8089-exec-3] com.zaxxer.hikari.HikariConfig           : ConnDb-Santa_Cruz - configuration:
2026-03-27 17:50:31.128 DEBUG 15316 --- [nio-8089-exec-3] com.zaxxer.hikari.HikariConfig           : allowPoolSuspension................................false
2026-03-27 17:50:31.129 DEBUG 15316 --- [nio-8089-exec-3] com.zaxxer.hikari.HikariConfig           : autoCommit................................true
2026-03-27 17:50:31.130 DEBUG 15316 --- [nio-8089-exec-3] com.zaxxer.hikari.HikariConfig           : catalog................................none
2026-03-27 17:50:31.131 DEBUG 15316 --- [nio-8089-exec-3] com.zaxxer.hikari.HikariConfig           : connectionInitSql................................none
2026-03-27 17:50:31.132 DEBUG 15316 --- [nio-8089-exec-3] com.zaxxer.hikari.HikariConfig           : connectionTestQuery................................"SELECT 1"
2026-03-27 17:50:31.133 DEBUG 15316 --- [nio-8089-exec-3] com.zaxxer.hikari.HikariConfig           : connectionTimeout................................30000
2026-03-27 17:50:31.133 DEBUG 15316 --- [nio-8089-exec-3] com.zaxxer.hikari.HikariConfig           : dataSource................................none
2026-03-27 17:50:31.134 DEBUG 15316 --- [nio-8089-exec-3] com.zaxxer.hikari.HikariConfig           : dataSourceClassName................................none
2026-03-27 17:50:31.134 DEBUG 15316 --- [nio-8089-exec-3] com.zaxxer.hikari.HikariConfig           : dataSourceJNDI................................none
2026-03-27 17:50:31.135 DEBUG 15316 --- [nio-8089-exec-3] com.zaxxer.hikari.HikariConfig           : dataSourceProperties................................{password=<masked>}
2026-03-27 17:50:31.137 DEBUG 15316 --- [nio-8089-exec-3] com.zaxxer.hikari.HikariConfig           : driverClassName................................"com.microsoft.sqlserver.jdbc.SQLServerDriver"
2026-03-27 17:50:31.138 DEBUG 15316 --- [nio-8089-exec-3] com.zaxxer.hikari.HikariConfig           : exceptionOverrideClassName................................none
2026-03-27 17:50:31.138 DEBUG 15316 --- [nio-8089-exec-3] com.zaxxer.hikari.HikariConfig           : healthCheckProperties................................{}
2026-03-27 17:50:31.139 DEBUG 15316 --- [nio-8089-exec-3] com.zaxxer.hikari.HikariConfig           : healthCheckRegistry................................none
2026-03-27 17:50:31.140 DEBUG 15316 --- [nio-8089-exec-3] com.zaxxer.hikari.HikariConfig           : idleTimeout................................600000
2026-03-27 17:50:31.140 DEBUG 15316 --- [nio-8089-exec-3] com.zaxxer.hikari.HikariConfig           : initializationFailTimeout................................-1
2026-03-27 17:50:31.141 DEBUG 15316 --- [nio-8089-exec-3] com.zaxxer.hikari.HikariConfig           : isolateInternalQueries................................false
2026-03-27 17:50:31.141 DEBUG 15316 --- [nio-8089-exec-3] com.zaxxer.hikari.HikariConfig           : jdbcUrl................................jdbc:sqlserver://tigo.makiro.com.bo;databaseName=BDSistemaAntenaUTecnico;encrypt=false;trustServerCertificate=true
2026-03-27 17:50:31.142 DEBUG 15316 --- [nio-8089-exec-3] com.zaxxer.hikari.HikariConfig           : keepaliveTime................................0
2026-03-27 17:50:31.142 DEBUG 15316 --- [nio-8089-exec-3] com.zaxxer.hikari.HikariConfig           : leakDetectionThreshold................................0
2026-03-27 17:50:31.143 DEBUG 15316 --- [nio-8089-exec-3] com.zaxxer.hikari.HikariConfig           : maxLifetime................................1800000
2026-03-27 17:50:31.144 DEBUG 15316 --- [nio-8089-exec-3] com.zaxxer.hikari.HikariConfig           : maximumPoolSize................................5
2026-03-27 17:50:31.144 DEBUG 15316 --- [nio-8089-exec-3] com.zaxxer.hikari.HikariConfig           : metricRegistry................................none
2026-03-27 17:50:31.145 DEBUG 15316 --- [nio-8089-exec-3] com.zaxxer.hikari.HikariConfig           : metricsTrackerFactory................................none
2026-03-27 17:50:31.145 DEBUG 15316 --- [nio-8089-exec-3] com.zaxxer.hikari.HikariConfig           : minimumIdle................................0
2026-03-27 17:50:31.146 DEBUG 15316 --- [nio-8089-exec-3] com.zaxxer.hikari.HikariConfig           : password................................<masked>
2026-03-27 17:50:31.147 DEBUG 15316 --- [nio-8089-exec-3] com.zaxxer.hikari.HikariConfig           : poolName................................"ConnDb-Santa_Cruz"
2026-03-27 17:50:31.148 DEBUG 15316 --- [nio-8089-exec-3] com.zaxxer.hikari.HikariConfig           : readOnly................................false
2026-03-27 17:50:31.149 DEBUG 15316 --- [nio-8089-exec-3] com.zaxxer.hikari.HikariConfig           : registerMbeans................................false
2026-03-27 17:50:31.149 DEBUG 15316 --- [nio-8089-exec-3] com.zaxxer.hikari.HikariConfig           : scheduledExecutor................................none
2026-03-27 17:50:31.150 DEBUG 15316 --- [nio-8089-exec-3] com.zaxxer.hikari.HikariConfig           : schema................................none
2026-03-27 17:50:31.151 DEBUG 15316 --- [nio-8089-exec-3] com.zaxxer.hikari.HikariConfig           : threadFactory................................internal
2026-03-27 17:50:31.151 DEBUG 15316 --- [nio-8089-exec-3] com.zaxxer.hikari.HikariConfig           : transactionIsolation................................default
2026-03-27 17:50:31.152 DEBUG 15316 --- [nio-8089-exec-3] com.zaxxer.hikari.HikariConfig           : username................................"sistemas"
2026-03-27 17:50:31.152 DEBUG 15316 --- [nio-8089-exec-3] com.zaxxer.hikari.HikariConfig           : validationTimeout................................5000
2026-03-27 17:50:31.153  INFO 15316 --- [nio-8089-exec-3] com.zaxxer.hikari.HikariDataSource       : ConnDb-Santa_Cruz - Starting...
2026-03-27 17:50:31.154  INFO 15316 --- [nio-8089-exec-3] com.zaxxer.hikari.HikariDataSource       : ConnDb-Santa_Cruz - Start completed.
2026-03-27 17:50:31.155 DEBUG 15316 --- [nio-8089-exec-3] c.e.T.auth.service.AuthService           : Calling SP dbo.spx_ValidarUsuario
2026-03-27 17:50:31.158 DEBUG 15316 --- [nio-8089-exec-3] o.s.jdbc.core.JdbcTemplate               : Executing prepared SQL query
2026-03-27 17:50:31.158 DEBUG 15316 --- [nio-8089-exec-3] o.s.jdbc.core.JdbcTemplate               : Executing prepared SQL statement [EXEC dbo.spx_ValidarUsuario ?, ?]
2026-03-27 17:50:31.159 DEBUG 15316 --- [nio-8089-exec-3] o.s.jdbc.datasource.DataSourceUtils      : Fetching JDBC Connection from DataSource
2026-03-27 17:50:31.182 DEBUG 15316 --- [onnection adder] com.zaxxer.hikari.pool.HikariPool        : ConnDb-Santa_Cruz - Added connection ConnectionID:3 ClientConnectionId: 2010eed7-4242-4485-8a8d-f5782d5a0c0a
2026-03-27 17:50:31.185 DEBUG 15316 --- [nio-8089-exec-3] c.e.T.auth.service.AuthService           : Login SP returned 1 rows
2026-03-27 17:50:31.186  INFO 15316 --- [nio-8089-exec-3] c.e.T.auth.controller.AuthController     : User {} logged in successfully.
2026-03-27 17:50:31.187 DEBUG 15316 --- [nio-8089-exec-3] o.s.w.s.m.m.a.HttpEntityMethodProcessor  : Using 'application/json', given [application/json, text/plain, */*] and supported [application/json, application/*+json, application/json, application/*+json]
2026-03-27 17:50:31.188 DEBUG 15316 --- [nio-8089-exec-3] o.s.w.s.m.m.a.HttpEntityMethodProcessor  : Writing [com.example.TigoStarSystem.common.ApiResponse@58788aa0]
2026-03-27 17:50:31.189 DEBUG 15316 --- [nio-8089-exec-3] o.s.web.servlet.DispatcherServlet        : Completed 200 OK
2026-03-27 17:50:31.196 DEBUG 15316 --- [nio-8089-exec-8] o.s.web.servlet.DispatcherServlet        : GET "/auth/me", parameters={}
2026-03-27 17:50:31.197 DEBUG 15316 --- [nio-8089-exec-8] s.w.s.m.m.a.RequestMappingHandlerMapping : Mapped to com.example.TigoStarSystem.auth.controller.AuthController#me(String)
2026-03-27 17:50:31.198 DEBUG 15316 --- [nio-8089-exec-8] o.s.w.s.m.m.a.HttpEntityMethodProcessor  : Using 'application/json', given [application/json, text/plain, */*] and supported [application/json, application/*+json, application/json, application/*+json]
2026-03-27 17:50:31.200 DEBUG 15316 --- [nio-8089-exec-8] o.s.w.s.m.m.a.HttpEntityMethodProcessor  : Writing [com.example.TigoStarSystem.common.ApiResponse@1e336793]
2026-03-27 17:50:31.202 DEBUG 15316 --- [nio-8089-exec-8] o.s.web.servlet.DispatcherServlet        : Completed 200 OK
2026-03-27 17:50:31.206 DEBUG 15316 --- [nio-8089-exec-7] o.s.web.servlet.DispatcherServlet        : GET "/auth/permisos", parameters={}
2026-03-27 17:50:31.207 DEBUG 15316 --- [nio-8089-exec-7] s.w.s.m.m.a.RequestMappingHandlerMapping : Mapped to com.example.TigoStarSystem.auth.controller.AuthPermisosController#permisos(String)
2026-03-27 17:50:31.210 DEBUG 15316 --- [nio-8089-exec-7] o.s.jdbc.core.JdbcTemplate               : Executing SQL query [EXEC dbo.spx_ObtenerPrivilegiosRoles]
2026-03-27 17:50:31.210 DEBUG 15316 --- [nio-8089-exec-7] o.s.jdbc.datasource.DataSourceUtils      : Fetching JDBC Connection from DataSource
2026-03-27 17:50:31.242 DEBUG 15316 --- [onnection adder] com.zaxxer.hikari.pool.HikariPool        : CentralHikariPool - Added connection ConnectionID:4 ClientConnectionId: 54960443-d083-4e38-bf28-acd0c0347085
2026-03-27 17:50:31.246 DEBUG 15316 --- [nio-8089-exec-7] o.s.jdbc.core.JdbcTemplate               : Executing prepared SQL query
2026-03-27 17:50:31.246 DEBUG 15316 --- [nio-8089-exec-7] o.s.jdbc.core.JdbcTemplate               : Executing prepared SQL statement [EXEC dbo.spx_ObtenerPrivilegiosRolDetalle ?]
2026-03-27 17:50:31.247 DEBUG 15316 --- [nio-8089-exec-7] o.s.jdbc.datasource.DataSourceUtils      : Fetching JDBC Connection from DataSource
2026-03-27 17:50:31.252 DEBUG 15316 --- [nio-8089-exec-7] o.s.w.s.m.m.a.HttpEntityMethodProcessor  : Using 'application/json', given [application/json, text/plain, */*] and supported [application/json, application/*+json, application/json, application/*+json]
2026-03-27 17:50:31.252 DEBUG 15316 --- [nio-8089-exec-7] o.s.w.s.m.m.a.HttpEntityMethodProcessor  : Writing [com.example.TigoStarSystem.common.ApiResponse@6d3a9e3a]
2026-03-27 17:50:31.254 DEBUG 15316 --- [nio-8089-exec-7] o.s.web.servlet.DispatcherServlet        : Completed 200 OK
2026-03-27 17:50:31.256 DEBUG 15316 --- [ruz housekeeper] com.zaxxer.hikari.pool.HikariPool        : ConnDb-Santa_Cruz - Before cleanup stats (total=1, active=0, idle=1, waiting=0)
2026-03-27 17:50:31.257 DEBUG 15316 --- [ruz housekeeper] com.zaxxer.hikari.pool.HikariPool        : ConnDb-Santa_Cruz - After cleanup  stats (total=1, active=0, idle=1, waiting=0)
2026-03-27 17:50:31.259 DEBUG 15316 --- [ruz housekeeper] com.zaxxer.hikari.pool.HikariPool        : ConnDb-Santa_Cruz - Fill pool skipped, pool is at sufficient level.
2026-03-27 17:50:31.276 DEBUG 15316 --- [nio-8089-exec-5] o.s.web.servlet.DispatcherServlet        : GET "/supervisor/spy_Ultimo_Estado_Dia_BO_CITA_MAKIRO?fecha=2026-03-27&idUsuario=98&tecnico=KEVIN+GEOVANI+BARROSO+NAVA", parameters={masked}
2026-03-27 17:50:31.277 DEBUG 15316 --- [nio-8089-exec-5] s.w.s.m.m.a.RequestMappingHandlerMapping : Mapped to com.example.TigoStarSystem.supervisor.controller.EstadoDiaBoCitaController#obtenerUltimoEstadoDia(String, LocalDate, String)
2026-03-27 17:50:31.286 DEBUG 15316 --- [nio-8089-exec-5] o.s.jdbc.core.JdbcTemplate               : Executing prepared SQL query
2026-03-27 17:50:31.286 DEBUG 15316 --- [nio-8089-exec-5] o.s.jdbc.core.JdbcTemplate               : Executing prepared SQL statement [EXEC dbo.spy_Ultimo_Estado_Dia_BO_CITA_MAKIRO ?, ?]
2026-03-27 17:50:31.287 DEBUG 15316 --- [nio-8089-exec-5] o.s.jdbc.datasource.DataSourceUtils      : Fetching JDBC Connection from DataSource
2026-03-27 17:50:31.348 DEBUG 15316 --- [nio-8089-exec-5] o.s.w.s.m.m.a.HttpEntityMethodProcessor  : Using 'application/json', given [application/json, text/plain, */*] and supported [application/json, application/*+json, application/json, application/*+json]
2026-03-27 17:50:31.351 DEBUG 15316 --- [nio-8089-exec-5] o.s.w.s.m.m.a.HttpEntityMethodProcessor  : Writing [com.example.TigoStarSystem.common.ApiResponse@10748371]
2026-03-27 17:50:31.355 DEBUG 15316 --- [nio-8089-exec-5] o.s.web.servlet.DispatcherServlet        : Completed 200 OK
2026-03-27 17:50:33.624 DEBUG 15316 --- [nio-8089-exec-2] o.s.web.servlet.DispatcherServlet        : GET "/supervisor/spy_Ultimo_Estado_Dia_BO_CITA_MAKIRO?fecha=2026-03-02&idUsuario=98&tecnico=KEVIN+GEOVANI+BARROSO+NAVA", parameters={masked}
2026-03-27 17:50:33.625 DEBUG 15316 --- [nio-8089-exec-2] s.w.s.m.m.a.RequestMappingHandlerMapping : Mapped to com.example.TigoStarSystem.supervisor.controller.EstadoDiaBoCitaController#obtenerUltimoEstadoDia(String, LocalDate, String)
2026-03-27 17:50:33.627 DEBUG 15316 --- [nio-8089-exec-2] o.s.jdbc.core.JdbcTemplate               : Executing prepared SQL query
2026-03-27 17:50:33.628 DEBUG 15316 --- [nio-8089-exec-2] o.s.jdbc.core.JdbcTemplate               : Executing prepared SQL statement [EXEC dbo.spy_Ultimo_Estado_Dia_BO_CITA_MAKIRO ?, ?]
2026-03-27 17:50:33.629 DEBUG 15316 --- [nio-8089-exec-2] o.s.jdbc.datasource.DataSourceUtils      : Fetching JDBC Connection from DataSource
2026-03-27 17:50:33.648 DEBUG 15316 --- [nio-8089-exec-2] o.s.w.s.m.m.a.HttpEntityMethodProcessor  : Using 'application/json', given [application/json, text/plain, */*] and supported [application/json, application/*+json, application/json, application/*+json]
2026-03-27 17:50:33.649 DEBUG 15316 --- [nio-8089-exec-2] o.s.w.s.m.m.a.HttpEntityMethodProcessor  : Writing [com.example.TigoStarSystem.common.ApiResponse@4f7432cb]
2026-03-27 17:50:33.650 DEBUG 15316 --- [nio-8089-exec-2] o.s.web.servlet.DispatcherServlet        : Completed 200 OK
2026-03-27 17:50:33.736 DEBUG 15316 --- [io-8089-exec-10] o.s.web.servlet.DispatcherServlet        : GET "/supervisor/spy_Ultimo_Estado_Dia_BO_CITA_MAKIRO?fecha=2026-03-23&idUsuario=98&tecnico=KEVIN+GEOVANI+BARROSO+NAVA", parameters={masked}
2026-03-27 17:50:33.737 DEBUG 15316 --- [io-8089-exec-10] s.w.s.m.m.a.RequestMappingHandlerMapping : Mapped to com.example.TigoStarSystem.supervisor.controller.EstadoDiaBoCitaController#obtenerUltimoEstadoDia(String, LocalDate, String)
2026-03-27 17:50:33.738 DEBUG 15316 --- [io-8089-exec-10] o.s.jdbc.core.JdbcTemplate               : Executing prepared SQL query
2026-03-27 17:50:33.739 DEBUG 15316 --- [io-8089-exec-10] o.s.jdbc.core.JdbcTemplate               : Executing prepared SQL statement [EXEC dbo.spy_Ultimo_Estado_Dia_BO_CITA_MAKIRO ?, ?]
2026-03-27 17:50:33.739 DEBUG 15316 --- [io-8089-exec-10] o.s.jdbc.datasource.DataSourceUtils      : Fetching JDBC Connection from DataSource
2026-03-27 17:50:33.826 DEBUG 15316 --- [io-8089-exec-10] o.s.w.s.m.m.a.HttpEntityMethodProcessor  : Using 'application/json', given [application/json, text/plain, */*] and supported [application/json, application/*+json, application/json, application/*+json]
2026-03-27 17:50:33.826 DEBUG 15316 --- [io-8089-exec-10] o.s.w.s.m.m.a.HttpEntityMethodProcessor  : Writing [com.example.TigoStarSystem.common.ApiResponse@4c0e79a4]
2026-03-27 17:50:33.828 DEBUG 15316 --- [io-8089-exec-10] o.s.web.servlet.DispatcherServlet        : Completed 200 OK
2026-03-27 17:50:36.583 DEBUG 15316 --- [nio-8089-exec-1] o.s.web.servlet.DispatcherServlet        : GET "/catalogos/rutas?tecnicoId=98", parameters={masked}
2026-03-27 17:50:36.584 DEBUG 15316 --- [nio-8089-exec-6] o.s.web.servlet.DispatcherServlet        : GET "/catalogos/tipo-servicio", parameters={}
2026-03-27 17:50:36.584 DEBUG 15316 --- [nio-8089-exec-4] o.s.web.servlet.DispatcherServlet        : GET "/ot/spx_ObtenerCaberaVentaParaRegistroOTwb?clienteNro=2589990&ot=28761686&tor=TI&grupo=GRUPO+M24_KEVIN+GEOVANI&tecnicoNombre=KEVIN+GEOVANI+BARROSO+NAVA", parameters={masked}
2026-03-27 17:50:36.584 DEBUG 15316 --- [nio-8089-exec-1] s.w.s.m.m.a.RequestMappingHandlerMapping : Mapped to com.example.TigoStarSystem.catalogo.controller.CatalogoController#listarRutas(Integer)
2026-03-27 17:50:36.585 DEBUG 15316 --- [nio-8089-exec-6] s.w.s.m.m.a.RequestMappingHandlerMapping : Mapped to com.example.TigoStarSystem.catalogo.controller.CatalogoController#listarTipoServicio()
2026-03-27 17:50:36.585 DEBUG 15316 --- [nio-8089-exec-9] o.s.web.servlet.DispatcherServlet        : GET "/catalogos/estados", parameters={}
2026-03-27 17:50:36.585 DEBUG 15316 --- [nio-8089-exec-4] s.w.s.m.m.a.RequestMappingHandlerMapping : Mapped to com.example.TigoStarSystem.ot.controller.OtController#obtenerCabeceraVentaParaRegistroOtWb(String, Integer, Integer, String, String, String)
2026-03-27 17:50:36.587 DEBUG 15316 --- [nio-8089-exec-1] o.s.jdbc.core.JdbcTemplate               : Executing prepared SQL query
2026-03-27 17:50:36.587 DEBUG 15316 --- [nio-8089-exec-6] o.s.jdbc.core.JdbcTemplate               : Executing SQL query [EXEC spx_ObtenerTipoServicio]
2026-03-27 17:50:36.587 DEBUG 15316 --- [nio-8089-exec-9] s.w.s.m.m.a.RequestMappingHandlerMapping : Mapped to com.example.TigoStarSystem.catalogo.controller.CatalogoController#listarEstados()
2026-03-27 17:50:36.588 DEBUG 15316 --- [nio-8089-exec-1] o.s.jdbc.core.JdbcTemplate               : Executing prepared SQL statement [EXEC spx_ObtenerRutaXIdTecnico ?]
2026-03-27 17:50:36.588 DEBUG 15316 --- [nio-8089-exec-6] o.s.jdbc.datasource.DataSourceUtils      : Fetching JDBC Connection from DataSource
2026-03-27 17:50:36.588 DEBUG 15316 --- [nio-8089-exec-4] o.s.jdbc.core.JdbcTemplate               : Executing SQL query [EXEC dbo.spx_ObtenerSucursalesConexion]
2026-03-27 17:50:36.589 DEBUG 15316 --- [nio-8089-exec-9] o.s.jdbc.core.JdbcTemplate               : Executing SQL query [EXEC sp_ObtenerEstado]
2026-03-27 17:50:36.589 DEBUG 15316 --- [nio-8089-exec-1] o.s.jdbc.datasource.DataSourceUtils      : Fetching JDBC Connection from DataSource
2026-03-27 17:50:36.591 DEBUG 15316 --- [nio-8089-exec-4] o.s.jdbc.datasource.DataSourceUtils      : Fetching JDBC Connection from DataSource
2026-03-27 17:50:36.591 DEBUG 15316 --- [nio-8089-exec-9] o.s.jdbc.datasource.DataSourceUtils      : Fetching JDBC Connection from DataSource
2026-03-27 17:50:36.632 DEBUG 15316 --- [nio-8089-exec-1] o.s.w.s.m.m.a.HttpEntityMethodProcessor  : Using 'application/json', given [application/json, text/plain, */*] and supported [application/json, application/*+json, application/json, application/*+json]
2026-03-27 17:50:36.634 DEBUG 15316 --- [nio-8089-exec-1] o.s.w.s.m.m.a.HttpEntityMethodProcessor  : Writing [com.example.TigoStarSystem.common.ApiResponse@71ea8a2c]
2026-03-27 17:50:36.634 DEBUG 15316 --- [nio-8089-exec-6] o.s.w.s.m.m.a.HttpEntityMethodProcessor  : Using 'application/json', given [application/json, text/plain, */*] and supported [application/json, application/*+json, application/json, application/*+json]
2026-03-27 17:50:36.635 DEBUG 15316 --- [nio-8089-exec-6] o.s.w.s.m.m.a.HttpEntityMethodProcessor  : Writing [com.example.TigoStarSystem.common.ApiResponse@2e6b98df]
2026-03-27 17:50:36.635 DEBUG 15316 --- [nio-8089-exec-1] o.s.web.servlet.DispatcherServlet        : Completed 200 OK
2026-03-27 17:50:36.637 DEBUG 15316 --- [nio-8089-exec-6] o.s.web.servlet.DispatcherServlet        : Completed 200 OK
2026-03-27 17:50:36.649 DEBUG 15316 --- [nio-8089-exec-4] o.s.jdbc.core.JdbcTemplate               : Executing prepared SQL query
2026-03-27 17:50:36.650 DEBUG 15316 --- [nio-8089-exec-4] o.s.jdbc.core.JdbcTemplate               : Executing prepared SQL statement [EXEC dbo.spx_ObtenerCaberaVentaParaRegistroOTwb ?, ?, ?, ?, ?]
2026-03-27 17:50:36.650 DEBUG 15316 --- [nio-8089-exec-9] o.s.w.s.m.m.a.HttpEntityMethodProcessor  : Using 'application/json', given [application/json, text/plain, */*] and supported [application/json, application/*+json, application/json, application/*+json]
2026-03-27 17:50:36.651 DEBUG 15316 --- [nio-8089-exec-4] o.s.jdbc.datasource.DataSourceUtils      : Fetching JDBC Connection from DataSource
2026-03-27 17:50:36.651 DEBUG 15316 --- [nio-8089-exec-9] o.s.w.s.m.m.a.HttpEntityMethodProcessor  : Writing [com.example.TigoStarSystem.common.ApiResponse@4121691]
2026-03-27 17:50:36.653 DEBUG 15316 --- [nio-8089-exec-9] o.s.web.servlet.DispatcherServlet        : Completed 200 OK
2026-03-27 17:50:36.665 DEBUG 15316 --- [nio-8089-exec-4] o.s.w.s.m.m.a.HttpEntityMethodProcessor  : Using 'application/json', given [application/json, text/plain, */*] and supported [application/json, application/*+json, application/json, application/*+json]
2026-03-27 17:50:36.665 DEBUG 15316 --- [nio-8089-exec-4] o.s.w.s.m.m.a.HttpEntityMethodProcessor  : Writing [com.example.TigoStarSystem.common.ApiResponse@7afa62fc]
2026-03-27 17:50:36.667 DEBUG 15316 --- [nio-8089-exec-4] o.s.web.servlet.DispatcherServlet        : Completed 200 OK
2026-03-27 17:50:36.686 DEBUG 15316 --- [onnection adder] com.zaxxer.hikari.pool.HikariPool        : HikariPool-1 - Added connection ConnectionID:5 ClientConnectionId: 092b17a0-26c4-494d-8c89-7544fef4ac1c
2026-03-27 17:50:42.441 DEBUG 15316 --- [l-1 housekeeper] com.zaxxer.hikari.pool.HikariPool        : HikariPool-1 - keepalive: connection ConnectionID:1 ClientConnectionId: b4bc2372-af31-442a-a33d-55fc489e6889 is alive
2026-03-27 17:50:43.593 DEBUG 15316 --- [ool housekeeper] com.zaxxer.hikari.pool.HikariPool        : CentralHikariPool - Before cleanup stats (total=1, active=0, idle=1, waiting=0)
2026-03-27 17:50:43.594 DEBUG 15316 --- [ool housekeeper] com.zaxxer.hikari.pool.HikariPool        : CentralHikariPool - After cleanup  stats (total=1, active=0, idle=1, waiting=0)
2026-03-27 17:50:43.595 DEBUG 15316 --- [ool housekeeper] com.zaxxer.hikari.pool.HikariPool        : CentralHikariPool - Fill pool skipped, pool is at sufficient level.
2026-03-27 17:50:44.671 DEBUG 15316 --- [nio-8089-exec-3] o.s.web.servlet.DispatcherServlet        : GET "/supervisor/spy_Ultimo_Estado_Dia_BO_CITA_MAKIRO?fecha=2026-03-27&idUsuario=98&tecnico=KEVIN+GEOVANI+BARROSO+NAVA", parameters={masked}
2026-03-27 17:50:44.672 DEBUG 15316 --- [nio-8089-exec-3] s.w.s.m.m.a.RequestMappingHandlerMapping : Mapped to com.example.TigoStarSystem.supervisor.controller.EstadoDiaBoCitaController#obtenerUltimoEstadoDia(String, LocalDate, String)
2026-03-27 17:50:44.674 DEBUG 15316 --- [nio-8089-exec-3] o.s.jdbc.core.JdbcTemplate               : Executing prepared SQL query
2026-03-27 17:50:44.674 DEBUG 15316 --- [nio-8089-exec-3] o.s.jdbc.core.JdbcTemplate               : Executing prepared SQL statement [EXEC dbo.spy_Ultimo_Estado_Dia_BO_CITA_MAKIRO ?, ?]
2026-03-27 17:50:44.678 DEBUG 15316 --- [nio-8089-exec-3] o.s.jdbc.datasource.DataSourceUtils      : Fetching JDBC Connection from DataSource
2026-03-27 17:50:44.691 DEBUG 15316 --- [nio-8089-exec-3] o.s.w.s.m.m.a.HttpEntityMethodProcessor  : Using 'application/json', given [application/json, text/plain, */*] and supported [application/json, application/*+json, application/json, application/*+json]
2026-03-27 17:50:44.692 DEBUG 15316 --- [nio-8089-exec-3] o.s.w.s.m.m.a.HttpEntityMethodProcessor  : Writing [com.example.TigoStarSystem.common.ApiResponse@1692edaa]
2026-03-27 17:50:44.693 DEBUG 15316 --- [nio-8089-exec-3] o.s.web.servlet.DispatcherServlet        : Completed 200 OK
2026-03-27 17:50:46.869 DEBUG 15316 --- [nio-8089-exec-8] o.s.web.servlet.DispatcherServlet        : GET "/supervisor/spy_Ultimo_Estado_Dia_BO_CITA_MAKIRO?fecha=2026-03-02&idUsuario=98&tecnico=KEVIN+GEOVANI+BARROSO+NAVA", parameters={masked}
2026-03-27 17:50:46.871 DEBUG 15316 --- [nio-8089-exec-8] s.w.s.m.m.a.RequestMappingHandlerMapping : Mapped to com.example.TigoStarSystem.supervisor.controller.EstadoDiaBoCitaController#obtenerUltimoEstadoDia(String, LocalDate, String)
2026-03-27 17:50:46.873 DEBUG 15316 --- [nio-8089-exec-8] o.s.jdbc.core.JdbcTemplate               : Executing prepared SQL query
2026-03-27 17:50:46.874 DEBUG 15316 --- [nio-8089-exec-8] o.s.jdbc.core.JdbcTemplate               : Executing prepared SQL statement [EXEC dbo.spy_Ultimo_Estado_Dia_BO_CITA_MAKIRO ?, ?]
2026-03-27 17:50:46.874 DEBUG 15316 --- [nio-8089-exec-8] o.s.jdbc.datasource.DataSourceUtils      : Fetching JDBC Connection from DataSource
2026-03-27 17:50:46.892 DEBUG 15316 --- [nio-8089-exec-8] o.s.w.s.m.m.a.HttpEntityMethodProcessor  : Using 'application/json', given [application/json, text/plain, */*] and supported [application/json, application/*+json, application/json, application/*+json]
2026-03-27 17:50:46.893 DEBUG 15316 --- [nio-8089-exec-8] o.s.w.s.m.m.a.HttpEntityMethodProcessor  : Writing [com.example.TigoStarSystem.common.ApiResponse@2694dae7]
2026-03-27 17:50:46.894 DEBUG 15316 --- [nio-8089-exec-8] o.s.web.servlet.DispatcherServlet        : Completed 200 OK
2026-03-27 17:50:46.961 DEBUG 15316 --- [nio-8089-exec-7] o.s.web.servlet.DispatcherServlet        : GET "/supervisor/spy_Ultimo_Estado_Dia_BO_CITA_MAKIRO?fecha=2026-03-23&idUsuario=98&tecnico=KEVIN+GEOVANI+BARROSO+NAVA", parameters={masked}
2026-03-27 17:50:46.962 DEBUG 15316 --- [nio-8089-exec-7] s.w.s.m.m.a.RequestMappingHandlerMapping : Mapped to com.example.TigoStarSystem.supervisor.controller.EstadoDiaBoCitaController#obtenerUltimoEstadoDia(String, LocalDate, String)
2026-03-27 17:50:46.963 DEBUG 15316 --- [nio-8089-exec-7] o.s.jdbc.core.JdbcTemplate               : Executing prepared SQL query
2026-03-27 17:50:46.964 DEBUG 15316 --- [nio-8089-exec-7] o.s.jdbc.core.JdbcTemplate               : Executing prepared SQL statement [EXEC dbo.spy_Ultimo_Estado_Dia_BO_CITA_MAKIRO ?, ?]
2026-03-27 17:50:46.964 DEBUG 15316 --- [nio-8089-exec-7] o.s.jdbc.datasource.DataSourceUtils      : Fetching JDBC Connection from DataSource
2026-03-27 17:50:47.027 DEBUG 15316 --- [nio-8089-exec-7] o.s.w.s.m.m.a.HttpEntityMethodProcessor  : Using 'application/json', given [application/json, text/plain, */*] and supported [application/json, application/*+json, application/json, application/*+json]
2026-03-27 17:50:47.028 DEBUG 15316 --- [nio-8089-exec-7] o.s.w.s.m.m.a.HttpEntityMethodProcessor  : Writing [com.example.TigoStarSystem.common.ApiResponse@12b0a147]
2026-03-27 17:50:47.029 DEBUG 15316 --- [nio-8089-exec-7] o.s.web.servlet.DispatcherServlet        : Completed 200 OK
2026-03-27 17:50:49.017 DEBUG 15316 --- [nio-8089-exec-6] o.s.web.servlet.DispatcherServlet        : GET "/catalogos/estados", parameters={}
2026-03-27 17:50:49.017 DEBUG 15316 --- [nio-8089-exec-1] o.s.web.servlet.DispatcherServlet        : GET "/catalogos/tipo-servicio", parameters={}
2026-03-27 17:50:49.017 DEBUG 15316 --- [io-8089-exec-10] o.s.web.servlet.DispatcherServlet        : GET "/catalogos/rutas?tecnicoId=98", parameters={masked}
2026-03-27 17:50:49.017 DEBUG 15316 --- [nio-8089-exec-2] o.s.web.servlet.DispatcherServlet        : GET "/ot/spx_ObtenerCaberaVentaParaRegistroOTwb?clienteNro=2620591&ot=28759209&tor=A01&grupo=GRUPO+M24_KEVIN+GEOVANI&tecnicoNombre=KEVIN+GEOVANI+BARROSO+NAVA", parameters={masked}
2026-03-27 17:50:49.023 DEBUG 15316 --- [nio-8089-exec-6] s.w.s.m.m.a.RequestMappingHandlerMapping : Mapped to com.example.TigoStarSystem.catalogo.controller.CatalogoController#listarEstados()
2026-03-27 17:50:49.024 DEBUG 15316 --- [nio-8089-exec-1] s.w.s.m.m.a.RequestMappingHandlerMapping : Mapped to com.example.TigoStarSystem.catalogo.controller.CatalogoController#listarTipoServicio()
2026-03-27 17:50:49.066 DEBUG 15316 --- [io-8089-exec-10] s.w.s.m.m.a.RequestMappingHandlerMapping : Mapped to com.example.TigoStarSystem.catalogo.controller.CatalogoController#listarRutas(Integer)
2026-03-27 17:50:49.066 DEBUG 15316 --- [nio-8089-exec-2] s.w.s.m.m.a.RequestMappingHandlerMapping : Mapped to com.example.TigoStarSystem.ot.controller.OtController#obtenerCabeceraVentaParaRegistroOtWb(String, Integer, Integer, String, String, String)
2026-03-27 17:50:49.067 DEBUG 15316 --- [nio-8089-exec-6] o.s.jdbc.core.JdbcTemplate               : Executing SQL query [EXEC sp_ObtenerEstado]
2026-03-27 17:50:49.068 DEBUG 15316 --- [nio-8089-exec-1] o.s.jdbc.core.JdbcTemplate               : Executing SQL query [EXEC spx_ObtenerTipoServicio]
2026-03-27 17:50:49.068 DEBUG 15316 --- [io-8089-exec-10] o.s.jdbc.core.JdbcTemplate               : Executing prepared SQL query
2026-03-27 17:50:49.069 DEBUG 15316 --- [nio-8089-exec-2] o.s.jdbc.core.JdbcTemplate               : Executing SQL query [EXEC dbo.spx_ObtenerSucursalesConexion]
2026-03-27 17:50:49.118 DEBUG 15316 --- [nio-8089-exec-6] o.s.jdbc.datasource.DataSourceUtils      : Fetching JDBC Connection from DataSource
2026-03-27 17:50:49.118 DEBUG 15316 --- [nio-8089-exec-1] o.s.jdbc.datasource.DataSourceUtils      : Fetching JDBC Connection from DataSource
2026-03-27 17:50:49.119 DEBUG 15316 --- [io-8089-exec-10] o.s.jdbc.core.JdbcTemplate               : Executing prepared SQL statement [EXEC spx_ObtenerRutaXIdTecnico ?]
2026-03-27 17:50:49.119 DEBUG 15316 --- [nio-8089-exec-2] o.s.jdbc.datasource.DataSourceUtils      : Fetching JDBC Connection from DataSource
2026-03-27 17:50:49.121 DEBUG 15316 --- [io-8089-exec-10] o.s.jdbc.datasource.DataSourceUtils      : Fetching JDBC Connection from DataSource
2026-03-27 17:50:49.128 DEBUG 15316 --- [nio-8089-exec-6] o.s.w.s.m.m.a.HttpEntityMethodProcessor  : Using 'application/json', given [application/json, text/plain, */*] and supported [application/json, application/*+json, application/json, application/*+json]
2026-03-27 17:50:49.129 DEBUG 15316 --- [nio-8089-exec-2] o.s.jdbc.core.JdbcTemplate               : Executing prepared SQL query
2026-03-27 17:50:49.129 DEBUG 15316 --- [nio-8089-exec-6] o.s.w.s.m.m.a.HttpEntityMethodProcessor  : Writing [com.example.TigoStarSystem.common.ApiResponse@5fbf4c00]
2026-03-27 17:50:49.129 DEBUG 15316 --- [nio-8089-exec-1] o.s.w.s.m.m.a.HttpEntityMethodProcessor  : Using 'application/json', given [application/json, text/plain, */*] and supported [application/json, application/*+json, application/json, application/*+json]
2026-03-27 17:50:49.130 DEBUG 15316 --- [nio-8089-exec-2] o.s.jdbc.core.JdbcTemplate               : Executing prepared SQL statement [EXEC dbo.spx_ObtenerCaberaVentaParaRegistroOTwb ?, ?, ?, ?, ?]
2026-03-27 17:50:49.130 DEBUG 15316 --- [io-8089-exec-10] o.s.w.s.m.m.a.HttpEntityMethodProcessor  : Using 'application/json', given [application/json, text/plain, */*] and supported [application/json, application/*+json, application/json, application/*+json]
2026-03-27 17:50:49.131 DEBUG 15316 --- [nio-8089-exec-6] o.s.web.servlet.DispatcherServlet        : Completed 200 OK
2026-03-27 17:50:49.131 DEBUG 15316 --- [nio-8089-exec-1] o.s.w.s.m.m.a.HttpEntityMethodProcessor  : Writing [com.example.TigoStarSystem.common.ApiResponse@5663a646]
2026-03-27 17:50:49.132 DEBUG 15316 --- [nio-8089-exec-2] o.s.jdbc.datasource.DataSourceUtils      : Fetching JDBC Connection from DataSource
2026-03-27 17:50:49.132 DEBUG 15316 --- [io-8089-exec-10] o.s.w.s.m.m.a.HttpEntityMethodProcessor  : Writing [com.example.TigoStarSystem.common.ApiResponse@1c168cd9]
2026-03-27 17:50:49.136 DEBUG 15316 --- [nio-8089-exec-1] o.s.web.servlet.DispatcherServlet        : Completed 200 OK
2026-03-27 17:50:49.136 DEBUG 15316 --- [io-8089-exec-10] o.s.web.servlet.DispatcherServlet        : Completed 200 OK
2026-03-27 17:50:49.141 DEBUG 15316 --- [nio-8089-exec-2] o.s.w.s.m.m.a.HttpEntityMethodProcessor  : Using 'application/json', given [application/json, text/plain, */*] and supported [application/json, application/*+json, application/json, application/*+json]
2026-03-27 17:50:49.143 DEBUG 15316 --- [nio-8089-exec-2] o.s.w.s.m.m.a.HttpEntityMethodProcessor  : Writing [com.example.TigoStarSystem.common.ApiResponse@41574d0f]
2026-03-27 17:50:49.144 DEBUG 15316 --- [nio-8089-exec-2] o.s.web.servlet.DispatcherServlet        : Completed 200 OK
2026-03-27 17:50:49.147 DEBUG 15316 --- [onnection adder] com.zaxxer.hikari.pool.HikariPool        : HikariPool-1 - Added connection ConnectionID:6 ClientConnectionId: da3a64ae-9c7d-450d-b335-17a69a9c2348
2026-03-27 17:50:50.279 DEBUG 15316 --- [l-1 housekeeper] com.zaxxer.hikari.pool.HikariPool        : HikariPool-1 - Before cleanup stats (total=4, active=0, idle=4, waiting=0)
2026-03-27 17:50:50.280 DEBUG 15316 --- [l-1 housekeeper] com.zaxxer.hikari.pool.HikariPool        : HikariPool-1 - After cleanup  stats (total=4, active=0, idle=4, waiting=0)
2026-03-27 17:50:50.280 DEBUG 15316 --- [l-1 housekeeper] com.zaxxer.hikari.pool.HikariPool        : HikariPool-1 - Fill pool skipped, pool is at sufficient level.
2026-03-27 17:51:01.271 DEBUG 15316 --- [ruz housekeeper] com.zaxxer.hikari.pool.HikariPool        : ConnDb-Santa_Cruz - Before cleanup stats (total=1, active=0, idle=1, waiting=0)
2026-03-27 17:51:01.272 DEBUG 15316 --- [ruz housekeeper] com.zaxxer.hikari.pool.HikariPool        : ConnDb-Santa_Cruz - After cleanup  stats (total=1, active=0, idle=1, waiting=0)
2026-03-27 17:51:01.272 DEBUG 15316 --- [ruz housekeeper] com.zaxxer.hikari.pool.HikariPool        : ConnDb-Santa_Cruz - Fill pool skipped, pool is at sufficient level.
2026-03-27 17:51:13.599 DEBUG 15316 --- [ool housekeeper] com.zaxxer.hikari.pool.HikariPool        : CentralHikariPool - Before cleanup stats (total=1, active=0, idle=1, waiting=0)
2026-03-27 17:51:13.600 DEBUG 15316 --- [ool housekeeper] com.zaxxer.hikari.pool.HikariPool        : CentralHikariPool - After cleanup  stats (total=1, active=0, idle=1, waiting=0)
2026-03-27 17:51:13.600 DEBUG 15316 --- [ool housekeeper] com.zaxxer.hikari.pool.HikariPool        : CentralHikariPool - Fill pool skipped, pool is at sufficient level.
2026-03-27 17:51:20.282 DEBUG 15316 --- [l-1 housekeeper] com.zaxxer.hikari.pool.HikariPool        : HikariPool-1 - Before cleanup stats (total=4, active=0, idle=4, waiting=0)
2026-03-27 17:51:20.283 DEBUG 15316 --- [l-1 housekeeper] com.zaxxer.hikari.pool.HikariPool        : HikariPool-1 - After cleanup  stats (total=4, active=0, idle=4, waiting=0)
2026-03-27 17:51:20.283 DEBUG 15316 --- [l-1 housekeeper] com.zaxxer.hikari.pool.HikariPool        : HikariPool-1 - Fill pool skipped, pool is at sufficient level.
2026-03-27 17:51:31.283 DEBUG 15316 --- [ruz housekeeper] com.zaxxer.hikari.pool.HikariPool        : ConnDb-Santa_Cruz - Before cleanup stats (total=1, active=0, idle=1, waiting=0)
2026-03-27 17:51:31.284 DEBUG 15316 --- [ruz housekeeper] com.zaxxer.hikari.pool.HikariPool        : ConnDb-Santa_Cruz - After cleanup  stats (total=1, active=0, idle=1, waiting=0)
2026-03-27 17:51:31.284 DEBUG 15316 --- [ruz housekeeper] com.zaxxer.hikari.pool.HikariPool        : ConnDb-Santa_Cruz - Fill pool skipped, pool is at sufficient level.
2026-03-27 17:51:39.806 DEBUG 15316 --- [l-1 housekeeper] com.zaxxer.hikari.pool.HikariPool        : HikariPool-1 - keepalive: connection ConnectionID:2 ClientConnectionId: 28aa640e-62c8-42dd-a130-b622fa220be2 is alive
2026-03-27 17:51:43.612 DEBUG 15316 --- [ool housekeeper] com.zaxxer.hikari.pool.HikariPool        : CentralHikariPool - Before cleanup stats (total=1, active=0, idle=1, waiting=0)
2026-03-27 17:51:43.612 DEBUG 15316 --- [ool housekeeper] com.zaxxer.hikari.pool.HikariPool        : CentralHikariPool - After cleanup  stats (total=1, active=0, idle=1, waiting=0)
2026-03-27 17:51:43.613 DEBUG 15316 --- [ool housekeeper] com.zaxxer.hikari.pool.HikariPool        : CentralHikariPool - Fill pool skipped, pool is at sufficient level.
2026-03-27 17:51:50.285 DEBUG 15316 --- [l-1 housekeeper] com.zaxxer.hikari.pool.HikariPool        : HikariPool-1 - Before cleanup stats (total=4, active=0, idle=4, waiting=0)
2026-03-27 17:51:50.287 DEBUG 15316 --- [l-1 housekeeper] com.zaxxer.hikari.pool.HikariPool        : HikariPool-1 - After cleanup  stats (total=4, active=0, idle=4, waiting=0)
2026-03-27 17:51:50.287 DEBUG 15316 --- [l-1 housekeeper] com.zaxxer.hikari.pool.HikariPool        : HikariPool-1 - Fill pool skipped, pool is at sufficient level.
2026-03-27 17:52:01.298 DEBUG 15316 --- [ruz housekeeper] com.zaxxer.hikari.pool.HikariPool        : ConnDb-Santa_Cruz - Before cleanup stats (total=1, active=0, idle=1, waiting=0)
2026-03-27 17:52:01.299 DEBUG 15316 --- [ruz housekeeper] com.zaxxer.hikari.pool.HikariPool        : ConnDb-Santa_Cruz - After cleanup  stats (total=1, active=0, idle=1, waiting=0)
2026-03-27 17:52:01.299 DEBUG 15316 --- [ruz housekeeper] com.zaxxer.hikari.pool.HikariPool        : ConnDb-Santa_Cruz - Fill pool skipped, pool is at sufficient level.
2026-03-27 17:52:13.618 DEBUG 15316 --- [ool housekeeper] com.zaxxer.hikari.pool.HikariPool        : CentralHikariPool - Before cleanup stats (total=1, active=0, idle=1, waiting=0)
2026-03-27 17:52:13.619 DEBUG 15316 --- [ool housekeeper] com.zaxxer.hikari.pool.HikariPool        : CentralHikariPool - After cleanup  stats (total=1, active=0, idle=1, waiting=0)
2026-03-27 17:52:13.619 DEBUG 15316 --- [ool housekeeper] com.zaxxer.hikari.pool.HikariPool        : CentralHikariPool - Fill pool skipped, pool is at sufficient level.
2026-03-27 17:52:20.293 DEBUG 15316 --- [l-1 housekeeper] com.zaxxer.hikari.pool.HikariPool        : HikariPool-1 - Before cleanup stats (total=4, active=0, idle=4, waiting=0)
2026-03-27 17:52:20.294 DEBUG 15316 --- [l-1 housekeeper] com.zaxxer.hikari.pool.HikariPool        : HikariPool-1 - After cleanup  stats (total=4, active=0, idle=4, waiting=0)
2026-03-27 17:52:20.294 DEBUG 15316 --- [l-1 housekeeper] com.zaxxer.hikari.pool.HikariPool        : HikariPool-1 - Fill pool skipped, pool is at sufficient level.
2026-03-27 17:52:28.889 DEBUG 15316 --- [l-1 housekeeper] com.zaxxer.hikari.pool.HikariPool        : HikariPool-1 - keepalive: connection ConnectionID:5 ClientConnectionId: 092b17a0-26c4-494d-8c89-7544fef4ac1c is alive
2026-03-27 17:52:29.037 DEBUG 15316 --- [ool housekeeper] com.zaxxer.hikari.pool.HikariPool        : CentralHikariPool - keepalive: connection ConnectionID:4 ClientConnectionId: 54960443-d083-4e38-bf28-acd0c0347085 is alive
2026-03-27 17:52:31.311 DEBUG 15316 --- [ruz housekeeper] com.zaxxer.hikari.pool.HikariPool        : ConnDb-Santa_Cruz - Before cleanup stats (total=1, active=0, idle=1, waiting=0)
2026-03-27 17:52:31.312 DEBUG 15316 --- [ruz housekeeper] com.zaxxer.hikari.pool.HikariPool        : ConnDb-Santa_Cruz - After cleanup  stats (total=1, active=0, idle=1, waiting=0)
2026-03-27 17:52:31.312 DEBUG 15316 --- [ruz housekeeper] com.zaxxer.hikari.pool.HikariPool        : ConnDb-Santa_Cruz - Fill pool skipped, pool is at sufficient level.
2026-03-27 17:52:34.285 DEBUG 15316 --- [l-1 housekeeper] com.zaxxer.hikari.pool.HikariPool        : HikariPool-1 - keepalive: connection ConnectionID:1 ClientConnectionId: b4bc2372-af31-442a-a33d-55fc489e6889 is alive
2026-03-27 17:52:43.634 DEBUG 15316 --- [ool housekeeper] com.zaxxer.hikari.pool.HikariPool        : CentralHikariPool - Before cleanup stats (total=1, active=0, idle=1, waiting=0)
2026-03-27 17:52:43.635 DEBUG 15316 --- [ool housekeeper] com.zaxxer.hikari.pool.HikariPool        : CentralHikariPool - After cleanup  stats (total=1, active=0, idle=1, waiting=0)
2026-03-27 17:52:43.637 DEBUG 15316 --- [ool housekeeper] com.zaxxer.hikari.pool.HikariPool        : CentralHikariPool - Fill pool skipped, pool is at sufficient level.
2026-03-27 17:52:43.793 DEBUG 15316 --- [l-1 housekeeper] com.zaxxer.hikari.pool.HikariPool        : HikariPool-1 - keepalive: connection ConnectionID:6 ClientConnectionId: da3a64ae-9c7d-450d-b335-17a69a9c2348 is alive
2026-03-27 17:52:50.304 DEBUG 15316 --- [l-1 housekeeper] com.zaxxer.hikari.pool.HikariPool        : HikariPool-1 - Before cleanup stats (total=4, active=0, idle=4, waiting=0)
2026-03-27 17:52:50.305 DEBUG 15316 --- [l-1 housekeeper] com.zaxxer.hikari.pool.HikariPool        : HikariPool-1 - After cleanup  stats (total=4, active=0, idle=4, waiting=0)
2026-03-27 17:52:50.306 DEBUG 15316 --- [l-1 housekeeper] com.zaxxer.hikari.pool.HikariPool        : HikariPool-1 - Fill pool skipped, pool is at sufficient level.
2026-03-27 17:53:01.329 DEBUG 15316 --- [ruz housekeeper] com.zaxxer.hikari.pool.HikariPool        : ConnDb-Santa_Cruz - Before cleanup stats (total=1, active=0, idle=1, waiting=0)
2026-03-27 17:53:01.330 DEBUG 15316 --- [ruz housekeeper] com.zaxxer.hikari.pool.HikariPool        : ConnDb-Santa_Cruz - After cleanup  stats (total=1, active=0, idle=1, waiting=0)
2026-03-27 17:53:01.331 DEBUG 15316 --- [ruz housekeeper] com.zaxxer.hikari.pool.HikariPool        : ConnDb-Santa_Cruz - Fill pool skipped, pool is at sufficient level.
2026-03-27 17:53:13.653 DEBUG 15316 --- [ool housekeeper] com.zaxxer.hikari.pool.HikariPool        : CentralHikariPool - Before cleanup stats (total=1, active=0, idle=1, waiting=0)
2026-03-27 17:53:13.653 DEBUG 15316 --- [ool housekeeper] com.zaxxer.hikari.pool.HikariPool        : CentralHikariPool - After cleanup  stats (total=1, active=0, idle=1, waiting=0)
2026-03-27 17:53:13.654 DEBUG 15316 --- [ool housekeeper] com.zaxxer.hikari.pool.HikariPool        : CentralHikariPool - Fill pool skipped, pool is at sufficient level.
2026-03-27 17:53:20.313 DEBUG 15316 --- [l-1 housekeeper] com.zaxxer.hikari.pool.HikariPool        : HikariPool-1 - Before cleanup stats (total=4, active=0, idle=4, waiting=0)
2026-03-27 17:53:20.314 DEBUG 15316 --- [l-1 housekeeper] com.zaxxer.hikari.pool.HikariPool        : HikariPool-1 - After cleanup  stats (total=4, active=0, idle=4, waiting=0)
2026-03-27 17:53:20.314 DEBUG 15316 --- [l-1 housekeeper] com.zaxxer.hikari.pool.HikariPool        : HikariPool-1 - Fill pool skipped, pool is at sufficient level.
2026-03-27 17:53:29.987 DEBUG 15316 --- [l-1 housekeeper] com.zaxxer.hikari.pool.HikariPool        : HikariPool-1 - keepalive: connection ConnectionID:2 ClientConnectionId: 28aa640e-62c8-42dd-a130-b622fa220be2 is alive
2026-03-27 17:53:31.339 DEBUG 15316 --- [ruz housekeeper] com.zaxxer.hikari.pool.HikariPool        : ConnDb-Santa_Cruz - Before cleanup stats (total=1, active=0, idle=1, waiting=0)
2026-03-27 17:53:31.339 DEBUG 15316 --- [ruz housekeeper] com.zaxxer.hikari.pool.HikariPool        : ConnDb-Santa_Cruz - After cleanup  stats (total=1, active=0, idle=1, waiting=0)
2026-03-27 17:53:31.340 DEBUG 15316 --- [ruz housekeeper] com.zaxxer.hikari.pool.HikariPool        : ConnDb-Santa_Cruz - Fill pool skipped, pool is at sufficient level.
2026-03-27 17:53:43.666 DEBUG 15316 --- [ool housekeeper] com.zaxxer.hikari.pool.HikariPool        : CentralHikariPool - Before cleanup stats (total=1, active=0, idle=1, waiting=0)
2026-03-27 17:53:43.666 DEBUG 15316 --- [ool housekeeper] com.zaxxer.hikari.pool.HikariPool        : CentralHikariPool - After cleanup  stats (total=1, active=0, idle=1, waiting=0)
2026-03-27 17:53:43.667 DEBUG 15316 --- [ool housekeeper] com.zaxxer.hikari.pool.HikariPool        : CentralHikariPool - Fill pool skipped, pool is at sufficient level.
2026-03-27 17:53:50.319 DEBUG 15316 --- [l-1 housekeeper] com.zaxxer.hikari.pool.HikariPool        : HikariPool-1 - Before cleanup stats (total=4, active=0, idle=4, waiting=0)
2026-03-27 17:53:50.320 DEBUG 15316 --- [l-1 housekeeper] com.zaxxer.hikari.pool.HikariPool        : HikariPool-1 - After cleanup  stats (total=4, active=0, idle=4, waiting=0)
2026-03-27 17:53:50.322 DEBUG 15316 --- [l-1 housekeeper] com.zaxxer.hikari.pool.HikariPool        : HikariPool-1 - Fill pool skipped, pool is at sufficient level.
2026-03-27 17:54:01.356 DEBUG 15316 --- [ruz housekeeper] com.zaxxer.hikari.pool.HikariPool        : ConnDb-Santa_Cruz - Before cleanup stats (total=1, active=0, idle=1, waiting=0)
2026-03-27 17:54:01.375 DEBUG 15316 --- [ruz housekeeper] com.zaxxer.hikari.pool.HikariPool        : ConnDb-Santa_Cruz - After cleanup  stats (total=1, active=0, idle=1, waiting=0)
2026-03-27 17:54:01.376 DEBUG 15316 --- [ruz housekeeper] com.zaxxer.hikari.pool.HikariPool        : ConnDb-Santa_Cruz - Fill pool skipped, pool is at sufficient level.
2026-03-27 17:54:13.679 DEBUG 15316 --- [ool housekeeper] com.zaxxer.hikari.pool.HikariPool        : CentralHikariPool - Before cleanup stats (total=1, active=0, idle=1, waiting=0)
2026-03-27 17:54:13.679 DEBUG 15316 --- [ool housekeeper] com.zaxxer.hikari.pool.HikariPool        : CentralHikariPool - After cleanup  stats (total=1, active=0, idle=1, waiting=0)
2026-03-27 17:54:13.680 DEBUG 15316 --- [ool housekeeper] com.zaxxer.hikari.pool.HikariPool        : CentralHikariPool - Fill pool skipped, pool is at sufficient level.
2026-03-27 17:54:20.327 DEBUG 15316 --- [l-1 housekeeper] com.zaxxer.hikari.pool.HikariPool        : HikariPool-1 - Before cleanup stats (total=4, active=0, idle=4, waiting=0)
2026-03-27 17:54:20.328 DEBUG 15316 --- [l-1 housekeeper] com.zaxxer.hikari.pool.HikariPool        : HikariPool-1 - After cleanup  stats (total=4, active=0, idle=4, waiting=0)
2026-03-27 17:54:20.329 DEBUG 15316 --- [l-1 housekeeper] com.zaxxer.hikari.pool.HikariPool        : HikariPool-1 - Fill pool skipped, pool is at sufficient level.
2026-03-27 17:54:21.096 DEBUG 15316 --- [l-1 housekeeper] com.zaxxer.hikari.pool.HikariPool        : HikariPool-1 - keepalive: connection ConnectionID:5 ClientConnectionId: 092b17a0-26c4-494d-8c89-7544fef4ac1c is alive
2026-03-27 17:54:26.124 DEBUG 15316 --- [l-1 housekeeper] com.zaxxer.hikari.pool.HikariPool        : HikariPool-1 - keepalive: connection ConnectionID:1 ClientConnectionId: b4bc2372-af31-442a-a33d-55fc489e6889 is alive
2026-03-27 17:54:26.829 DEBUG 15316 --- [ool housekeeper] com.zaxxer.hikari.pool.HikariPool        : CentralHikariPool - keepalive: connection ConnectionID:4 ClientConnectionId: 54960443-d083-4e38-bf28-acd0c0347085 is alive
2026-03-27 17:54:31.388 DEBUG 15316 --- [ruz housekeeper] com.zaxxer.hikari.pool.HikariPool        : ConnDb-Santa_Cruz - Before cleanup stats (total=1, active=0, idle=1, waiting=0)
2026-03-27 17:54:31.388 DEBUG 15316 --- [ruz housekeeper] com.zaxxer.hikari.pool.HikariPool        : ConnDb-Santa_Cruz - After cleanup  stats (total=1, active=0, idle=1, waiting=0)
2026-03-27 17:54:31.389 DEBUG 15316 --- [ruz housekeeper] com.zaxxer.hikari.pool.HikariPool        : ConnDb-Santa_Cruz - Fill pool skipped, pool is at sufficient level.
2026-03-27 17:54:38.449 DEBUG 15316 --- [l-1 housekeeper] com.zaxxer.hikari.pool.HikariPool        : HikariPool-1 - keepalive: connection ConnectionID:6 ClientConnectionId: da3a64ae-9c7d-450d-b335-17a69a9c2348 is alive
2026-03-27 17:54:43.695 DEBUG 15316 --- [ool housekeeper] com.zaxxer.hikari.pool.HikariPool        : CentralHikariPool - Before cleanup stats (total=1, active=0, idle=1, waiting=0)
2026-03-27 17:54:43.696 DEBUG 15316 --- [ool housekeeper] com.zaxxer.hikari.pool.HikariPool        : CentralHikariPool - After cleanup  stats (total=1, active=0, idle=1, waiting=0)
2026-03-27 17:54:43.697 DEBUG 15316 --- [ool housekeeper] com.zaxxer.hikari.pool.HikariPool        : CentralHikariPool - Fill pool skipped, pool is at sufficient level.
2026-03-27 17:54:50.331 DEBUG 15316 --- [l-1 housekeeper] com.zaxxer.hikari.pool.HikariPool        : HikariPool-1 - Before cleanup stats (total=4, active=0, idle=4, waiting=0)
2026-03-27 17:54:50.331 DEBUG 15316 --- [l-1 housekeeper] com.zaxxer.hikari.pool.HikariPool        : HikariPool-1 - After cleanup  stats (total=4, active=0, idle=4, waiting=0)
2026-03-27 17:54:50.332 DEBUG 15316 --- [l-1 housekeeper] com.zaxxer.hikari.pool.HikariPool        : HikariPool-1 - Fill pool skipped, pool is at sufficient level.
2026-03-27 17:55:01.400 DEBUG 15316 --- [ruz housekeeper] com.zaxxer.hikari.pool.HikariPool        : ConnDb-Santa_Cruz - Before cleanup stats (total=1, active=0, idle=1, waiting=0)
2026-03-27 17:55:01.400 DEBUG 15316 --- [ruz housekeeper] com.zaxxer.hikari.pool.HikariPool        : ConnDb-Santa_Cruz - After cleanup  stats (total=1, active=0, idle=1, waiting=0)
2026-03-27 17:55:01.401 DEBUG 15316 --- [ruz housekeeper] com.zaxxer.hikari.pool.HikariPool        : ConnDb-Santa_Cruz - Fill pool skipped, pool is at sufficient level.
2026-03-27 17:55:13.702 DEBUG 15316 --- [ool housekeeper] com.zaxxer.hikari.pool.HikariPool        : CentralHikariPool - Before cleanup stats (total=1, active=0, idle=1, waiting=0)
2026-03-27 17:55:13.703 DEBUG 15316 --- [ool housekeeper] com.zaxxer.hikari.pool.HikariPool        : CentralHikariPool - After cleanup  stats (total=1, active=0, idle=1, waiting=0)
2026-03-27 17:55:13.703 DEBUG 15316 --- [ool housekeeper] com.zaxxer.hikari.pool.HikariPool        : CentralHikariPool - Fill pool skipped, pool is at sufficient level.
2026-03-27 17:55:20.155 DEBUG 15316 --- [l-1 housekeeper] com.zaxxer.hikari.pool.HikariPool        : HikariPool-1 - keepalive: connection ConnectionID:2 ClientConnectionId: 28aa640e-62c8-42dd-a130-b622fa220be2 is alive
2026-03-27 17:55:20.339 DEBUG 15316 --- [l-1 housekeeper] com.zaxxer.hikari.pool.HikariPool        : HikariPool-1 - Before cleanup stats (total=4, active=0, idle=4, waiting=0)
2026-03-27 17:55:20.339 DEBUG 15316 --- [l-1 housekeeper] com.zaxxer.hikari.pool.HikariPool        : HikariPool-1 - After cleanup  stats (total=4, active=0, idle=4, waiting=0)
2026-03-27 17:55:20.340 DEBUG 15316 --- [l-1 housekeeper] com.zaxxer.hikari.pool.HikariPool        : HikariPool-1 - Fill pool skipped, pool is at sufficient level.
2026-03-27 17:55:31.412 DEBUG 15316 --- [ruz housekeeper] com.zaxxer.hikari.pool.HikariPool        : ConnDb-Santa_Cruz - Before cleanup stats (total=1, active=0, idle=1, waiting=0)
2026-03-27 17:55:31.412 DEBUG 15316 --- [ruz housekeeper] com.zaxxer.hikari.pool.HikariPool        : ConnDb-Santa_Cruz - After cleanup  stats (total=1, active=0, idle=1, waiting=0)
2026-03-27 17:55:31.413 DEBUG 15316 --- [ruz housekeeper] com.zaxxer.hikari.pool.HikariPool        : ConnDb-Santa_Cruz - Fill pool skipped, pool is at sufficient level.
2026-03-27 17:55:43.708 DEBUG 15316 --- [ool housekeeper] com.zaxxer.hikari.pool.HikariPool        : CentralHikariPool - Before cleanup stats (total=1, active=0, idle=1, waiting=0)
2026-03-27 17:55:43.708 DEBUG 15316 --- [ool housekeeper] com.zaxxer.hikari.pool.HikariPool        : CentralHikariPool - After cleanup  stats (total=1, active=0, idle=1, waiting=0)
2026-03-27 17:55:43.710 DEBUG 15316 --- [ool housekeeper] com.zaxxer.hikari.pool.HikariPool        : CentralHikariPool - Fill pool skipped, pool is at sufficient level.
2026-03-27 17:55:50.352 DEBUG 15316 --- [l-1 housekeeper] com.zaxxer.hikari.pool.HikariPool        : HikariPool-1 - Before cleanup stats (total=4, active=0, idle=4, waiting=0)
2026-03-27 17:55:50.353 DEBUG 15316 --- [l-1 housekeeper] com.zaxxer.hikari.pool.HikariPool        : HikariPool-1 - After cleanup  stats (total=0, active=0, idle=0, waiting=0)
2026-03-27 17:55:50.354 DEBUG 15316 --- [l-1 housekeeper] com.zaxxer.hikari.pool.HikariPool        : HikariPool-1 - Fill pool skipped, pool is at sufficient level.
2026-03-27 17:55:50.353 DEBUG 15316 --- [nnection closer] com.zaxxer.hikari.pool.PoolBase          : HikariPool-1 - Closing connection ConnectionID:6 ClientConnectionId: da3a64ae-9c7d-450d-b335-17a69a9c2348: (connection has passed idleTimeout)
2026-03-27 17:55:50.355 DEBUG 15316 --- [nnection closer] com.zaxxer.hikari.pool.HikariPool        : HikariPool-1 - Fill pool skipped, pool is at sufficient level.
2026-03-27 17:55:50.357 DEBUG 15316 --- [nnection closer] com.zaxxer.hikari.pool.PoolBase          : HikariPool-1 - Closing connection ConnectionID:5 ClientConnectionId: 092b17a0-26c4-494d-8c89-7544fef4ac1c: (connection has passed idleTimeout)
2026-03-27 17:55:50.357 DEBUG 15316 --- [nnection closer] com.zaxxer.hikari.pool.HikariPool        : HikariPool-1 - Fill pool skipped, pool is at sufficient level.
2026-03-27 17:55:50.358 DEBUG 15316 --- [nnection closer] com.zaxxer.hikari.pool.PoolBase          : HikariPool-1 - Closing connection ConnectionID:2 ClientConnectionId: 28aa640e-62c8-42dd-a130-b622fa220be2: (connection has passed idleTimeout)
2026-03-27 17:55:50.359 DEBUG 15316 --- [nnection closer] com.zaxxer.hikari.pool.HikariPool        : HikariPool-1 - Fill pool skipped, pool is at sufficient level.
2026-03-27 17:55:50.360 DEBUG 15316 --- [nnection closer] com.zaxxer.hikari.pool.PoolBase          : HikariPool-1 - Closing connection ConnectionID:1 ClientConnectionId: b4bc2372-af31-442a-a33d-55fc489e6889: (connection has passed idleTimeout)
2026-03-27 17:55:50.361 DEBUG 15316 --- [nnection closer] com.zaxxer.hikari.pool.HikariPool        : HikariPool-1 - Fill pool skipped, pool is at sufficient level.
2026-03-27 17:56:01.429 DEBUG 15316 --- [ruz housekeeper] com.zaxxer.hikari.pool.HikariPool        : ConnDb-Santa_Cruz - Before cleanup stats (total=1, active=0, idle=1, waiting=0)
2026-03-27 17:56:01.429 DEBUG 15316 --- [ruz housekeeper] com.zaxxer.hikari.pool.HikariPool        : ConnDb-Santa_Cruz - After cleanup  stats (total=1, active=0, idle=1, waiting=0)
2026-03-27 17:56:01.430 DEBUG 15316 --- [ruz housekeeper] com.zaxxer.hikari.pool.HikariPool        : ConnDb-Santa_Cruz - Fill pool skipped, pool is at sufficient level.
2026-03-27 17:56:13.718 DEBUG 15316 --- [ool housekeeper] com.zaxxer.hikari.pool.HikariPool        : CentralHikariPool - Before cleanup stats (total=1, active=0, idle=1, waiting=0)
2026-03-27 17:56:13.719 DEBUG 15316 --- [ool housekeeper] com.zaxxer.hikari.pool.HikariPool        : CentralHikariPool - After cleanup  stats (total=0, active=0, idle=0, waiting=0)
2026-03-27 17:56:13.719 DEBUG 15316 --- [ool housekeeper] com.zaxxer.hikari.pool.HikariPool        : CentralHikariPool - Fill pool skipped, pool is at sufficient level.
2026-03-27 17:56:13.719 DEBUG 15316 --- [nnection closer] com.zaxxer.hikari.pool.PoolBase          : CentralHikariPool - Closing connection ConnectionID:4 ClientConnectionId: 54960443-d083-4e38-bf28-acd0c0347085: (connection has passed idleTimeout)
2026-03-27 17:56:13.722 DEBUG 15316 --- [nnection closer] com.zaxxer.hikari.pool.HikariPool        : CentralHikariPool - Fill pool skipped, pool is at sufficient level.
2026-03-27 17:56:20.355 DEBUG 15316 --- [l-1 housekeeper] com.zaxxer.hikari.pool.HikariPool        : HikariPool-1 - Before cleanup stats (total=0, active=0, idle=0, waiting=0)
2026-03-27 17:56:20.356 DEBUG 15316 --- [l-1 housekeeper] com.zaxxer.hikari.pool.HikariPool        : HikariPool-1 - After cleanup  stats (total=0, active=0, idle=0, waiting=0)
2026-03-27 17:56:20.358 DEBUG 15316 --- [l-1 housekeeper] com.zaxxer.hikari.pool.HikariPool        : HikariPool-1 - Fill pool skipped, pool is at sufficient level.
2026-03-27 17:56:31.437 DEBUG 15316 --- [ruz housekeeper] com.zaxxer.hikari.pool.HikariPool        : ConnDb-Santa_Cruz - Before cleanup stats (total=1, active=0, idle=1, waiting=0)
2026-03-27 17:56:31.438 DEBUG 15316 --- [ruz housekeeper] com.zaxxer.hikari.pool.HikariPool        : ConnDb-Santa_Cruz - After cleanup  stats (total=1, active=0, idle=1, waiting=0)
2026-03-27 17:56:31.438 DEBUG 15316 --- [ruz housekeeper] com.zaxxer.hikari.pool.HikariPool        : ConnDb-Santa_Cruz - Fill pool skipped, pool is at sufficient level.
2026-03-27 17:56:43.721 DEBUG 15316 --- [ool housekeeper] com.zaxxer.hikari.pool.HikariPool        : CentralHikariPool - Before cleanup stats (total=0, active=0, idle=0, waiting=0)
2026-03-27 17:56:43.721 DEBUG 15316 --- [ool housekeeper] com.zaxxer.hikari.pool.HikariPool        : CentralHikariPool - After cleanup  stats (total=0, active=0, idle=0, waiting=0)
2026-03-27 17:56:43.722 DEBUG 15316 --- [ool housekeeper] com.zaxxer.hikari.pool.HikariPool        : CentralHikariPool - Fill pool skipped, pool is at sufficient level.
2026-03-27 17:56:50.362 DEBUG 15316 --- [l-1 housekeeper] com.zaxxer.hikari.pool.HikariPool        : HikariPool-1 - Before cleanup stats (total=0, active=0, idle=0, waiting=0)
2026-03-27 17:56:50.363 DEBUG 15316 --- [l-1 housekeeper] com.zaxxer.hikari.pool.HikariPool        : HikariPool-1 - After cleanup  stats (total=0, active=0, idle=0, waiting=0)
2026-03-27 17:56:50.364 DEBUG 15316 --- [l-1 housekeeper] com.zaxxer.hikari.pool.HikariPool        : HikariPool-1 - Fill pool skipped, pool is at sufficient level.
2026-03-27 17:57:01.443 DEBUG 15316 --- [ruz housekeeper] com.zaxxer.hikari.pool.HikariPool        : ConnDb-Santa_Cruz - Before cleanup stats (total=1, active=0, idle=1, waiting=0)
2026-03-27 17:57:01.444 DEBUG 15316 --- [ruz housekeeper] com.zaxxer.hikari.pool.HikariPool        : ConnDb-Santa_Cruz - After cleanup  stats (total=1, active=0, idle=1, waiting=0)
2026-03-27 17:57:01.445 DEBUG 15316 --- [ruz housekeeper] com.zaxxer.hikari.pool.HikariPool        : ConnDb-Santa_Cruz - Fill pool skipped, pool is at sufficient level.
2026-03-27 17:57:13.736 DEBUG 15316 --- [ool housekeeper] com.zaxxer.hikari.pool.HikariPool        : CentralHikariPool - Before cleanup stats (total=0, active=0, idle=0, waiting=0)
2026-03-27 17:57:13.737 DEBUG 15316 --- [ool housekeeper] com.zaxxer.hikari.pool.HikariPool        : CentralHikariPool - After cleanup  stats (total=0, active=0, idle=0, waiting=0)
2026-03-27 17:57:13.738 DEBUG 15316 --- [ool housekeeper] com.zaxxer.hikari.pool.HikariPool        : CentralHikariPool - Fill pool skipped, pool is at sufficient level.
2026-03-27 17:57:20.379 DEBUG 15316 --- [l-1 housekeeper] com.zaxxer.hikari.pool.HikariPool        : HikariPool-1 - Before cleanup stats (total=0, active=0, idle=0, waiting=0)
2026-03-27 17:57:20.380 DEBUG 15316 --- [l-1 housekeeper] com.zaxxer.hikari.pool.HikariPool        : HikariPool-1 - After cleanup  stats (total=0, active=0, idle=0, waiting=0)
2026-03-27 17:57:20.640 DEBUG 15316 --- [l-1 housekeeper] com.zaxxer.hikari.pool.HikariPool        : HikariPool-1 - Fill pool skipped, pool is at sufficient level.
2026-03-27 17:57:31.504 DEBUG 15316 --- [ruz housekeeper] com.zaxxer.hikari.pool.HikariPool        : ConnDb-Santa_Cruz - Before cleanup stats (total=1, active=0, idle=1, waiting=0)
2026-03-27 17:57:31.505 DEBUG 15316 --- [ruz housekeeper] com.zaxxer.hikari.pool.HikariPool        : ConnDb-Santa_Cruz - After cleanup  stats (total=1, active=0, idle=1, waiting=0)
2026-03-27 17:57:31.505 DEBUG 15316 --- [ruz housekeeper] com.zaxxer.hikari.pool.HikariPool        : ConnDb-Santa_Cruz - Fill pool skipped, pool is at sufficient level.
2026-03-27 17:57:43.742 DEBUG 15316 --- [ool housekeeper] com.zaxxer.hikari.pool.HikariPool        : CentralHikariPool - Before cleanup stats (total=0, active=0, idle=0, waiting=0)
2026-03-27 17:57:43.743 DEBUG 15316 --- [ool housekeeper] com.zaxxer.hikari.pool.HikariPool        : CentralHikariPool - After cleanup  stats (total=0, active=0, idle=0, waiting=0)
2026-03-27 17:57:43.743 DEBUG 15316 --- [ool housekeeper] com.zaxxer.hikari.pool.HikariPool        : CentralHikariPool - Fill pool skipped, pool is at sufficient level.
2026-03-27 17:57:50.651 DEBUG 15316 --- [l-1 housekeeper] com.zaxxer.hikari.pool.HikariPool        : HikariPool-1 - Before cleanup stats (total=0, active=0, idle=0, waiting=0)
2026-03-27 17:57:50.652 DEBUG 15316 --- [l-1 housekeeper] com.zaxxer.hikari.pool.HikariPool        : HikariPool-1 - After cleanup  stats (total=0, active=0, idle=0, waiting=0)
2026-03-27 17:57:50.652 DEBUG 15316 --- [l-1 housekeeper] com.zaxxer.hikari.pool.HikariPool        : HikariPool-1 - Fill pool skipped, pool is at sufficient level.
2026-03-27 17:58:01.518 DEBUG 15316 --- [ruz housekeeper] com.zaxxer.hikari.pool.HikariPool        : ConnDb-Santa_Cruz - Before cleanup stats (total=1, active=0, idle=1, waiting=0)
2026-03-27 17:58:01.519 DEBUG 15316 --- [ruz housekeeper] com.zaxxer.hikari.pool.HikariPool        : ConnDb-Santa_Cruz - After cleanup  stats (total=1, active=0, idle=1, waiting=0)
2026-03-27 17:58:01.519 DEBUG 15316 --- [ruz housekeeper] com.zaxxer.hikari.pool.HikariPool        : ConnDb-Santa_Cruz - Fill pool skipped, pool is at sufficient level.
2026-03-27 17:58:13.755 DEBUG 15316 --- [ool housekeeper] com.zaxxer.hikari.pool.HikariPool        : CentralHikariPool - Before cleanup stats (total=0, active=0, idle=0, waiting=0)
2026-03-27 17:58:13.756 DEBUG 15316 --- [ool housekeeper] com.zaxxer.hikari.pool.HikariPool        : CentralHikariPool - After cleanup  stats (total=0, active=0, idle=0, waiting=0)
2026-03-27 17:58:13.756 DEBUG 15316 --- [ool housekeeper] com.zaxxer.hikari.pool.HikariPool        : CentralHikariPool - Fill pool skipped, pool is at sufficient level.
2026-03-27 17:58:20.666 DEBUG 15316 --- [l-1 housekeeper] com.zaxxer.hikari.pool.HikariPool        : HikariPool-1 - Before cleanup stats (total=0, active=0, idle=0, waiting=0)
2026-03-27 17:58:20.667 DEBUG 15316 --- [l-1 housekeeper] com.zaxxer.hikari.pool.HikariPool        : HikariPool-1 - After cleanup  stats (total=0, active=0, idle=0, waiting=0)
2026-03-27 17:58:20.668 DEBUG 15316 --- [l-1 housekeeper] com.zaxxer.hikari.pool.HikariPool        : HikariPool-1 - Fill pool skipped, pool is at sufficient level.
2026-03-27 17:58:31.527 DEBUG 15316 --- [ruz housekeeper] com.zaxxer.hikari.pool.HikariPool        : ConnDb-Santa_Cruz - Before cleanup stats (total=1, active=0, idle=1, waiting=0)
2026-03-27 17:58:31.532 DEBUG 15316 --- [ruz housekeeper] com.zaxxer.hikari.pool.HikariPool        : ConnDb-Santa_Cruz - After cleanup  stats (total=1, active=0, idle=1, waiting=0)
2026-03-27 17:58:31.533 DEBUG 15316 --- [ruz housekeeper] com.zaxxer.hikari.pool.HikariPool        : ConnDb-Santa_Cruz - Fill pool skipped, pool is at sufficient level.
2026-03-27 17:58:43.766 DEBUG 15316 --- [ool housekeeper] com.zaxxer.hikari.pool.HikariPool        : CentralHikariPool - Before cleanup stats (total=0, active=0, idle=0, waiting=0)
2026-03-27 17:58:43.767 DEBUG 15316 --- [ool housekeeper] com.zaxxer.hikari.pool.HikariPool        : CentralHikariPool - After cleanup  stats (total=0, active=0, idle=0, waiting=0)
2026-03-27 17:58:43.768 DEBUG 15316 --- [ool housekeeper] com.zaxxer.hikari.pool.HikariPool        : CentralHikariPool - Fill pool skipped, pool is at sufficient level.
2026-03-27 17:58:50.672 DEBUG 15316 --- [l-1 housekeeper] com.zaxxer.hikari.pool.HikariPool        : HikariPool-1 - Before cleanup stats (total=0, active=0, idle=0, waiting=0)
2026-03-27 17:58:50.729 DEBUG 15316 --- [l-1 housekeeper] com.zaxxer.hikari.pool.HikariPool        : HikariPool-1 - After cleanup  stats (total=0, active=0, idle=0, waiting=0)
2026-03-27 17:58:50.729 DEBUG 15316 --- [l-1 housekeeper] com.zaxxer.hikari.pool.HikariPool        : HikariPool-1 - Fill pool skipped, pool is at sufficient level.
2026-03-27 17:59:01.544 DEBUG 15316 --- [ruz housekeeper] com.zaxxer.hikari.pool.HikariPool        : ConnDb-Santa_Cruz - Before cleanup stats (total=1, active=0, idle=1, waiting=0)
2026-03-27 17:59:01.545 DEBUG 15316 --- [ruz housekeeper] com.zaxxer.hikari.pool.HikariPool        : ConnDb-Santa_Cruz - After cleanup  stats (total=1, active=0, idle=1, waiting=0)
2026-03-27 17:59:01.545 DEBUG 15316 --- [ruz housekeeper] com.zaxxer.hikari.pool.HikariPool        : ConnDb-Santa_Cruz - Fill pool skipped, pool is at sufficient level.
2026-03-27 17:59:13.783 DEBUG 15316 --- [ool housekeeper] com.zaxxer.hikari.pool.HikariPool        : CentralHikariPool - Before cleanup stats (total=0, active=0, idle=0, waiting=0)
2026-03-27 17:59:13.783 DEBUG 15316 --- [ool housekeeper] com.zaxxer.hikari.pool.HikariPool        : CentralHikariPool - After cleanup  stats (total=0, active=0, idle=0, waiting=0)
2026-03-27 17:59:13.784 DEBUG 15316 --- [ool housekeeper] com.zaxxer.hikari.pool.HikariPool        : CentralHikariPool - Fill pool skipped, pool is at sufficient level.
2026-03-27 17:59:20.776 DEBUG 15316 --- [l-1 housekeeper] com.zaxxer.hikari.pool.HikariPool        : HikariPool-1 - Before cleanup stats (total=0, active=0, idle=0, waiting=0)
2026-03-27 17:59:20.777 DEBUG 15316 --- [l-1 housekeeper] com.zaxxer.hikari.pool.HikariPool        : HikariPool-1 - After cleanup  stats (total=0, active=0, idle=0, waiting=0)
2026-03-27 17:59:20.778 DEBUG 15316 --- [l-1 housekeeper] com.zaxxer.hikari.pool.HikariPool        : HikariPool-1 - Fill pool skipped, pool is at sufficient level.
2026-03-27 17:59:31.558 DEBUG 15316 --- [ruz housekeeper] com.zaxxer.hikari.pool.HikariPool        : ConnDb-Santa_Cruz - Before cleanup stats (total=1, active=0, idle=1, waiting=0)
2026-03-27 17:59:31.558 DEBUG 15316 --- [ruz housekeeper] com.zaxxer.hikari.pool.HikariPool        : ConnDb-Santa_Cruz - After cleanup  stats (total=1, active=0, idle=1, waiting=0)
2026-03-27 17:59:31.559 DEBUG 15316 --- [ruz housekeeper] com.zaxxer.hikari.pool.HikariPool        : ConnDb-Santa_Cruz - Fill pool skipped, pool is at sufficient level.
2026-03-27 17:59:43.797 DEBUG 15316 --- [ool housekeeper] com.zaxxer.hikari.pool.HikariPool        : CentralHikariPool - Before cleanup stats (total=0, active=0, idle=0, waiting=0)
2026-03-27 17:59:43.798 DEBUG 15316 --- [ool housekeeper] com.zaxxer.hikari.pool.HikariPool        : CentralHikariPool - After cleanup  stats (total=0, active=0, idle=0, waiting=0)
2026-03-27 17:59:43.799 DEBUG 15316 --- [ool housekeeper] com.zaxxer.hikari.pool.HikariPool        : CentralHikariPool - Fill pool skipped, pool is at sufficient level.
2026-03-27 17:59:50.783 DEBUG 15316 --- [l-1 housekeeper] com.zaxxer.hikari.pool.HikariPool        : HikariPool-1 - Before cleanup stats (total=0, active=0, idle=0, waiting=0)
2026-03-27 17:59:50.783 DEBUG 15316 --- [l-1 housekeeper] com.zaxxer.hikari.pool.HikariPool        : HikariPool-1 - After cleanup  stats (total=0, active=0, idle=0, waiting=0)
2026-03-27 17:59:50.784 DEBUG 15316 --- [l-1 housekeeper] com.zaxxer.hikari.pool.HikariPool        : HikariPool-1 - Fill pool skipped, pool is at sufficient level.
2026-03-27 18:00:01.562 DEBUG 15316 --- [ruz housekeeper] com.zaxxer.hikari.pool.HikariPool        : ConnDb-Santa_Cruz - Before cleanup stats (total=1, active=0, idle=1, waiting=0)
2026-03-27 18:00:01.563 DEBUG 15316 --- [ruz housekeeper] com.zaxxer.hikari.pool.HikariPool        : ConnDb-Santa_Cruz - After cleanup  stats (total=1, active=0, idle=1, waiting=0)
2026-03-27 18:00:01.563 DEBUG 15316 --- [ruz housekeeper] com.zaxxer.hikari.pool.HikariPool        : ConnDb-Santa_Cruz - Fill pool skipped, pool is at sufficient level.
2026-03-27 18:00:13.802 DEBUG 15316 --- [ool housekeeper] com.zaxxer.hikari.pool.HikariPool        : CentralHikariPool - Before cleanup stats (total=0, active=0, idle=0, waiting=0)
2026-03-27 18:00:13.808 DEBUG 15316 --- [ool housekeeper] com.zaxxer.hikari.pool.HikariPool        : CentralHikariPool - After cleanup  stats (total=0, active=0, idle=0, waiting=0)
2026-03-27 18:00:13.810 DEBUG 15316 --- [ool housekeeper] com.zaxxer.hikari.pool.HikariPool        : CentralHikariPool - Fill pool skipped, pool is at sufficient level.
2026-03-27 18:00:20.794 DEBUG 15316 --- [l-1 housekeeper] com.zaxxer.hikari.pool.HikariPool        : HikariPool-1 - Before cleanup stats (total=0, active=0, idle=0, waiting=0)
2026-03-27 18:00:20.795 DEBUG 15316 --- [l-1 housekeeper] com.zaxxer.hikari.pool.HikariPool        : HikariPool-1 - After cleanup  stats (total=0, active=0, idle=0, waiting=0)
2026-03-27 18:00:20.795 DEBUG 15316 --- [l-1 housekeeper] com.zaxxer.hikari.pool.HikariPool        : HikariPool-1 - Fill pool skipped, pool is at sufficient level.
2026-03-27 18:00:31.568 DEBUG 15316 --- [ruz housekeeper] com.zaxxer.hikari.pool.HikariPool        : ConnDb-Santa_Cruz - Before cleanup stats (total=1, active=0, idle=1, waiting=0)
2026-03-27 18:00:31.569 DEBUG 15316 --- [ruz housekeeper] com.zaxxer.hikari.pool.HikariPool        : ConnDb-Santa_Cruz - After cleanup  stats (total=0, active=0, idle=0, waiting=0)
2026-03-27 18:00:31.569 DEBUG 15316 --- [ruz housekeeper] com.zaxxer.hikari.pool.HikariPool        : ConnDb-Santa_Cruz - Fill pool skipped, pool is at sufficient level.
2026-03-27 18:00:31.569 DEBUG 15316 --- [nnection closer] com.zaxxer.hikari.pool.PoolBase          : ConnDb-Santa_Cruz - Closing connection ConnectionID:3 ClientConnectionId: 2010eed7-4242-4485-8a8d-f5782d5a0c0a: (connection has passed idleTimeout)
2026-03-27 18:00:31.571 DEBUG 15316 --- [nnection closer] com.zaxxer.hikari.pool.HikariPool        : ConnDb-Santa_Cruz - Fill pool skipped, pool is at sufficient level.
2026-03-27 18:00:43.821 DEBUG 15316 --- [ool housekeeper] com.zaxxer.hikari.pool.HikariPool        : CentralHikariPool - Before cleanup stats (total=0, active=0, idle=0, waiting=0)
2026-03-27 18:00:43.821 DEBUG 15316 --- [ool housekeeper] com.zaxxer.hikari.pool.HikariPool        : CentralHikariPool - After cleanup  stats (total=0, active=0, idle=0, waiting=0)
2026-03-27 18:00:43.822 DEBUG 15316 --- [ool housekeeper] com.zaxxer.hikari.pool.HikariPool        : CentralHikariPool - Fill pool skipped, pool is at sufficient level.
2026-03-27 18:00:50.805 DEBUG 15316 --- [l-1 housekeeper] com.zaxxer.hikari.pool.HikariPool        : HikariPool-1 - Before cleanup stats (total=0, active=0, idle=0, waiting=0)
2026-03-27 18:00:50.812 DEBUG 15316 --- [l-1 housekeeper] com.zaxxer.hikari.pool.HikariPool        : HikariPool-1 - After cleanup  stats (total=0, active=0, idle=0, waiting=0)
2026-03-27 18:00:50.812 DEBUG 15316 --- [l-1 housekeeper] com.zaxxer.hikari.pool.HikariPool        : HikariPool-1 - Fill pool skipped, pool is at sufficient level.
2026-03-27 18:01:01.571 DEBUG 15316 --- [ruz housekeeper] com.zaxxer.hikari.pool.HikariPool        : ConnDb-Santa_Cruz - Before cleanup stats (total=0, active=0, idle=0, waiting=0)
2026-03-27 18:01:01.573 DEBUG 15316 --- [ruz housekeeper] com.zaxxer.hikari.pool.HikariPool        : ConnDb-Santa_Cruz - After cleanup  stats (total=0, active=0, idle=0, waiting=0)
2026-03-27 18:01:01.573 DEBUG 15316 --- [ruz housekeeper] com.zaxxer.hikari.pool.HikariPool        : ConnDb-Santa_Cruz - Fill pool skipped, pool is at sufficient level.
2026-03-27 18:01:13.829 DEBUG 15316 --- [ool housekeeper] com.zaxxer.hikari.pool.HikariPool        : CentralHikariPool - Before cleanup stats (total=0, active=0, idle=0, waiting=0)
2026-03-27 18:01:13.830 DEBUG 15316 --- [ool housekeeper] com.zaxxer.hikari.pool.HikariPool        : CentralHikariPool - After cleanup  stats (total=0, active=0, idle=0, waiting=0)
2026-03-27 18:01:13.830 DEBUG 15316 --- [ool housekeeper] com.zaxxer.hikari.pool.HikariPool        : CentralHikariPool - Fill pool skipped, pool is at sufficient level.
2026-03-27 18:01:20.823 DEBUG 15316 --- [l-1 housekeeper] com.zaxxer.hikari.pool.HikariPool        : HikariPool-1 - Before cleanup stats (total=0, active=0, idle=0, waiting=0)
2026-03-27 18:01:20.823 DEBUG 15316 --- [l-1 housekeeper] com.zaxxer.hikari.pool.HikariPool        : HikariPool-1 - After cleanup  stats (total=0, active=0, idle=0, waiting=0)
2026-03-27 18:01:20.824 DEBUG 15316 --- [l-1 housekeeper] com.zaxxer.hikari.pool.HikariPool        : HikariPool-1 - Fill pool skipped, pool is at sufficient level.
2026-03-27 18:01:31.585 DEBUG 15316 --- [ruz housekeeper] com.zaxxer.hikari.pool.HikariPool        : ConnDb-Santa_Cruz - Before cleanup stats (total=0, active=0, idle=0, waiting=0)
2026-03-27 18:01:31.585 DEBUG 15316 --- [ruz housekeeper] com.zaxxer.hikari.pool.HikariPool        : ConnDb-Santa_Cruz - After cleanup  stats (total=0, active=0, idle=0, waiting=0)
2026-03-27 18:01:31.586 DEBUG 15316 --- [ruz housekeeper] com.zaxxer.hikari.pool.HikariPool        : ConnDb-Santa_Cruz - Fill pool skipped, pool is at sufficient level.
2026-03-27 18:01:43.833 DEBUG 15316 --- [ool housekeeper] com.zaxxer.hikari.pool.HikariPool        : CentralHikariPool - Before cleanup stats (total=0, active=0, idle=0, waiting=0)
2026-03-27 18:01:43.834 DEBUG 15316 --- [ool housekeeper] com.zaxxer.hikari.pool.HikariPool        : CentralHikariPool - After cleanup  stats (total=0, active=0, idle=0, waiting=0)
2026-03-27 18:01:43.834 DEBUG 15316 --- [ool housekeeper] com.zaxxer.hikari.pool.HikariPool        : CentralHikariPool - Fill pool skipped, pool is at sufficient level.
2026-03-27 18:01:50.833 DEBUG 15316 --- [l-1 housekeeper] com.zaxxer.hikari.pool.HikariPool        : HikariPool-1 - Before cleanup stats (total=0, active=0, idle=0, waiting=0)
2026-03-27 18:01:50.834 DEBUG 15316 --- [l-1 housekeeper] com.zaxxer.hikari.pool.HikariPool        : HikariPool-1 - After cleanup  stats (total=0, active=0, idle=0, waiting=0)
2026-03-27 18:01:50.835 DEBUG 15316 --- [l-1 housekeeper] com.zaxxer.hikari.pool.HikariPool        : HikariPool-1 - Fill pool skipped, pool is at sufficient level.
2026-03-27 18:02:01.592 DEBUG 15316 --- [ruz housekeeper] com.zaxxer.hikari.pool.HikariPool        : ConnDb-Santa_Cruz - Before cleanup stats (total=0, active=0, idle=0, waiting=0)
2026-03-27 18:02:01.593 DEBUG 15316 --- [ruz housekeeper] com.zaxxer.hikari.pool.HikariPool        : ConnDb-Santa_Cruz - After cleanup  stats (total=0, active=0, idle=0, waiting=0)
2026-03-27 18:02:01.593 DEBUG 15316 --- [ruz housekeeper] com.zaxxer.hikari.pool.HikariPool        : ConnDb-Santa_Cruz - Fill pool skipped, pool is at sufficient level.
2026-03-27 18:02:13.851 DEBUG 15316 --- [ool housekeeper] com.zaxxer.hikari.pool.HikariPool        : CentralHikariPool - Before cleanup stats (total=0, active=0, idle=0, waiting=0)
2026-03-27 18:02:13.852 DEBUG 15316 --- [ool housekeeper] com.zaxxer.hikari.pool.HikariPool        : CentralHikariPool - After cleanup  stats (total=0, active=0, idle=0, waiting=0)
2026-03-27 18:02:13.852 DEBUG 15316 --- [ool housekeeper] com.zaxxer.hikari.pool.HikariPool        : CentralHikariPool - Fill pool skipped, pool is at sufficient level.
2026-03-27 18:02:20.850 DEBUG 15316 --- [l-1 housekeeper] com.zaxxer.hikari.pool.HikariPool        : HikariPool-1 - Before cleanup stats (total=0, active=0, idle=0, waiting=0)
2026-03-27 18:02:20.850 DEBUG 15316 --- [l-1 housekeeper] com.zaxxer.hikari.pool.HikariPool        : HikariPool-1 - After cleanup  stats (total=0, active=0, idle=0, waiting=0)
2026-03-27 18:02:20.851 DEBUG 15316 --- [l-1 housekeeper] com.zaxxer.hikari.pool.HikariPool        : HikariPool-1 - Fill pool skipped, pool is at sufficient level.
2026-03-27 18:02:31.607 DEBUG 15316 --- [ruz housekeeper] com.zaxxer.hikari.pool.HikariPool        : ConnDb-Santa_Cruz - Before cleanup stats (total=0, active=0, idle=0, waiting=0)
2026-03-27 18:02:31.608 DEBUG 15316 --- [ruz housekeeper] com.zaxxer.hikari.pool.HikariPool        : ConnDb-Santa_Cruz - After cleanup  stats (total=0, active=0, idle=0, waiting=0)
2026-03-27 18:02:31.608 DEBUG 15316 --- [ruz housekeeper] com.zaxxer.hikari.pool.HikariPool        : ConnDb-Santa_Cruz - Fill pool skipped, pool is at sufficient level.
2026-03-27 18:02:43.867 DEBUG 15316 --- [ool housekeeper] com.zaxxer.hikari.pool.HikariPool        : CentralHikariPool - Before cleanup stats (total=0, active=0, idle=0, waiting=0)
2026-03-27 18:02:43.867 DEBUG 15316 --- [ool housekeeper] com.zaxxer.hikari.pool.HikariPool        : CentralHikariPool - After cleanup  stats (total=0, active=0, idle=0, waiting=0)
2026-03-27 18:02:43.869 DEBUG 15316 --- [ool housekeeper] com.zaxxer.hikari.pool.HikariPool        : CentralHikariPool - Fill pool skipped, pool is at sufficient level.
2026-03-27 18:02:50.863 DEBUG 15316 --- [l-1 housekeeper] com.zaxxer.hikari.pool.HikariPool        : HikariPool-1 - Before cleanup stats (total=0, active=0, idle=0, waiting=0)
2026-03-27 18:02:50.966 DEBUG 15316 --- [l-1 housekeeper] com.zaxxer.hikari.pool.HikariPool        : HikariPool-1 - After cleanup  stats (total=0, active=0, idle=0, waiting=0)
2026-03-27 18:02:50.966 DEBUG 15316 --- [l-1 housekeeper] com.zaxxer.hikari.pool.HikariPool        : HikariPool-1 - Fill pool skipped, pool is at sufficient level.
2026-03-27 18:03:01.620 DEBUG 15316 --- [ruz housekeeper] com.zaxxer.hikari.pool.HikariPool        : ConnDb-Santa_Cruz - Before cleanup stats (total=0, active=0, idle=0, waiting=0)
2026-03-27 18:03:01.621 DEBUG 15316 --- [ruz housekeeper] com.zaxxer.hikari.pool.HikariPool        : ConnDb-Santa_Cruz - After cleanup  stats (total=0, active=0, idle=0, waiting=0)
2026-03-27 18:03:01.621 DEBUG 15316 --- [ruz housekeeper] com.zaxxer.hikari.pool.HikariPool        : ConnDb-Santa_Cruz - Fill pool skipped, pool is at sufficient level.
2026-03-27 18:03:13.872 DEBUG 15316 --- [ool housekeeper] com.zaxxer.hikari.pool.HikariPool        : CentralHikariPool - Before cleanup stats (total=0, active=0, idle=0, waiting=0)
2026-03-27 18:03:13.873 DEBUG 15316 --- [ool housekeeper] com.zaxxer.hikari.pool.HikariPool        : CentralHikariPool - After cleanup  stats (total=0, active=0, idle=0, waiting=0)
2026-03-27 18:03:13.874 DEBUG 15316 --- [ool housekeeper] com.zaxxer.hikari.pool.HikariPool        : CentralHikariPool - Fill pool skipped, pool is at sufficient level.
2026-03-27 18:03:20.976 DEBUG 15316 --- [l-1 housekeeper] com.zaxxer.hikari.pool.HikariPool        : HikariPool-1 - Before cleanup stats (total=0, active=0, idle=0, waiting=0)
2026-03-27 18:03:21.523 DEBUG 15316 --- [l-1 housekeeper] com.zaxxer.hikari.pool.HikariPool        : HikariPool-1 - After cleanup  stats (total=0, active=0, idle=0, waiting=0)
2026-03-27 18:03:21.787 DEBUG 15316 --- [l-1 housekeeper] com.zaxxer.hikari.pool.HikariPool        : HikariPool-1 - Fill pool skipped, pool is at sufficient level.
2026-03-27 18:03:31.631 DEBUG 15316 --- [ruz housekeeper] com.zaxxer.hikari.pool.HikariPool        : ConnDb-Santa_Cruz - Before cleanup stats (total=0, active=0, idle=0, waiting=0)
2026-03-27 18:03:31.631 DEBUG 15316 --- [ruz housekeeper] com.zaxxer.hikari.pool.HikariPool        : ConnDb-Santa_Cruz - After cleanup  stats (total=0, active=0, idle=0, waiting=0)
2026-03-27 18:03:31.632 DEBUG 15316 --- [ruz housekeeper] com.zaxxer.hikari.pool.HikariPool        : ConnDb-Santa_Cruz - Fill pool skipped, pool is at sufficient level.
2026-03-27 18:03:43.878 DEBUG 15316 --- [ool housekeeper] com.zaxxer.hikari.pool.HikariPool        : CentralHikariPool - Before cleanup stats (total=0, active=0, idle=0, waiting=0)
2026-03-27 18:03:43.879 DEBUG 15316 --- [ool housekeeper] com.zaxxer.hikari.pool.HikariPool        : CentralHikariPool - After cleanup  stats (total=0, active=0, idle=0, waiting=0)
2026-03-27 18:03:43.879 DEBUG 15316 --- [ool housekeeper] com.zaxxer.hikari.pool.HikariPool        : CentralHikariPool - Fill pool skipped, pool is at sufficient level.
2026-03-27 18:03:51.808 DEBUG 15316 --- [l-1 housekeeper] com.zaxxer.hikari.pool.HikariPool        : HikariPool-1 - Before cleanup stats (total=0, active=0, idle=0, waiting=0)
2026-03-27 18:03:51.808 DEBUG 15316 --- [l-1 housekeeper] com.zaxxer.hikari.pool.HikariPool        : HikariPool-1 - After cleanup  stats (total=0, active=0, idle=0, waiting=0)
2026-03-27 18:03:51.809 DEBUG 15316 --- [l-1 housekeeper] com.zaxxer.hikari.pool.HikariPool        : HikariPool-1 - Fill pool skipped, pool is at sufficient level.
2026-03-27 18:04:01.641 DEBUG 15316 --- [ruz housekeeper] com.zaxxer.hikari.pool.HikariPool        : ConnDb-Santa_Cruz - Before cleanup stats (total=0, active=0, idle=0, waiting=0)
2026-03-27 18:04:01.641 DEBUG 15316 --- [ruz housekeeper] com.zaxxer.hikari.pool.HikariPool        : ConnDb-Santa_Cruz - After cleanup  stats (total=0, active=0, idle=0, waiting=0)
2026-03-27 18:04:01.642 DEBUG 15316 --- [ruz housekeeper] com.zaxxer.hikari.pool.HikariPool        : ConnDb-Santa_Cruz - Fill pool skipped, pool is at sufficient level.
2026-03-27 18:04:13.890 DEBUG 15316 --- [ool housekeeper] com.zaxxer.hikari.pool.HikariPool        : CentralHikariPool - Before cleanup stats (total=0, active=0, idle=0, waiting=0)
2026-03-27 18:04:13.890 DEBUG 15316 --- [ool housekeeper] com.zaxxer.hikari.pool.HikariPool        : CentralHikariPool - After cleanup  stats (total=0, active=0, idle=0, waiting=0)
2026-03-27 18:04:13.891 DEBUG 15316 --- [ool housekeeper] com.zaxxer.hikari.pool.HikariPool        : CentralHikariPool - Fill pool skipped, pool is at sufficient level.
2026-03-27 18:04:21.826 DEBUG 15316 --- [l-1 housekeeper] com.zaxxer.hikari.pool.HikariPool        : HikariPool-1 - Before cleanup stats (total=0, active=0, idle=0, waiting=0)
2026-03-27 18:04:21.829 DEBUG 15316 --- [l-1 housekeeper] com.zaxxer.hikari.pool.HikariPool        : HikariPool-1 - After cleanup  stats (total=0, active=0, idle=0, waiting=0)
2026-03-27 18:04:21.830 DEBUG 15316 --- [l-1 housekeeper] com.zaxxer.hikari.pool.HikariPool        : HikariPool-1 - Fill pool skipped, pool is at sufficient level.
2026-03-27 18:04:31.657 DEBUG 15316 --- [ruz housekeeper] com.zaxxer.hikari.pool.HikariPool        : ConnDb-Santa_Cruz - Before cleanup stats (total=0, active=0, idle=0, waiting=0)
2026-03-27 18:04:32.032 DEBUG 15316 --- [ruz housekeeper] com.zaxxer.hikari.pool.HikariPool        : ConnDb-Santa_Cruz - After cleanup  stats (total=0, active=0, idle=0, waiting=0)
2026-03-27 18:04:32.070 DEBUG 15316 --- [ruz housekeeper] com.zaxxer.hikari.pool.HikariPool        : ConnDb-Santa_Cruz - Fill pool skipped, pool is at sufficient level.
2026-03-27 18:04:43.897 DEBUG 15316 --- [ool housekeeper] com.zaxxer.hikari.pool.HikariPool        : CentralHikariPool - Before cleanup stats (total=0, active=0, idle=0, waiting=0)
2026-03-27 18:04:43.898 DEBUG 15316 --- [ool housekeeper] com.zaxxer.hikari.pool.HikariPool        : CentralHikariPool - After cleanup  stats (total=0, active=0, idle=0, waiting=0)
2026-03-27 18:04:43.899 DEBUG 15316 --- [ool housekeeper] com.zaxxer.hikari.pool.HikariPool        : CentralHikariPool - Fill pool skipped, pool is at sufficient level.
2026-03-27 18:04:51.835 DEBUG 15316 --- [l-1 housekeeper] com.zaxxer.hikari.pool.HikariPool        : HikariPool-1 - Before cleanup stats (total=0, active=0, idle=0, waiting=0)
2026-03-27 18:04:51.836 DEBUG 15316 --- [l-1 housekeeper] com.zaxxer.hikari.pool.HikariPool        : HikariPool-1 - After cleanup  stats (total=0, active=0, idle=0, waiting=0)
2026-03-27 18:04:51.837 DEBUG 15316 --- [l-1 housekeeper] com.zaxxer.hikari.pool.HikariPool        : HikariPool-1 - Fill pool skipped, pool is at sufficient level.
2026-03-27 18:05:02.076 DEBUG 15316 --- [ruz housekeeper] com.zaxxer.hikari.pool.HikariPool        : ConnDb-Santa_Cruz - Before cleanup stats (total=0, active=0, idle=0, waiting=0)
2026-03-27 18:05:02.171 DEBUG 15316 --- [ruz housekeeper] com.zaxxer.hikari.pool.HikariPool        : ConnDb-Santa_Cruz - After cleanup  stats (total=0, active=0, idle=0, waiting=0)
2026-03-27 18:05:02.171 DEBUG 15316 --- [ruz housekeeper] com.zaxxer.hikari.pool.HikariPool        : ConnDb-Santa_Cruz - Fill pool skipped, pool is at sufficient level.
2026-03-27 18:05:13.905 DEBUG 15316 --- [ool housekeeper] com.zaxxer.hikari.pool.HikariPool        : CentralHikariPool - Before cleanup stats (total=0, active=0, idle=0, waiting=0)
2026-03-27 18:05:13.906 DEBUG 15316 --- [ool housekeeper] com.zaxxer.hikari.pool.HikariPool        : CentralHikariPool - After cleanup  stats (total=0, active=0, idle=0, waiting=0)
2026-03-27 18:05:13.906 DEBUG 15316 --- [ool housekeeper] com.zaxxer.hikari.pool.HikariPool        : CentralHikariPool - Fill pool skipped, pool is at sufficient level.
2026-03-27 18:05:21.843 DEBUG 15316 --- [l-1 housekeeper] com.zaxxer.hikari.pool.HikariPool        : HikariPool-1 - Before cleanup stats (total=0, active=0, idle=0, waiting=0)
2026-03-27 18:05:21.843 DEBUG 15316 --- [l-1 housekeeper] com.zaxxer.hikari.pool.HikariPool        : HikariPool-1 - After cleanup  stats (total=0, active=0, idle=0, waiting=0)
2026-03-27 18:05:21.844 DEBUG 15316 --- [l-1 housekeeper] com.zaxxer.hikari.pool.HikariPool        : HikariPool-1 - Fill pool skipped, pool is at sufficient level.
2026-03-27 18:05:32.186 DEBUG 15316 --- [ruz housekeeper] com.zaxxer.hikari.pool.HikariPool        : ConnDb-Santa_Cruz - Before cleanup stats (total=0, active=0, idle=0, waiting=0)
2026-03-27 18:05:32.186 DEBUG 15316 --- [ruz housekeeper] com.zaxxer.hikari.pool.HikariPool        : ConnDb-Santa_Cruz - After cleanup  stats (total=0, active=0, idle=0, waiting=0)
2026-03-27 18:05:32.187 DEBUG 15316 --- [ruz housekeeper] com.zaxxer.hikari.pool.HikariPool        : ConnDb-Santa_Cruz - Fill pool skipped, pool is at sufficient level.
2026-03-27 18:05:43.911 DEBUG 15316 --- [ool housekeeper] com.zaxxer.hikari.pool.HikariPool        : CentralHikariPool - Before cleanup stats (total=0, active=0, idle=0, waiting=0)
2026-03-27 18:05:43.912 DEBUG 15316 --- [ool housekeeper] com.zaxxer.hikari.pool.HikariPool        : CentralHikariPool - After cleanup  stats (total=0, active=0, idle=0, waiting=0)
2026-03-27 18:05:43.912 DEBUG 15316 --- [ool housekeeper] com.zaxxer.hikari.pool.HikariPool        : CentralHikariPool - Fill pool skipped, pool is at sufficient level.
2026-03-27 18:05:51.855 DEBUG 15316 --- [l-1 housekeeper] com.zaxxer.hikari.pool.HikariPool        : HikariPool-1 - Before cleanup stats (total=0, active=0, idle=0, waiting=0)
2026-03-27 18:05:51.855 DEBUG 15316 --- [l-1 housekeeper] com.zaxxer.hikari.pool.HikariPool        : HikariPool-1 - After cleanup  stats (total=0, active=0, idle=0, waiting=0)
2026-03-27 18:05:51.857 DEBUG 15316 --- [l-1 housekeeper] com.zaxxer.hikari.pool.HikariPool        : HikariPool-1 - Fill pool skipped, pool is at sufficient level.
2026-03-27 18:06:02.194 DEBUG 15316 --- [ruz housekeeper] com.zaxxer.hikari.pool.HikariPool        : ConnDb-Santa_Cruz - Before cleanup stats (total=0, active=0, idle=0, waiting=0)
2026-03-27 18:06:02.195 DEBUG 15316 --- [ruz housekeeper] com.zaxxer.hikari.pool.HikariPool        : ConnDb-Santa_Cruz - After cleanup  stats (total=0, active=0, idle=0, waiting=0)
2026-03-27 18:06:02.196 DEBUG 15316 --- [ruz housekeeper] com.zaxxer.hikari.pool.HikariPool        : ConnDb-Santa_Cruz - Fill pool skipped, pool is at sufficient level.
2026-03-27 18:06:13.921 DEBUG 15316 --- [ool housekeeper] com.zaxxer.hikari.pool.HikariPool        : CentralHikariPool - Before cleanup stats (total=0, active=0, idle=0, waiting=0)
2026-03-27 18:06:13.922 DEBUG 15316 --- [ool housekeeper] com.zaxxer.hikari.pool.HikariPool        : CentralHikariPool - After cleanup  stats (total=0, active=0, idle=0, waiting=0)
2026-03-27 18:06:13.924 DEBUG 15316 --- [ool housekeeper] com.zaxxer.hikari.pool.HikariPool        : CentralHikariPool - Fill pool skipped, pool is at sufficient level.
2026-03-27 18:06:21.864 DEBUG 15316 --- [l-1 housekeeper] com.zaxxer.hikari.pool.HikariPool        : HikariPool-1 - Before cleanup stats (total=0, active=0, idle=0, waiting=0)
2026-03-27 18:06:21.865 DEBUG 15316 --- [l-1 housekeeper] com.zaxxer.hikari.pool.HikariPool        : HikariPool-1 - After cleanup  stats (total=0, active=0, idle=0, waiting=0)
2026-03-27 18:06:21.865 DEBUG 15316 --- [l-1 housekeeper] com.zaxxer.hikari.pool.HikariPool        : HikariPool-1 - Fill pool skipped, pool is at sufficient level.
2026-03-27 18:06:32.207 DEBUG 15316 --- [ruz housekeeper] com.zaxxer.hikari.pool.HikariPool        : ConnDb-Santa_Cruz - Before cleanup stats (total=0, active=0, idle=0, waiting=0)
2026-03-27 18:06:32.243 DEBUG 15316 --- [ruz housekeeper] com.zaxxer.hikari.pool.HikariPool        : ConnDb-Santa_Cruz - After cleanup  stats (total=0, active=0, idle=0, waiting=0)
2026-03-27 18:06:32.244 DEBUG 15316 --- [ruz housekeeper] com.zaxxer.hikari.pool.HikariPool        : ConnDb-Santa_Cruz - Fill pool skipped, pool is at sufficient level.
2026-03-27 18:06:43.936 DEBUG 15316 --- [ool housekeeper] com.zaxxer.hikari.pool.HikariPool        : CentralHikariPool - Before cleanup stats (total=0, active=0, idle=0, waiting=0)
2026-03-27 18:06:43.937 DEBUG 15316 --- [ool housekeeper] com.zaxxer.hikari.pool.HikariPool        : CentralHikariPool - After cleanup  stats (total=0, active=0, idle=0, waiting=0)
2026-03-27 18:06:43.940 DEBUG 15316 --- [ool housekeeper] com.zaxxer.hikari.pool.HikariPool        : CentralHikariPool - Fill pool skipped, pool is at sufficient level.
2026-03-27 18:06:51.883 DEBUG 15316 --- [l-1 housekeeper] com.zaxxer.hikari.pool.HikariPool        : HikariPool-1 - Before cleanup stats (total=0, active=0, idle=0, waiting=0)
2026-03-27 18:06:51.884 DEBUG 15316 --- [l-1 housekeeper] com.zaxxer.hikari.pool.HikariPool        : HikariPool-1 - After cleanup  stats (total=0, active=0, idle=0, waiting=0)
2026-03-27 18:06:51.884 DEBUG 15316 --- [l-1 housekeeper] com.zaxxer.hikari.pool.HikariPool        : HikariPool-1 - Fill pool skipped, pool is at sufficient level.
2026-03-27 18:07:02.246 DEBUG 15316 --- [ruz housekeeper] com.zaxxer.hikari.pool.HikariPool        : ConnDb-Santa_Cruz - Before cleanup stats (total=0, active=0, idle=0, waiting=0)
2026-03-27 18:07:02.247 DEBUG 15316 --- [ruz housekeeper] com.zaxxer.hikari.pool.HikariPool        : ConnDb-Santa_Cruz - After cleanup  stats (total=0, active=0, idle=0, waiting=0)
2026-03-27 18:07:02.247 DEBUG 15316 --- [ruz housekeeper] com.zaxxer.hikari.pool.HikariPool        : ConnDb-Santa_Cruz - Fill pool skipped, pool is at sufficient level.
2026-03-27 18:07:13.951 DEBUG 15316 --- [ool housekeeper] com.zaxxer.hikari.pool.HikariPool        : CentralHikariPool - Before cleanup stats (total=0, active=0, idle=0, waiting=0)
2026-03-27 18:07:13.951 DEBUG 15316 --- [ool housekeeper] com.zaxxer.hikari.pool.HikariPool        : CentralHikariPool - After cleanup  stats (total=0, active=0, idle=0, waiting=0)
2026-03-27 18:07:13.955 DEBUG 15316 --- [ool housekeeper] com.zaxxer.hikari.pool.HikariPool        : CentralHikariPool - Fill pool skipped, pool is at sufficient level.
2026-03-27 18:07:21.893 DEBUG 15316 --- [l-1 housekeeper] com.zaxxer.hikari.pool.HikariPool        : HikariPool-1 - Before cleanup stats (total=0, active=0, idle=0, waiting=0)
2026-03-27 18:07:21.893 DEBUG 15316 --- [l-1 housekeeper] com.zaxxer.hikari.pool.HikariPool        : HikariPool-1 - After cleanup  stats (total=0, active=0, idle=0, waiting=0)
2026-03-27 18:07:21.894 DEBUG 15316 --- [l-1 housekeeper] com.zaxxer.hikari.pool.HikariPool        : HikariPool-1 - Fill pool skipped, pool is at sufficient level.
2026-03-27 18:07:32.248 DEBUG 15316 --- [ruz housekeeper] com.zaxxer.hikari.pool.HikariPool        : ConnDb-Santa_Cruz - Before cleanup stats (total=0, active=0, idle=0, waiting=0)
2026-03-27 18:07:32.248 DEBUG 15316 --- [ruz housekeeper] com.zaxxer.hikari.pool.HikariPool        : ConnDb-Santa_Cruz - After cleanup  stats (total=0, active=0, idle=0, waiting=0)
2026-03-27 18:07:32.249 DEBUG 15316 --- [ruz housekeeper] com.zaxxer.hikari.pool.HikariPool        : ConnDb-Santa_Cruz - Fill pool skipped, pool is at sufficient level.
2026-03-27 18:07:43.971 DEBUG 15316 --- [ool housekeeper] com.zaxxer.hikari.pool.HikariPool        : CentralHikariPool - Before cleanup stats (total=0, active=0, idle=0, waiting=0)
2026-03-27 18:07:43.971 DEBUG 15316 --- [ool housekeeper] com.zaxxer.hikari.pool.HikariPool        : CentralHikariPool - After cleanup  stats (total=0, active=0, idle=0, waiting=0)
2026-03-27 18:07:43.972 DEBUG 15316 --- [ool housekeeper] com.zaxxer.hikari.pool.HikariPool        : CentralHikariPool - Fill pool skipped, pool is at sufficient level.
2026-03-27 18:07:51.908 DEBUG 15316 --- [l-1 housekeeper] com.zaxxer.hikari.pool.HikariPool        : HikariPool-1 - Before cleanup stats (total=0, active=0, idle=0, waiting=0)
2026-03-27 18:07:51.909 DEBUG 15316 --- [l-1 housekeeper] com.zaxxer.hikari.pool.HikariPool        : HikariPool-1 - After cleanup  stats (total=0, active=0, idle=0, waiting=0)
2026-03-27 18:07:51.909 DEBUG 15316 --- [l-1 housekeeper] com.zaxxer.hikari.pool.HikariPool        : HikariPool-1 - Fill pool skipped, pool is at sufficient level.
2026-03-27 18:08:02.265 DEBUG 15316 --- [ruz housekeeper] com.zaxxer.hikari.pool.HikariPool        : ConnDb-Santa_Cruz - Before cleanup stats (total=0, active=0, idle=0, waiting=0)
2026-03-27 18:08:02.265 DEBUG 15316 --- [ruz housekeeper] com.zaxxer.hikari.pool.HikariPool        : ConnDb-Santa_Cruz - After cleanup  stats (total=0, active=0, idle=0, waiting=0)
2026-03-27 18:08:02.266 DEBUG 15316 --- [ruz housekeeper] com.zaxxer.hikari.pool.HikariPool        : ConnDb-Santa_Cruz - Fill pool skipped, pool is at sufficient level.
2026-03-27 18:08:13.983 DEBUG 15316 --- [ool housekeeper] com.zaxxer.hikari.pool.HikariPool        : CentralHikariPool - Before cleanup stats (total=0, active=0, idle=0, waiting=0)
2026-03-27 18:08:13.984 DEBUG 15316 --- [ool housekeeper] com.zaxxer.hikari.pool.HikariPool        : CentralHikariPool - After cleanup  stats (total=0, active=0, idle=0, waiting=0)
2026-03-27 18:08:13.985 DEBUG 15316 --- [ool housekeeper] com.zaxxer.hikari.pool.HikariPool        : CentralHikariPool - Fill pool skipped, pool is at sufficient level.
2026-03-27 18:08:21.918 DEBUG 15316 --- [l-1 housekeeper] com.zaxxer.hikari.pool.HikariPool        : HikariPool-1 - Before cleanup stats (total=0, active=0, idle=0, waiting=0)
2026-03-27 18:08:21.919 DEBUG 15316 --- [l-1 housekeeper] com.zaxxer.hikari.pool.HikariPool        : HikariPool-1 - After cleanup  stats (total=0, active=0, idle=0, waiting=0)
2026-03-27 18:08:21.919 DEBUG 15316 --- [l-1 housekeeper] com.zaxxer.hikari.pool.HikariPool        : HikariPool-1 - Fill pool skipped, pool is at sufficient level.
2026-03-27 18:08:32.274 DEBUG 15316 --- [ruz housekeeper] com.zaxxer.hikari.pool.HikariPool        : ConnDb-Santa_Cruz - Before cleanup stats (total=0, active=0, idle=0, waiting=0)
2026-03-27 18:08:32.317 DEBUG 15316 --- [ruz housekeeper] com.zaxxer.hikari.pool.HikariPool        : ConnDb-Santa_Cruz - After cleanup  stats (total=0, active=0, idle=0, waiting=0)
2026-03-27 18:08:32.318 DEBUG 15316 --- [ruz housekeeper] com.zaxxer.hikari.pool.HikariPool        : ConnDb-Santa_Cruz - Fill pool skipped, pool is at sufficient level.
2026-03-27 18:08:43.988 DEBUG 15316 --- [ool housekeeper] com.zaxxer.hikari.pool.HikariPool        : CentralHikariPool - Before cleanup stats (total=0, active=0, idle=0, waiting=0)
2026-03-27 18:08:43.989 DEBUG 15316 --- [ool housekeeper] com.zaxxer.hikari.pool.HikariPool        : CentralHikariPool - After cleanup  stats (total=0, active=0, idle=0, waiting=0)
2026-03-27 18:08:43.989 DEBUG 15316 --- [ool housekeeper] com.zaxxer.hikari.pool.HikariPool        : CentralHikariPool - Fill pool skipped, pool is at sufficient level.
2026-03-27 18:08:51.927 DEBUG 15316 --- [l-1 housekeeper] com.zaxxer.hikari.pool.HikariPool        : HikariPool-1 - Before cleanup stats (total=0, active=0, idle=0, waiting=0)
2026-03-27 18:08:51.927 DEBUG 15316 --- [l-1 housekeeper] com.zaxxer.hikari.pool.HikariPool        : HikariPool-1 - After cleanup  stats (total=0, active=0, idle=0, waiting=0)
2026-03-27 18:08:51.928 DEBUG 15316 --- [l-1 housekeeper] com.zaxxer.hikari.pool.HikariPool        : HikariPool-1 - Fill pool skipped, pool is at sufficient level.
2026-03-27 18:09:02.321 DEBUG 15316 --- [ruz housekeeper] com.zaxxer.hikari.pool.HikariPool        : ConnDb-Santa_Cruz - Before cleanup stats (total=0, active=0, idle=0, waiting=0)
2026-03-27 18:09:02.322 DEBUG 15316 --- [ruz housekeeper] com.zaxxer.hikari.pool.HikariPool        : ConnDb-Santa_Cruz - After cleanup  stats (total=0, active=0, idle=0, waiting=0)
2026-03-27 18:09:02.322 DEBUG 15316 --- [ruz housekeeper] com.zaxxer.hikari.pool.HikariPool        : ConnDb-Santa_Cruz - Fill pool skipped, pool is at sufficient level.
2026-03-27 18:09:13.991 DEBUG 15316 --- [ool housekeeper] com.zaxxer.hikari.pool.HikariPool        : CentralHikariPool - Before cleanup stats (total=0, active=0, idle=0, waiting=0)
2026-03-27 18:09:13.992 DEBUG 15316 --- [ool housekeeper] com.zaxxer.hikari.pool.HikariPool        : CentralHikariPool - After cleanup  stats (total=0, active=0, idle=0, waiting=0)
2026-03-27 18:09:13.993 DEBUG 15316 --- [ool housekeeper] com.zaxxer.hikari.pool.HikariPool        : CentralHikariPool - Fill pool skipped, pool is at sufficient level.
2026-03-27 18:09:21.933 DEBUG 15316 --- [l-1 housekeeper] com.zaxxer.hikari.pool.HikariPool        : HikariPool-1 - Before cleanup stats (total=0, active=0, idle=0, waiting=0)
2026-03-27 18:09:21.934 DEBUG 15316 --- [l-1 housekeeper] com.zaxxer.hikari.pool.HikariPool        : HikariPool-1 - After cleanup  stats (total=0, active=0, idle=0, waiting=0)
2026-03-27 18:09:21.935 DEBUG 15316 --- [l-1 housekeeper] com.zaxxer.hikari.pool.HikariPool        : HikariPool-1 - Fill pool skipped, pool is at sufficient level.
2026-03-27 18:09:32.330 DEBUG 15316 --- [ruz housekeeper] com.zaxxer.hikari.pool.HikariPool        : ConnDb-Santa_Cruz - Before cleanup stats (total=0, active=0, idle=0, waiting=0)
2026-03-27 18:09:32.331 DEBUG 15316 --- [ruz housekeeper] com.zaxxer.hikari.pool.HikariPool        : ConnDb-Santa_Cruz - After cleanup  stats (total=0, active=0, idle=0, waiting=0)
2026-03-27 18:09:32.332 DEBUG 15316 --- [ruz housekeeper] com.zaxxer.hikari.pool.HikariPool        : ConnDb-Santa_Cruz - Fill pool skipped, pool is at sufficient level.
2026-03-27 18:09:44.003 DEBUG 15316 --- [ool housekeeper] com.zaxxer.hikari.pool.HikariPool        : CentralHikariPool - Before cleanup stats (total=0, active=0, idle=0, waiting=0)
2026-03-27 18:09:44.003 DEBUG 15316 --- [ool housekeeper] com.zaxxer.hikari.pool.HikariPool        : CentralHikariPool - After cleanup  stats (total=0, active=0, idle=0, waiting=0)
2026-03-27 18:09:44.004 DEBUG 15316 --- [ool housekeeper] com.zaxxer.hikari.pool.HikariPool        : CentralHikariPool - Fill pool skipped, pool is at sufficient level.
2026-03-27 18:09:51.948 DEBUG 15316 --- [l-1 housekeeper] com.zaxxer.hikari.pool.HikariPool        : HikariPool-1 - Before cleanup stats (total=0, active=0, idle=0, waiting=0)
2026-03-27 18:09:51.948 DEBUG 15316 --- [l-1 housekeeper] com.zaxxer.hikari.pool.HikariPool        : HikariPool-1 - After cleanup  stats (total=0, active=0, idle=0, waiting=0)
2026-03-27 18:09:51.949 DEBUG 15316 --- [l-1 housekeeper] com.zaxxer.hikari.pool.HikariPool        : HikariPool-1 - Fill pool skipped, pool is at sufficient level.
2026-03-27 18:10:02.340 DEBUG 15316 --- [ruz housekeeper] com.zaxxer.hikari.pool.HikariPool        : ConnDb-Santa_Cruz - Before cleanup stats (total=0, active=0, idle=0, waiting=0)
2026-03-27 18:10:02.341 DEBUG 15316 --- [ruz housekeeper] com.zaxxer.hikari.pool.HikariPool        : ConnDb-Santa_Cruz - After cleanup  stats (total=0, active=0, idle=0, waiting=0)
2026-03-27 18:10:02.342 DEBUG 15316 --- [ruz housekeeper] com.zaxxer.hikari.pool.HikariPool        : ConnDb-Santa_Cruz - Fill pool skipped, pool is at sufficient level.
2026-03-27 18:10:14.020 DEBUG 15316 --- [ool housekeeper] com.zaxxer.hikari.pool.HikariPool        : CentralHikariPool - Before cleanup stats (total=0, active=0, idle=0, waiting=0)
2026-03-27 18:10:14.020 DEBUG 15316 --- [ool housekeeper] com.zaxxer.hikari.pool.HikariPool        : CentralHikariPool - After cleanup  stats (total=0, active=0, idle=0, waiting=0)
2026-03-27 18:10:14.021 DEBUG 15316 --- [ool housekeeper] com.zaxxer.hikari.pool.HikariPool        : CentralHikariPool - Fill pool skipped, pool is at sufficient level.
2026-03-27 18:10:21.966 DEBUG 15316 --- [l-1 housekeeper] com.zaxxer.hikari.pool.HikariPool        : HikariPool-1 - Before cleanup stats (total=0, active=0, idle=0, waiting=0)
2026-03-27 18:10:21.966 DEBUG 15316 --- [l-1 housekeeper] com.zaxxer.hikari.pool.HikariPool        : HikariPool-1 - After cleanup  stats (total=0, active=0, idle=0, waiting=0)
2026-03-27 18:10:21.968 DEBUG 15316 --- [l-1 housekeeper] com.zaxxer.hikari.pool.HikariPool        : HikariPool-1 - Fill pool skipped, pool is at sufficient level.
2026-03-27 18:10:32.349 DEBUG 15316 --- [ruz housekeeper] com.zaxxer.hikari.pool.HikariPool        : ConnDb-Santa_Cruz - Before cleanup stats (total=0, active=0, idle=0, waiting=0)
2026-03-27 18:10:32.349 DEBUG 15316 --- [ruz housekeeper] com.zaxxer.hikari.pool.HikariPool        : ConnDb-Santa_Cruz - After cleanup  stats (total=0, active=0, idle=0, waiting=0)
2026-03-27 18:10:32.350 DEBUG 15316 --- [ruz housekeeper] com.zaxxer.hikari.pool.HikariPool        : ConnDb-Santa_Cruz - Fill pool skipped, pool is at sufficient level.
2026-03-27 18:10:44.025 DEBUG 15316 --- [ool housekeeper] com.zaxxer.hikari.pool.HikariPool        : CentralHikariPool - Before cleanup stats (total=0, active=0, idle=0, waiting=0)
2026-03-27 18:10:44.025 DEBUG 15316 --- [ool housekeeper] com.zaxxer.hikari.pool.HikariPool        : CentralHikariPool - After cleanup  stats (total=0, active=0, idle=0, waiting=0)
2026-03-27 18:10:44.026 DEBUG 15316 --- [ool housekeeper] com.zaxxer.hikari.pool.HikariPool        : CentralHikariPool - Fill pool skipped, pool is at sufficient level.
2026-03-27 18:10:51.973 DEBUG 15316 --- [l-1 housekeeper] com.zaxxer.hikari.pool.HikariPool        : HikariPool-1 - Before cleanup stats (total=0, active=0, idle=0, waiting=0)
2026-03-27 18:10:51.973 DEBUG 15316 --- [l-1 housekeeper] com.zaxxer.hikari.pool.HikariPool        : HikariPool-1 - After cleanup  stats (total=0, active=0, idle=0, waiting=0)
2026-03-27 18:10:51.974 DEBUG 15316 --- [l-1 housekeeper] com.zaxxer.hikari.pool.HikariPool        : HikariPool-1 - Fill pool skipped, pool is at sufficient level.
2026-03-27 18:11:02.353 DEBUG 15316 --- [ruz housekeeper] com.zaxxer.hikari.pool.HikariPool        : ConnDb-Santa_Cruz - Before cleanup stats (total=0, active=0, idle=0, waiting=0)
2026-03-27 18:11:02.354 DEBUG 15316 --- [ruz housekeeper] com.zaxxer.hikari.pool.HikariPool        : ConnDb-Santa_Cruz - After cleanup  stats (total=0, active=0, idle=0, waiting=0)
2026-03-27 18:11:02.355 DEBUG 15316 --- [ruz housekeeper] com.zaxxer.hikari.pool.HikariPool        : ConnDb-Santa_Cruz - Fill pool skipped, pool is at sufficient level.
2026-03-27 18:11:14.028 DEBUG 15316 --- [ool housekeeper] com.zaxxer.hikari.pool.HikariPool        : CentralHikariPool - Before cleanup stats (total=0, active=0, idle=0, waiting=0)
2026-03-27 18:11:14.028 DEBUG 15316 --- [ool housekeeper] com.zaxxer.hikari.pool.HikariPool        : CentralHikariPool - After cleanup  stats (total=0, active=0, idle=0, waiting=0)
2026-03-27 18:11:14.029 DEBUG 15316 --- [ool housekeeper] com.zaxxer.hikari.pool.HikariPool        : CentralHikariPool - Fill pool skipped, pool is at sufficient level.
2026-03-27 18:11:21.980 DEBUG 15316 --- [l-1 housekeeper] com.zaxxer.hikari.pool.HikariPool        : HikariPool-1 - Before cleanup stats (total=0, active=0, idle=0, waiting=0)
2026-03-27 18:11:21.981 DEBUG 15316 --- [l-1 housekeeper] com.zaxxer.hikari.pool.HikariPool        : HikariPool-1 - After cleanup  stats (total=0, active=0, idle=0, waiting=0)
2026-03-27 18:11:21.982 DEBUG 15316 --- [l-1 housekeeper] com.zaxxer.hikari.pool.HikariPool        : HikariPool-1 - Fill pool skipped, pool is at sufficient level.
2026-03-27 18:11:32.363 DEBUG 15316 --- [ruz housekeeper] com.zaxxer.hikari.pool.HikariPool        : ConnDb-Santa_Cruz - Before cleanup stats (total=0, active=0, idle=0, waiting=0)
2026-03-27 18:11:32.364 DEBUG 15316 --- [ruz housekeeper] com.zaxxer.hikari.pool.HikariPool        : ConnDb-Santa_Cruz - After cleanup  stats (total=0, active=0, idle=0, waiting=0)
2026-03-27 18:11:32.365 DEBUG 15316 --- [ruz housekeeper] com.zaxxer.hikari.pool.HikariPool        : ConnDb-Santa_Cruz - Fill pool skipped, pool is at sufficient level.
2026-03-27 18:11:44.041 DEBUG 15316 --- [ool housekeeper] com.zaxxer.hikari.pool.HikariPool        : CentralHikariPool - Before cleanup stats (total=0, active=0, idle=0, waiting=0)
2026-03-27 18:11:44.041 DEBUG 15316 --- [ool housekeeper] com.zaxxer.hikari.pool.HikariPool        : CentralHikariPool - After cleanup  stats (total=0, active=0, idle=0, waiting=0)
2026-03-27 18:11:44.042 DEBUG 15316 --- [ool housekeeper] com.zaxxer.hikari.pool.HikariPool        : CentralHikariPool - Fill pool skipped, pool is at sufficient level.
2026-03-27 18:11:51.996 DEBUG 15316 --- [l-1 housekeeper] com.zaxxer.hikari.pool.HikariPool        : HikariPool-1 - Before cleanup stats (total=0, active=0, idle=0, waiting=0)
2026-03-27 18:11:51.996 DEBUG 15316 --- [l-1 housekeeper] com.zaxxer.hikari.pool.HikariPool        : HikariPool-1 - After cleanup  stats (total=0, active=0, idle=0, waiting=0)
2026-03-27 18:11:51.997 DEBUG 15316 --- [l-1 housekeeper] com.zaxxer.hikari.pool.HikariPool        : HikariPool-1 - Fill pool skipped, pool is at sufficient level.
2026-03-27 18:12:02.380 DEBUG 15316 --- [ruz housekeeper] com.zaxxer.hikari.pool.HikariPool        : ConnDb-Santa_Cruz - Before cleanup stats (total=0, active=0, idle=0, waiting=0)
2026-03-27 18:12:02.381 DEBUG 15316 --- [ruz housekeeper] com.zaxxer.hikari.pool.HikariPool        : ConnDb-Santa_Cruz - After cleanup  stats (total=0, active=0, idle=0, waiting=0)
2026-03-27 18:12:02.382 DEBUG 15316 --- [ruz housekeeper] com.zaxxer.hikari.pool.HikariPool        : ConnDb-Santa_Cruz - Fill pool skipped, pool is at sufficient level.
2026-03-27 18:12:14.046 DEBUG 15316 --- [ool housekeeper] com.zaxxer.hikari.pool.HikariPool        : CentralHikariPool - Before cleanup stats (total=0, active=0, idle=0, waiting=0)
2026-03-27 18:12:14.047 DEBUG 15316 --- [ool housekeeper] com.zaxxer.hikari.pool.HikariPool        : CentralHikariPool - After cleanup  stats (total=0, active=0, idle=0, waiting=0)
2026-03-27 18:12:14.047 DEBUG 15316 --- [ool housekeeper] com.zaxxer.hikari.pool.HikariPool        : CentralHikariPool - Fill pool skipped, pool is at sufficient level.
2026-03-27 18:12:22.000 DEBUG 15316 --- [l-1 housekeeper] com.zaxxer.hikari.pool.HikariPool        : HikariPool-1 - Before cleanup stats (total=0, active=0, idle=0, waiting=0)
2026-03-27 18:12:22.000 DEBUG 15316 --- [l-1 housekeeper] com.zaxxer.hikari.pool.HikariPool        : HikariPool-1 - After cleanup  stats (total=0, active=0, idle=0, waiting=0)
2026-03-27 18:12:22.001 DEBUG 15316 --- [l-1 housekeeper] com.zaxxer.hikari.pool.HikariPool        : HikariPool-1 - Fill pool skipped, pool is at sufficient level.
2026-03-27 18:12:32.388 DEBUG 15316 --- [ruz housekeeper] com.zaxxer.hikari.pool.HikariPool        : ConnDb-Santa_Cruz - Before cleanup stats (total=0, active=0, idle=0, waiting=0)
2026-03-27 18:12:32.389 DEBUG 15316 --- [ruz housekeeper] com.zaxxer.hikari.pool.HikariPool        : ConnDb-Santa_Cruz - After cleanup  stats (total=0, active=0, idle=0, waiting=0)
2026-03-27 18:12:32.390 DEBUG 15316 --- [ruz housekeeper] com.zaxxer.hikari.pool.HikariPool        : ConnDb-Santa_Cruz - Fill pool skipped, pool is at sufficient level.
2026-03-27 18:12:44.048 DEBUG 15316 --- [ool housekeeper] com.zaxxer.hikari.pool.HikariPool        : CentralHikariPool - Before cleanup stats (total=0, active=0, idle=0, waiting=0)
2026-03-27 18:12:44.048 DEBUG 15316 --- [ool housekeeper] com.zaxxer.hikari.pool.HikariPool        : CentralHikariPool - After cleanup  stats (total=0, active=0, idle=0, waiting=0)
2026-03-27 18:12:44.049 DEBUG 15316 --- [ool housekeeper] com.zaxxer.hikari.pool.HikariPool        : CentralHikariPool - Fill pool skipped, pool is at sufficient level.
2026-03-27 18:12:52.017 DEBUG 15316 --- [l-1 housekeeper] com.zaxxer.hikari.pool.HikariPool        : HikariPool-1 - Before cleanup stats (total=0, active=0, idle=0, waiting=0)
2026-03-27 18:12:52.017 DEBUG 15316 --- [l-1 housekeeper] com.zaxxer.hikari.pool.HikariPool        : HikariPool-1 - After cleanup  stats (total=0, active=0, idle=0, waiting=0)
2026-03-27 18:12:52.018 DEBUG 15316 --- [l-1 housekeeper] com.zaxxer.hikari.pool.HikariPool        : HikariPool-1 - Fill pool skipped, pool is at sufficient level.
2026-03-27 18:13:02.402 DEBUG 15316 --- [ruz housekeeper] com.zaxxer.hikari.pool.HikariPool        : ConnDb-Santa_Cruz - Before cleanup stats (total=0, active=0, idle=0, waiting=0)
2026-03-27 18:13:02.402 DEBUG 15316 --- [ruz housekeeper] com.zaxxer.hikari.pool.HikariPool        : ConnDb-Santa_Cruz - After cleanup  stats (total=0, active=0, idle=0, waiting=0)
2026-03-27 18:13:02.403 DEBUG 15316 --- [ruz housekeeper] com.zaxxer.hikari.pool.HikariPool        : ConnDb-Santa_Cruz - Fill pool skipped, pool is at sufficient level.
2026-03-27 18:13:14.057 DEBUG 15316 --- [ool housekeeper] com.zaxxer.hikari.pool.HikariPool        : CentralHikariPool - Before cleanup stats (total=0, active=0, idle=0, waiting=0)
2026-03-27 18:13:14.057 DEBUG 15316 --- [ool housekeeper] com.zaxxer.hikari.pool.HikariPool        : CentralHikariPool - After cleanup  stats (total=0, active=0, idle=0, waiting=0)
2026-03-27 18:13:14.058 DEBUG 15316 --- [ool housekeeper] com.zaxxer.hikari.pool.HikariPool        : CentralHikariPool - Fill pool skipped, pool is at sufficient level.
2026-03-27 18:13:22.025 DEBUG 15316 --- [l-1 housekeeper] com.zaxxer.hikari.pool.HikariPool        : HikariPool-1 - Before cleanup stats (total=0, active=0, idle=0, waiting=0)
2026-03-27 18:13:22.026 DEBUG 15316 --- [l-1 housekeeper] com.zaxxer.hikari.pool.HikariPool        : HikariPool-1 - After cleanup  stats (total=0, active=0, idle=0, waiting=0)
2026-03-27 18:13:22.026 DEBUG 15316 --- [l-1 housekeeper] com.zaxxer.hikari.pool.HikariPool        : HikariPool-1 - Fill pool skipped, pool is at sufficient level.
2026-03-27 18:13:32.418 DEBUG 15316 --- [ruz housekeeper] com.zaxxer.hikari.pool.HikariPool        : ConnDb-Santa_Cruz - Before cleanup stats (total=0, active=0, idle=0, waiting=0)
2026-03-27 18:13:32.419 DEBUG 15316 --- [ruz housekeeper] com.zaxxer.hikari.pool.HikariPool        : ConnDb-Santa_Cruz - After cleanup  stats (total=0, active=0, idle=0, waiting=0)
2026-03-27 18:13:32.420 DEBUG 15316 --- [ruz housekeeper] com.zaxxer.hikari.pool.HikariPool        : ConnDb-Santa_Cruz - Fill pool skipped, pool is at sufficient level.
2026-03-27 18:13:44.066 DEBUG 15316 --- [ool housekeeper] com.zaxxer.hikari.pool.HikariPool        : CentralHikariPool - Before cleanup stats (total=0, active=0, idle=0, waiting=0)
2026-03-27 18:13:44.067 DEBUG 15316 --- [ool housekeeper] com.zaxxer.hikari.pool.HikariPool        : CentralHikariPool - After cleanup  stats (total=0, active=0, idle=0, waiting=0)
2026-03-27 18:13:44.067 DEBUG 15316 --- [ool housekeeper] com.zaxxer.hikari.pool.HikariPool        : CentralHikariPool - Fill pool skipped, pool is at sufficient level.
2026-03-27 18:13:52.039 DEBUG 15316 --- [l-1 housekeeper] com.zaxxer.hikari.pool.HikariPool        : HikariPool-1 - Before cleanup stats (total=0, active=0, idle=0, waiting=0)
2026-03-27 18:13:52.040 DEBUG 15316 --- [l-1 housekeeper] com.zaxxer.hikari.pool.HikariPool        : HikariPool-1 - After cleanup  stats (total=0, active=0, idle=0, waiting=0)
2026-03-27 18:13:52.040 DEBUG 15316 --- [l-1 housekeeper] com.zaxxer.hikari.pool.HikariPool        : HikariPool-1 - Fill pool skipped, pool is at sufficient level.
2026-03-27 18:14:02.423 DEBUG 15316 --- [ruz housekeeper] com.zaxxer.hikari.pool.HikariPool        : ConnDb-Santa_Cruz - Before cleanup stats (total=0, active=0, idle=0, waiting=0)
2026-03-27 18:14:02.423 DEBUG 15316 --- [ruz housekeeper] com.zaxxer.hikari.pool.HikariPool        : ConnDb-Santa_Cruz - After cleanup  stats (total=0, active=0, idle=0, waiting=0)
2026-03-27 18:14:02.424 DEBUG 15316 --- [ruz housekeeper] com.zaxxer.hikari.pool.HikariPool        : ConnDb-Santa_Cruz - Fill pool skipped, pool is at sufficient level.
2026-03-27 18:14:14.080 DEBUG 15316 --- [ool housekeeper] com.zaxxer.hikari.pool.HikariPool        : CentralHikariPool - Before cleanup stats (total=0, active=0, idle=0, waiting=0)
2026-03-27 18:14:14.089 DEBUG 15316 --- [ool housekeeper] com.zaxxer.hikari.pool.HikariPool        : CentralHikariPool - After cleanup  stats (total=0, active=0, idle=0, waiting=0)
2026-03-27 18:14:14.141 DEBUG 15316 --- [ool housekeeper] com.zaxxer.hikari.pool.HikariPool        : CentralHikariPool - Fill pool skipped, pool is at sufficient level.
2026-03-27 18:14:22.055 DEBUG 15316 --- [l-1 housekeeper] com.zaxxer.hikari.pool.HikariPool        : HikariPool-1 - Before cleanup stats (total=0, active=0, idle=0, waiting=0)
2026-03-27 18:14:22.056 DEBUG 15316 --- [l-1 housekeeper] com.zaxxer.hikari.pool.HikariPool        : HikariPool-1 - After cleanup  stats (total=0, active=0, idle=0, waiting=0)
2026-03-27 18:14:22.057 DEBUG 15316 --- [l-1 housekeeper] com.zaxxer.hikari.pool.HikariPool        : HikariPool-1 - Fill pool skipped, pool is at sufficient level.
2026-03-27 18:14:32.426 DEBUG 15316 --- [ruz housekeeper] com.zaxxer.hikari.pool.HikariPool        : ConnDb-Santa_Cruz - Before cleanup stats (total=0, active=0, idle=0, waiting=0)
2026-03-27 18:14:32.426 DEBUG 15316 --- [ruz housekeeper] com.zaxxer.hikari.pool.HikariPool        : ConnDb-Santa_Cruz - After cleanup  stats (total=0, active=0, idle=0, waiting=0)
2026-03-27 18:14:32.426 DEBUG 15316 --- [ruz housekeeper] com.zaxxer.hikari.pool.HikariPool        : ConnDb-Santa_Cruz - Fill pool skipped, pool is at sufficient level.
2026-03-27 18:14:44.142 DEBUG 15316 --- [ool housekeeper] com.zaxxer.hikari.pool.HikariPool        : CentralHikariPool - Before cleanup stats (total=0, active=0, idle=0, waiting=0)
2026-03-27 18:14:44.142 DEBUG 15316 --- [ool housekeeper] com.zaxxer.hikari.pool.HikariPool        : CentralHikariPool - After cleanup  stats (total=0, active=0, idle=0, waiting=0)
2026-03-27 18:14:44.143 DEBUG 15316 --- [ool housekeeper] com.zaxxer.hikari.pool.HikariPool        : CentralHikariPool - Fill pool skipped, pool is at sufficient level.
2026-03-27 18:14:52.062 DEBUG 15316 --- [l-1 housekeeper] com.zaxxer.hikari.pool.HikariPool        : HikariPool-1 - Before cleanup stats (total=0, active=0, idle=0, waiting=0)
2026-03-27 18:14:52.062 DEBUG 15316 --- [l-1 housekeeper] com.zaxxer.hikari.pool.HikariPool        : HikariPool-1 - After cleanup  stats (total=0, active=0, idle=0, waiting=0)
2026-03-27 18:14:52.063 DEBUG 15316 --- [l-1 housekeeper] com.zaxxer.hikari.pool.HikariPool        : HikariPool-1 - Fill pool skipped, pool is at sufficient level.
2026-03-27 18:15:02.430 DEBUG 15316 --- [ruz housekeeper] com.zaxxer.hikari.pool.HikariPool        : ConnDb-Santa_Cruz - Before cleanup stats (total=0, active=0, idle=0, waiting=0)
2026-03-27 18:15:02.431 DEBUG 15316 --- [ruz housekeeper] com.zaxxer.hikari.pool.HikariPool        : ConnDb-Santa_Cruz - After cleanup  stats (total=0, active=0, idle=0, waiting=0)
2026-03-27 18:15:02.432 DEBUG 15316 --- [ruz housekeeper] com.zaxxer.hikari.pool.HikariPool        : ConnDb-Santa_Cruz - Fill pool skipped, pool is at sufficient level.
2026-03-27 18:15:14.153 DEBUG 15316 --- [ool housekeeper] com.zaxxer.hikari.pool.HikariPool        : CentralHikariPool - Before cleanup stats (total=0, active=0, idle=0, waiting=0)
2026-03-27 18:15:14.153 DEBUG 15316 --- [ool housekeeper] com.zaxxer.hikari.pool.HikariPool        : CentralHikariPool - After cleanup  stats (total=0, active=0, idle=0, waiting=0)
2026-03-27 18:15:14.154 DEBUG 15316 --- [ool housekeeper] com.zaxxer.hikari.pool.HikariPool        : CentralHikariPool - Fill pool skipped, pool is at sufficient level.
2026-03-27 18:15:22.074 DEBUG 15316 --- [l-1 housekeeper] com.zaxxer.hikari.pool.HikariPool        : HikariPool-1 - Before cleanup stats (total=0, active=0, idle=0, waiting=0)
2026-03-27 18:15:22.074 DEBUG 15316 --- [l-1 housekeeper] com.zaxxer.hikari.pool.HikariPool        : HikariPool-1 - After cleanup  stats (total=0, active=0, idle=0, waiting=0)
2026-03-27 18:15:22.075 DEBUG 15316 --- [l-1 housekeeper] com.zaxxer.hikari.pool.HikariPool        : HikariPool-1 - Fill pool skipped, pool is at sufficient level.
2026-03-27 18:15:32.442 DEBUG 15316 --- [ruz housekeeper] com.zaxxer.hikari.pool.HikariPool        : ConnDb-Santa_Cruz - Before cleanup stats (total=0, active=0, idle=0, waiting=0)
2026-03-27 18:15:32.442 DEBUG 15316 --- [ruz housekeeper] com.zaxxer.hikari.pool.HikariPool        : ConnDb-Santa_Cruz - After cleanup  stats (total=0, active=0, idle=0, waiting=0)
2026-03-27 18:15:32.443 DEBUG 15316 --- [ruz housekeeper] com.zaxxer.hikari.pool.HikariPool        : ConnDb-Santa_Cruz - Fill pool skipped, pool is at sufficient level.
2026-03-27 18:15:44.168 DEBUG 15316 --- [ool housekeeper] com.zaxxer.hikari.pool.HikariPool        : CentralHikariPool - Before cleanup stats (total=0, active=0, idle=0, waiting=0)
2026-03-27 18:15:44.324 DEBUG 15316 --- [ool housekeeper] com.zaxxer.hikari.pool.HikariPool        : CentralHikariPool - After cleanup  stats (total=0, active=0, idle=0, waiting=0)
2026-03-27 18:15:44.325 DEBUG 15316 --- [ool housekeeper] com.zaxxer.hikari.pool.HikariPool        : CentralHikariPool - Fill pool skipped, pool is at sufficient level.
2026-03-27 18:15:52.084 DEBUG 15316 --- [l-1 housekeeper] com.zaxxer.hikari.pool.HikariPool        : HikariPool-1 - Before cleanup stats (total=0, active=0, idle=0, waiting=0)
2026-03-27 18:15:52.085 DEBUG 15316 --- [l-1 housekeeper] com.zaxxer.hikari.pool.HikariPool        : HikariPool-1 - After cleanup  stats (total=0, active=0, idle=0, waiting=0)
2026-03-27 18:15:52.085 DEBUG 15316 --- [l-1 housekeeper] com.zaxxer.hikari.pool.HikariPool        : HikariPool-1 - Fill pool skipped, pool is at sufficient level.
2026-03-27 18:16:02.450 DEBUG 15316 --- [ruz housekeeper] com.zaxxer.hikari.pool.HikariPool        : ConnDb-Santa_Cruz - Before cleanup stats (total=0, active=0, idle=0, waiting=0)
2026-03-27 18:16:02.450 DEBUG 15316 --- [ruz housekeeper] com.zaxxer.hikari.pool.HikariPool        : ConnDb-Santa_Cruz - After cleanup  stats (total=0, active=0, idle=0, waiting=0)
2026-03-27 18:16:02.451 DEBUG 15316 --- [ruz housekeeper] com.zaxxer.hikari.pool.HikariPool        : ConnDb-Santa_Cruz - Fill pool skipped, pool is at sufficient level.
2026-03-27 18:16:14.341 DEBUG 15316 --- [ool housekeeper] com.zaxxer.hikari.pool.HikariPool        : CentralHikariPool - Before cleanup stats (total=0, active=0, idle=0, waiting=0)
2026-03-27 18:16:14.341 DEBUG 15316 --- [ool housekeeper] com.zaxxer.hikari.pool.HikariPool        : CentralHikariPool - After cleanup  stats (total=0, active=0, idle=0, waiting=0)
2026-03-27 18:16:14.342 DEBUG 15316 --- [ool housekeeper] com.zaxxer.hikari.pool.HikariPool        : CentralHikariPool - Fill pool skipped, pool is at sufficient level.
2026-03-27 18:16:22.095 DEBUG 15316 --- [l-1 housekeeper] com.zaxxer.hikari.pool.HikariPool        : HikariPool-1 - Before cleanup stats (total=0, active=0, idle=0, waiting=0)
2026-03-27 18:16:22.209 DEBUG 15316 --- [l-1 housekeeper] com.zaxxer.hikari.pool.HikariPool        : HikariPool-1 - After cleanup  stats (total=0, active=0, idle=0, waiting=0)
2026-03-27 18:16:22.714 DEBUG 15316 --- [l-1 housekeeper] com.zaxxer.hikari.pool.HikariPool        : HikariPool-1 - Fill pool skipped, pool is at sufficient level.
2026-03-27 18:16:24.517 DEBUG 15316 --- [nio-8089-exec-6] o.s.web.servlet.DispatcherServlet        : GET "/catalogos/tipo-servicio", parameters={}
2026-03-27 18:16:24.517 DEBUG 15316 --- [nio-8089-exec-7] o.s.web.servlet.DispatcherServlet        : GET "/catalogos/rutas?tecnicoId=98", parameters={masked}
2026-03-27 18:16:24.517 DEBUG 15316 --- [nio-8089-exec-5] o.s.web.servlet.DispatcherServlet        : GET "/ot/spx_ObtenerCaberaVentaParaRegistroOTwb?clienteNro=2620591&ot=28759209&tor=A01&grupo=GRUPO+M24_KEVIN+GEOVANI&tecnicoNombre=KEVIN+GEOVANI+BARROSO+NAVA", parameters={masked}
2026-03-27 18:16:24.517 DEBUG 15316 --- [nio-8089-exec-1] o.s.web.servlet.DispatcherServlet        : GET "/catalogos/estados", parameters={}
2026-03-27 18:16:24.518 DEBUG 15316 --- [nio-8089-exec-6] s.w.s.m.m.a.RequestMappingHandlerMapping : Mapped to com.example.TigoStarSystem.catalogo.controller.CatalogoController#listarTipoServicio()
2026-03-27 18:16:24.519 DEBUG 15316 --- [nio-8089-exec-7] s.w.s.m.m.a.RequestMappingHandlerMapping : Mapped to com.example.TigoStarSystem.catalogo.controller.CatalogoController#listarRutas(Integer)
2026-03-27 18:16:24.520 DEBUG 15316 --- [nio-8089-exec-5] s.w.s.m.m.a.RequestMappingHandlerMapping : Mapped to com.example.TigoStarSystem.ot.controller.OtController#obtenerCabeceraVentaParaRegistroOtWb(String, Integer, Integer, String, String, String)
2026-03-27 18:16:24.520 DEBUG 15316 --- [nio-8089-exec-1] s.w.s.m.m.a.RequestMappingHandlerMapping : Mapped to com.example.TigoStarSystem.catalogo.controller.CatalogoController#listarEstados()
2026-03-27 18:16:24.521 DEBUG 15316 --- [nio-8089-exec-6] o.s.jdbc.core.JdbcTemplate               : Executing SQL query [EXEC spx_ObtenerTipoServicio]
2026-03-27 18:16:24.524 DEBUG 15316 --- [nio-8089-exec-6] o.s.jdbc.datasource.DataSourceUtils      : Fetching JDBC Connection from DataSource
2026-03-27 18:16:24.521 DEBUG 15316 --- [nio-8089-exec-7] o.s.jdbc.core.JdbcTemplate               : Executing prepared SQL query
2026-03-27 18:16:24.525 DEBUG 15316 --- [nio-8089-exec-7] o.s.jdbc.core.JdbcTemplate               : Executing prepared SQL statement [EXEC spx_ObtenerRutaXIdTecnico ?]
2026-03-27 18:16:24.526 DEBUG 15316 --- [nio-8089-exec-7] o.s.jdbc.datasource.DataSourceUtils      : Fetching JDBC Connection from DataSource
2026-03-27 18:16:24.523 DEBUG 15316 --- [nio-8089-exec-5] o.s.jdbc.core.JdbcTemplate               : Executing SQL query [EXEC dbo.spx_ObtenerSucursalesConexion]
2026-03-27 18:16:24.527 DEBUG 15316 --- [nio-8089-exec-5] o.s.jdbc.datasource.DataSourceUtils      : Fetching JDBC Connection from DataSource
2026-03-27 18:16:24.524 DEBUG 15316 --- [nio-8089-exec-1] o.s.jdbc.core.JdbcTemplate               : Executing SQL query [EXEC sp_ObtenerEstado]
2026-03-27 18:16:24.528 DEBUG 15316 --- [nio-8089-exec-1] o.s.jdbc.datasource.DataSourceUtils      : Fetching JDBC Connection from DataSource
2026-03-27 18:16:24.545 DEBUG 15316 --- [onnection adder] com.zaxxer.hikari.pool.HikariPool        : HikariPool-1 - Added connection ConnectionID:7 ClientConnectionId: dc8b45ff-7285-4272-9813-9413231633d7
2026-03-27 18:16:24.548 DEBUG 15316 --- [nio-8089-exec-6] o.s.w.s.m.m.a.HttpEntityMethodProcessor  : Using 'application/json', given [application/json, text/plain, */*] and supported [application/json, application/*+json, application/json, application/*+json]
2026-03-27 18:16:24.549 DEBUG 15316 --- [nio-8089-exec-6] o.s.w.s.m.m.a.HttpEntityMethodProcessor  : Writing [com.example.TigoStarSystem.common.ApiResponse@43d032d1]
2026-03-27 18:16:24.550 DEBUG 15316 --- [nio-8089-exec-6] o.s.web.servlet.DispatcherServlet        : Completed 200 OK
2026-03-27 18:16:24.551 DEBUG 15316 --- [nio-8089-exec-7] o.s.w.s.m.m.a.HttpEntityMethodProcessor  : Using 'application/json', given [application/json, text/plain, */*] and supported [application/json, application/*+json, application/json, application/*+json]
2026-03-27 18:16:24.552 DEBUG 15316 --- [nio-8089-exec-7] o.s.w.s.m.m.a.HttpEntityMethodProcessor  : Writing [com.example.TigoStarSystem.common.ApiResponse@733d904c]
2026-03-27 18:16:24.553 DEBUG 15316 --- [nio-8089-exec-7] o.s.web.servlet.DispatcherServlet        : Completed 200 OK
2026-03-27 18:16:24.554 DEBUG 15316 --- [nio-8089-exec-5] o.s.jdbc.core.JdbcTemplate               : Executing prepared SQL query
2026-03-27 18:16:24.555 DEBUG 15316 --- [nio-8089-exec-5] o.s.jdbc.core.JdbcTemplate               : Executing prepared SQL statement [EXEC dbo.spx_ObtenerCaberaVentaParaRegistroOTwb ?, ?, ?, ?, ?]
2026-03-27 18:16:24.555 DEBUG 15316 --- [nio-8089-exec-5] o.s.jdbc.datasource.DataSourceUtils      : Fetching JDBC Connection from DataSource
2026-03-27 18:16:24.558 DEBUG 15316 --- [nio-8089-exec-5] com.zaxxer.hikari.pool.HikariPool        : HikariPool-1 - Add connection elided, waiting 1, queue 2
2026-03-27 18:16:24.560 DEBUG 15316 --- [nio-8089-exec-1] o.s.w.s.m.m.a.HttpEntityMethodProcessor  : Using 'application/json', given [application/json, text/plain, */*] and supported [application/json, application/*+json, application/json, application/*+json]
2026-03-27 18:16:24.560 DEBUG 15316 --- [nio-8089-exec-1] o.s.w.s.m.m.a.HttpEntityMethodProcessor  : Writing [com.example.TigoStarSystem.common.ApiResponse@3e00ebf8]
2026-03-27 18:16:24.561 DEBUG 15316 --- [nio-8089-exec-1] o.s.web.servlet.DispatcherServlet        : Completed 200 OK
2026-03-27 18:16:24.563 DEBUG 15316 --- [nio-8089-exec-5] o.s.w.s.m.m.a.HttpEntityMethodProcessor  : Using 'application/json', given [application/json, text/plain, */*] and supported [application/json, application/*+json, application/json, application/*+json]
2026-03-27 18:16:24.563 DEBUG 15316 --- [nio-8089-exec-5] o.s.w.s.m.m.a.HttpEntityMethodProcessor  : Writing [com.example.TigoStarSystem.common.ApiResponse@5c2841ee]
2026-03-27 18:16:24.565 DEBUG 15316 --- [nio-8089-exec-5] o.s.web.servlet.DispatcherServlet        : Completed 200 OK
2026-03-27 18:16:24.565 DEBUG 15316 --- [onnection adder] com.zaxxer.hikari.pool.HikariPool        : HikariPool-1 - Added connection ConnectionID:8 ClientConnectionId: 9719c9bf-1b3c-4168-9a4e-92b77b4eba6d
2026-03-27 18:16:32.461 DEBUG 15316 --- [ruz housekeeper] com.zaxxer.hikari.pool.HikariPool        : ConnDb-Santa_Cruz - Before cleanup stats (total=0, active=0, idle=0, waiting=0)
2026-03-27 18:16:32.519 DEBUG 15316 --- [ruz housekeeper] com.zaxxer.hikari.pool.HikariPool        : ConnDb-Santa_Cruz - After cleanup  stats (total=0, active=0, idle=0, waiting=0)
2026-03-27 18:16:32.520 DEBUG 15316 --- [ruz housekeeper] com.zaxxer.hikari.pool.HikariPool        : ConnDb-Santa_Cruz - Fill pool skipped, pool is at sufficient level.
2026-03-27 18:16:44.351 DEBUG 15316 --- [ool housekeeper] com.zaxxer.hikari.pool.HikariPool        : CentralHikariPool - Before cleanup stats (total=0, active=0, idle=0, waiting=0)
2026-03-27 18:16:44.352 DEBUG 15316 --- [ool housekeeper] com.zaxxer.hikari.pool.HikariPool        : CentralHikariPool - After cleanup  stats (total=0, active=0, idle=0, waiting=0)
2026-03-27 18:16:44.354 DEBUG 15316 --- [ool housekeeper] com.zaxxer.hikari.pool.HikariPool        : CentralHikariPool - Fill pool skipped, pool is at sufficient level.
2026-03-27 18:16:52.736 DEBUG 15316 --- [l-1 housekeeper] com.zaxxer.hikari.pool.HikariPool        : HikariPool-1 - Before cleanup stats (total=2, active=0, idle=2, waiting=0)
2026-03-27 18:16:52.736 DEBUG 15316 --- [l-1 housekeeper] com.zaxxer.hikari.pool.HikariPool        : HikariPool-1 - After cleanup  stats (total=2, active=0, idle=2, waiting=0)
2026-03-27 18:16:52.738 DEBUG 15316 --- [l-1 housekeeper] com.zaxxer.hikari.pool.HikariPool        : HikariPool-1 - Fill pool skipped, pool is at sufficient level.
2026-03-27 18:17:02.526 DEBUG 15316 --- [ruz housekeeper] com.zaxxer.hikari.pool.HikariPool        : ConnDb-Santa_Cruz - Before cleanup stats (total=0, active=0, idle=0, waiting=0)
2026-03-27 18:17:02.527 DEBUG 15316 --- [ruz housekeeper] com.zaxxer.hikari.pool.HikariPool        : ConnDb-Santa_Cruz - After cleanup  stats (total=0, active=0, idle=0, waiting=0)
2026-03-27 18:17:02.528 DEBUG 15316 --- [ruz housekeeper] com.zaxxer.hikari.pool.HikariPool        : ConnDb-Santa_Cruz - Fill pool skipped, pool is at sufficient level.
2026-03-27 18:17:13.053 DEBUG 15316 --- [io-8089-exec-10] o.s.web.servlet.DispatcherServlet        : GET "/auth/permisos", parameters={}
2026-03-27 18:17:13.083 DEBUG 15316 --- [io-8089-exec-10] s.w.s.m.m.a.RequestMappingHandlerMapping : Mapped to com.example.TigoStarSystem.auth.controller.AuthPermisosController#permisos(String)
2026-03-27 18:17:13.151 DEBUG 15316 --- [io-8089-exec-10] o.s.jdbc.core.JdbcTemplate               : Executing SQL query [EXEC dbo.spx_ObtenerPrivilegiosRoles]
2026-03-27 18:17:13.185 DEBUG 15316 --- [io-8089-exec-10] o.s.jdbc.datasource.DataSourceUtils      : Fetching JDBC Connection from DataSource
2026-03-27 18:17:13.216 DEBUG 15316 --- [onnection adder] com.zaxxer.hikari.pool.HikariPool        : CentralHikariPool - Added connection ConnectionID:9 ClientConnectionId: d3b7be3b-bb8e-4406-9328-c70f68105055
2026-03-27 18:17:13.219 DEBUG 15316 --- [io-8089-exec-10] o.s.jdbc.core.JdbcTemplate               : Executing prepared SQL query
2026-03-27 18:17:13.268 DEBUG 15316 --- [io-8089-exec-10] o.s.jdbc.core.JdbcTemplate               : Executing prepared SQL statement [EXEC dbo.spx_ObtenerPrivilegiosRolDetalle ?]
2026-03-27 18:17:13.269 DEBUG 15316 --- [io-8089-exec-10] o.s.jdbc.datasource.DataSourceUtils      : Fetching JDBC Connection from DataSource
2026-03-27 18:17:13.279 DEBUG 15316 --- [io-8089-exec-10] o.s.w.s.m.m.a.HttpEntityMethodProcessor  : Using 'application/json', given [application/json, text/plain, */*] and supported [application/json, application/*+json, application/json, application/*+json]
2026-03-27 18:17:13.280 DEBUG 15316 --- [io-8089-exec-10] o.s.w.s.m.m.a.HttpEntityMethodProcessor  : Writing [com.example.TigoStarSystem.common.ApiResponse@a7f52ca]
2026-03-27 18:17:13.282 DEBUG 15316 --- [io-8089-exec-10] o.s.web.servlet.DispatcherServlet        : Completed 200 OK
2026-03-27 18:17:13.301 DEBUG 15316 --- [nio-8089-exec-2] o.s.web.servlet.DispatcherServlet        : GET "/auth/permisos", parameters={}
2026-03-27 18:17:13.302 DEBUG 15316 --- [nio-8089-exec-2] s.w.s.m.m.a.RequestMappingHandlerMapping : Mapped to com.example.TigoStarSystem.auth.controller.AuthPermisosController#permisos(String)
2026-03-27 18:17:13.303 DEBUG 15316 --- [nio-8089-exec-2] o.s.jdbc.core.JdbcTemplate               : Executing SQL query [EXEC dbo.spx_ObtenerPrivilegiosRoles]
2026-03-27 18:17:13.304 DEBUG 15316 --- [nio-8089-exec-2] o.s.jdbc.datasource.DataSourceUtils      : Fetching JDBC Connection from DataSource
2026-03-27 18:17:13.308 DEBUG 15316 --- [nio-8089-exec-2] o.s.jdbc.core.JdbcTemplate               : Executing prepared SQL query
2026-03-27 18:17:13.309 DEBUG 15316 --- [nio-8089-exec-2] o.s.jdbc.core.JdbcTemplate               : Executing prepared SQL statement [EXEC dbo.spx_ObtenerPrivilegiosRolDetalle ?]
2026-03-27 18:17:13.310 DEBUG 15316 --- [nio-8089-exec-2] o.s.jdbc.datasource.DataSourceUtils      : Fetching JDBC Connection from DataSource
2026-03-27 18:17:13.313 DEBUG 15316 --- [nio-8089-exec-2] o.s.w.s.m.m.a.HttpEntityMethodProcessor  : Using 'application/json', given [application/json, text/plain, */*] and supported [application/json, application/*+json, application/json, application/*+json]
2026-03-27 18:17:13.314 DEBUG 15316 --- [nio-8089-exec-2] o.s.w.s.m.m.a.HttpEntityMethodProcessor  : Writing [com.example.TigoStarSystem.common.ApiResponse@2f5bcd84]
2026-03-27 18:17:13.315 DEBUG 15316 --- [nio-8089-exec-2] o.s.web.servlet.DispatcherServlet        : Completed 200 OK
2026-03-27 18:17:13.353 DEBUG 15316 --- [nio-8089-exec-9] o.s.web.servlet.DispatcherServlet        : GET "/catalogos/tipo-servicio", parameters={}
2026-03-27 18:17:13.353 DEBUG 15316 --- [nio-8089-exec-3] o.s.web.servlet.DispatcherServlet        : GET "/catalogos/estados", parameters={}
2026-03-27 18:17:13.353 DEBUG 15316 --- [nio-8089-exec-8] o.s.web.servlet.DispatcherServlet        : GET "/catalogos/rutas?tecnicoId=98", parameters={masked}
2026-03-27 18:17:13.353 DEBUG 15316 --- [nio-8089-exec-4] o.s.web.servlet.DispatcherServlet        : GET "/ot/spx_ObtenerCaberaVentaParaRegistroOTwb?clienteNro=2620591&ot=28759209&tor=A01&grupo=GRUPO+M24_KEVIN+GEOVANI&tecnicoNombre=KEVIN+GEOVANI+BARROSO+NAVA", parameters={masked}
2026-03-27 18:17:13.354 DEBUG 15316 --- [nio-8089-exec-9] s.w.s.m.m.a.RequestMappingHandlerMapping : Mapped to com.example.TigoStarSystem.catalogo.controller.CatalogoController#listarTipoServicio()
2026-03-27 18:17:13.354 DEBUG 15316 --- [nio-8089-exec-3] s.w.s.m.m.a.RequestMappingHandlerMapping : Mapped to com.example.TigoStarSystem.catalogo.controller.CatalogoController#listarEstados()
2026-03-27 18:17:13.355 DEBUG 15316 --- [nio-8089-exec-8] s.w.s.m.m.a.RequestMappingHandlerMapping : Mapped to com.example.TigoStarSystem.catalogo.controller.CatalogoController#listarRutas(Integer)
2026-03-27 18:17:13.356 DEBUG 15316 --- [nio-8089-exec-4] s.w.s.m.m.a.RequestMappingHandlerMapping : Mapped to com.example.TigoStarSystem.ot.controller.OtController#obtenerCabeceraVentaParaRegistroOtWb(String, Integer, Integer, String, String, String)
2026-03-27 18:17:13.357 DEBUG 15316 --- [nio-8089-exec-9] o.s.jdbc.core.JdbcTemplate               : Executing SQL query [EXEC spx_ObtenerTipoServicio]
2026-03-27 18:17:13.357 DEBUG 15316 --- [nio-8089-exec-3] o.s.jdbc.core.JdbcTemplate               : Executing SQL query [EXEC sp_ObtenerEstado]
2026-03-27 18:17:13.358 DEBUG 15316 --- [nio-8089-exec-8] o.s.jdbc.core.JdbcTemplate               : Executing prepared SQL query
2026-03-27 18:17:13.360 DEBUG 15316 --- [nio-8089-exec-9] o.s.jdbc.datasource.DataSourceUtils      : Fetching JDBC Connection from DataSource
2026-03-27 18:17:13.361 DEBUG 15316 --- [nio-8089-exec-3] o.s.jdbc.datasource.DataSourceUtils      : Fetching JDBC Connection from DataSource
2026-03-27 18:17:13.361 DEBUG 15316 --- [nio-8089-exec-4] o.s.jdbc.core.JdbcTemplate               : Executing SQL query [EXEC dbo.spx_ObtenerSucursalesConexion]
2026-03-27 18:17:13.361 DEBUG 15316 --- [nio-8089-exec-8] o.s.jdbc.core.JdbcTemplate               : Executing prepared SQL statement [EXEC spx_ObtenerRutaXIdTecnico ?]
2026-03-27 18:17:13.363 DEBUG 15316 --- [nio-8089-exec-4] o.s.jdbc.datasource.DataSourceUtils      : Fetching JDBC Connection from DataSource
2026-03-27 18:17:13.364 DEBUG 15316 --- [nio-8089-exec-8] o.s.jdbc.datasource.DataSourceUtils      : Fetching JDBC Connection from DataSource
2026-03-27 18:17:13.367 DEBUG 15316 --- [nio-8089-exec-3] o.s.w.s.m.m.a.HttpEntityMethodProcessor  : Using 'application/json', given [application/json, text/plain, */*] and supported [application/json, application/*+json, application/json, application/*+json]
2026-03-27 18:17:13.368 DEBUG 15316 --- [nio-8089-exec-3] o.s.w.s.m.m.a.HttpEntityMethodProcessor  : Writing [com.example.TigoStarSystem.common.ApiResponse@26efe0be]
2026-03-27 18:17:13.370 DEBUG 15316 --- [nio-8089-exec-3] o.s.web.servlet.DispatcherServlet        : Completed 200 OK
2026-03-27 18:17:13.371 DEBUG 15316 --- [nio-8089-exec-4] o.s.jdbc.core.JdbcTemplate               : Executing prepared SQL query
2026-03-27 18:17:13.373 DEBUG 15316 --- [nio-8089-exec-4] o.s.jdbc.core.JdbcTemplate               : Executing prepared SQL statement [EXEC dbo.spx_ObtenerCaberaVentaParaRegistroOTwb ?, ?, ?, ?, ?]
2026-03-27 18:17:13.373 DEBUG 15316 --- [nio-8089-exec-4] o.s.jdbc.datasource.DataSourceUtils      : Fetching JDBC Connection from DataSource
2026-03-27 18:17:13.375 DEBUG 15316 --- [nio-8089-exec-8] o.s.w.s.m.m.a.HttpEntityMethodProcessor  : Using 'application/json', given [application/json, text/plain, */*] and supported [application/json, application/*+json, application/json, application/*+json]
2026-03-27 18:17:13.376 DEBUG 15316 --- [nio-8089-exec-8] o.s.w.s.m.m.a.HttpEntityMethodProcessor  : Writing [com.example.TigoStarSystem.common.ApiResponse@1ec73af6]
2026-03-27 18:17:13.378 DEBUG 15316 --- [nio-8089-exec-8] o.s.web.servlet.DispatcherServlet        : Completed 200 OK
2026-03-27 18:17:13.378 DEBUG 15316 --- [nio-8089-exec-4] o.s.w.s.m.m.a.HttpEntityMethodProcessor  : Using 'application/json', given [application/json, text/plain, */*] and supported [application/json, application/*+json, application/json, application/*+json]
2026-03-27 18:17:13.379 DEBUG 15316 --- [nio-8089-exec-4] o.s.w.s.m.m.a.HttpEntityMethodProcessor  : Writing [com.example.TigoStarSystem.common.ApiResponse@6611f4fd]
2026-03-27 18:17:13.381 DEBUG 15316 --- [nio-8089-exec-4] o.s.web.servlet.DispatcherServlet        : Completed 200 OK
2026-03-27 18:17:13.388 DEBUG 15316 --- [nio-8089-exec-9] o.s.w.s.m.m.a.HttpEntityMethodProcessor  : Using 'application/json', given [application/json, text/plain, */*] and supported [application/json, application/*+json, application/json, application/*+json]
2026-03-27 18:17:13.389 DEBUG 15316 --- [nio-8089-exec-9] o.s.w.s.m.m.a.HttpEntityMethodProcessor  : Writing [com.example.TigoStarSystem.common.ApiResponse@2d6e921d]
2026-03-27 18:17:13.391 DEBUG 15316 --- [onnection adder] com.zaxxer.hikari.pool.HikariPool        : HikariPool-1 - Added connection ConnectionID:10 ClientConnectionId: fe5209d0-777e-454f-954c-37fda7153293
2026-03-27 18:17:13.393 DEBUG 15316 --- [nio-8089-exec-9] o.s.web.servlet.DispatcherServlet        : Completed 200 OK
2026-03-27 18:17:14.365 DEBUG 15316 --- [ool housekeeper] com.zaxxer.hikari.pool.HikariPool        : CentralHikariPool - Before cleanup stats (total=1, active=0, idle=1, waiting=0)
2026-03-27 18:17:14.366 DEBUG 15316 --- [ool housekeeper] com.zaxxer.hikari.pool.HikariPool        : CentralHikariPool - After cleanup  stats (total=1, active=0, idle=1, waiting=0)
2026-03-27 18:17:14.366 DEBUG 15316 --- [ool housekeeper] com.zaxxer.hikari.pool.HikariPool        : CentralHikariPool - Fill pool skipped, pool is at sufficient level.
2026-03-27 18:17:17.223 DEBUG 15316 --- [nio-8089-exec-7] o.s.web.servlet.DispatcherServlet        : POST "/ot/spx_RegistrarVentaParaRegistroOTwb", parameters={}
2026-03-27 18:17:17.229 DEBUG 15316 --- [nio-8089-exec-7] .m.m.a.ExceptionHandlerExceptionResolver : Using @ExceptionHandler com.example.TigoStarSystem.common.GlobalExceptionHandler#handleGeneric(Exception, HttpServletRequest)
2026-03-27 18:17:17.248 ERROR 15316 --- [nio-8089-exec-7] c.e.T.common.GlobalExceptionHandler      : Unhandled error on POST /ot/spx_RegistrarVentaParaRegistroOTwb

org.springframework.web.HttpRequestMethodNotSupportedException: Request method 'POST' not supported
	at org.springframework.web.servlet.mvc.method.RequestMappingInfoHandlerMapping.handleNoMatch(RequestMappingInfoHandlerMapping.java:260) ~[spring-webmvc-5.3.31.jar:5.3.31]
	at org.springframework.web.servlet.handler.AbstractHandlerMethodMapping.lookupHandlerMethod(AbstractHandlerMethodMapping.java:442) ~[spring-webmvc-5.3.31.jar:5.3.31]
	at org.springframework.web.servlet.handler.AbstractHandlerMethodMapping.getHandlerInternal(AbstractHandlerMethodMapping.java:383) ~[spring-webmvc-5.3.31.jar:5.3.31]
	at org.springframework.web.servlet.mvc.method.RequestMappingInfoHandlerMapping.getHandlerInternal(RequestMappingInfoHandlerMapping.java:125) ~[spring-webmvc-5.3.31.jar:5.3.31]
	at org.springframework.web.servlet.mvc.method.RequestMappingInfoHandlerMapping.getHandlerInternal(RequestMappingInfoHandlerMapping.java:67) ~[spring-webmvc-5.3.31.jar:5.3.31]
	at org.springframework.web.servlet.handler.AbstractHandlerMapping.getHandler(AbstractHandlerMapping.java:498) ~[spring-webmvc-5.3.31.jar:5.3.31]
	at org.springframework.web.servlet.DispatcherServlet.getHandler(DispatcherServlet.java:1266) ~[spring-webmvc-5.3.31.jar:5.3.31]
	at org.springframework.web.servlet.DispatcherServlet.doDispatch(DispatcherServlet.java:1048) ~[spring-webmvc-5.3.31.jar:5.3.31]
	at org.springframework.web.servlet.DispatcherServlet.doService(DispatcherServlet.java:965) ~[spring-webmvc-5.3.31.jar:5.3.31]
	at org.springframework.web.servlet.FrameworkServlet.processRequest(FrameworkServlet.java:1006) [spring-webmvc-5.3.31.jar:5.3.31]
	at org.springframework.web.servlet.FrameworkServlet.doPost(FrameworkServlet.java:909) [spring-webmvc-5.3.31.jar:5.3.31]
	at javax.servlet.http.HttpServlet.service(HttpServlet.java:555) [tomcat-embed-core-9.0.83.jar:4.0.FR]
	at org.springframework.web.servlet.FrameworkServlet.service(FrameworkServlet.java:883) [spring-webmvc-5.3.31.jar:5.3.31]
	at javax.servlet.http.HttpServlet.service(HttpServlet.java:623) [tomcat-embed-core-9.0.83.jar:4.0.FR]
	at org.apache.catalina.core.ApplicationFilterChain.internalDoFilter(ApplicationFilterChain.java:209) [tomcat-embed-core-9.0.83.jar:9.0.83]
	at org.apache.catalina.core.ApplicationFilterChain.doFilter(ApplicationFilterChain.java:153) [tomcat-embed-core-9.0.83.jar:9.0.83]
	at org.apache.tomcat.websocket.server.WsFilter.doFilter(WsFilter.java:51) [tomcat-embed-websocket-9.0.83.jar:9.0.83]
	at org.apache.catalina.core.ApplicationFilterChain.internalDoFilter(ApplicationFilterChain.java:178) [tomcat-embed-core-9.0.83.jar:9.0.83]
	at org.apache.catalina.core.ApplicationFilterChain.doFilter(ApplicationFilterChain.java:153) [tomcat-embed-core-9.0.83.jar:9.0.83]
	at org.springframework.web.filter.RequestContextFilter.doFilterInternal(RequestContextFilter.java:100) [spring-web-5.3.31.jar:5.3.31]
	at org.springframework.web.filter.OncePerRequestFilter.doFilter(OncePerRequestFilter.java:117) [spring-web-5.3.31.jar:5.3.31]
	at org.apache.catalina.core.ApplicationFilterChain.internalDoFilter(ApplicationFilterChain.java:178) [tomcat-embed-core-9.0.83.jar:9.0.83]
	at org.apache.catalina.core.ApplicationFilterChain.doFilter(ApplicationFilterChain.java:153) [tomcat-embed-core-9.0.83.jar:9.0.83]
	at org.springframework.web.filter.FormContentFilter.doFilterInternal(FormContentFilter.java:93) [spring-web-5.3.31.jar:5.3.31]
	at org.springframework.web.filter.OncePerRequestFilter.doFilter(OncePerRequestFilter.java:117) [spring-web-5.3.31.jar:5.3.31]
	at org.apache.catalina.core.ApplicationFilterChain.internalDoFilter(ApplicationFilterChain.java:178) [tomcat-embed-core-9.0.83.jar:9.0.83]
	at org.apache.catalina.core.ApplicationFilterChain.doFilter(ApplicationFilterChain.java:153) [tomcat-embed-core-9.0.83.jar:9.0.83]
	at org.springframework.web.filter.CharacterEncodingFilter.doFilterInternal(CharacterEncodingFilter.java:201) [spring-web-5.3.31.jar:5.3.31]
	at org.springframework.web.filter.OncePerRequestFilter.doFilter(OncePerRequestFilter.java:117) [spring-web-5.3.31.jar:5.3.31]
	at org.apache.catalina.core.ApplicationFilterChain.internalDoFilter(ApplicationFilterChain.java:178) [tomcat-embed-core-9.0.83.jar:9.0.83]
	at org.apache.catalina.core.ApplicationFilterChain.doFilter(ApplicationFilterChain.java:153) [tomcat-embed-core-9.0.83.jar:9.0.83]
	at org.springframework.web.filter.CorsFilter.doFilterInternal(CorsFilter.java:91) [spring-web-5.3.31.jar:5.3.31]
	at org.springframework.web.filter.OncePerRequestFilter.doFilter(OncePerRequestFilter.java:117) [spring-web-5.3.31.jar:5.3.31]
	at org.apache.catalina.core.ApplicationFilterChain.internalDoFilter(ApplicationFilterChain.java:178) [tomcat-embed-core-9.0.83.jar:9.0.83]
	at org.apache.catalina.core.ApplicationFilterChain.doFilter(ApplicationFilterChain.java:153) [tomcat-embed-core-9.0.83.jar:9.0.83]
	at org.apache.catalina.core.StandardWrapperValve.invoke(StandardWrapperValve.java:168) [tomcat-embed-core-9.0.83.jar:9.0.83]
	at org.apache.catalina.core.StandardContextValve.invoke(StandardContextValve.java:90) [tomcat-embed-core-9.0.83.jar:9.0.83]
	at org.apache.catalina.authenticator.AuthenticatorBase.invoke(AuthenticatorBase.java:481) [tomcat-embed-core-9.0.83.jar:9.0.83]
	at org.apache.catalina.core.StandardHostValve.invoke(StandardHostValve.java:130) [tomcat-embed-core-9.0.83.jar:9.0.83]
	at org.apache.catalina.valves.ErrorReportValve.invoke(ErrorReportValve.java:93) [tomcat-embed-core-9.0.83.jar:9.0.83]
	at org.apache.catalina.core.StandardEngineValve.invoke(StandardEngineValve.java:74) [tomcat-embed-core-9.0.83.jar:9.0.83]
	at org.apache.catalina.connector.CoyoteAdapter.service(CoyoteAdapter.java:342) [tomcat-embed-core-9.0.83.jar:9.0.83]
	at org.apache.coyote.http11.Http11Processor.service(Http11Processor.java:390) [tomcat-embed-core-9.0.83.jar:9.0.83]
	at org.apache.coyote.AbstractProcessorLight.process(AbstractProcessorLight.java:63) [tomcat-embed-core-9.0.83.jar:9.0.83]
	at org.apache.coyote.AbstractProtocol$ConnectionHandler.process(AbstractProtocol.java:928) [tomcat-embed-core-9.0.83.jar:9.0.83]
	at org.apache.tomcat.util.net.NioEndpoint$SocketProcessor.doRun(NioEndpoint.java:1794) [tomcat-embed-core-9.0.83.jar:9.0.83]
	at org.apache.tomcat.util.net.SocketProcessorBase.run(SocketProcessorBase.java:52) [tomcat-embed-core-9.0.83.jar:9.0.83]
	at org.apache.tomcat.util.threads.ThreadPoolExecutor.runWorker(ThreadPoolExecutor.java:1191) [tomcat-embed-core-9.0.83.jar:9.0.83]
	at org.apache.tomcat.util.threads.ThreadPoolExecutor$Worker.run(ThreadPoolExecutor.java:659) [tomcat-embed-core-9.0.83.jar:9.0.83]
	at org.apache.tomcat.util.threads.TaskThread$WrappingRunnable.run(TaskThread.java:61) [tomcat-embed-core-9.0.83.jar:9.0.83]
	at java.lang.Thread.run(Thread.java:750) [na:1.8.0_471]

2026-03-27 18:17:17.249 DEBUG 15316 --- [nio-8089-exec-7] o.s.w.s.m.m.a.HttpEntityMethodProcessor  : Using 'application/json', given [application/json, text/plain, */*] and supported [application/json, application/*+json, application/json, application/*+json]
2026-03-27 18:17:17.250 DEBUG 15316 --- [nio-8089-exec-7] o.s.w.s.m.m.a.HttpEntityMethodProcessor  : Writing [com.example.TigoStarSystem.common.ApiError@5cfa4b15]
2026-03-27 18:17:17.252 DEBUG 15316 --- [nio-8089-exec-7] .m.m.a.ExceptionHandlerExceptionResolver : Resolved [org.springframework.web.HttpRequestMethodNotSupportedException: Request method 'POST' not supported]
2026-03-27 18:17:17.252 DEBUG 15316 --- [nio-8089-exec-7] o.s.web.servlet.DispatcherServlet        : Completed 500 INTERNAL_SERVER_ERROR
2026-03-27 18:17:22.743 DEBUG 15316 --- [l-1 housekeeper] com.zaxxer.hikari.pool.HikariPool        : HikariPool-1 - Before cleanup stats (total=3, active=0, idle=3, waiting=0)
2026-03-27 18:17:22.744 DEBUG 15316 --- [l-1 housekeeper] com.zaxxer.hikari.pool.HikariPool        : HikariPool-1 - After cleanup  stats (total=3, active=0, idle=3, waiting=0)
2026-03-27 18:17:22.745 DEBUG 15316 --- [l-1 housekeeper] com.zaxxer.hikari.pool.HikariPool        : HikariPool-1 - Fill pool skipped, pool is at sufficient level.
2026-03-27 18:17:32.530 DEBUG 15316 --- [ruz housekeeper] com.zaxxer.hikari.pool.HikariPool        : ConnDb-Santa_Cruz - Before cleanup stats (total=0, active=0, idle=0, waiting=0)
2026-03-27 18:17:32.530 DEBUG 15316 --- [ruz housekeeper] com.zaxxer.hikari.pool.HikariPool        : ConnDb-Santa_Cruz - After cleanup  stats (total=0, active=0, idle=0, waiting=0)
2026-03-27 18:17:32.531 DEBUG 15316 --- [ruz housekeeper] com.zaxxer.hikari.pool.HikariPool        : ConnDb-Santa_Cruz - Fill pool skipped, pool is at sufficient level.
2026-03-27 18:17:44.376 DEBUG 15316 --- [ool housekeeper] com.zaxxer.hikari.pool.HikariPool        : CentralHikariPool - Before cleanup stats (total=1, active=0, idle=1, waiting=0)
2026-03-27 18:17:44.376 DEBUG 15316 --- [ool housekeeper] com.zaxxer.hikari.pool.HikariPool        : CentralHikariPool - After cleanup  stats (total=1, active=0, idle=1, waiting=0)
2026-03-27 18:17:44.377 DEBUG 15316 --- [ool housekeeper] com.zaxxer.hikari.pool.HikariPool        : CentralHikariPool - Fill pool skipped, pool is at sufficient level.
2026-03-27 18:17:52.751 DEBUG 15316 --- [l-1 housekeeper] com.zaxxer.hikari.pool.HikariPool        : HikariPool-1 - Before cleanup stats (total=3, active=0, idle=3, waiting=0)
2026-03-27 18:17:52.752 DEBUG 15316 --- [l-1 housekeeper] com.zaxxer.hikari.pool.HikariPool        : HikariPool-1 - After cleanup  stats (total=3, active=0, idle=3, waiting=0)
2026-03-27 18:17:52.752 DEBUG 15316 --- [l-1 housekeeper] com.zaxxer.hikari.pool.HikariPool        : HikariPool-1 - Fill pool skipped, pool is at sufficient level.
2026-03-27 18:18:02.533 DEBUG 15316 --- [ruz housekeeper] com.zaxxer.hikari.pool.HikariPool        : ConnDb-Santa_Cruz - Before cleanup stats (total=0, active=0, idle=0, waiting=0)
2026-03-27 18:18:02.533 DEBUG 15316 --- [ruz housekeeper] com.zaxxer.hikari.pool.HikariPool        : ConnDb-Santa_Cruz - After cleanup  stats (total=0, active=0, idle=0, waiting=0)
2026-03-27 18:18:02.534 DEBUG 15316 --- [ruz housekeeper] com.zaxxer.hikari.pool.HikariPool        : ConnDb-Santa_Cruz - Fill pool skipped, pool is at sufficient level.
2026-03-27 18:18:14.380 DEBUG 15316 --- [ool housekeeper] com.zaxxer.hikari.pool.HikariPool        : CentralHikariPool - Before cleanup stats (total=1, active=0, idle=1, waiting=0)
2026-03-27 18:18:14.381 DEBUG 15316 --- [ool housekeeper] com.zaxxer.hikari.pool.HikariPool        : CentralHikariPool - After cleanup  stats (total=1, active=0, idle=1, waiting=0)
2026-03-27 18:18:14.382 DEBUG 15316 --- [ool housekeeper] com.zaxxer.hikari.pool.HikariPool        : CentralHikariPool - Fill pool skipped, pool is at sufficient level.
2026-03-27 18:18:16.089 DEBUG 15316 --- [l-1 housekeeper] com.zaxxer.hikari.pool.HikariPool        : HikariPool-1 - keepalive: connection ConnectionID:8 ClientConnectionId: 9719c9bf-1b3c-4168-9a4e-92b77b4eba6d is alive
2026-03-27 18:18:18.504 DEBUG 15316 --- [l-1 housekeeper] com.zaxxer.hikari.pool.HikariPool        : HikariPool-1 - keepalive: connection ConnectionID:7 ClientConnectionId: dc8b45ff-7285-4272-9813-9413231633d7 is alive
2026-03-27 18:18:22.763 DEBUG 15316 --- [l-1 housekeeper] com.zaxxer.hikari.pool.HikariPool        : HikariPool-1 - Before cleanup stats (total=3, active=0, idle=3, waiting=0)
2026-03-27 18:18:22.763 DEBUG 15316 --- [l-1 housekeeper] com.zaxxer.hikari.pool.HikariPool        : HikariPool-1 - After cleanup  stats (total=3, active=0, idle=3, waiting=0)
2026-03-27 18:18:22.764 DEBUG 15316 --- [l-1 housekeeper] com.zaxxer.hikari.pool.HikariPool        : HikariPool-1 - Fill pool skipped, pool is at sufficient level.
2026-03-27 18:18:32.539 DEBUG 15316 --- [ruz housekeeper] com.zaxxer.hikari.pool.HikariPool        : ConnDb-Santa_Cruz - Before cleanup stats (total=0, active=0, idle=0, waiting=0)
2026-03-27 18:18:32.540 DEBUG 15316 --- [ruz housekeeper] com.zaxxer.hikari.pool.HikariPool        : ConnDb-Santa_Cruz - After cleanup  stats (total=0, active=0, idle=0, waiting=0)
2026-03-27 18:18:32.540 DEBUG 15316 --- [ruz housekeeper] com.zaxxer.hikari.pool.HikariPool        : ConnDb-Santa_Cruz - Fill pool skipped, pool is at sufficient level.
2026-03-27 18:18:44.393 DEBUG 15316 --- [ool housekeeper] com.zaxxer.hikari.pool.HikariPool        : CentralHikariPool - Before cleanup stats (total=1, active=0, idle=1, waiting=0)
2026-03-27 18:18:44.453 DEBUG 15316 --- [ool housekeeper] com.zaxxer.hikari.pool.HikariPool        : CentralHikariPool - After cleanup  stats (total=1, active=0, idle=1, waiting=0)
2026-03-27 18:18:44.501 DEBUG 15316 --- [ool housekeeper] com.zaxxer.hikari.pool.HikariPool        : CentralHikariPool - Fill pool skipped, pool is at sufficient level.
2026-03-27 18:18:52.770 DEBUG 15316 --- [l-1 housekeeper] com.zaxxer.hikari.pool.HikariPool        : HikariPool-1 - Before cleanup stats (total=3, active=0, idle=3, waiting=0)
2026-03-27 18:18:52.770 DEBUG 15316 --- [l-1 housekeeper] com.zaxxer.hikari.pool.HikariPool        : HikariPool-1 - After cleanup  stats (total=3, active=0, idle=3, waiting=0)
2026-03-27 18:18:52.771 DEBUG 15316 --- [l-1 housekeeper] com.zaxxer.hikari.pool.HikariPool        : HikariPool-1 - Fill pool skipped, pool is at sufficient level.
2026-03-27 18:19:02.547 DEBUG 15316 --- [ruz housekeeper] com.zaxxer.hikari.pool.HikariPool        : ConnDb-Santa_Cruz - Before cleanup stats (total=0, active=0, idle=0, waiting=0)
2026-03-27 18:19:02.547 DEBUG 15316 --- [ruz housekeeper] com.zaxxer.hikari.pool.HikariPool        : ConnDb-Santa_Cruz - After cleanup  stats (total=0, active=0, idle=0, waiting=0)
2026-03-27 18:19:02.548 DEBUG 15316 --- [ruz housekeeper] com.zaxxer.hikari.pool.HikariPool        : ConnDb-Santa_Cruz - Fill pool skipped, pool is at sufficient level.
2026-03-27 18:19:04.014 DEBUG 15316 --- [l-1 housekeeper] com.zaxxer.hikari.pool.HikariPool        : HikariPool-1 - keepalive: connection ConnectionID:10 ClientConnectionId: fe5209d0-777e-454f-954c-37fda7153293 is alive
2026-03-27 18:19:11.120 DEBUG 15316 --- [ool housekeeper] com.zaxxer.hikari.pool.HikariPool        : CentralHikariPool - keepalive: connection ConnectionID:9 ClientConnectionId: d3b7be3b-bb8e-4406-9328-c70f68105055 is alive
2026-03-27 18:19:14.506 DEBUG 15316 --- [ool housekeeper] com.zaxxer.hikari.pool.HikariPool        : CentralHikariPool - Before cleanup stats (total=1, active=0, idle=1, waiting=0)
2026-03-27 18:19:14.507 DEBUG 15316 --- [ool housekeeper] com.zaxxer.hikari.pool.HikariPool        : CentralHikariPool - After cleanup  stats (total=1, active=0, idle=1, waiting=0)
2026-03-27 18:19:14.508 DEBUG 15316 --- [ool housekeeper] com.zaxxer.hikari.pool.HikariPool        : CentralHikariPool - Fill pool skipped, pool is at sufficient level.
2026-03-27 18:19:22.785 DEBUG 15316 --- [l-1 housekeeper] com.zaxxer.hikari.pool.HikariPool        : HikariPool-1 - Before cleanup stats (total=3, active=0, idle=3, waiting=0)
2026-03-27 18:19:22.785 DEBUG 15316 --- [l-1 housekeeper] com.zaxxer.hikari.pool.HikariPool        : HikariPool-1 - After cleanup  stats (total=3, active=0, idle=3, waiting=0)
2026-03-27 18:19:22.786 DEBUG 15316 --- [l-1 housekeeper] com.zaxxer.hikari.pool.HikariPool        : HikariPool-1 - Fill pool skipped, pool is at sufficient level.
2026-03-27 18:19:32.556 DEBUG 15316 --- [ruz housekeeper] com.zaxxer.hikari.pool.HikariPool        : ConnDb-Santa_Cruz - Before cleanup stats (total=0, active=0, idle=0, waiting=0)
2026-03-27 18:19:32.556 DEBUG 15316 --- [ruz housekeeper] com.zaxxer.hikari.pool.HikariPool        : ConnDb-Santa_Cruz - After cleanup  stats (total=0, active=0, idle=0, waiting=0)
2026-03-27 18:19:32.557 DEBUG 15316 --- [ruz housekeeper] com.zaxxer.hikari.pool.HikariPool        : ConnDb-Santa_Cruz - Fill pool skipped, pool is at sufficient level.
2026-03-27 18:19:44.510 DEBUG 15316 --- [ool housekeeper] com.zaxxer.hikari.pool.HikariPool        : CentralHikariPool - Before cleanup stats (total=1, active=0, idle=1, waiting=0)
2026-03-27 18:19:44.858 DEBUG 15316 --- [ool housekeeper] com.zaxxer.hikari.pool.HikariPool        : CentralHikariPool - After cleanup  stats (total=1, active=0, idle=1, waiting=0)
2026-03-27 18:19:44.868 DEBUG 15316 --- [ool housekeeper] com.zaxxer.hikari.pool.HikariPool        : CentralHikariPool - Fill pool skipped, pool is at sufficient level.
2026-03-27 18:19:52.800 DEBUG 15316 --- [l-1 housekeeper] com.zaxxer.hikari.pool.HikariPool        : HikariPool-1 - Before cleanup stats (total=3, active=0, idle=3, waiting=0)
2026-03-27 18:19:52.811 DEBUG 15316 --- [l-1 housekeeper] com.zaxxer.hikari.pool.HikariPool        : HikariPool-1 - After cleanup  stats (total=3, active=0, idle=3, waiting=0)
2026-03-27 18:19:52.822 DEBUG 15316 --- [l-1 housekeeper] com.zaxxer.hikari.pool.HikariPool        : HikariPool-1 - Fill pool skipped, pool is at sufficient level.
2026-03-27 18:20:02.572 DEBUG 15316 --- [ruz housekeeper] com.zaxxer.hikari.pool.HikariPool        : ConnDb-Santa_Cruz - Before cleanup stats (total=0, active=0, idle=0, waiting=0)
2026-03-27 18:20:02.573 DEBUG 15316 --- [ruz housekeeper] com.zaxxer.hikari.pool.HikariPool        : ConnDb-Santa_Cruz - After cleanup  stats (total=0, active=0, idle=0, waiting=0)
2026-03-27 18:20:02.574 DEBUG 15316 --- [ruz housekeeper] com.zaxxer.hikari.pool.HikariPool        : ConnDb-Santa_Cruz - Fill pool skipped, pool is at sufficient level.
2026-03-27 18:20:07.604 DEBUG 15316 --- [l-1 housekeeper] com.zaxxer.hikari.pool.HikariPool        : HikariPool-1 - keepalive: connection ConnectionID:8 ClientConnectionId: 9719c9bf-1b3c-4168-9a4e-92b77b4eba6d is alive
2026-03-27 18:20:12.464 DEBUG 15316 --- [l-1 housekeeper] com.zaxxer.hikari.pool.HikariPool        : HikariPool-1 - keepalive: connection ConnectionID:7 ClientConnectionId: dc8b45ff-7285-4272-9813-9413231633d7 is alive
2026-03-27 18:20:15.109 DEBUG 15316 --- [ool housekeeper] com.zaxxer.hikari.pool.HikariPool        : CentralHikariPool - Before cleanup stats (total=1, active=0, idle=1, waiting=0)
2026-03-27 18:20:15.185 DEBUG 15316 --- [ool housekeeper] com.zaxxer.hikari.pool.HikariPool        : CentralHikariPool - After cleanup  stats (total=1, active=0, idle=1, waiting=0)
2026-03-27 18:20:15.186 DEBUG 15316 --- [ool housekeeper] com.zaxxer.hikari.pool.HikariPool        : CentralHikariPool - Fill pool skipped, pool is at sufficient level.
2026-03-27 18:20:22.847 DEBUG 15316 --- [l-1 housekeeper] com.zaxxer.hikari.pool.HikariPool        : HikariPool-1 - Before cleanup stats (total=3, active=0, idle=3, waiting=0)
2026-03-27 18:20:22.847 DEBUG 15316 --- [l-1 housekeeper] com.zaxxer.hikari.pool.HikariPool        : HikariPool-1 - After cleanup  stats (total=3, active=0, idle=3, waiting=0)
2026-03-27 18:20:22.848 DEBUG 15316 --- [l-1 housekeeper] com.zaxxer.hikari.pool.HikariPool        : HikariPool-1 - Fill pool skipped, pool is at sufficient level.
2026-03-27 18:20:32.577 DEBUG 15316 --- [ruz housekeeper] com.zaxxer.hikari.pool.HikariPool        : ConnDb-Santa_Cruz - Before cleanup stats (total=0, active=0, idle=0, waiting=0)
2026-03-27 18:20:32.577 DEBUG 15316 --- [ruz housekeeper] com.zaxxer.hikari.pool.HikariPool        : ConnDb-Santa_Cruz - After cleanup  stats (total=0, active=0, idle=0, waiting=0)
2026-03-27 18:20:32.579 DEBUG 15316 --- [ruz housekeeper] com.zaxxer.hikari.pool.HikariPool        : ConnDb-Santa_Cruz - Fill pool skipped, pool is at sufficient level.
2026-03-27 18:20:45.189 DEBUG 15316 --- [ool housekeeper] com.zaxxer.hikari.pool.HikariPool        : CentralHikariPool - Before cleanup stats (total=1, active=0, idle=1, waiting=0)
2026-03-27 18:20:45.190 DEBUG 15316 --- [ool housekeeper] com.zaxxer.hikari.pool.HikariPool        : CentralHikariPool - After cleanup  stats (total=1, active=0, idle=1, waiting=0)
2026-03-27 18:20:45.190 DEBUG 15316 --- [ool housekeeper] com.zaxxer.hikari.pool.HikariPool        : CentralHikariPool - Fill pool skipped, pool is at sufficient level.
2026-03-27 18:20:52.862 DEBUG 15316 --- [l-1 housekeeper] com.zaxxer.hikari.pool.HikariPool        : HikariPool-1 - Before cleanup stats (total=3, active=0, idle=3, waiting=0)
2026-03-27 18:20:52.862 DEBUG 15316 --- [l-1 housekeeper] com.zaxxer.hikari.pool.HikariPool        : HikariPool-1 - After cleanup  stats (total=3, active=0, idle=3, waiting=0)
2026-03-27 18:20:52.863 DEBUG 15316 --- [l-1 housekeeper] com.zaxxer.hikari.pool.HikariPool        : HikariPool-1 - Fill pool skipped, pool is at sufficient level.
2026-03-27 18:20:54.644 DEBUG 15316 --- [l-1 housekeeper] com.zaxxer.hikari.pool.HikariPool        : HikariPool-1 - keepalive: connection ConnectionID:10 ClientConnectionId: fe5209d0-777e-454f-954c-37fda7153293 is alive
2026-03-27 18:21:02.596 DEBUG 15316 --- [ruz housekeeper] com.zaxxer.hikari.pool.HikariPool        : ConnDb-Santa_Cruz - Before cleanup stats (total=0, active=0, idle=0, waiting=0)
2026-03-27 18:21:02.596 DEBUG 15316 --- [ruz housekeeper] com.zaxxer.hikari.pool.HikariPool        : ConnDb-Santa_Cruz - After cleanup  stats (total=0, active=0, idle=0, waiting=0)
2026-03-27 18:21:02.597 DEBUG 15316 --- [ruz housekeeper] com.zaxxer.hikari.pool.HikariPool        : ConnDb-Santa_Cruz - Fill pool skipped, pool is at sufficient level.
2026-03-27 18:21:09.021 DEBUG 15316 --- [ool housekeeper] com.zaxxer.hikari.pool.HikariPool        : CentralHikariPool - keepalive: connection ConnectionID:9 ClientConnectionId: d3b7be3b-bb8e-4406-9328-c70f68105055 is alive
2026-03-27 18:21:15.204 DEBUG 15316 --- [ool housekeeper] com.zaxxer.hikari.pool.HikariPool        : CentralHikariPool - Before cleanup stats (total=1, active=0, idle=1, waiting=0)
2026-03-27 18:21:15.204 DEBUG 15316 --- [ool housekeeper] com.zaxxer.hikari.pool.HikariPool        : CentralHikariPool - After cleanup  stats (total=1, active=0, idle=1, waiting=0)
2026-03-27 18:21:15.205 DEBUG 15316 --- [ool housekeeper] com.zaxxer.hikari.pool.HikariPool        : CentralHikariPool - Fill pool skipped, pool is at sufficient level.
2026-03-27 18:21:22.865 DEBUG 15316 --- [l-1 housekeeper] com.zaxxer.hikari.pool.HikariPool        : HikariPool-1 - Before cleanup stats (total=3, active=0, idle=3, waiting=0)
2026-03-27 18:21:22.866 DEBUG 15316 --- [l-1 housekeeper] com.zaxxer.hikari.pool.HikariPool        : HikariPool-1 - After cleanup  stats (total=3, active=0, idle=3, waiting=0)
2026-03-27 18:21:22.867 DEBUG 15316 --- [l-1 housekeeper] com.zaxxer.hikari.pool.HikariPool        : HikariPool-1 - Fill pool skipped, pool is at sufficient level.
2026-03-27 18:21:32.604 DEBUG 15316 --- [ruz housekeeper] com.zaxxer.hikari.pool.HikariPool        : ConnDb-Santa_Cruz - Before cleanup stats (total=0, active=0, idle=0, waiting=0)
2026-03-27 18:21:32.605 DEBUG 15316 --- [ruz housekeeper] com.zaxxer.hikari.pool.HikariPool        : ConnDb-Santa_Cruz - After cleanup  stats (total=0, active=0, idle=0, waiting=0)
2026-03-27 18:21:32.605 DEBUG 15316 --- [ruz housekeeper] com.zaxxer.hikari.pool.HikariPool        : ConnDb-Santa_Cruz - Fill pool skipped, pool is at sufficient level.
2026-03-27 18:21:45.214 DEBUG 15316 --- [ool housekeeper] com.zaxxer.hikari.pool.HikariPool        : CentralHikariPool - Before cleanup stats (total=1, active=0, idle=1, waiting=0)
2026-03-27 18:21:45.214 DEBUG 15316 --- [ool housekeeper] com.zaxxer.hikari.pool.HikariPool        : CentralHikariPool - After cleanup  stats (total=1, active=0, idle=1, waiting=0)
2026-03-27 18:21:45.215 DEBUG 15316 --- [ool housekeeper] com.zaxxer.hikari.pool.HikariPool        : CentralHikariPool - Fill pool skipped, pool is at sufficient level.
2026-03-27 18:21:52.871 DEBUG 15316 --- [l-1 housekeeper] com.zaxxer.hikari.pool.HikariPool        : HikariPool-1 - Before cleanup stats (total=3, active=0, idle=3, waiting=0)
2026-03-27 18:21:52.872 DEBUG 15316 --- [l-1 housekeeper] com.zaxxer.hikari.pool.HikariPool        : HikariPool-1 - After cleanup  stats (total=3, active=0, idle=3, waiting=0)
2026-03-27 18:21:52.872 DEBUG 15316 --- [l-1 housekeeper] com.zaxxer.hikari.pool.HikariPool        : HikariPool-1 - Fill pool skipped, pool is at sufficient level.
2026-03-27 18:21:59.115 DEBUG 15316 --- [l-1 housekeeper] com.zaxxer.hikari.pool.HikariPool        : HikariPool-1 - keepalive: connection ConnectionID:8 ClientConnectionId: 9719c9bf-1b3c-4168-9a4e-92b77b4eba6d is alive
2026-03-27 18:22:02.615 DEBUG 15316 --- [ruz housekeeper] com.zaxxer.hikari.pool.HikariPool        : ConnDb-Santa_Cruz - Before cleanup stats (total=0, active=0, idle=0, waiting=0)
2026-03-27 18:22:02.615 DEBUG 15316 --- [ruz housekeeper] com.zaxxer.hikari.pool.HikariPool        : ConnDb-Santa_Cruz - After cleanup  stats (total=0, active=0, idle=0, waiting=0)
2026-03-27 18:22:02.616 DEBUG 15316 --- [ruz housekeeper] com.zaxxer.hikari.pool.HikariPool        : ConnDb-Santa_Cruz - Fill pool skipped, pool is at sufficient level.
2026-03-27 18:22:06.418 DEBUG 15316 --- [l-1 housekeeper] com.zaxxer.hikari.pool.HikariPool        : HikariPool-1 - keepalive: connection ConnectionID:7 ClientConnectionId: dc8b45ff-7285-4272-9813-9413231633d7 is alive
2026-03-27 18:22:15.227 DEBUG 15316 --- [ool housekeeper] com.zaxxer.hikari.pool.HikariPool        : CentralHikariPool - Before cleanup stats (total=1, active=0, idle=1, waiting=0)
2026-03-27 18:22:15.228 DEBUG 15316 --- [ool housekeeper] com.zaxxer.hikari.pool.HikariPool        : CentralHikariPool - After cleanup  stats (total=0, active=0, idle=0, waiting=0)
2026-03-27 18:22:15.228 DEBUG 15316 --- [ool housekeeper] com.zaxxer.hikari.pool.HikariPool        : CentralHikariPool - Fill pool skipped, pool is at sufficient level.
2026-03-27 18:22:15.228 DEBUG 15316 --- [nnection closer] com.zaxxer.hikari.pool.PoolBase          : CentralHikariPool - Closing connection ConnectionID:9 ClientConnectionId: d3b7be3b-bb8e-4406-9328-c70f68105055: (connection has passed idleTimeout)
2026-03-27 18:22:15.229 DEBUG 15316 --- [nnection closer] com.zaxxer.hikari.pool.HikariPool        : CentralHikariPool - Fill pool skipped, pool is at sufficient level.
2026-03-27 18:22:22.886 DEBUG 15316 --- [l-1 housekeeper] com.zaxxer.hikari.pool.HikariPool        : HikariPool-1 - Before cleanup stats (total=3, active=0, idle=3, waiting=0)
2026-03-27 18:22:22.887 DEBUG 15316 --- [l-1 housekeeper] com.zaxxer.hikari.pool.HikariPool        : HikariPool-1 - After cleanup  stats (total=0, active=0, idle=0, waiting=0)
2026-03-27 18:22:22.887 DEBUG 15316 --- [l-1 housekeeper] com.zaxxer.hikari.pool.HikariPool        : HikariPool-1 - Fill pool skipped, pool is at sufficient level.
2026-03-27 18:22:22.887 DEBUG 15316 --- [nnection closer] com.zaxxer.hikari.pool.PoolBase          : HikariPool-1 - Closing connection ConnectionID:10 ClientConnectionId: fe5209d0-777e-454f-954c-37fda7153293: (connection has passed idleTimeout)
2026-03-27 18:22:22.888 DEBUG 15316 --- [nnection closer] com.zaxxer.hikari.pool.HikariPool        : HikariPool-1 - Fill pool skipped, pool is at sufficient level.
2026-03-27 18:22:22.889 DEBUG 15316 --- [nnection closer] com.zaxxer.hikari.pool.PoolBase          : HikariPool-1 - Closing connection ConnectionID:8 ClientConnectionId: 9719c9bf-1b3c-4168-9a4e-92b77b4eba6d: (connection has passed idleTimeout)
2026-03-27 18:22:22.890 DEBUG 15316 --- [nnection closer] com.zaxxer.hikari.pool.HikariPool        : HikariPool-1 - Fill pool skipped, pool is at sufficient level.
2026-03-27 18:22:22.890 DEBUG 15316 --- [nnection closer] com.zaxxer.hikari.pool.PoolBase          : HikariPool-1 - Closing connection ConnectionID:7 ClientConnectionId: dc8b45ff-7285-4272-9813-9413231633d7: (connection has passed idleTimeout)
2026-03-27 18:22:22.891 DEBUG 15316 --- [nnection closer] com.zaxxer.hikari.pool.HikariPool        : HikariPool-1 - Fill pool skipped, pool is at sufficient level.
2026-03-27 18:22:32.622 DEBUG 15316 --- [ruz housekeeper] com.zaxxer.hikari.pool.HikariPool        : ConnDb-Santa_Cruz - Before cleanup stats (total=0, active=0, idle=0, waiting=0)
2026-03-27 18:22:32.622 DEBUG 15316 --- [ruz housekeeper] com.zaxxer.hikari.pool.HikariPool        : ConnDb-Santa_Cruz - After cleanup  stats (total=0, active=0, idle=0, waiting=0)
2026-03-27 18:22:32.623 DEBUG 15316 --- [ruz housekeeper] com.zaxxer.hikari.pool.HikariPool        : ConnDb-Santa_Cruz - Fill pool skipped, pool is at sufficient level.
2026-03-27 18:22:45.241 DEBUG 15316 --- [ool housekeeper] com.zaxxer.hikari.pool.HikariPool        : CentralHikariPool - Before cleanup stats (total=0, active=0, idle=0, waiting=0)
2026-03-27 18:22:45.242 DEBUG 15316 --- [ool housekeeper] com.zaxxer.hikari.pool.HikariPool        : CentralHikariPool - After cleanup  stats (total=0, active=0, idle=0, waiting=0)
2026-03-27 18:22:45.242 DEBUG 15316 --- [ool housekeeper] com.zaxxer.hikari.pool.HikariPool        : CentralHikariPool - Fill pool skipped, pool is at sufficient level.
2026-03-27 18:22:52.901 DEBUG 15316 --- [l-1 housekeeper] com.zaxxer.hikari.pool.HikariPool        : HikariPool-1 - Before cleanup stats (total=0, active=0, idle=0, waiting=0)
2026-03-27 18:22:52.901 DEBUG 15316 --- [l-1 housekeeper] com.zaxxer.hikari.pool.HikariPool        : HikariPool-1 - After cleanup  stats (total=0, active=0, idle=0, waiting=0)
2026-03-27 18:22:52.902 DEBUG 15316 --- [l-1 housekeeper] com.zaxxer.hikari.pool.HikariPool        : HikariPool-1 - Fill pool skipped, pool is at sufficient level.
2026-03-27 18:23:02.636 DEBUG 15316 --- [ruz housekeeper] com.zaxxer.hikari.pool.HikariPool        : ConnDb-Santa_Cruz - Before cleanup stats (total=0, active=0, idle=0, waiting=0)
2026-03-27 18:23:02.706 DEBUG 15316 --- [ruz housekeeper] com.zaxxer.hikari.pool.HikariPool        : ConnDb-Santa_Cruz - After cleanup  stats (total=0, active=0, idle=0, waiting=0)
2026-03-27 18:23:02.707 DEBUG 15316 --- [ruz housekeeper] com.zaxxer.hikari.pool.HikariPool        : ConnDb-Santa_Cruz - Fill pool skipped, pool is at sufficient level.
2026-03-27 18:23:15.246 DEBUG 15316 --- [ool housekeeper] com.zaxxer.hikari.pool.HikariPool        : CentralHikariPool - Before cleanup stats (total=0, active=0, idle=0, waiting=0)
2026-03-27 18:23:15.247 DEBUG 15316 --- [ool housekeeper] com.zaxxer.hikari.pool.HikariPool        : CentralHikariPool - After cleanup  stats (total=0, active=0, idle=0, waiting=0)
2026-03-27 18:23:15.247 DEBUG 15316 --- [ool housekeeper] com.zaxxer.hikari.pool.HikariPool        : CentralHikariPool - Fill pool skipped, pool is at sufficient level.
2026-03-27 18:23:22.912 DEBUG 15316 --- [l-1 housekeeper] com.zaxxer.hikari.pool.HikariPool        : HikariPool-1 - Before cleanup stats (total=0, active=0, idle=0, waiting=0)
2026-03-27 18:23:22.913 DEBUG 15316 --- [l-1 housekeeper] com.zaxxer.hikari.pool.HikariPool        : HikariPool-1 - After cleanup  stats (total=0, active=0, idle=0, waiting=0)
2026-03-27 18:23:22.913 DEBUG 15316 --- [l-1 housekeeper] com.zaxxer.hikari.pool.HikariPool        : HikariPool-1 - Fill pool skipped, pool is at sufficient level.
2026-03-27 18:23:32.777 DEBUG 15316 --- [ruz housekeeper] com.zaxxer.hikari.pool.HikariPool        : ConnDb-Santa_Cruz - Before cleanup stats (total=0, active=0, idle=0, waiting=0)
2026-03-27 18:23:32.778 DEBUG 15316 --- [ruz housekeeper] com.zaxxer.hikari.pool.HikariPool        : ConnDb-Santa_Cruz - After cleanup  stats (total=0, active=0, idle=0, waiting=0)
2026-03-27 18:23:32.779 DEBUG 15316 --- [ruz housekeeper] com.zaxxer.hikari.pool.HikariPool        : ConnDb-Santa_Cruz - Fill pool skipped, pool is at sufficient level.
2026-03-27 18:23:45.256 DEBUG 15316 --- [ool housekeeper] com.zaxxer.hikari.pool.HikariPool        : CentralHikariPool - Before cleanup stats (total=0, active=0, idle=0, waiting=0)
2026-03-27 18:23:45.256 DEBUG 15316 --- [ool housekeeper] com.zaxxer.hikari.pool.HikariPool        : CentralHikariPool - After cleanup  stats (total=0, active=0, idle=0, waiting=0)
2026-03-27 18:23:45.257 DEBUG 15316 --- [ool housekeeper] com.zaxxer.hikari.pool.HikariPool        : CentralHikariPool - Fill pool skipped, pool is at sufficient level.
2026-03-27 18:23:52.922 DEBUG 15316 --- [l-1 housekeeper] com.zaxxer.hikari.pool.HikariPool        : HikariPool-1 - Before cleanup stats (total=0, active=0, idle=0, waiting=0)
2026-03-27 18:23:52.923 DEBUG 15316 --- [l-1 housekeeper] com.zaxxer.hikari.pool.HikariPool        : HikariPool-1 - After cleanup  stats (total=0, active=0, idle=0, waiting=0)
2026-03-27 18:23:52.923 DEBUG 15316 --- [l-1 housekeeper] com.zaxxer.hikari.pool.HikariPool        : HikariPool-1 - Fill pool skipped, pool is at sufficient level.
2026-03-27 18:24:02.791 DEBUG 15316 --- [ruz housekeeper] com.zaxxer.hikari.pool.HikariPool        : ConnDb-Santa_Cruz - Before cleanup stats (total=0, active=0, idle=0, waiting=0)
2026-03-27 18:24:02.794 DEBUG 15316 --- [ruz housekeeper] com.zaxxer.hikari.pool.HikariPool        : ConnDb-Santa_Cruz - After cleanup  stats (total=0, active=0, idle=0, waiting=0)
2026-03-27 18:24:02.795 DEBUG 15316 --- [ruz housekeeper] com.zaxxer.hikari.pool.HikariPool        : ConnDb-Santa_Cruz - Fill pool skipped, pool is at sufficient level.
2026-03-27 18:24:15.264 DEBUG 15316 --- [ool housekeeper] com.zaxxer.hikari.pool.HikariPool        : CentralHikariPool - Before cleanup stats (total=0, active=0, idle=0, waiting=0)
2026-03-27 18:24:15.265 DEBUG 15316 --- [ool housekeeper] com.zaxxer.hikari.pool.HikariPool        : CentralHikariPool - After cleanup  stats (total=0, active=0, idle=0, waiting=0)
2026-03-27 18:24:15.266 DEBUG 15316 --- [ool housekeeper] com.zaxxer.hikari.pool.HikariPool        : CentralHikariPool - Fill pool skipped, pool is at sufficient level.
2026-03-27 18:24:22.934 DEBUG 15316 --- [l-1 housekeeper] com.zaxxer.hikari.pool.HikariPool        : HikariPool-1 - Before cleanup stats (total=0, active=0, idle=0, waiting=0)
2026-03-27 18:24:22.935 DEBUG 15316 --- [l-1 housekeeper] com.zaxxer.hikari.pool.HikariPool        : HikariPool-1 - After cleanup  stats (total=0, active=0, idle=0, waiting=0)
2026-03-27 18:24:22.945 DEBUG 15316 --- [l-1 housekeeper] com.zaxxer.hikari.pool.HikariPool        : HikariPool-1 - Fill pool skipped, pool is at sufficient level.
2026-03-27 18:24:32.801 DEBUG 15316 --- [ruz housekeeper] com.zaxxer.hikari.pool.HikariPool        : ConnDb-Santa_Cruz - Before cleanup stats (total=0, active=0, idle=0, waiting=0)
2026-03-27 18:24:32.802 DEBUG 15316 --- [ruz housekeeper] com.zaxxer.hikari.pool.HikariPool        : ConnDb-Santa_Cruz - After cleanup  stats (total=0, active=0, idle=0, waiting=0)
2026-03-27 18:24:32.803 DEBUG 15316 --- [ruz housekeeper] com.zaxxer.hikari.pool.HikariPool        : ConnDb-Santa_Cruz - Fill pool skipped, pool is at sufficient level.
2026-03-27 18:24:45.277 DEBUG 15316 --- [ool housekeeper] com.zaxxer.hikari.pool.HikariPool        : CentralHikariPool - Before cleanup stats (total=0, active=0, idle=0, waiting=0)
2026-03-27 18:24:45.441 DEBUG 15316 --- [ool housekeeper] com.zaxxer.hikari.pool.HikariPool        : CentralHikariPool - After cleanup  stats (total=0, active=0, idle=0, waiting=0)
2026-03-27 18:24:45.503 DEBUG 15316 --- [ool housekeeper] com.zaxxer.hikari.pool.HikariPool        : CentralHikariPool - Fill pool skipped, pool is at sufficient level.
2026-03-27 18:24:52.957 DEBUG 15316 --- [l-1 housekeeper] com.zaxxer.hikari.pool.HikariPool        : HikariPool-1 - Before cleanup stats (total=0, active=0, idle=0, waiting=0)
2026-03-27 18:24:52.958 DEBUG 15316 --- [l-1 housekeeper] com.zaxxer.hikari.pool.HikariPool        : HikariPool-1 - After cleanup  stats (total=0, active=0, idle=0, waiting=0)
2026-03-27 18:24:52.958 DEBUG 15316 --- [l-1 housekeeper] com.zaxxer.hikari.pool.HikariPool        : HikariPool-1 - Fill pool skipped, pool is at sufficient level.
2026-03-27 18:25:02.810 DEBUG 15316 --- [ruz housekeeper] com.zaxxer.hikari.pool.HikariPool        : ConnDb-Santa_Cruz - Before cleanup stats (total=0, active=0, idle=0, waiting=0)
2026-03-27 18:25:02.822 DEBUG 15316 --- [ruz housekeeper] com.zaxxer.hikari.pool.HikariPool        : ConnDb-Santa_Cruz - After cleanup  stats (total=0, active=0, idle=0, waiting=0)
2026-03-27 18:25:02.823 DEBUG 15316 --- [ruz housekeeper] com.zaxxer.hikari.pool.HikariPool        : ConnDb-Santa_Cruz - Fill pool skipped, pool is at sufficient level.
2026-03-27 18:25:06.669 DEBUG 15316 --- [nio-8089-exec-2] o.s.web.servlet.DispatcherServlet        : POST "/ot/spx_RegistrarVentaParaRegistroOTwb", parameters={}
2026-03-27 18:25:06.671 DEBUG 15316 --- [nio-8089-exec-2] .m.m.a.ExceptionHandlerExceptionResolver : Using @ExceptionHandler com.example.TigoStarSystem.common.GlobalExceptionHandler#handleGeneric(Exception, HttpServletRequest)
2026-03-27 18:25:06.672 ERROR 15316 --- [nio-8089-exec-2] c.e.T.common.GlobalExceptionHandler      : Unhandled error on POST /ot/spx_RegistrarVentaParaRegistroOTwb

org.springframework.web.HttpRequestMethodNotSupportedException: Request method 'POST' not supported
	at org.springframework.web.servlet.mvc.method.RequestMappingInfoHandlerMapping.handleNoMatch(RequestMappingInfoHandlerMapping.java:260) ~[spring-webmvc-5.3.31.jar:5.3.31]
	at org.springframework.web.servlet.handler.AbstractHandlerMethodMapping.lookupHandlerMethod(AbstractHandlerMethodMapping.java:442) ~[spring-webmvc-5.3.31.jar:5.3.31]
	at org.springframework.web.servlet.handler.AbstractHandlerMethodMapping.getHandlerInternal(AbstractHandlerMethodMapping.java:383) ~[spring-webmvc-5.3.31.jar:5.3.31]
	at org.springframework.web.servlet.mvc.method.RequestMappingInfoHandlerMapping.getHandlerInternal(RequestMappingInfoHandlerMapping.java:125) ~[spring-webmvc-5.3.31.jar:5.3.31]
	at org.springframework.web.servlet.mvc.method.RequestMappingInfoHandlerMapping.getHandlerInternal(RequestMappingInfoHandlerMapping.java:67) ~[spring-webmvc-5.3.31.jar:5.3.31]
	at org.springframework.web.servlet.handler.AbstractHandlerMapping.getHandler(AbstractHandlerMapping.java:498) ~[spring-webmvc-5.3.31.jar:5.3.31]
	at org.springframework.web.servlet.DispatcherServlet.getHandler(DispatcherServlet.java:1266) ~[spring-webmvc-5.3.31.jar:5.3.31]
	at org.springframework.web.servlet.DispatcherServlet.doDispatch(DispatcherServlet.java:1048) ~[spring-webmvc-5.3.31.jar:5.3.31]
	at org.springframework.web.servlet.DispatcherServlet.doService(DispatcherServlet.java:965) ~[spring-webmvc-5.3.31.jar:5.3.31]
	at org.springframework.web.servlet.FrameworkServlet.processRequest(FrameworkServlet.java:1006) [spring-webmvc-5.3.31.jar:5.3.31]
	at org.springframework.web.servlet.FrameworkServlet.doPost(FrameworkServlet.java:909) [spring-webmvc-5.3.31.jar:5.3.31]
	at javax.servlet.http.HttpServlet.service(HttpServlet.java:555) [tomcat-embed-core-9.0.83.jar:4.0.FR]
	at org.springframework.web.servlet.FrameworkServlet.service(FrameworkServlet.java:883) [spring-webmvc-5.3.31.jar:5.3.31]
	at javax.servlet.http.HttpServlet.service(HttpServlet.java:623) [tomcat-embed-core-9.0.83.jar:4.0.FR]
	at org.apache.catalina.core.ApplicationFilterChain.internalDoFilter(ApplicationFilterChain.java:209) [tomcat-embed-core-9.0.83.jar:9.0.83]
	at org.apache.catalina.core.ApplicationFilterChain.doFilter(ApplicationFilterChain.java:153) [tomcat-embed-core-9.0.83.jar:9.0.83]
	at org.apache.tomcat.websocket.server.WsFilter.doFilter(WsFilter.java:51) [tomcat-embed-websocket-9.0.83.jar:9.0.83]
	at org.apache.catalina.core.ApplicationFilterChain.internalDoFilter(ApplicationFilterChain.java:178) [tomcat-embed-core-9.0.83.jar:9.0.83]
	at org.apache.catalina.core.ApplicationFilterChain.doFilter(ApplicationFilterChain.java:153) [tomcat-embed-core-9.0.83.jar:9.0.83]
	at org.springframework.web.filter.RequestContextFilter.doFilterInternal(RequestContextFilter.java:100) [spring-web-5.3.31.jar:5.3.31]
	at org.springframework.web.filter.OncePerRequestFilter.doFilter(OncePerRequestFilter.java:117) [spring-web-5.3.31.jar:5.3.31]
	at org.apache.catalina.core.ApplicationFilterChain.internalDoFilter(ApplicationFilterChain.java:178) [tomcat-embed-core-9.0.83.jar:9.0.83]
	at org.apache.catalina.core.ApplicationFilterChain.doFilter(ApplicationFilterChain.java:153) [tomcat-embed-core-9.0.83.jar:9.0.83]
	at org.springframework.web.filter.FormContentFilter.doFilterInternal(FormContentFilter.java:93) [spring-web-5.3.31.jar:5.3.31]
	at org.springframework.web.filter.OncePerRequestFilter.doFilter(OncePerRequestFilter.java:117) [spring-web-5.3.31.jar:5.3.31]
	at org.apache.catalina.core.ApplicationFilterChain.internalDoFilter(ApplicationFilterChain.java:178) [tomcat-embed-core-9.0.83.jar:9.0.83]
	at org.apache.catalina.core.ApplicationFilterChain.doFilter(ApplicationFilterChain.java:153) [tomcat-embed-core-9.0.83.jar:9.0.83]
	at org.springframework.web.filter.CharacterEncodingFilter.doFilterInternal(CharacterEncodingFilter.java:201) [spring-web-5.3.31.jar:5.3.31]
	at org.springframework.web.filter.OncePerRequestFilter.doFilter(OncePerRequestFilter.java:117) [spring-web-5.3.31.jar:5.3.31]
	at org.apache.catalina.core.ApplicationFilterChain.internalDoFilter(ApplicationFilterChain.java:178) [tomcat-embed-core-9.0.83.jar:9.0.83]
	at org.apache.catalina.core.ApplicationFilterChain.doFilter(ApplicationFilterChain.java:153) [tomcat-embed-core-9.0.83.jar:9.0.83]
	at org.springframework.web.filter.CorsFilter.doFilterInternal(CorsFilter.java:91) [spring-web-5.3.31.jar:5.3.31]
	at org.springframework.web.filter.OncePerRequestFilter.doFilter(OncePerRequestFilter.java:117) [spring-web-5.3.31.jar:5.3.31]
	at org.apache.catalina.core.ApplicationFilterChain.internalDoFilter(ApplicationFilterChain.java:178) [tomcat-embed-core-9.0.83.jar:9.0.83]
	at org.apache.catalina.core.ApplicationFilterChain.doFilter(ApplicationFilterChain.java:153) [tomcat-embed-core-9.0.83.jar:9.0.83]
	at org.apache.catalina.core.StandardWrapperValve.invoke(StandardWrapperValve.java:168) [tomcat-embed-core-9.0.83.jar:9.0.83]
	at org.apache.catalina.core.StandardContextValve.invoke(StandardContextValve.java:90) [tomcat-embed-core-9.0.83.jar:9.0.83]
	at org.apache.catalina.authenticator.AuthenticatorBase.invoke(AuthenticatorBase.java:481) [tomcat-embed-core-9.0.83.jar:9.0.83]
	at org.apache.catalina.core.StandardHostValve.invoke(StandardHostValve.java:130) [tomcat-embed-core-9.0.83.jar:9.0.83]
	at org.apache.catalina.valves.ErrorReportValve.invoke(ErrorReportValve.java:93) [tomcat-embed-core-9.0.83.jar:9.0.83]
	at org.apache.catalina.core.StandardEngineValve.invoke(StandardEngineValve.java:74) [tomcat-embed-core-9.0.83.jar:9.0.83]
	at org.apache.catalina.connector.CoyoteAdapter.service(CoyoteAdapter.java:342) [tomcat-embed-core-9.0.83.jar:9.0.83]
	at org.apache.coyote.http11.Http11Processor.service(Http11Processor.java:390) [tomcat-embed-core-9.0.83.jar:9.0.83]
	at org.apache.coyote.AbstractProcessorLight.process(AbstractProcessorLight.java:63) [tomcat-embed-core-9.0.83.jar:9.0.83]
	at org.apache.coyote.AbstractProtocol$ConnectionHandler.process(AbstractProtocol.java:928) [tomcat-embed-core-9.0.83.jar:9.0.83]
	at org.apache.tomcat.util.net.NioEndpoint$SocketProcessor.doRun(NioEndpoint.java:1794) [tomcat-embed-core-9.0.83.jar:9.0.83]
	at org.apache.tomcat.util.net.SocketProcessorBase.run(SocketProcessorBase.java:52) [tomcat-embed-core-9.0.83.jar:9.0.83]
	at org.apache.tomcat.util.threads.ThreadPoolExecutor.runWorker(ThreadPoolExecutor.java:1191) [tomcat-embed-core-9.0.83.jar:9.0.83]
	at org.apache.tomcat.util.threads.ThreadPoolExecutor$Worker.run(ThreadPoolExecutor.java:659) [tomcat-embed-core-9.0.83.jar:9.0.83]
	at org.apache.tomcat.util.threads.TaskThread$WrappingRunnable.run(TaskThread.java:61) [tomcat-embed-core-9.0.83.jar:9.0.83]
	at java.lang.Thread.run(Thread.java:750) [na:1.8.0_471]

2026-03-27 18:25:06.673 DEBUG 15316 --- [nio-8089-exec-2] o.s.w.s.m.m.a.HttpEntityMethodProcessor  : Using 'application/json', given [*/*] and supported [application/json, application/*+json, application/json, application/*+json]
2026-03-27 18:25:06.673 DEBUG 15316 --- [nio-8089-exec-2] o.s.w.s.m.m.a.HttpEntityMethodProcessor  : Writing [com.example.TigoStarSystem.common.ApiError@2197d945]
2026-03-27 18:25:06.674 DEBUG 15316 --- [nio-8089-exec-2] .m.m.a.ExceptionHandlerExceptionResolver : Resolved [org.springframework.web.HttpRequestMethodNotSupportedException: Request method 'POST' not supported]
2026-03-27 18:25:06.675 DEBUG 15316 --- [nio-8089-exec-2] o.s.web.servlet.DispatcherServlet        : Completed 500 INTERNAL_SERVER_ERROR
2026-03-27 18:25:15.510 DEBUG 15316 --- [ool housekeeper] com.zaxxer.hikari.pool.HikariPool        : CentralHikariPool - Before cleanup stats (total=0, active=0, idle=0, waiting=0)
2026-03-27 18:25:15.511 DEBUG 15316 --- [ool housekeeper] com.zaxxer.hikari.pool.HikariPool        : CentralHikariPool - After cleanup  stats (total=0, active=0, idle=0, waiting=0)
2026-03-27 18:25:15.512 DEBUG 15316 --- [ool housekeeper] com.zaxxer.hikari.pool.HikariPool        : CentralHikariPool - Fill pool skipped, pool is at sufficient level.
2026-03-27 18:25:22.962 DEBUG 15316 --- [l-1 housekeeper] com.zaxxer.hikari.pool.HikariPool        : HikariPool-1 - Before cleanup stats (total=0, active=0, idle=0, waiting=0)
2026-03-27 18:25:22.963 DEBUG 15316 --- [l-1 housekeeper] com.zaxxer.hikari.pool.HikariPool        : HikariPool-1 - After cleanup  stats (total=0, active=0, idle=0, waiting=0)
2026-03-27 18:25:22.964 DEBUG 15316 --- [l-1 housekeeper] com.zaxxer.hikari.pool.HikariPool        : HikariPool-1 - Fill pool skipped, pool is at sufficient level.
[ERROR] Failed to execute goal org.springframework.boot:spring-boot-maven-plugin:2.7.18:run (default-cli) on project TigoStarSystem: Application finished with exit code: -1 -> [Help 1]
[ERROR] 
[ERROR] To see the full stack trace of the errors, re-run Maven with the -e switch.
[ERROR] Re-run Maven using the -X switch to enable full debug logging.
[ERROR] 
[ERROR] For more information about the errors and possible solutions, please read the following articles:
[ERROR] [Help 1] http://cwiki.apache.org/confluence/display/MAVEN/MojoExecutionException
