
  .   ____          _            __ _ _
 /\\ / ___'_ __ _ _(_)_ __  __ _ \ \ \ \
( ( )\___ | '_ | '_| | '_ \/ _` | \ \ \ \
 \\/  ___)| |_)| | | | | || (_| |  ) ) ) )
  '  |____| .__|_| |_|_| |_\__, | / / / /
 =========|_|==============|___/=/_/_/_/
 :: Spring Boot ::               (v2.7.18)

2026-03-27 18:25:37.600  INFO 22644 --- [           main] c.e.T.TigoStarSystemApplication          : Starting TigoStarSystemApplication using Java 1.8.0_471 on DESKTOP-B4OJ8TG with PID 22644 (D:\Nueva carpeta (4)\version3\BackMakiro-backV3\target\classes started by Stefania in D:\Nueva carpeta (4)\version3\BackMakiro-backV3)
2026-03-27 18:25:37.768 DEBUG 22644 --- [           main] c.e.T.TigoStarSystemApplication          : Running with Spring Boot v2.7.18, Spring v5.3.31
2026-03-27 18:25:37.980  INFO 22644 --- [           main] c.e.T.TigoStarSystemApplication          : No active profile set, falling back to 1 default profile: "default"
2026-03-27 18:25:37.992 DEBUG 22644 --- [           main] o.s.boot.SpringApplication               : Loading source class com.example.TigoStarSystem.TigoStarSystemApplication
2026-03-27 18:25:38.029 DEBUG 22644 --- [           main] ConfigServletWebServerApplicationContext : Refreshing org.springframework.boot.web.servlet.context.AnnotationConfigServletWebServerApplicationContext@4e07b95f
2026-03-27 18:25:39.100 DEBUG 22644 --- [           main] .s.b.w.e.t.TomcatServletWebServerFactory : Code archive: C:\Users\Stefania\.m2\repository\org\springframework\boot\spring-boot\2.7.18\spring-boot-2.7.18.jar
2026-03-27 18:25:39.381 DEBUG 22644 --- [           main] .s.b.w.e.t.TomcatServletWebServerFactory : Code archive: C:\Users\Stefania\.m2\repository\org\springframework\boot\spring-boot\2.7.18\spring-boot-2.7.18.jar
2026-03-27 18:25:39.482 DEBUG 22644 --- [           main] .s.b.w.e.t.TomcatServletWebServerFactory : None of the document roots [src/main/webapp, public, static] point to a directory and will be ignored.
2026-03-27 18:25:39.644  INFO 22644 --- [           main] o.s.b.w.embedded.tomcat.TomcatWebServer  : Tomcat initialized with port(s): 8089 (http)
2026-03-27 18:25:39.748  INFO 22644 --- [           main] o.apache.catalina.core.StandardService   : Starting service [Tomcat]
2026-03-27 18:25:39.760  INFO 22644 --- [           main] org.apache.catalina.core.StandardEngine  : Starting Servlet engine: [Apache Tomcat/9.0.83]
2026-03-27 18:25:39.911  INFO 22644 --- [           main] o.a.c.c.C.[Tomcat].[localhost].[/]       : Initializing Spring embedded WebApplicationContext
2026-03-27 18:25:40.005 DEBUG 22644 --- [           main] w.s.c.ServletWebServerApplicationContext : Published root WebApplicationContext as ServletContext attribute with name [org.springframework.web.context.WebApplicationContext.ROOT]
2026-03-27 18:25:40.113  INFO 22644 --- [           main] w.s.c.ServletWebServerApplicationContext : Root WebApplicationContext: initialization completed in 2084 ms
2026-03-27 18:25:40.179 DEBUG 22644 --- [           main] o.s.b.w.s.ServletContextInitializerBeans : Mapping filters: filterRegistrationBean urls=[/*] order=-2147483648, characterEncodingFilter urls=[/*] order=-2147483648, formContentFilter urls=[/*] order=-9900, requestContextFilter urls=[/*] order=-105
2026-03-27 18:25:40.181 DEBUG 22644 --- [           main] o.s.b.w.s.ServletContextInitializerBeans : Mapping servlets: dispatcherServlet urls=[/]
2026-03-27 18:25:40.203 DEBUG 22644 --- [           main] o.s.b.w.s.f.OrderedRequestContextFilter  : Filter 'requestContextFilter' configured for use
2026-03-27 18:25:40.204 DEBUG 22644 --- [           main] o.springframework.web.filter.CorsFilter  : Filter 'corsFilter' configured for use
2026-03-27 18:25:40.205 DEBUG 22644 --- [           main] s.b.w.s.f.OrderedCharacterEncodingFilter : Filter 'characterEncodingFilter' configured for use
2026-03-27 18:25:40.205 DEBUG 22644 --- [           main] o.s.b.w.s.f.OrderedFormContentFilter     : Filter 'formContentFilter' configured for use
2026-03-27 18:25:40.253 DEBUG 22644 --- [           main] com.zaxxer.hikari.HikariConfig           : Driver class com.microsoft.sqlserver.jdbc.SQLServerDriver found in Thread context class loader sun.misc.Launcher$AppClassLoader@7506e922
2026-03-27 18:25:40.320 DEBUG 22644 --- [           main] com.zaxxer.hikari.HikariConfig           : Driver class com.microsoft.sqlserver.jdbc.SQLServerDriver found in Thread context class loader sun.misc.Launcher$AppClassLoader@7506e922
2026-03-27 18:25:40.322 DEBUG 22644 --- [           main] com.zaxxer.hikari.HikariConfig           : CentralHikariPool - configuration:
2026-03-27 18:25:40.324 DEBUG 22644 --- [           main] com.zaxxer.hikari.HikariConfig           : allowPoolSuspension................................false
2026-03-27 18:25:40.325 DEBUG 22644 --- [           main] com.zaxxer.hikari.HikariConfig           : autoCommit................................true
2026-03-27 18:25:40.325 DEBUG 22644 --- [           main] com.zaxxer.hikari.HikariConfig           : catalog................................none
2026-03-27 18:25:40.326 DEBUG 22644 --- [           main] com.zaxxer.hikari.HikariConfig           : connectionInitSql................................none
2026-03-27 18:25:40.326 DEBUG 22644 --- [           main] com.zaxxer.hikari.HikariConfig           : connectionTestQuery................................"SELECT 1"
2026-03-27 18:25:40.328 DEBUG 22644 --- [           main] com.zaxxer.hikari.HikariConfig           : connectionTimeout................................15000
2026-03-27 18:25:40.329 DEBUG 22644 --- [           main] com.zaxxer.hikari.HikariConfig           : dataSource................................none
2026-03-27 18:25:40.329 DEBUG 22644 --- [           main] com.zaxxer.hikari.HikariConfig           : dataSourceClassName................................none
2026-03-27 18:25:40.330 DEBUG 22644 --- [           main] com.zaxxer.hikari.HikariConfig           : dataSourceJNDI................................none
2026-03-27 18:25:40.332 DEBUG 22644 --- [           main] com.zaxxer.hikari.HikariConfig           : dataSourceProperties................................{password=<masked>}
2026-03-27 18:25:40.333 DEBUG 22644 --- [           main] com.zaxxer.hikari.HikariConfig           : driverClassName................................"com.microsoft.sqlserver.jdbc.SQLServerDriver"
2026-03-27 18:25:40.334 DEBUG 22644 --- [           main] com.zaxxer.hikari.HikariConfig           : exceptionOverrideClassName................................none
2026-03-27 18:25:40.334 DEBUG 22644 --- [           main] com.zaxxer.hikari.HikariConfig           : healthCheckProperties................................{}
2026-03-27 18:25:40.335 DEBUG 22644 --- [           main] com.zaxxer.hikari.HikariConfig           : healthCheckRegistry................................none
2026-03-27 18:25:40.335 DEBUG 22644 --- [           main] com.zaxxer.hikari.HikariConfig           : idleTimeout................................300000
2026-03-27 18:25:40.336 DEBUG 22644 --- [           main] com.zaxxer.hikari.HikariConfig           : initializationFailTimeout................................-1
2026-03-27 18:25:40.337 DEBUG 22644 --- [           main] com.zaxxer.hikari.HikariConfig           : isolateInternalQueries................................false
2026-03-27 18:25:40.337 DEBUG 22644 --- [           main] com.zaxxer.hikari.HikariConfig           : jdbcUrl................................jdbc:sqlserver://172.16.0.13;databaseName=BDControlOrdenes;encrypt=false;trustServerCertificate=true
2026-03-27 18:25:40.338 DEBUG 22644 --- [           main] com.zaxxer.hikari.HikariConfig           : keepaliveTime................................120000
2026-03-27 18:25:40.338 DEBUG 22644 --- [           main] com.zaxxer.hikari.HikariConfig           : leakDetectionThreshold................................0
2026-03-27 18:25:40.339 DEBUG 22644 --- [           main] com.zaxxer.hikari.HikariConfig           : maxLifetime................................900000
2026-03-27 18:25:40.340 DEBUG 22644 --- [           main] com.zaxxer.hikari.HikariConfig           : maximumPoolSize................................10
2026-03-27 18:25:40.341 DEBUG 22644 --- [           main] com.zaxxer.hikari.HikariConfig           : metricRegistry................................none
2026-03-27 18:25:40.452 DEBUG 22644 --- [           main] com.zaxxer.hikari.HikariConfig           : metricsTrackerFactory................................none
2026-03-27 18:25:40.453 DEBUG 22644 --- [           main] com.zaxxer.hikari.HikariConfig           : minimumIdle................................0
2026-03-27 18:25:40.453 DEBUG 22644 --- [           main] com.zaxxer.hikari.HikariConfig           : password................................<masked>
2026-03-27 18:25:40.454 DEBUG 22644 --- [           main] com.zaxxer.hikari.HikariConfig           : poolName................................"CentralHikariPool"
2026-03-27 18:25:40.455 DEBUG 22644 --- [           main] com.zaxxer.hikari.HikariConfig           : readOnly................................false
2026-03-27 18:25:40.455 DEBUG 22644 --- [           main] com.zaxxer.hikari.HikariConfig           : registerMbeans................................false
2026-03-27 18:25:40.456 DEBUG 22644 --- [           main] com.zaxxer.hikari.HikariConfig           : scheduledExecutor................................none
2026-03-27 18:25:40.456 DEBUG 22644 --- [           main] com.zaxxer.hikari.HikariConfig           : schema................................none
2026-03-27 18:25:40.457 DEBUG 22644 --- [           main] com.zaxxer.hikari.HikariConfig           : threadFactory................................internal
2026-03-27 18:25:40.458 DEBUG 22644 --- [           main] com.zaxxer.hikari.HikariConfig           : transactionIsolation................................default
2026-03-27 18:25:40.458 DEBUG 22644 --- [           main] com.zaxxer.hikari.HikariConfig           : username................................"sistemas"
2026-03-27 18:25:40.459 DEBUG 22644 --- [           main] com.zaxxer.hikari.HikariConfig           : validationTimeout................................5000
2026-03-27 18:25:40.460  INFO 22644 --- [           main] com.zaxxer.hikari.HikariDataSource       : CentralHikariPool - Starting...
2026-03-27 18:25:40.468  INFO 22644 --- [           main] com.zaxxer.hikari.HikariDataSource       : CentralHikariPool - Start completed.
2026-03-27 18:25:40.512 DEBUG 22644 --- [           main] o.s.j.d.DriverManagerDataSource          : Loaded JDBC driver: com.microsoft.sqlserver.jdbc.SQLServerDriver
2026-03-27 18:25:40.584 DEBUG 22644 --- [ool housekeeper] com.zaxxer.hikari.pool.HikariPool        : CentralHikariPool - Before cleanup stats (total=0, active=0, idle=0, waiting=0)
2026-03-27 18:25:40.586 DEBUG 22644 --- [ool housekeeper] com.zaxxer.hikari.pool.HikariPool        : CentralHikariPool - After cleanup  stats (total=0, active=0, idle=0, waiting=0)
2026-03-27 18:25:40.586 DEBUG 22644 --- [ool housekeeper] com.zaxxer.hikari.pool.HikariPool        : CentralHikariPool - Fill pool skipped, pool is at sufficient level.
2026-03-27 18:25:40.684 DEBUG 22644 --- [           main] o.s.b.a.AutoConfigurationPackages        : @EnableAutoConfiguration was declared on a class in the package 'com.example.TigoStarSystem'. Automatic @Repository and @Entity scanning is enabled.
2026-03-27 18:25:40.725 DEBUG 22644 --- [           main] s.w.s.m.m.a.RequestMappingHandlerAdapter : ControllerAdvice beans: 0 @ModelAttribute, 0 @InitBinder, 1 RequestBodyAdvice, 1 ResponseBodyAdvice
2026-03-27 18:25:40.839 DEBUG 22644 --- [           main] s.w.s.m.m.a.RequestMappingHandlerMapping : 75 mappings in 'requestMappingHandlerMapping'
2026-03-27 18:25:40.865 DEBUG 22644 --- [           main] o.s.w.s.handler.SimpleUrlHandlerMapping  : Patterns [/webjars/**, /**, /swagger-ui*/*swagger-initializer.js, /swagger-ui*/**] in 'resourceHandlerMapping'
2026-03-27 18:25:40.915 DEBUG 22644 --- [           main] .m.m.a.ExceptionHandlerExceptionResolver : ControllerAdvice beans: 2 @ExceptionHandler, 1 ResponseBodyAdvice
2026-03-27 18:25:40.999  INFO 22644 --- [           main] o.s.b.w.embedded.tomcat.TomcatWebServer  : Tomcat started on port(s): 8089 (http) with context path ''
2026-03-27 18:25:41.019 DEBUG 22644 --- [           main] ConditionEvaluationReportLoggingListener : 


============================
CONDITIONS EVALUATION REPORT
============================


Positive matches:
-----------------

   AopAutoConfiguration matched:
      - @ConditionalOnProperty (spring.aop.auto=true) matched (OnPropertyCondition)

   AopAutoConfiguration.ClassProxyingConfiguration matched:
      - @ConditionalOnMissingClass did not find unwanted class 'org.aspectj.weaver.Advice' (OnClassCondition)
      - @ConditionalOnProperty (spring.aop.proxy-target-class=true) matched (OnPropertyCondition)

   ApplicationAvailabilityAutoConfiguration#applicationAvailability matched:
      - @ConditionalOnMissingBean (types: org.springframework.boot.availability.ApplicationAvailability; SearchStrategy: all) did not find any beans (OnBeanCondition)

   DataSourceAutoConfiguration matched:
      - @ConditionalOnClass found required classes 'javax.sql.DataSource', 'org.springframework.jdbc.datasource.embedded.EmbeddedDatabaseType' (OnClassCondition)
      - @ConditionalOnMissingBean (types: io.r2dbc.spi.ConnectionFactory; SearchStrategy: all) did not find any beans (OnBeanCondition)

   DataSourceAutoConfiguration.PooledDataSourceConfiguration matched:
      - AnyNestedCondition 1 matched 1 did not; NestedCondition on DataSourceAutoConfiguration.PooledDataSourceCondition.PooledDataSourceAvailable PooledDataSource found supported DataSource; NestedCondition on DataSourceAutoConfiguration.PooledDataSourceCondition.ExplicitType @ConditionalOnProperty (spring.datasource.type) did not find property 'type' (DataSourceAutoConfiguration.PooledDataSourceCondition)
      - @ConditionalOnMissingBean (types: javax.sql.DataSource,javax.sql.XADataSource; SearchStrategy: all) did not find any beans (OnBeanCondition)

   DataSourceConfiguration.Hikari matched:
      - @ConditionalOnClass found required class 'com.zaxxer.hikari.HikariDataSource' (OnClassCondition)
      - @ConditionalOnProperty (spring.datasource.type=com.zaxxer.hikari.HikariDataSource) matched (OnPropertyCondition)
      - @ConditionalOnMissingBean (types: javax.sql.DataSource; SearchStrategy: all) did not find any beans (OnBeanCondition)

   DataSourceInitializationConfiguration matched:
      - @ConditionalOnClass found required class 'org.springframework.jdbc.datasource.init.DatabasePopulator' (OnClassCondition)
      - @ConditionalOnSingleCandidate (types: javax.sql.DataSource; SearchStrategy: all) found a single bean 'dataSource'; @ConditionalOnMissingBean (types: org.springframework.boot.autoconfigure.sql.init.SqlDataSourceScriptDatabaseInitializer,org.springframework.boot.autoconfigure.sql.init.SqlR2dbcScriptDatabaseInitializer; SearchStrategy: all) did not find any beans (OnBeanCondition)

   DataSourceJmxConfiguration matched:
      - @ConditionalOnProperty (spring.jmx.enabled=true) matched (OnPropertyCondition)

   DataSourceJmxConfiguration.Hikari matched:
      - @ConditionalOnClass found required class 'com.zaxxer.hikari.HikariDataSource' (OnClassCondition)
      - @ConditionalOnSingleCandidate (types: javax.sql.DataSource; SearchStrategy: all) found a single bean 'dataSource' (OnBeanCondition)

   DataSourcePoolMetadataProvidersConfiguration.HikariPoolDataSourceMetadataProviderConfiguration matched:
      - @ConditionalOnClass found required class 'com.zaxxer.hikari.HikariDataSource' (OnClassCondition)

   DataSourceTransactionManagerAutoConfiguration matched:
      - @ConditionalOnClass found required classes 'org.springframework.jdbc.core.JdbcTemplate', 'org.springframework.transaction.TransactionManager' (OnClassCondition)

   DataSourceTransactionManagerAutoConfiguration.JdbcTransactionManagerConfiguration matched:
      - @ConditionalOnSingleCandidate (types: javax.sql.DataSource; SearchStrategy: all) found a single bean 'dataSource' (OnBeanCondition)

   DataSourceTransactionManagerAutoConfiguration.JdbcTransactionManagerConfiguration#transactionManager matched:
      - @ConditionalOnMissingBean (types: org.springframework.transaction.TransactionManager; SearchStrategy: all) did not find any beans (OnBeanCondition)

   DispatcherServletAutoConfiguration matched:
      - @ConditionalOnClass found required class 'org.springframework.web.servlet.DispatcherServlet' (OnClassCondition)
      - found 'session' scope (OnWebApplicationCondition)

   DispatcherServletAutoConfiguration.DispatcherServletConfiguration matched:
      - @ConditionalOnClass found required class 'javax.servlet.ServletRegistration' (OnClassCondition)
      - Default DispatcherServlet did not find dispatcher servlet beans (DispatcherServletAutoConfiguration.DefaultDispatcherServletCondition)

   DispatcherServletAutoConfiguration.DispatcherServletRegistrationConfiguration matched:
      - @ConditionalOnClass found required class 'javax.servlet.ServletRegistration' (OnClassCondition)
      - DispatcherServlet Registration did not find servlet registration bean (DispatcherServletAutoConfiguration.DispatcherServletRegistrationCondition)

   DispatcherServletAutoConfiguration.DispatcherServletRegistrationConfiguration#dispatcherServletRegistration matched:
      - @ConditionalOnBean (names: dispatcherServlet types: org.springframework.web.servlet.DispatcherServlet; SearchStrategy: all) found bean 'dispatcherServlet' (OnBeanCondition)

   EmbeddedWebServerFactoryCustomizerAutoConfiguration matched:
      - @ConditionalOnWebApplication (required) found 'session' scope (OnWebApplicationCondition)
      - @ConditionalOnWarDeployment the application is not deployed as a WAR file. (OnWarDeploymentCondition)

   EmbeddedWebServerFactoryCustomizerAutoConfiguration.TomcatWebServerFactoryCustomizerConfiguration matched:
      - @ConditionalOnClass found required classes 'org.apache.catalina.startup.Tomcat', 'org.apache.coyote.UpgradeProtocol' (OnClassCondition)

   ErrorMvcAutoConfiguration matched:
      - @ConditionalOnClass found required classes 'javax.servlet.Servlet', 'org.springframework.web.servlet.DispatcherServlet' (OnClassCondition)
      - found 'session' scope (OnWebApplicationCondition)

   ErrorMvcAutoConfiguration#basicErrorController matched:
      - @ConditionalOnMissingBean (types: org.springframework.boot.web.servlet.error.ErrorController; SearchStrategy: current) did not find any beans (OnBeanCondition)

   ErrorMvcAutoConfiguration#errorAttributes matched:
      - @ConditionalOnMissingBean (types: org.springframework.boot.web.servlet.error.ErrorAttributes; SearchStrategy: current) did not find any beans (OnBeanCondition)

   ErrorMvcAutoConfiguration.DefaultErrorViewResolverConfiguration#conventionErrorViewResolver matched:
      - @ConditionalOnBean (types: org.springframework.web.servlet.DispatcherServlet; SearchStrategy: all) found bean 'dispatcherServlet'; @ConditionalOnMissingBean (types: org.springframework.boot.autoconfigure.web.servlet.error.ErrorViewResolver; SearchStrategy: all) did not find any beans (OnBeanCondition)

   ErrorMvcAutoConfiguration.WhitelabelErrorViewConfiguration matched:
      - @ConditionalOnProperty (server.error.whitelabel.enabled) matched (OnPropertyCondition)
      - ErrorTemplate Missing did not find error template view (ErrorMvcAutoConfiguration.ErrorTemplateMissingCondition)

   ErrorMvcAutoConfiguration.WhitelabelErrorViewConfiguration#beanNameViewResolver matched:
      - @ConditionalOnMissingBean (types: org.springframework.web.servlet.view.BeanNameViewResolver; SearchStrategy: all) did not find any beans (OnBeanCondition)

   ErrorMvcAutoConfiguration.WhitelabelErrorViewConfiguration#defaultErrorView matched:
      - @ConditionalOnMissingBean (names: error; SearchStrategy: all) did not find any beans (OnBeanCondition)

   GenericCacheConfiguration matched:
      - Cache org.springframework.boot.autoconfigure.cache.GenericCacheConfiguration automatic cache type (CacheCondition)

   HttpEncodingAutoConfiguration matched:
      - @ConditionalOnClass found required class 'org.springframework.web.filter.CharacterEncodingFilter' (OnClassCondition)
      - found 'session' scope (OnWebApplicationCondition)
      - @ConditionalOnProperty (server.servlet.encoding.enabled) matched (OnPropertyCondition)

   HttpEncodingAutoConfiguration#characterEncodingFilter matched:
      - @ConditionalOnMissingBean (types: org.springframework.web.filter.CharacterEncodingFilter; SearchStrategy: all) did not find any beans (OnBeanCondition)

   HttpMessageConvertersAutoConfiguration matched:
      - @ConditionalOnClass found required class 'org.springframework.http.converter.HttpMessageConverter' (OnClassCondition)
      - NoneNestedConditions 0 matched 1 did not; NestedCondition on HttpMessageConvertersAutoConfiguration.NotReactiveWebApplicationCondition.ReactiveWebApplication did not find reactive web application classes (HttpMessageConvertersAutoConfiguration.NotReactiveWebApplicationCondition)

   HttpMessageConvertersAutoConfiguration#messageConverters matched:
      - @ConditionalOnMissingBean (types: org.springframework.boot.autoconfigure.http.HttpMessageConverters; SearchStrategy: all) did not find any beans (OnBeanCondition)

   HttpMessageConvertersAutoConfiguration.StringHttpMessageConverterConfiguration matched:
      - @ConditionalOnClass found required class 'org.springframework.http.converter.StringHttpMessageConverter' (OnClassCondition)

   HttpMessageConvertersAutoConfiguration.StringHttpMessageConverterConfiguration#stringHttpMessageConverter matched:
      - @ConditionalOnMissingBean (types: org.springframework.http.converter.StringHttpMessageConverter; SearchStrategy: all) did not find any beans (OnBeanCondition)

   JacksonAutoConfiguration matched:
      - @ConditionalOnClass found required class 'com.fasterxml.jackson.databind.ObjectMapper' (OnClassCondition)

   JacksonAutoConfiguration.Jackson2ObjectMapperBuilderCustomizerConfiguration matched:
      - @ConditionalOnClass found required class 'org.springframework.http.converter.json.Jackson2ObjectMapperBuilder' (OnClassCondition)

   JacksonAutoConfiguration.JacksonObjectMapperBuilderConfiguration matched:
      - @ConditionalOnClass found required class 'org.springframework.http.converter.json.Jackson2ObjectMapperBuilder' (OnClassCondition)

   JacksonAutoConfiguration.JacksonObjectMapperBuilderConfiguration#jacksonObjectMapperBuilder matched:
      - @ConditionalOnMissingBean (types: org.springframework.http.converter.json.Jackson2ObjectMapperBuilder; SearchStrategy: all) did not find any beans (OnBeanCondition)

   JacksonAutoConfiguration.JacksonObjectMapperConfiguration matched:
      - @ConditionalOnClass found required class 'org.springframework.http.converter.json.Jackson2ObjectMapperBuilder' (OnClassCondition)

   JacksonAutoConfiguration.JacksonObjectMapperConfiguration#jacksonObjectMapper matched:
      - @ConditionalOnMissingBean (types: com.fasterxml.jackson.databind.ObjectMapper; SearchStrategy: all) did not find any beans (OnBeanCondition)

   JacksonAutoConfiguration.ParameterNamesModuleConfiguration matched:
      - @ConditionalOnClass found required class 'com.fasterxml.jackson.module.paramnames.ParameterNamesModule' (OnClassCondition)

   JacksonAutoConfiguration.ParameterNamesModuleConfiguration#parameterNamesModule matched:
      - @ConditionalOnMissingBean (types: com.fasterxml.jackson.module.paramnames.ParameterNamesModule; SearchStrategy: all) did not find any beans (OnBeanCondition)

   JacksonHttpMessageConvertersConfiguration.MappingJackson2HttpMessageConverterConfiguration matched:
      - @ConditionalOnClass found required class 'com.fasterxml.jackson.databind.ObjectMapper' (OnClassCondition)
      - @ConditionalOnProperty (spring.mvc.converters.preferred-json-mapper=jackson) matched (OnPropertyCondition)
      - @ConditionalOnBean (types: com.fasterxml.jackson.databind.ObjectMapper; SearchStrategy: all) found bean 'jacksonObjectMapper' (OnBeanCondition)

   JacksonHttpMessageConvertersConfiguration.MappingJackson2HttpMessageConverterConfiguration#mappingJackson2HttpMessageConverter matched:
      - @ConditionalOnMissingBean (types: org.springframework.http.converter.json.MappingJackson2HttpMessageConverter ignored: org.springframework.hateoas.server.mvc.TypeConstrainedMappingJackson2HttpMessageConverter,org.springframework.data.rest.webmvc.alps.AlpsJsonHttpMessageConverter; SearchStrategy: all) did not find any beans (OnBeanCondition)

   JdbcTemplateAutoConfiguration matched:
      - @ConditionalOnClass found required classes 'javax.sql.DataSource', 'org.springframework.jdbc.core.JdbcTemplate' (OnClassCondition)
      - @ConditionalOnSingleCandidate (types: javax.sql.DataSource; SearchStrategy: all) found a single bean 'dataSource' (OnBeanCondition)

   LifecycleAutoConfiguration#defaultLifecycleProcessor matched:
      - @ConditionalOnMissingBean (names: lifecycleProcessor; SearchStrategy: current) did not find any beans (OnBeanCondition)

   MailSenderAutoConfiguration matched:
      - @ConditionalOnClass found required classes 'javax.mail.internet.MimeMessage', 'javax.activation.MimeType', 'org.springframework.mail.MailSender' (OnClassCondition)
      - AnyNestedCondition 1 matched 1 did not; NestedCondition on MailSenderAutoConfiguration.MailSenderCondition.JndiNameProperty @ConditionalOnProperty (spring.mail.jndi-name) did not find property 'jndi-name'; NestedCondition on MailSenderAutoConfiguration.MailSenderCondition.HostProperty @ConditionalOnProperty (spring.mail.host) matched (MailSenderAutoConfiguration.MailSenderCondition)
      - @ConditionalOnMissingBean (types: org.springframework.mail.MailSender; SearchStrategy: all) did not find any beans (OnBeanCondition)

   MailSenderPropertiesConfiguration matched:
      - @ConditionalOnProperty (spring.mail.host) matched (OnPropertyCondition)

   MailSenderPropertiesConfiguration#mailSender matched:
      - @ConditionalOnMissingBean (types: org.springframework.mail.javamail.JavaMailSender; SearchStrategy: all) did not find any beans (OnBeanCondition)

   MultipartAutoConfiguration matched:
      - @ConditionalOnClass found required classes 'javax.servlet.Servlet', 'org.springframework.web.multipart.support.StandardServletMultipartResolver', 'javax.servlet.MultipartConfigElement' (OnClassCondition)
      - found 'session' scope (OnWebApplicationCondition)
      - @ConditionalOnProperty (spring.servlet.multipart.enabled) matched (OnPropertyCondition)

   MultipartAutoConfiguration#multipartConfigElement matched:
      - @ConditionalOnMissingBean (types: javax.servlet.MultipartConfigElement,org.springframework.web.multipart.commons.CommonsMultipartResolver; SearchStrategy: all) did not find any beans (OnBeanCondition)

   MultipartAutoConfiguration#multipartResolver matched:
      - @ConditionalOnMissingBean (types: org.springframework.web.multipart.MultipartResolver; SearchStrategy: all) did not find any beans (OnBeanCondition)

   NamedParameterJdbcTemplateConfiguration matched:
      - @ConditionalOnSingleCandidate (types: org.springframework.jdbc.core.JdbcTemplate; SearchStrategy: all) found a single primary bean 'jdbcTemplate' from beans 'jdbcTemplate', 'centralJdbcTemplate'; @ConditionalOnMissingBean (types: org.springframework.jdbc.core.namedparam.NamedParameterJdbcOperations; SearchStrategy: all) did not find any beans (OnBeanCondition)

   NoOpCacheConfiguration matched:
      - Cache org.springframework.boot.autoconfigure.cache.NoOpCacheConfiguration automatic cache type (CacheCondition)

   PersistenceExceptionTranslationAutoConfiguration matched:
      - @ConditionalOnClass found required class 'org.springframework.dao.annotation.PersistenceExceptionTranslationPostProcessor' (OnClassCondition)

   PersistenceExceptionTranslationAutoConfiguration#persistenceExceptionTranslationPostProcessor matched:
      - @ConditionalOnProperty (spring.dao.exceptiontranslation.enabled) matched (OnPropertyCondition)
      - @ConditionalOnMissingBean (types: org.springframework.dao.annotation.PersistenceExceptionTranslationPostProcessor; SearchStrategy: all) did not find any beans (OnBeanCondition)

   PropertyPlaceholderAutoConfiguration#propertySourcesPlaceholderConfigurer matched:
      - @ConditionalOnMissingBean (types: org.springframework.context.support.PropertySourcesPlaceholderConfigurer; SearchStrategy: current) did not find any beans (OnBeanCondition)

   RestTemplateAutoConfiguration matched:
      - @ConditionalOnClass found required class 'org.springframework.web.client.RestTemplate' (OnClassCondition)
      - NoneNestedConditions 0 matched 1 did not; NestedCondition on RestTemplateAutoConfiguration.NotReactiveWebApplicationCondition.ReactiveWebApplication did not find reactive web application classes (RestTemplateAutoConfiguration.NotReactiveWebApplicationCondition)

   RestTemplateAutoConfiguration#restTemplateBuilder matched:
      - @ConditionalOnMissingBean (types: org.springframework.boot.web.client.RestTemplateBuilder; SearchStrategy: all) did not find any beans (OnBeanCondition)

   RestTemplateAutoConfiguration#restTemplateBuilderConfigurer matched:
      - @ConditionalOnMissingBean (types: org.springframework.boot.autoconfigure.web.client.RestTemplateBuilderConfigurer; SearchStrategy: all) did not find any beans (OnBeanCondition)

   ServletWebServerFactoryAutoConfiguration matched:
      - @ConditionalOnClass found required class 'javax.servlet.ServletRequest' (OnClassCondition)
      - found 'session' scope (OnWebApplicationCondition)

   ServletWebServerFactoryAutoConfiguration#tomcatServletWebServerFactoryCustomizer matched:
      - @ConditionalOnClass found required class 'org.apache.catalina.startup.Tomcat' (OnClassCondition)

   ServletWebServerFactoryConfiguration.EmbeddedTomcat matched:
      - @ConditionalOnClass found required classes 'javax.servlet.Servlet', 'org.apache.catalina.startup.Tomcat', 'org.apache.coyote.UpgradeProtocol' (OnClassCondition)
      - @ConditionalOnMissingBean (types: org.springframework.boot.web.servlet.server.ServletWebServerFactory; SearchStrategy: current) did not find any beans (OnBeanCondition)

   SimpleCacheConfiguration matched:
      - Cache org.springframework.boot.autoconfigure.cache.SimpleCacheConfiguration automatic cache type (CacheCondition)

   SpringDocConfigProperties matched:
      - @ConditionalOnProperty (springdoc.api-docs.enabled) matched (OnPropertyCondition)

   SpringDocConfiguration matched:
      - @ConditionalOnWebApplication (required) found 'session' scope (OnWebApplicationCondition)
      - @ConditionalOnProperty (springdoc.api-docs.enabled) matched (OnPropertyCondition)

   SpringDocConfiguration#fileSupportConverter matched:
      - @ConditionalOnMissingBean (types: org.springdoc.core.converters.FileSupportConverter; SearchStrategy: all) did not find any beans (OnBeanCondition)

   SpringDocConfiguration#openAPIBuilder matched:
      - @ConditionalOnMissingBean (types: org.springdoc.core.OpenAPIService; SearchStrategy: all) did not find any beans (OnBeanCondition)

   SpringDocConfiguration#operationBuilder matched:
      - @ConditionalOnMissingBean (types: org.springdoc.core.OperationService; SearchStrategy: all) did not find any beans (OnBeanCondition)

   SpringDocConfiguration#parameterBuilder matched:
      - @ConditionalOnMissingBean (types: org.springdoc.core.GenericParameterService; SearchStrategy: all) did not find any beans (OnBeanCondition)

   SpringDocConfiguration#polymorphicModelConverter matched:
      - @ConditionalOnProperty (springdoc.model-converters.polymorphic-converter.enabled) matched (OnPropertyCondition)
      - @ConditionalOnMissingBean (types: org.springdoc.core.converters.PolymorphicModelConverter; SearchStrategy: all) did not find any beans (OnBeanCondition)

   SpringDocConfiguration#requestBodyBuilder matched:
      - @ConditionalOnMissingBean (types: org.springdoc.core.RequestBodyService; SearchStrategy: all) did not find any beans (OnBeanCondition)

   SpringDocConfiguration#responseSupportConverter matched:
      - @ConditionalOnMissingBean (types: org.springdoc.core.converters.ResponseSupportConverter; SearchStrategy: all) did not find any beans (OnBeanCondition)

   SpringDocConfiguration#schemaPropertyDeprecatingConverter matched:
      - @ConditionalOnProperty (springdoc.model-converters.deprecating-converter.enabled) matched (OnPropertyCondition)
      - @ConditionalOnMissingBean (types: org.springdoc.core.converters.SchemaPropertyDeprecatingConverter; SearchStrategy: all) did not find any beans (OnBeanCondition)

   SpringDocConfiguration#securityParser matched:
      - @ConditionalOnMissingBean (types: org.springdoc.core.SecurityService; SearchStrategy: all) did not find any beans (OnBeanCondition)

   SpringDocConfiguration#springDocCustomizers matched:
      - @ConditionalOnMissingBean (types: org.springdoc.core.customizers.SpringDocCustomizers; SearchStrategy: all) did not find any beans (OnBeanCondition)

   SpringDocConfiguration#springDocObjectMapperProvider matched:
      - @ConditionalOnMissingBean (types: org.springdoc.core.providers.ObjectMapperProvider; SearchStrategy: all) did not find any beans (OnBeanCondition)

   SpringDocConfiguration#springDocProviders matched:
      - @ConditionalOnMissingBean (types: org.springdoc.core.SpringDocProviders; SearchStrategy: all) did not find any beans (OnBeanCondition)

   SpringDocConfiguration.SpringDocSpringDataWebPropertiesProvider matched:
      - @ConditionalOnClass found required class 'org.springframework.boot.autoconfigure.data.web.SpringDataWebProperties' (OnClassCondition)

   SpringDocConfiguration.SpringDocSpringDataWebPropertiesProvider#springDataWebPropertiesProvider matched:
      - @ConditionalOnMissingBean (types: org.springdoc.core.providers.SpringDataWebPropertiesProvider; SearchStrategy: all) did not find any beans (OnBeanCondition)

   SpringDocConfiguration.WebConversionServiceConfiguration matched:
      - @ConditionalOnClass found required class 'org.springframework.boot.autoconfigure.web.format.WebConversionService' (OnClassCondition)

   SpringDocUIConfiguration matched:
      - @ConditionalOnWebApplication (required) found 'session' scope (OnWebApplicationCondition)
      - @ConditionalOnExpression (#{${springdoc.api-docs.enabled:true}}) resulted in true (OnExpressionCondition)
      - @ConditionalOnBean (types: org.springdoc.core.SpringDocConfiguration; SearchStrategy: all) found bean 'org.springdoc.core.SpringDocConfiguration' (OnBeanCondition)

   SpringDocWebMvcConfiguration matched:
      - found 'session' scope (OnWebApplicationCondition)
      - @ConditionalOnProperty (springdoc.api-docs.enabled) matched (OnPropertyCondition)
      - @ConditionalOnBean (types: org.springdoc.core.SpringDocConfiguration; SearchStrategy: all) found bean 'org.springdoc.core.SpringDocConfiguration' (OnBeanCondition)

   SpringDocWebMvcConfiguration#openApiResource matched:
      - @ConditionalOnProperty (springdoc.use-management-port=false) matched (OnPropertyCondition)
      - @ConditionalOnMissingBean (types: org.springdoc.webmvc.api.OpenApiWebMvcResource; SearchStrategy: all) did not find any beans (OnBeanCondition)

   SpringDocWebMvcConfiguration#requestBuilder matched:
      - @ConditionalOnMissingBean (types: org.springdoc.webmvc.core.RequestService; SearchStrategy: all) did not find any beans (OnBeanCondition)

   SpringDocWebMvcConfiguration#responseBuilder matched:
      - @ConditionalOnMissingBean (types: org.springdoc.core.GenericResponseService; SearchStrategy: all) did not find any beans (OnBeanCondition)

   SpringDocWebMvcConfiguration#springWebProvider matched:
      - @ConditionalOnMissingBean (types: org.springdoc.core.providers.SpringWebProvider; SearchStrategy: all) did not find any beans (OnBeanCondition)

   SpringDocWebMvcConfiguration.SpringDocWebMvcRouterConfiguration matched:
      - @ConditionalOnClass found required class 'org.springframework.web.servlet.function.RouterFunction' (OnClassCondition)

   SpringDocWebMvcConfiguration.SpringDocWebMvcRouterConfiguration#routerFunctionProvider matched:
      - @ConditionalOnMissingBean (types: org.springdoc.webmvc.core.RouterFunctionWebMvcProvider; SearchStrategy: all) did not find any beans (OnBeanCondition)

   SqlInitializationAutoConfiguration matched:
      - @ConditionalOnProperty (spring.sql.init.enabled) matched (OnPropertyCondition)
      - NoneNestedConditions 0 matched 1 did not; NestedCondition on SqlInitializationAutoConfiguration.SqlInitializationModeCondition.ModeIsNever @ConditionalOnProperty (spring.sql.init.mode=never) did not find property 'mode' (SqlInitializationAutoConfiguration.SqlInitializationModeCondition)

   SwaggerConfig matched:
      - found 'session' scope (OnWebApplicationCondition)
      - @ConditionalOnProperty (springdoc.swagger-ui.enabled) matched (OnPropertyCondition)
      - @ConditionalOnBean (types: org.springdoc.core.SpringDocConfiguration; SearchStrategy: all) found bean 'org.springdoc.core.SpringDocConfiguration' (OnBeanCondition)

   SwaggerConfig#indexPageTransformer matched:
      - @ConditionalOnMissingBean (types: org.springdoc.webmvc.ui.SwaggerIndexTransformer; SearchStrategy: all) did not find any beans (OnBeanCondition)

   SwaggerConfig#swaggerConfigResource matched:
      - @ConditionalOnProperty (springdoc.use-management-port=false) matched (OnPropertyCondition)
      - @ConditionalOnMissingBean (types: org.springdoc.webmvc.ui.SwaggerConfigResource; SearchStrategy: all) did not find any beans (OnBeanCondition)

   SwaggerConfig#swaggerResourceResolver matched:
      - @ConditionalOnMissingBean (types: org.springdoc.webmvc.ui.SwaggerResourceResolver; SearchStrategy: all) did not find any beans (OnBeanCondition)

   SwaggerConfig#swaggerWebMvcConfigurer matched:
      - @ConditionalOnMissingBean (types: org.springdoc.webmvc.ui.SwaggerWebMvcConfigurer; SearchStrategy: all) did not find any beans (OnBeanCondition)

   SwaggerConfig#swaggerWelcome matched:
      - @ConditionalOnProperty (springdoc.use-management-port=false) matched (OnPropertyCondition)
      - @ConditionalOnMissingBean (types: org.springdoc.webmvc.ui.SwaggerWelcomeWebMvc; SearchStrategy: all) did not find any beans (OnBeanCondition)

   SwaggerUiConfigParameters matched:
      - @ConditionalOnProperty (springdoc.swagger-ui.enabled) matched (OnPropertyCondition)
      - @ConditionalOnBean (types: org.springdoc.core.SpringDocConfiguration; SearchStrategy: all) found bean 'org.springdoc.core.SpringDocConfiguration' (OnBeanCondition)

   SwaggerUiConfigProperties matched:
      - @ConditionalOnProperty (springdoc.swagger-ui.enabled) matched (OnPropertyCondition)
      - @ConditionalOnBean (types: org.springdoc.core.SpringDocConfiguration; SearchStrategy: all) found bean 'org.springdoc.core.SpringDocConfiguration' (OnBeanCondition)

   SwaggerUiOAuthProperties matched:
      - @ConditionalOnProperty (springdoc.swagger-ui.enabled) matched (OnPropertyCondition)
      - @ConditionalOnBean (types: org.springdoc.core.SpringDocConfiguration; SearchStrategy: all) found bean 'org.springdoc.core.SpringDocConfiguration' (OnBeanCondition)

   TaskExecutionAutoConfiguration matched:
      - @ConditionalOnClass found required class 'org.springframework.scheduling.concurrent.ThreadPoolTaskExecutor' (OnClassCondition)

   TaskExecutionAutoConfiguration#applicationTaskExecutor matched:
      - @ConditionalOnMissingBean (types: java.util.concurrent.Executor; SearchStrategy: all) did not find any beans (OnBeanCondition)

   TaskExecutionAutoConfiguration#taskExecutorBuilder matched:
      - @ConditionalOnMissingBean (types: org.springframework.boot.task.TaskExecutorBuilder; SearchStrategy: all) did not find any beans (OnBeanCondition)

   TaskSchedulingAutoConfiguration matched:
      - @ConditionalOnClass found required class 'org.springframework.scheduling.concurrent.ThreadPoolTaskScheduler' (OnClassCondition)

   TaskSchedulingAutoConfiguration#taskSchedulerBuilder matched:
      - @ConditionalOnMissingBean (types: org.springframework.boot.task.TaskSchedulerBuilder; SearchStrategy: all) did not find any beans (OnBeanCondition)

   TransactionAutoConfiguration matched:
      - @ConditionalOnClass found required class 'org.springframework.transaction.PlatformTransactionManager' (OnClassCondition)

   TransactionAutoConfiguration#platformTransactionManagerCustomizers matched:
      - @ConditionalOnMissingBean (types: org.springframework.boot.autoconfigure.transaction.TransactionManagerCustomizers; SearchStrategy: all) did not find any beans (OnBeanCondition)

   TransactionAutoConfiguration.EnableTransactionManagementConfiguration matched:
      - @ConditionalOnBean (types: org.springframework.transaction.TransactionManager; SearchStrategy: all) found bean 'transactionManager'; @ConditionalOnMissingBean (types: org.springframework.transaction.annotation.AbstractTransactionManagementConfiguration; SearchStrategy: all) did not find any beans (OnBeanCondition)

   TransactionAutoConfiguration.EnableTransactionManagementConfiguration.CglibAutoProxyConfiguration matched:
      - @ConditionalOnProperty (spring.aop.proxy-target-class=true) matched (OnPropertyCondition)

   TransactionAutoConfiguration.TransactionTemplateConfiguration matched:
      - @ConditionalOnSingleCandidate (types: org.springframework.transaction.PlatformTransactionManager; SearchStrategy: all) found a single bean 'transactionManager' (OnBeanCondition)

   TransactionAutoConfiguration.TransactionTemplateConfiguration#transactionTemplate matched:
      - @ConditionalOnMissingBean (types: org.springframework.transaction.support.TransactionOperations; SearchStrategy: all) did not find any beans (OnBeanCondition)

   ValidationAutoConfiguration matched:
      - @ConditionalOnClass found required class 'javax.validation.executable.ExecutableValidator' (OnClassCondition)
      - @ConditionalOnResource found location classpath:META-INF/services/javax.validation.spi.ValidationProvider (OnResourceCondition)

   ValidationAutoConfiguration#defaultValidator matched:
      - @ConditionalOnMissingBean (types: javax.validation.Validator; SearchStrategy: all) did not find any beans (OnBeanCondition)

   ValidationAutoConfiguration#methodValidationPostProcessor matched:
      - @ConditionalOnMissingBean (types: org.springframework.validation.beanvalidation.MethodValidationPostProcessor; SearchStrategy: current) did not find any beans (OnBeanCondition)

   WebMvcAutoConfiguration matched:
      - @ConditionalOnClass found required classes 'javax.servlet.Servlet', 'org.springframework.web.servlet.DispatcherServlet', 'org.springframework.web.servlet.config.annotation.WebMvcConfigurer' (OnClassCondition)
      - found 'session' scope (OnWebApplicationCondition)
      - @ConditionalOnMissingBean (types: org.springframework.web.servlet.config.annotation.WebMvcConfigurationSupport; SearchStrategy: all) did not find any beans (OnBeanCondition)

   WebMvcAutoConfiguration#formContentFilter matched:
      - @ConditionalOnProperty (spring.mvc.formcontent.filter.enabled) matched (OnPropertyCondition)
      - @ConditionalOnMissingBean (types: org.springframework.web.filter.FormContentFilter; SearchStrategy: all) did not find any beans (OnBeanCondition)

   WebMvcAutoConfiguration.EnableWebMvcConfiguration#flashMapManager matched:
      - @ConditionalOnMissingBean (names: flashMapManager; SearchStrategy: all) did not find any beans (OnBeanCondition)

   WebMvcAutoConfiguration.EnableWebMvcConfiguration#localeResolver matched:
      - @ConditionalOnMissingBean (names: localeResolver; SearchStrategy: all) did not find any beans (OnBeanCondition)

   WebMvcAutoConfiguration.EnableWebMvcConfiguration#themeResolver matched:
      - @ConditionalOnMissingBean (names: themeResolver; SearchStrategy: all) did not find any beans (OnBeanCondition)

   WebMvcAutoConfiguration.WebMvcAutoConfigurationAdapter#defaultViewResolver matched:
      - @ConditionalOnMissingBean (types: org.springframework.web.servlet.view.InternalResourceViewResolver; SearchStrategy: all) did not find any beans (OnBeanCondition)

   WebMvcAutoConfiguration.WebMvcAutoConfigurationAdapter#requestContextFilter matched:
      - @ConditionalOnMissingBean (types: org.springframework.web.context.request.RequestContextListener,org.springframework.web.filter.RequestContextFilter; SearchStrategy: all) did not find any beans (OnBeanCondition)

   WebMvcAutoConfiguration.WebMvcAutoConfigurationAdapter#viewResolver matched:
      - @ConditionalOnBean (types: org.springframework.web.servlet.ViewResolver; SearchStrategy: all) found beans 'defaultViewResolver', 'beanNameViewResolver', 'mvcViewResolver'; @ConditionalOnMissingBean (names: viewResolver types: org.springframework.web.servlet.view.ContentNegotiatingViewResolver; SearchStrategy: all) did not find any beans (OnBeanCondition)

   WebSocketServletAutoConfiguration matched:
      - @ConditionalOnClass found required classes 'javax.servlet.Servlet', 'javax.websocket.server.ServerContainer' (OnClassCondition)
      - found 'session' scope (OnWebApplicationCondition)

   WebSocketServletAutoConfiguration.TomcatWebSocketConfiguration matched:
      - @ConditionalOnClass found required classes 'org.apache.catalina.startup.Tomcat', 'org.apache.tomcat.websocket.server.WsSci' (OnClassCondition)

   WebSocketServletAutoConfiguration.TomcatWebSocketConfiguration#websocketServletWebServerCustomizer matched:
      - @ConditionalOnMissingBean (names: websocketServletWebServerCustomizer; SearchStrategy: all) did not find any beans (OnBeanCondition)


Negative matches:
-----------------

   ActiveMQAutoConfiguration:
      Did not match:
         - @ConditionalOnClass did not find required class 'javax.jms.ConnectionFactory' (OnClassCondition)

   AopAutoConfiguration.AspectJAutoProxyingConfiguration:
      Did not match:
         - @ConditionalOnClass did not find required class 'org.aspectj.weaver.Advice' (OnClassCondition)

   ArtemisAutoConfiguration:
      Did not match:
         - @ConditionalOnClass did not find required class 'javax.jms.ConnectionFactory' (OnClassCondition)

   BatchAutoConfiguration:
      Did not match:
         - @ConditionalOnClass did not find required class 'org.springframework.batch.core.launch.JobLauncher' (OnClassCondition)

   Cache2kCacheConfiguration:
      Did not match:
         - @ConditionalOnClass did not find required class 'org.cache2k.Cache2kBuilder' (OnClassCondition)

   CacheAutoConfiguration:
      Did not match:
         - @ConditionalOnBean (types: org.springframework.cache.interceptor.CacheAspectSupport; SearchStrategy: all) did not find any beans of type org.springframework.cache.interceptor.CacheAspectSupport (OnBeanCondition)
      Matched:
         - @ConditionalOnClass found required class 'org.springframework.cache.CacheManager' (OnClassCondition)

   CacheAutoConfiguration.CacheManagerEntityManagerFactoryDependsOnPostProcessor:
      Did not match:
         - @ConditionalOnClass did not find required class 'org.springframework.orm.jpa.LocalContainerEntityManagerFactoryBean' (OnClassCondition)
         - Ancestor org.springframework.boot.autoconfigure.cache.CacheAutoConfiguration did not match (ConditionEvaluationReport.AncestorsMatchedCondition)

   CaffeineCacheConfiguration:
      Did not match:
         - @ConditionalOnClass did not find required class 'com.github.benmanes.caffeine.cache.Caffeine' (OnClassCondition)

   CassandraAutoConfiguration:
      Did not match:
         - @ConditionalOnClass did not find required class 'com.datastax.oss.driver.api.core.CqlSession' (OnClassCondition)

   CassandraDataAutoConfiguration:
      Did not match:
         - @ConditionalOnClass did not find required class 'com.datastax.oss.driver.api.core.CqlSession' (OnClassCondition)

   CassandraReactiveDataAutoConfiguration:
      Did not match:
         - @ConditionalOnClass did not find required class 'com.datastax.oss.driver.api.core.CqlSession' (OnClassCondition)

   CassandraReactiveRepositoriesAutoConfiguration:
      Did not match:
         - @ConditionalOnClass did not find required class 'org.springframework.data.cassandra.ReactiveSession' (OnClassCondition)

   CassandraRepositoriesAutoConfiguration:
      Did not match:
         - @ConditionalOnClass did not find required class 'com.datastax.oss.driver.api.core.CqlSession' (OnClassCondition)

   ClientHttpConnectorAutoConfiguration:
      Did not match:
         - @ConditionalOnClass did not find required class 'org.springframework.web.reactive.function.client.WebClient' (OnClassCondition)

   CodecsAutoConfiguration:
      Did not match:
         - @ConditionalOnClass did not find required class 'org.springframework.web.reactive.function.client.WebClient' (OnClassCondition)

   CouchbaseAutoConfiguration:
      Did not match:
         - @ConditionalOnClass did not find required class 'com.couchbase.client.java.Cluster' (OnClassCondition)

   CouchbaseCacheConfiguration:
      Did not match:
         - @ConditionalOnClass did not find required class 'com.couchbase.client.java.Cluster' (OnClassCondition)

   CouchbaseDataAutoConfiguration:
      Did not match:
         - @ConditionalOnClass did not find required class 'com.couchbase.client.java.Bucket' (OnClassCondition)

   CouchbaseReactiveDataAutoConfiguration:
      Did not match:
         - @ConditionalOnClass did not find required class 'com.couchbase.client.java.Cluster' (OnClassCondition)

   CouchbaseReactiveRepositoriesAutoConfiguration:
      Did not match:
         - @ConditionalOnClass did not find required class 'com.couchbase.client.java.Cluster' (OnClassCondition)

   CouchbaseRepositoriesAutoConfiguration:
      Did not match:
         - @ConditionalOnClass did not find required class 'com.couchbase.client.java.Bucket' (OnClassCondition)

   DataSourceAutoConfiguration.EmbeddedDatabaseConfiguration:
      Did not match:
         - EmbeddedDataSource spring.datasource.url is set (DataSourceAutoConfiguration.EmbeddedDatabaseCondition)

   DataSourceConfiguration.Dbcp2:
      Did not match:
         - @ConditionalOnClass did not find required class 'org.apache.commons.dbcp2.BasicDataSource' (OnClassCondition)

   DataSourceConfiguration.Generic:
      Did not match:
         - @ConditionalOnProperty (spring.datasource.type) did not find property 'spring.datasource.type' (OnPropertyCondition)

   DataSourceConfiguration.OracleUcp:
      Did not match:
         - @ConditionalOnClass did not find required classes 'oracle.ucp.jdbc.PoolDataSourceImpl', 'oracle.jdbc.OracleConnection' (OnClassCondition)

   DataSourceConfiguration.Tomcat:
      Did not match:
         - @ConditionalOnClass did not find required class 'org.apache.tomcat.jdbc.pool.DataSource' (OnClassCondition)

   DataSourceJmxConfiguration.TomcatDataSourceJmxConfiguration:
      Did not match:
         - @ConditionalOnClass did not find required class 'org.apache.tomcat.jdbc.pool.DataSourceProxy' (OnClassCondition)

   DataSourcePoolMetadataProvidersConfiguration.CommonsDbcp2PoolDataSourceMetadataProviderConfiguration:
      Did not match:
         - @ConditionalOnClass did not find required class 'org.apache.commons.dbcp2.BasicDataSource' (OnClassCondition)

   DataSourcePoolMetadataProvidersConfiguration.OracleUcpPoolDataSourceMetadataProviderConfiguration:
      Did not match:
         - @ConditionalOnClass did not find required classes 'oracle.ucp.jdbc.PoolDataSource', 'oracle.jdbc.OracleConnection' (OnClassCondition)

   DataSourcePoolMetadataProvidersConfiguration.TomcatDataSourcePoolMetadataProviderConfiguration:
      Did not match:
         - @ConditionalOnClass did not find required class 'org.apache.tomcat.jdbc.pool.DataSource' (OnClassCondition)

   DispatcherServletAutoConfiguration.DispatcherServletConfiguration#multipartResolver:
      Did not match:
         - @ConditionalOnBean (types: org.springframework.web.multipart.MultipartResolver; SearchStrategy: all) did not find any beans of type org.springframework.web.multipart.MultipartResolver (OnBeanCondition)

   EhCacheCacheConfiguration:
      Did not match:
         - @ConditionalOnClass did not find required class 'net.sf.ehcache.Cache' (OnClassCondition)

   ElasticsearchDataAutoConfiguration:
      Did not match:
         - @ConditionalOnClass did not find required class 'org.springframework.data.elasticsearch.core.ElasticsearchRestTemplate' (OnClassCondition)

   ElasticsearchRepositoriesAutoConfiguration:
      Did not match:
         - @ConditionalOnClass did not find required class 'org.elasticsearch.client.Client' (OnClassCondition)

   ElasticsearchRestClientAutoConfiguration:
      Did not match:
         - @ConditionalOnClass did not find required class 'org.elasticsearch.client.RestClientBuilder' (OnClassCondition)

   EmbeddedLdapAutoConfiguration:
      Did not match:
         - @ConditionalOnClass did not find required class 'com.unboundid.ldap.listener.InMemoryDirectoryServer' (OnClassCondition)

   EmbeddedMongoAutoConfiguration:
      Did not match:
         - @ConditionalOnClass did not find required class 'com.mongodb.MongoClientSettings' (OnClassCondition)

   EmbeddedWebServerFactoryCustomizerAutoConfiguration.JettyWebServerFactoryCustomizerConfiguration:
      Did not match:
         - @ConditionalOnClass did not find required classes 'org.eclipse.jetty.server.Server', 'org.eclipse.jetty.util.Loader', 'org.eclipse.jetty.webapp.WebAppContext' (OnClassCondition)

   EmbeddedWebServerFactoryCustomizerAutoConfiguration.NettyWebServerFactoryCustomizerConfiguration:
      Did not match:
         - @ConditionalOnClass did not find required class 'reactor.netty.http.server.HttpServer' (OnClassCondition)

   EmbeddedWebServerFactoryCustomizerAutoConfiguration.UndertowWebServerFactoryCustomizerConfiguration:
      Did not match:
         - @ConditionalOnClass did not find required classes 'io.undertow.Undertow', 'org.xnio.SslClientAuthMode' (OnClassCondition)

   ErrorWebFluxAutoConfiguration:
      Did not match:
         - @ConditionalOnClass did not find required class 'org.springframework.web.reactive.config.WebFluxConfigurer' (OnClassCondition)

   FlywayAutoConfiguration:
      Did not match:
         - @ConditionalOnClass did not find required class 'org.flywaydb.core.Flyway' (OnClassCondition)

   FreeMarkerAutoConfiguration:
      Did not match:
         - @ConditionalOnClass did not find required class 'freemarker.template.Configuration' (OnClassCondition)

   GraphQlAutoConfiguration:
      Did not match:
         - @ConditionalOnClass did not find required class 'graphql.GraphQL' (OnClassCondition)

   GraphQlQueryByExampleAutoConfiguration:
      Did not match:
         - @ConditionalOnClass did not find required class 'graphql.GraphQL' (OnClassCondition)

   GraphQlQuerydslAutoConfiguration:
      Did not match:
         - @ConditionalOnClass did not find required class 'graphql.GraphQL' (OnClassCondition)

   GraphQlRSocketAutoConfiguration:
      Did not match:
         - @ConditionalOnClass did not find required class 'graphql.GraphQL' (OnClassCondition)

   GraphQlReactiveQueryByExampleAutoConfiguration:
      Did not match:
         - @ConditionalOnClass did not find required class 'graphql.GraphQL' (OnClassCondition)

   GraphQlReactiveQuerydslAutoConfiguration:
      Did not match:
         - @ConditionalOnClass did not find required class 'graphql.GraphQL' (OnClassCondition)

   GraphQlWebFluxAutoConfiguration:
      Did not match:
         - @ConditionalOnClass did not find required class 'graphql.GraphQL' (OnClassCondition)

   GraphQlWebFluxSecurityAutoConfiguration:
      Did not match:
         - @ConditionalOnClass did not find required class 'graphql.GraphQL' (OnClassCondition)

   GraphQlWebMvcAutoConfiguration:
      Did not match:
         - @ConditionalOnClass did not find required class 'graphql.GraphQL' (OnClassCondition)

   GraphQlWebMvcSecurityAutoConfiguration:
      Did not match:
         - @ConditionalOnClass did not find required class 'graphql.GraphQL' (OnClassCondition)

   GroovyTemplateAutoConfiguration:
      Did not match:
         - @ConditionalOnClass did not find required class 'groovy.text.markup.MarkupTemplateEngine' (OnClassCondition)

   GsonAutoConfiguration:
      Did not match:
         - @ConditionalOnClass did not find required class 'com.google.gson.Gson' (OnClassCondition)

   GsonHttpMessageConvertersConfiguration:
      Did not match:
         - @ConditionalOnClass did not find required class 'com.google.gson.Gson' (OnClassCondition)

   H2ConsoleAutoConfiguration:
      Did not match:
         - @ConditionalOnClass did not find required class 'org.h2.server.web.WebServlet' (OnClassCondition)

   HazelcastAutoConfiguration:
      Did not match:
         - @ConditionalOnClass did not find required class 'com.hazelcast.core.HazelcastInstance' (OnClassCondition)

   HazelcastCacheConfiguration:
      Did not match:
         - @ConditionalOnClass did not find required class 'com.hazelcast.core.HazelcastInstance' (OnClassCondition)

   HazelcastJpaDependencyAutoConfiguration:
      Did not match:
         - @ConditionalOnClass did not find required class 'com.hazelcast.core.HazelcastInstance' (OnClassCondition)

   HibernateJpaAutoConfiguration:
      Did not match:
         - @ConditionalOnClass did not find required class 'javax.persistence.EntityManager' (OnClassCondition)

   HttpHandlerAutoConfiguration:
      Did not match:
         - @ConditionalOnClass did not find required class 'org.springframework.web.reactive.DispatcherHandler' (OnClassCondition)

   HypermediaAutoConfiguration:
      Did not match:
         - @ConditionalOnClass did not find required class 'org.springframework.hateoas.EntityModel' (OnClassCondition)

   InfinispanCacheConfiguration:
      Did not match:
         - @ConditionalOnClass did not find required class 'org.infinispan.spring.embedded.provider.SpringEmbeddedCacheManager' (OnClassCondition)

   InfluxDbAutoConfiguration:
      Did not match:
         - @ConditionalOnClass did not find required class 'org.influxdb.InfluxDB' (OnClassCondition)

   IntegrationAutoConfiguration:
      Did not match:
         - @ConditionalOnClass did not find required class 'org.springframework.integration.config.EnableIntegration' (OnClassCondition)

   JCacheCacheConfiguration:
      Did not match:
         - @ConditionalOnClass did not find required class 'javax.cache.Caching' (OnClassCondition)

   JacksonHttpMessageConvertersConfiguration.MappingJackson2XmlHttpMessageConverterConfiguration:
      Did not match:
         - @ConditionalOnClass did not find required class 'com.fasterxml.jackson.dataformat.xml.XmlMapper' (OnClassCondition)

   JdbcRepositoriesAutoConfiguration:
      Did not match:
         - @ConditionalOnClass did not find required class 'org.springframework.data.jdbc.repository.config.AbstractJdbcConfiguration' (OnClassCondition)

   JdbcTemplateConfiguration:
      Did not match:
         - @ConditionalOnMissingBean (types: org.springframework.jdbc.core.JdbcOperations; SearchStrategy: all) found beans of type 'org.springframework.jdbc.core.JdbcOperations' jdbcTemplate, centralJdbcTemplate (OnBeanCondition)

   JerseyAutoConfiguration:
      Did not match:
         - @ConditionalOnClass did not find required class 'org.glassfish.jersey.server.spring.SpringComponentProvider' (OnClassCondition)

   JmsAutoConfiguration:
      Did not match:
         - @ConditionalOnClass did not find required class 'javax.jms.Message' (OnClassCondition)

   JmxAutoConfiguration:
      Did not match:
         - @ConditionalOnProperty (spring.jmx.enabled=true) did not find property 'enabled' (OnPropertyCondition)
      Matched:
         - @ConditionalOnClass found required class 'org.springframework.jmx.export.MBeanExporter' (OnClassCondition)

   JndiConnectionFactoryAutoConfiguration:
      Did not match:
         - @ConditionalOnClass did not find required class 'org.springframework.jms.core.JmsTemplate' (OnClassCondition)

   JndiDataSourceAutoConfiguration:
      Did not match:
         - @ConditionalOnProperty (spring.datasource.jndi-name) did not find property 'jndi-name' (OnPropertyCondition)
      Matched:
         - @ConditionalOnClass found required classes 'javax.sql.DataSource', 'org.springframework.jdbc.datasource.embedded.EmbeddedDatabaseType' (OnClassCondition)

   JooqAutoConfiguration:
      Did not match:
         - @ConditionalOnClass did not find required class 'org.jooq.DSLContext' (OnClassCondition)

   JpaRepositoriesAutoConfiguration:
      Did not match:
         - @ConditionalOnClass did not find required class 'org.springframework.data.jpa.repository.JpaRepository' (OnClassCondition)

   JsonbAutoConfiguration:
      Did not match:
         - @ConditionalOnClass did not find required class 'javax.json.bind.Jsonb' (OnClassCondition)

   JsonbHttpMessageConvertersConfiguration:
      Did not match:
         - @ConditionalOnClass did not find required class 'javax.json.bind.Jsonb' (OnClassCondition)

   JtaAutoConfiguration:
      Did not match:
         - @ConditionalOnClass did not find required class 'javax.transaction.Transaction' (OnClassCondition)

   KafkaAutoConfiguration:
      Did not match:
         - @ConditionalOnClass did not find required class 'org.springframework.kafka.core.KafkaTemplate' (OnClassCondition)

   LdapAutoConfiguration:
      Did not match:
         - @ConditionalOnClass did not find required class 'org.springframework.ldap.core.ContextSource' (OnClassCondition)

   LdapRepositoriesAutoConfiguration:
      Did not match:
         - @ConditionalOnClass did not find required class 'org.springframework.data.ldap.repository.LdapRepository' (OnClassCondition)

   LiquibaseAutoConfiguration:
      Did not match:
         - @ConditionalOnClass did not find required class 'liquibase.change.DatabaseChange' (OnClassCondition)

   MailSenderJndiConfiguration:
      Did not match:
         - @ConditionalOnProperty (spring.mail.jndi-name) did not find property 'jndi-name' (OnPropertyCondition)
      Matched:
         - @ConditionalOnClass found required class 'javax.mail.Session' (OnClassCondition)

   MailSenderValidatorAutoConfiguration:
      Did not match:
         - @ConditionalOnProperty (spring.mail.test-connection) did not find property 'test-connection' (OnPropertyCondition)

   MessageSourceAutoConfiguration:
      Did not match:
         - ResourceBundle did not find bundle with basename messages (MessageSourceAutoConfiguration.ResourceBundleCondition)

   MongoAutoConfiguration:
      Did not match:
         - @ConditionalOnClass did not find required class 'com.mongodb.client.MongoClient' (OnClassCondition)

   MongoDataAutoConfiguration:
      Did not match:
         - @ConditionalOnClass did not find required class 'com.mongodb.client.MongoClient' (OnClassCondition)

   MongoReactiveAutoConfiguration:
      Did not match:
         - @ConditionalOnClass did not find required class 'com.mongodb.reactivestreams.client.MongoClient' (OnClassCondition)

   MongoReactiveDataAutoConfiguration:
      Did not match:
         - @ConditionalOnClass did not find required class 'com.mongodb.reactivestreams.client.MongoClient' (OnClassCondition)

   MongoReactiveRepositoriesAutoConfiguration:
      Did not match:
         - @ConditionalOnClass did not find required class 'com.mongodb.reactivestreams.client.MongoClient' (OnClassCondition)

   MongoRepositoriesAutoConfiguration:
      Did not match:
         - @ConditionalOnClass did not find required class 'com.mongodb.client.MongoClient' (OnClassCondition)

   MultipleOpenApiSupportConfiguration:
      Did not match:
         - AnyNestedCondition 0 matched 2 did not; NestedCondition on MultipleOpenApiSupportCondition.OnActuatorDifferentPort @ConditionalOnProperty (springdoc.show-actuator) did not find property 'springdoc.show-actuator'; NestedCondition on MultipleOpenApiSupportCondition.OnMultipleOpenApiSupportCondition AnyNestedCondition 0 matched 2 did not; NestedCondition on MultipleOpenApiGroupsCondition.OnGroupConfigProperty @ConditionalOnProperty (springdoc.group-configs[0].group) did not find property 'springdoc.group-configs[0].group'; NestedCondition on MultipleOpenApiGroupsCondition.OnGroupedOpenApiBean @ConditionalOnBean (types: org.springdoc.core.GroupedOpenApi; SearchStrategy: all) did not find any beans of type org.springdoc.core.GroupedOpenApi (MultipleOpenApiSupportCondition)
      Matched:
         - found 'session' scope (OnWebApplicationCondition)
         - @ConditionalOnProperty (springdoc.api-docs.enabled) matched (OnPropertyCondition)

   MultipleOpenApiSupportConfiguration.SpringDocWebMvcActuatorDifferentConfiguration:
      Did not match:
         - @ConditionalOnClass did not find required class 'org.springframework.boot.actuate.endpoint.web.servlet.WebMvcEndpointHandlerMapping' (OnClassCondition)
         - Ancestor org.springdoc.webmvc.core.MultipleOpenApiSupportConfiguration did not match (ConditionEvaluationReport.AncestorsMatchedCondition)

   MustacheAutoConfiguration:
      Did not match:
         - @ConditionalOnClass did not find required class 'com.samskivert.mustache.Mustache' (OnClassCondition)

   Neo4jAutoConfiguration:
      Did not match:
         - @ConditionalOnClass did not find required class 'org.neo4j.driver.Driver' (OnClassCondition)

   Neo4jDataAutoConfiguration:
      Did not match:
         - @ConditionalOnClass did not find required class 'org.neo4j.driver.Driver' (OnClassCondition)

   Neo4jReactiveDataAutoConfiguration:
      Did not match:
         - @ConditionalOnClass did not find required class 'org.neo4j.driver.Driver' (OnClassCondition)

   Neo4jReactiveRepositoriesAutoConfiguration:
      Did not match:
         - @ConditionalOnClass did not find required class 'org.neo4j.driver.Driver' (OnClassCondition)

   Neo4jRepositoriesAutoConfiguration:
      Did not match:
         - @ConditionalOnClass did not find required class 'org.neo4j.driver.Driver' (OnClassCondition)

   NettyAutoConfiguration:
      Did not match:
         - @ConditionalOnClass did not find required class 'io.netty.util.NettyRuntime' (OnClassCondition)

   OAuth2ClientAutoConfiguration:
      Did not match:
         - @ConditionalOnClass did not find required class 'org.springframework.security.config.annotation.web.configuration.EnableWebSecurity' (OnClassCondition)

   OAuth2ResourceServerAutoConfiguration:
      Did not match:
         - @ConditionalOnClass did not find required class 'org.springframework.security.oauth2.server.resource.BearerTokenAuthenticationToken' (OnClassCondition)

   ProjectInfoAutoConfiguration#buildProperties:
      Did not match:
         - @ConditionalOnResource did not find resource '${spring.info.build.location:classpath:META-INF/build-info.properties}' (OnResourceCondition)

   ProjectInfoAutoConfiguration#gitProperties:
      Did not match:
         - GitResource did not find git info at classpath:git.properties (ProjectInfoAutoConfiguration.GitResourceAvailableCondition)

   QuartzAutoConfiguration:
      Did not match:
         - @ConditionalOnClass did not find required class 'org.quartz.Scheduler' (OnClassCondition)

   R2dbcAutoConfiguration:
      Did not match:
         - @ConditionalOnClass did not find required class 'io.r2dbc.spi.ConnectionFactory' (OnClassCondition)

   R2dbcDataAutoConfiguration:
      Did not match:
         - @ConditionalOnClass did not find required class 'org.springframework.data.r2dbc.core.R2dbcEntityTemplate' (OnClassCondition)

   R2dbcInitializationConfiguration:
      Did not match:
         - @ConditionalOnClass did not find required classes 'io.r2dbc.spi.ConnectionFactory', 'org.springframework.r2dbc.connection.init.DatabasePopulator' (OnClassCondition)

   R2dbcRepositoriesAutoConfiguration:
      Did not match:
         - @ConditionalOnClass did not find required class 'io.r2dbc.spi.ConnectionFactory' (OnClassCondition)

   R2dbcTransactionManagerAutoConfiguration:
      Did not match:
         - @ConditionalOnClass did not find required class 'org.springframework.r2dbc.connection.R2dbcTransactionManager' (OnClassCondition)

   RSocketGraphQlClientAutoConfiguration:
      Did not match:
         - @ConditionalOnClass did not find required class 'graphql.GraphQL' (OnClassCondition)

   RSocketMessagingAutoConfiguration:
      Did not match:
         - @ConditionalOnClass did not find required class 'io.rsocket.RSocket' (OnClassCondition)

   RSocketRequesterAutoConfiguration:
      Did not match:
         - @ConditionalOnClass did not find required class 'io.rsocket.RSocket' (OnClassCondition)

   RSocketSecurityAutoConfiguration:
      Did not match:
         - @ConditionalOnClass did not find required class 'org.springframework.security.rsocket.core.SecuritySocketAcceptorInterceptor' (OnClassCondition)

   RSocketServerAutoConfiguration:
      Did not match:
         - @ConditionalOnClass did not find required class 'io.rsocket.core.RSocketServer' (OnClassCondition)

   RSocketStrategiesAutoConfiguration:
      Did not match:
         - @ConditionalOnClass did not find required class 'io.netty.buffer.PooledByteBufAllocator' (OnClassCondition)

   RabbitAutoConfiguration:
      Did not match:
         - @ConditionalOnClass did not find required class 'com.rabbitmq.client.Channel' (OnClassCondition)

   ReactiveElasticsearchRepositoriesAutoConfiguration:
      Did not match:
         - @ConditionalOnClass did not find required class 'org.springframework.data.elasticsearch.client.reactive.ReactiveElasticsearchClient' (OnClassCondition)

   ReactiveElasticsearchRestClientAutoConfiguration:
      Did not match:
         - @ConditionalOnClass did not find required class 'reactor.netty.http.client.HttpClient' (OnClassCondition)

   ReactiveMultipartAutoConfiguration:
      Did not match:
         - @ConditionalOnClass did not find required class 'org.springframework.web.reactive.config.WebFluxConfigurer' (OnClassCondition)

   ReactiveOAuth2ClientAutoConfiguration:
      Did not match:
         - @ConditionalOnClass did not find required class 'reactor.core.publisher.Flux' (OnClassCondition)

   ReactiveOAuth2ResourceServerAutoConfiguration:
      Did not match:
         - @ConditionalOnClass did not find required class 'org.springframework.security.config.annotation.web.reactive.EnableWebFluxSecurity' (OnClassCondition)

   ReactiveSecurityAutoConfiguration:
      Did not match:
         - @ConditionalOnClass did not find required class 'reactor.core.publisher.Flux' (OnClassCondition)

   ReactiveUserDetailsServiceAutoConfiguration:
      Did not match:
         - @ConditionalOnClass did not find required class 'org.springframework.security.authentication.ReactiveAuthenticationManager' (OnClassCondition)

   ReactiveWebServerFactoryAutoConfiguration:
      Did not match:
         - @ConditionalOnWebApplication did not find reactive web application classes (OnWebApplicationCondition)

   RedisAutoConfiguration:
      Did not match:
         - @ConditionalOnClass did not find required class 'org.springframework.data.redis.core.RedisOperations' (OnClassCondition)

   RedisCacheConfiguration:
      Did not match:
         - @ConditionalOnClass did not find required class 'org.springframework.data.redis.connection.RedisConnectionFactory' (OnClassCondition)

   RedisReactiveAutoConfiguration:
      Did not match:
         - @ConditionalOnClass did not find required class 'reactor.core.publisher.Flux' (OnClassCondition)

   RedisRepositoriesAutoConfiguration:
      Did not match:
         - @ConditionalOnClass did not find required class 'org.springframework.data.redis.repository.configuration.EnableRedisRepositories' (OnClassCondition)

   RepositoryRestMvcAutoConfiguration:
      Did not match:
         - @ConditionalOnClass did not find required class 'org.springframework.data.rest.webmvc.config.RepositoryRestMvcConfiguration' (OnClassCondition)

   Saml2RelyingPartyAutoConfiguration:
      Did not match:
         - @ConditionalOnClass did not find required class 'org.springframework.security.saml2.provider.service.registration.RelyingPartyRegistrationRepository' (OnClassCondition)

   SecurityAutoConfiguration:
      Did not match:
         - @ConditionalOnClass did not find required class 'org.springframework.security.authentication.DefaultAuthenticationEventPublisher' (OnClassCondition)

   SecurityFilterAutoConfiguration:
      Did not match:
         - @ConditionalOnClass did not find required class 'org.springframework.security.config.http.SessionCreationPolicy' (OnClassCondition)

   SendGridAutoConfiguration:
      Did not match:
         - @ConditionalOnClass did not find required class 'com.sendgrid.SendGrid' (OnClassCondition)

   ServletWebServerFactoryAutoConfiguration.ForwardedHeaderFilterConfiguration:
      Did not match:
         - @ConditionalOnProperty (server.forward-headers-strategy=framework) did not find property 'server.forward-headers-strategy' (OnPropertyCondition)

   ServletWebServerFactoryConfiguration.EmbeddedJetty:
      Did not match:
         - @ConditionalOnClass did not find required classes 'org.eclipse.jetty.server.Server', 'org.eclipse.jetty.util.Loader', 'org.eclipse.jetty.webapp.WebAppContext' (OnClassCondition)

   ServletWebServerFactoryConfiguration.EmbeddedUndertow:
      Did not match:
         - @ConditionalOnClass did not find required classes 'io.undertow.Undertow', 'org.xnio.SslClientAuthMode' (OnClassCondition)

   SessionAutoConfiguration:
      Did not match:
         - @ConditionalOnClass did not find required class 'org.springframework.session.Session' (OnClassCondition)

   SolrAutoConfiguration:
      Did not match:
         - @ConditionalOnClass did not find required class 'org.apache.solr.client.solrj.impl.CloudSolrClient' (OnClassCondition)

   SpringApplicationAdminJmxAutoConfiguration:
      Did not match:
         - @ConditionalOnProperty (spring.application.admin.enabled=true) did not find property 'enabled' (OnPropertyCondition)

   SpringDataWebAutoConfiguration:
      Did not match:
         - @ConditionalOnClass did not find required class 'org.springframework.data.web.PageableHandlerMethodArgumentResolver' (OnClassCondition)

   SpringDocConfiguration#propertiesResolverForSchema:
      Did not match:
         - @ConditionalOnProperty (springdoc.api-docs.resolve-schema-properties) did not find property 'springdoc.api-docs.resolve-schema-properties' (OnPropertyCondition)

   SpringDocConfiguration#propertyCustomizingConverter:
      Did not match:
         - @ConditionalOnBean (types: org.springdoc.core.customizers.PropertyCustomizer; SearchStrategy: all) did not find any beans of type org.springdoc.core.customizers.PropertyCustomizer (OnBeanCondition)

   SpringDocConfiguration#springdocBeanFactoryPostProcessor:
      Did not match:
         - AnyNestedCondition 0 matched 2 did not; NestedCondition on CacheOrGroupedOpenApiCondition.OnCacheDisabled found non-matching nested conditions @ConditionalOnProperty (springdoc.cache.disabled) did not find property 'springdoc.cache.disabled'; NestedCondition on CacheOrGroupedOpenApiCondition.OnMultipleOpenApiSupportCondition AnyNestedCondition 0 matched 2 did not; NestedCondition on MultipleOpenApiSupportCondition.OnActuatorDifferentPort @ConditionalOnProperty (springdoc.show-actuator) did not find property 'springdoc.show-actuator'; NestedCondition on MultipleOpenApiSupportCondition.OnMultipleOpenApiSupportCondition AnyNestedCondition 0 matched 2 did not; NestedCondition on MultipleOpenApiGroupsCondition.OnGroupConfigProperty @ConditionalOnProperty (springdoc.group-configs[0].group) did not find property 'springdoc.group-configs[0].group'; NestedCondition on MultipleOpenApiGroupsCondition.OnGroupedOpenApiBean @ConditionalOnBean (types: org.springdoc.core.GroupedOpenApi; SearchStrategy: all) did not find any beans of type org.springdoc.core.GroupedOpenApi (CacheOrGroupedOpenApiCondition)
      Matched:
         - @ConditionalOnClass found required class 'org.springframework.boot.context.properties.bind.BindResult' (OnClassCondition)

   SpringDocConfiguration#springdocBeanFactoryPostProcessor2:
      Did not match:
         - @ConditionalOnMissingClass found unwanted class 'org.springframework.boot.context.properties.bind.BindResult' (OnClassCondition)

   SpringDocConfiguration.SpringDocActuatorConfiguration:
      Did not match:
         - @ConditionalOnClass did not find required class 'org.springframework.boot.actuate.autoconfigure.endpoint.web.WebEndpointProperties' (OnClassCondition)

   SpringDocConfiguration.SpringDocFunctionCatalogConfiguration:
      Did not match:
         - @ConditionalOnClass did not find required class 'org.springframework.cloud.function.web.function.FunctionEndpointInitializer' (OnClassCondition)

   SpringDocConfiguration.SpringDocPageableConfiguration:
      Did not match:
         - @ConditionalOnClass did not find required class 'org.springframework.data.domain.Pageable' (OnClassCondition)

   SpringDocConfiguration.SpringDocRepositoryRestConfiguration:
      Did not match:
         - @ConditionalOnClass did not find required class 'org.springframework.data.rest.core.config.RepositoryRestConfiguration' (OnClassCondition)

   SpringDocConfiguration.SpringDocSortConfiguration:
      Did not match:
         - @ConditionalOnClass did not find required class 'org.springframework.data.domain.Sort' (OnClassCondition)

   SpringDocConfiguration.SpringDocWebFluxSupportConfiguration:
      Did not match:
         - @ConditionalOnClass did not find required class 'reactor.core.publisher.Flux' (OnClassCondition)

   SpringDocWebMvcConfiguration.SpringDocWebMvcActuatorConfiguration:
      Did not match:
         - @ConditionalOnClass did not find required class 'org.springframework.boot.actuate.endpoint.web.servlet.WebMvcEndpointHandlerMapping' (OnClassCondition)

   SwaggerConfig#springWebProvider:
      Did not match:
         - @ConditionalOnMissingBean (types: org.springdoc.core.providers.SpringWebProvider; SearchStrategy: all) found beans of type 'org.springdoc.core.providers.SpringWebProvider' springWebProvider (OnBeanCondition)

   SwaggerConfig#swaggerUiConfigParameters:
      Did not match:
         - @ConditionalOnMissingBean (types: org.springdoc.core.SwaggerUiConfigParameters; SearchStrategy: all) found beans of type 'org.springdoc.core.SwaggerUiConfigParameters' org.springdoc.core.SwaggerUiConfigParameters (OnBeanCondition)

   SwaggerConfig#swaggerUiHome:
      Did not match:
         - @ConditionalOnProperty (springdoc.swagger-ui.use-root-path=true) did not find property 'springdoc.swagger-ui.use-root-path' (OnPropertyCondition)

   SwaggerConfig.SwaggerActuatorWelcomeConfiguration:
      Did not match:
         - @ConditionalOnClass did not find required class 'org.springframework.boot.actuate.endpoint.web.servlet.WebMvcEndpointHandlerMapping' (OnClassCondition)

   TaskSchedulingAutoConfiguration#scheduledBeanLazyInitializationExcludeFilter:
      Did not match:
         - @ConditionalOnBean (names: org.springframework.context.annotation.internalScheduledAnnotationProcessor; SearchStrategy: all) did not find any beans named org.springframework.context.annotation.internalScheduledAnnotationProcessor (OnBeanCondition)

   TaskSchedulingAutoConfiguration#taskScheduler:
      Did not match:
         - @ConditionalOnBean (names: org.springframework.context.annotation.internalScheduledAnnotationProcessor; SearchStrategy: all) did not find any beans named org.springframework.context.annotation.internalScheduledAnnotationProcessor (OnBeanCondition)

   ThymeleafAutoConfiguration:
      Did not match:
         - @ConditionalOnClass did not find required class 'org.thymeleaf.spring5.SpringTemplateEngine' (OnClassCondition)

   TransactionAutoConfiguration#transactionalOperator:
      Did not match:
         - @ConditionalOnSingleCandidate (types: org.springframework.transaction.ReactiveTransactionManager; SearchStrategy: all) did not find any beans (OnBeanCondition)

   TransactionAutoConfiguration.AspectJTransactionManagementConfiguration:
      Did not match:
         - @ConditionalOnBean did not find required type 'org.springframework.transaction.aspectj.AbstractTransactionAspect' (OnBeanCondition)
         - @ConditionalOnBean (types: org.springframework.transaction.aspectj.AbstractTransactionAspect; SearchStrategy: all) did not find any beans of type org.springframework.transaction.aspectj.AbstractTransactionAspect (OnBeanCondition)

   TransactionAutoConfiguration.EnableTransactionManagementConfiguration.JdkDynamicAutoProxyConfiguration:
      Did not match:
         - @ConditionalOnProperty (spring.aop.proxy-target-class=false) did not find property 'proxy-target-class' (OnPropertyCondition)

   UserDetailsServiceAutoConfiguration:
      Did not match:
         - @ConditionalOnClass did not find required class 'org.springframework.security.authentication.AuthenticationManager' (OnClassCondition)

   WebClientAutoConfiguration:
      Did not match:
         - @ConditionalOnClass did not find required class 'org.springframework.web.reactive.function.client.WebClient' (OnClassCondition)

   WebFluxAutoConfiguration:
      Did not match:
         - @ConditionalOnClass did not find required class 'org.springframework.web.reactive.config.WebFluxConfigurer' (OnClassCondition)

   WebMvcAutoConfiguration#hiddenHttpMethodFilter:
      Did not match:
         - @ConditionalOnProperty (spring.mvc.hiddenmethod.filter.enabled) did not find property 'enabled' (OnPropertyCondition)

   WebMvcAutoConfiguration.ResourceChainCustomizerConfiguration:
      Did not match:
         - @ConditionalOnEnabledResourceChain did not find class org.webjars.WebJarAssetLocator (OnEnabledResourceChainCondition)

   WebMvcAutoConfiguration.WebMvcAutoConfigurationAdapter#beanNameViewResolver:
      Did not match:
         - @ConditionalOnMissingBean (types: org.springframework.web.servlet.view.BeanNameViewResolver; SearchStrategy: all) found beans of type 'org.springframework.web.servlet.view.BeanNameViewResolver' beanNameViewResolver (OnBeanCondition)

   WebServiceTemplateAutoConfiguration:
      Did not match:
         - @ConditionalOnClass did not find required class 'org.springframework.oxm.Marshaller' (OnClassCondition)

   WebServicesAutoConfiguration:
      Did not match:
         - @ConditionalOnClass did not find required class 'org.springframework.ws.transport.http.MessageDispatcherServlet' (OnClassCondition)

   WebSessionIdResolverAutoConfiguration:
      Did not match:
         - @ConditionalOnClass did not find required class 'reactor.core.publisher.Mono' (OnClassCondition)

   WebSocketMessagingAutoConfiguration:
      Did not match:
         - @ConditionalOnClass did not find required class 'org.springframework.web.socket.config.annotation.WebSocketMessageBrokerConfigurer' (OnClassCondition)

   WebSocketReactiveAutoConfiguration:
      Did not match:
         - @ConditionalOnWebApplication did not find reactive web application classes (OnWebApplicationCondition)

   WebSocketServletAutoConfiguration.Jetty10WebSocketConfiguration:
      Did not match:
         - @ConditionalOnClass did not find required classes 'org.eclipse.jetty.websocket.javax.server.internal.JavaxWebSocketServerContainer', 'org.eclipse.jetty.websocket.server.JettyWebSocketServerContainer' (OnClassCondition)

   WebSocketServletAutoConfiguration.JettyWebSocketConfiguration:
      Did not match:
         - @ConditionalOnClass did not find required class 'org.eclipse.jetty.websocket.jsr356.server.deploy.WebSocketServerContainerInitializer' (OnClassCondition)

   WebSocketServletAutoConfiguration.UndertowWebSocketConfiguration:
      Did not match:
         - @ConditionalOnClass did not find required class 'io.undertow.websockets.jsr.Bootstrap' (OnClassCondition)

   XADataSourceAutoConfiguration:
      Did not match:
         - @ConditionalOnClass did not find required class 'javax.transaction.TransactionManager' (OnClassCondition)


Exclusions:
-----------

    None


Unconditional classes:
----------------------

    org.springframework.boot.autoconfigure.context.ConfigurationPropertiesAutoConfiguration

    org.springframework.boot.autoconfigure.context.LifecycleAutoConfiguration

    org.springframework.boot.autoconfigure.context.PropertyPlaceholderAutoConfiguration

    org.springframework.boot.autoconfigure.availability.ApplicationAvailabilityAutoConfiguration

    org.springframework.boot.autoconfigure.info.ProjectInfoAutoConfiguration



2026-03-27 18:25:41.023  INFO 22644 --- [           main] c.e.T.TigoStarSystemApplication          : Started TigoStarSystemApplication in 5.707 seconds (JVM running for 6.053)
2026-03-27 18:25:41.024 DEBUG 22644 --- [           main] o.s.b.a.ApplicationAvailabilityBean      : Application availability state LivenessState changed to CORRECT
2026-03-27 18:25:41.025  INFO 22644 --- [           main] c.e.T.config.StartupInfoLogger           : spring.profiles.active=[]
2026-03-27 18:25:41.028  INFO 22644 --- [           main] c.e.T.config.StartupInfoLogger           : spring.datasource.url=jdbc:sqlserver://tigo.makiro.com.bo;databaseName=BDSistemaAntenaUTecnico;encrypt=false;trustServerCertificate=true
2026-03-27 18:25:41.028  INFO 22644 --- [           main] c.e.T.config.StartupInfoLogger           : spring.datasource.driver-class-name=com.microsoft.sqlserver.jdbc.SQLServerDriver
2026-03-27 18:25:41.029  INFO 22644 --- [           main] c.e.T.config.StartupInfoLogger           : app.central.datasource.url=jdbc:sqlserver://172.16.0.13;databaseName=BDControlOrdenes;encrypt=false;trustServerCertificate=true
2026-03-27 18:25:41.030  INFO 22644 --- [           main] c.e.T.config.StartupInfoLogger           : app.central.datasource.driver-class-name=com.microsoft.sqlserver.jdbc.SQLServerDriver
2026-03-27 18:25:41.030  INFO 22644 --- [           main] c.e.T.config.StartupInfoLogger           : app.cuadrilla.mail.enabled=true
2026-03-27 18:25:41.031  INFO 22644 --- [           main] c.e.T.config.StartupInfoLogger           : app.cuadrilla.mail.to=cabrerajosue715@gmail.com
2026-03-27 18:25:41.032  INFO 22644 --- [           main] c.e.T.config.StartupInfoLogger           : app.cuadrilla.mail.from=sistemas_sc@makiro.com.bo
2026-03-27 18:25:41.032  INFO 22644 --- [           main] c.e.T.config.StartupInfoLogger           : spring.mail.host=vps-1537170-x.dattaweb.com
2026-03-27 18:25:41.033  INFO 22644 --- [           main] c.e.T.config.StartupInfoLogger           : spring.mail.port=587
2026-03-27 18:25:41.034  INFO 22644 --- [           main] c.e.T.config.StartupInfoLogger           : java.version=1.8.0_471
2026-03-27 18:25:41.036  INFO 22644 --- [           main] c.e.T.config.StartupInfoLogger           : java.home=C:\Program Files\Java\jdk-1.8\jre
2026-03-27 18:25:41.037  INFO 22644 --- [           main] c.e.T.config.StartupInfoLogger           : java.security.properties=null
2026-03-27 18:25:41.038  INFO 22644 --- [           main] c.e.T.config.StartupInfoLogger           : jdk.tls.client.protocols=TLSv1,TLSv1.1,TLSv1.2
2026-03-27 18:25:41.038  INFO 22644 --- [           main] c.e.T.config.StartupInfoLogger           : https.protocols=TLSv1,TLSv1.1,TLSv1.2
2026-03-27 18:25:41.039  INFO 22644 --- [           main] c.e.T.config.StartupInfoLogger           : jdk.tls.disabledAlgorithms=null
2026-03-27 18:25:41.041 DEBUG 22644 --- [           main] o.s.b.a.ApplicationAvailabilityBean      : Application availability state ReadinessState changed to ACCEPTING_TRAFFIC
2026-03-27 18:25:41.068  INFO 22644 --- [nio-8089-exec-2] o.a.c.c.C.[Tomcat].[localhost].[/]       : Initializing Spring DispatcherServlet 'dispatcherServlet'
2026-03-27 18:25:41.069  INFO 22644 --- [nio-8089-exec-2] o.s.web.servlet.DispatcherServlet        : Initializing Servlet 'dispatcherServlet'
2026-03-27 18:25:41.070 DEBUG 22644 --- [nio-8089-exec-2] o.s.web.servlet.DispatcherServlet        : Detected StandardServletMultipartResolver
2026-03-27 18:25:41.070 DEBUG 22644 --- [nio-8089-exec-2] o.s.web.servlet.DispatcherServlet        : Detected AcceptHeaderLocaleResolver
2026-03-27 18:25:41.071 DEBUG 22644 --- [nio-8089-exec-2] o.s.web.servlet.DispatcherServlet        : Detected FixedThemeResolver
2026-03-27 18:25:41.072 DEBUG 22644 --- [nio-8089-exec-2] o.s.web.servlet.DispatcherServlet        : Detected org.springframework.web.servlet.view.DefaultRequestToViewNameTranslator@3dad9790
2026-03-27 18:25:41.073 DEBUG 22644 --- [nio-8089-exec-2] o.s.web.servlet.DispatcherServlet        : Detected org.springframework.web.servlet.support.SessionFlashMapManager@1496c7a6
2026-03-27 18:25:41.074 DEBUG 22644 --- [nio-8089-exec-2] o.s.web.servlet.DispatcherServlet        : enableLoggingRequestDetails='false': request parameters and headers will be masked to prevent unsafe logging of potentially sensitive data
2026-03-27 18:25:41.074  INFO 22644 --- [nio-8089-exec-2] o.s.web.servlet.DispatcherServlet        : Completed initialization in 4 ms
2026-03-27 18:25:41.092 DEBUG 22644 --- [nio-8089-exec-6] o.s.web.servlet.DispatcherServlet        : GET "/catalogos/tipo-servicio", parameters={}
2026-03-27 18:25:41.092 DEBUG 22644 --- [nio-8089-exec-4] o.s.web.servlet.DispatcherServlet        : GET "/catalogos/estados", parameters={}
2026-03-27 18:25:41.092 DEBUG 22644 --- [nio-8089-exec-5] o.s.web.servlet.DispatcherServlet        : GET "/catalogos/rutas?tecnicoId=98", parameters={masked}
2026-03-27 18:25:41.092 DEBUG 22644 --- [nio-8089-exec-1] o.s.web.servlet.DispatcherServlet        : GET "/ot/spx_ObtenerCaberaVentaParaRegistroOTwb?clienteNro=2620591&ot=28759209&tor=A01&grupo=GRUPO+M24_KEVIN+GEOVANI&tecnicoNombre=KEVIN+GEOVANI+BARROSO+NAVA", parameters={masked}
2026-03-27 18:25:41.095 DEBUG 22644 --- [nio-8089-exec-1] s.w.s.m.m.a.RequestMappingHandlerMapping : Mapped to com.example.TigoStarSystem.ot.controller.OtController#obtenerCabeceraVentaParaRegistroOtWb(String, Integer, Integer, String, String, String)
2026-03-27 18:25:41.095 DEBUG 22644 --- [nio-8089-exec-4] s.w.s.m.m.a.RequestMappingHandlerMapping : Mapped to com.example.TigoStarSystem.catalogo.controller.CatalogoController#listarEstados()
2026-03-27 18:25:41.095 DEBUG 22644 --- [nio-8089-exec-6] s.w.s.m.m.a.RequestMappingHandlerMapping : Mapped to com.example.TigoStarSystem.catalogo.controller.CatalogoController#listarTipoServicio()
2026-03-27 18:25:41.095 DEBUG 22644 --- [nio-8089-exec-5] s.w.s.m.m.a.RequestMappingHandlerMapping : Mapped to com.example.TigoStarSystem.catalogo.controller.CatalogoController#listarRutas(Integer)
2026-03-27 18:25:41.170 DEBUG 22644 --- [nio-8089-exec-4] o.s.jdbc.core.JdbcTemplate               : Executing SQL query [EXEC sp_ObtenerEstado]
2026-03-27 18:25:41.170 DEBUG 22644 --- [nio-8089-exec-6] o.s.jdbc.core.JdbcTemplate               : Executing SQL query [EXEC spx_ObtenerTipoServicio]
2026-03-27 18:25:41.170 DEBUG 22644 --- [nio-8089-exec-5] o.s.jdbc.core.JdbcTemplate               : Executing prepared SQL query
2026-03-27 18:25:41.172 DEBUG 22644 --- [nio-8089-exec-5] o.s.jdbc.core.JdbcTemplate               : Executing prepared SQL statement [EXEC spx_ObtenerRutaXIdTecnico ?]
2026-03-27 18:25:41.172 DEBUG 22644 --- [nio-8089-exec-4] o.s.jdbc.datasource.DataSourceUtils      : Fetching JDBC Connection from DataSource
2026-03-27 18:25:41.172 DEBUG 22644 --- [nio-8089-exec-6] o.s.jdbc.datasource.DataSourceUtils      : Fetching JDBC Connection from DataSource
2026-03-27 18:25:41.173 DEBUG 22644 --- [nio-8089-exec-5] o.s.jdbc.datasource.DataSourceUtils      : Fetching JDBC Connection from DataSource
2026-03-27 18:25:41.173 DEBUG 22644 --- [nio-8089-exec-4] com.zaxxer.hikari.HikariConfig           : HikariPool-1 - configuration:
2026-03-27 18:25:41.176 DEBUG 22644 --- [nio-8089-exec-4] com.zaxxer.hikari.HikariConfig           : allowPoolSuspension................................false
2026-03-27 18:25:41.177 DEBUG 22644 --- [nio-8089-exec-4] com.zaxxer.hikari.HikariConfig           : autoCommit................................true
2026-03-27 18:25:41.177 DEBUG 22644 --- [nio-8089-exec-4] com.zaxxer.hikari.HikariConfig           : catalog................................none
2026-03-27 18:25:41.180 DEBUG 22644 --- [nio-8089-exec-4] com.zaxxer.hikari.HikariConfig           : connectionInitSql................................none
2026-03-27 18:25:41.180 DEBUG 22644 --- [nio-8089-exec-4] com.zaxxer.hikari.HikariConfig           : connectionTestQuery................................"SELECT 1"
2026-03-27 18:25:41.181 DEBUG 22644 --- [nio-8089-exec-4] com.zaxxer.hikari.HikariConfig           : connectionTimeout................................15000
2026-03-27 18:25:41.182 DEBUG 22644 --- [nio-8089-exec-4] com.zaxxer.hikari.HikariConfig           : dataSource................................none
2026-03-27 18:25:41.182 DEBUG 22644 --- [nio-8089-exec-4] com.zaxxer.hikari.HikariConfig           : dataSourceClassName................................none
2026-03-27 18:25:41.183 DEBUG 22644 --- [nio-8089-exec-4] com.zaxxer.hikari.HikariConfig           : dataSourceJNDI................................none
2026-03-27 18:25:41.183 DEBUG 22644 --- [nio-8089-exec-1] .m.m.a.ExceptionHandlerExceptionResolver : Using @ExceptionHandler com.example.TigoStarSystem.common.GlobalExceptionHandler#handleApiException(ApiException, HttpServletRequest)
2026-03-27 18:25:41.184 DEBUG 22644 --- [nio-8089-exec-4] com.zaxxer.hikari.HikariConfig           : dataSourceProperties................................{trustServerCertificate=true, password=<masked>, encrypt=false}
2026-03-27 18:25:41.185 DEBUG 22644 --- [nio-8089-exec-4] com.zaxxer.hikari.HikariConfig           : driverClassName................................"com.microsoft.sqlserver.jdbc.SQLServerDriver"
2026-03-27 18:25:41.185 DEBUG 22644 --- [nio-8089-exec-4] com.zaxxer.hikari.HikariConfig           : exceptionOverrideClassName................................none
2026-03-27 18:25:41.188 DEBUG 22644 --- [nio-8089-exec-4] com.zaxxer.hikari.HikariConfig           : healthCheckProperties................................{}
2026-03-27 18:25:41.189 DEBUG 22644 --- [nio-8089-exec-4] com.zaxxer.hikari.HikariConfig           : healthCheckRegistry................................none
2026-03-27 18:25:41.190 DEBUG 22644 --- [nio-8089-exec-4] com.zaxxer.hikari.HikariConfig           : idleTimeout................................300000
2026-03-27 18:25:41.190 DEBUG 22644 --- [nio-8089-exec-4] com.zaxxer.hikari.HikariConfig           : initializationFailTimeout................................-1
2026-03-27 18:25:41.191 DEBUG 22644 --- [nio-8089-exec-4] com.zaxxer.hikari.HikariConfig           : isolateInternalQueries................................false
2026-03-27 18:25:41.191 DEBUG 22644 --- [nio-8089-exec-4] com.zaxxer.hikari.HikariConfig           : jdbcUrl................................jdbc:sqlserver://tigo.makiro.com.bo;databaseName=BDSistemaAntenaUTecnico;encrypt=false;trustServerCertificate=true
2026-03-27 18:25:41.192 DEBUG 22644 --- [nio-8089-exec-4] com.zaxxer.hikari.HikariConfig           : keepaliveTime................................120000
2026-03-27 18:25:41.193 DEBUG 22644 --- [nio-8089-exec-4] com.zaxxer.hikari.HikariConfig           : leakDetectionThreshold................................0
2026-03-27 18:25:41.193 DEBUG 22644 --- [nio-8089-exec-4] com.zaxxer.hikari.HikariConfig           : maxLifetime................................900000
2026-03-27 18:25:41.194 DEBUG 22644 --- [nio-8089-exec-4] com.zaxxer.hikari.HikariConfig           : maximumPoolSize................................10
2026-03-27 18:25:41.196 DEBUG 22644 --- [nio-8089-exec-4] com.zaxxer.hikari.HikariConfig           : metricRegistry................................none
2026-03-27 18:25:41.197 DEBUG 22644 --- [nio-8089-exec-4] com.zaxxer.hikari.HikariConfig           : metricsTrackerFactory................................none
2026-03-27 18:25:41.197 DEBUG 22644 --- [nio-8089-exec-4] com.zaxxer.hikari.HikariConfig           : minimumIdle................................0
2026-03-27 18:25:41.198 DEBUG 22644 --- [nio-8089-exec-4] com.zaxxer.hikari.HikariConfig           : password................................<masked>
2026-03-27 18:25:41.199 DEBUG 22644 --- [nio-8089-exec-4] com.zaxxer.hikari.HikariConfig           : poolName................................"HikariPool-1"
2026-03-27 18:25:41.200 DEBUG 22644 --- [nio-8089-exec-4] com.zaxxer.hikari.HikariConfig           : readOnly................................false
2026-03-27 18:25:41.200 DEBUG 22644 --- [nio-8089-exec-4] com.zaxxer.hikari.HikariConfig           : registerMbeans................................false
2026-03-27 18:25:41.201 DEBUG 22644 --- [nio-8089-exec-4] com.zaxxer.hikari.HikariConfig           : scheduledExecutor................................none
2026-03-27 18:25:41.201 DEBUG 22644 --- [nio-8089-exec-4] com.zaxxer.hikari.HikariConfig           : schema................................none
2026-03-27 18:25:41.202 DEBUG 22644 --- [nio-8089-exec-4] com.zaxxer.hikari.HikariConfig           : threadFactory................................internal
2026-03-27 18:25:41.203 DEBUG 22644 --- [nio-8089-exec-4] com.zaxxer.hikari.HikariConfig           : transactionIsolation................................default
2026-03-27 18:25:41.205 DEBUG 22644 --- [nio-8089-exec-4] com.zaxxer.hikari.HikariConfig           : username................................"sistemas"
2026-03-27 18:25:41.206 DEBUG 22644 --- [nio-8089-exec-4] com.zaxxer.hikari.HikariConfig           : validationTimeout................................5000
2026-03-27 18:25:41.207  INFO 22644 --- [nio-8089-exec-4] com.zaxxer.hikari.HikariDataSource       : HikariPool-1 - Starting...
2026-03-27 18:25:41.208  INFO 22644 --- [nio-8089-exec-4] com.zaxxer.hikari.HikariDataSource       : HikariPool-1 - Start completed.
2026-03-27 18:25:41.214 DEBUG 22644 --- [nio-8089-exec-1] o.s.w.s.m.m.a.HttpEntityMethodProcessor  : Using 'application/json', given [application/json, text/plain, */*] and supported [application/json, application/*+json, application/json, application/*+json]
2026-03-27 18:25:41.215 DEBUG 22644 --- [nio-8089-exec-1] o.s.w.s.m.m.a.HttpEntityMethodProcessor  : Writing [com.example.TigoStarSystem.common.ApiError@2d82454e]
2026-03-27 18:25:41.226 DEBUG 22644 --- [nio-8089-exec-1] .m.m.a.ExceptionHandlerExceptionResolver : Resolved [com.example.TigoStarSystem.common.ApiException: Sesión inválida.]
2026-03-27 18:25:41.227 DEBUG 22644 --- [nio-8089-exec-1] o.s.web.servlet.DispatcherServlet        : Completed 401 UNAUTHORIZED
2026-03-27 18:25:41.271 DEBUG 22644 --- [nio-8089-exec-7] o.s.web.servlet.DispatcherServlet        : GET "/ot/spx_ObtenerCaberaVentaParaRegistroOTwb?clienteNro=2620591&ot=28759209&tor=A01&grupo=GRUPO+M24_KEVIN+GEOVANI&tecnicoNombre=KEVIN+GEOVANI+BARROSO+NAVA", parameters={masked}
2026-03-27 18:25:41.277 DEBUG 22644 --- [nio-8089-exec-8] o.s.web.servlet.DispatcherServlet        : GET "/auth/sucursales", parameters={}
2026-03-27 18:25:41.312 DEBUG 22644 --- [l-1 housekeeper] com.zaxxer.hikari.pool.HikariPool        : HikariPool-1 - Before cleanup stats (total=0, active=0, idle=0, waiting=3)
2026-03-27 18:25:41.337 DEBUG 22644 --- [nio-8089-exec-7] s.w.s.m.m.a.RequestMappingHandlerMapping : Mapped to com.example.TigoStarSystem.ot.controller.OtController#obtenerCabeceraVentaParaRegistroOtWb(String, Integer, Integer, String, String, String)
2026-03-27 18:25:41.339 DEBUG 22644 --- [nio-8089-exec-8] s.w.s.m.m.a.RequestMappingHandlerMapping : Mapped to com.example.TigoStarSystem.auth.controller.AuthController#listarSucursales()
2026-03-27 18:25:41.497 DEBUG 22644 --- [l-1 housekeeper] com.zaxxer.hikari.pool.HikariPool        : HikariPool-1 - After cleanup  stats (total=0, active=0, idle=0, waiting=3)
2026-03-27 18:25:41.540 DEBUG 22644 --- [l-1 housekeeper] com.zaxxer.hikari.pool.HikariPool        : HikariPool-1 - Fill pool skipped, pool is at sufficient level.
2026-03-27 18:25:41.545 DEBUG 22644 --- [nio-8089-exec-7] o.s.jdbc.core.JdbcTemplate               : Executing prepared SQL query
2026-03-27 18:25:41.545  INFO 22644 --- [nio-8089-exec-8] c.e.T.auth.controller.AuthController     : Request GET /auth/sucursales
2026-03-27 18:25:41.605 DEBUG 22644 --- [nio-8089-exec-7] o.s.jdbc.core.JdbcTemplate               : Executing prepared SQL statement [EXEC dbo.spx_ObtenerCaberaVentaParaRegistroOTwb ?, ?, ?, ?, ?]
2026-03-27 18:25:41.606 DEBUG 22644 --- [nio-8089-exec-7] o.s.jdbc.datasource.DataSourceUtils      : Fetching JDBC Connection from DataSource
2026-03-27 18:25:41.608 DEBUG 22644 --- [nio-8089-exec-8] o.s.jdbc.core.JdbcTemplate               : Executing SQL query [EXEC dbo.spx_ObtenerSucursalesConexion]
2026-03-27 18:25:41.609 DEBUG 22644 --- [nio-8089-exec-8] o.s.jdbc.datasource.DataSourceUtils      : Fetching JDBC Connection from DataSource
2026-03-27 18:25:41.624 DEBUG 22644 --- [nio-8089-exec-9] o.s.web.servlet.DispatcherServlet        : GET "/auth/sucursales", parameters={}
2026-03-27 18:25:41.688 DEBUG 22644 --- [nio-8089-exec-9] s.w.s.m.m.a.RequestMappingHandlerMapping : Mapped to com.example.TigoStarSystem.auth.controller.AuthController#listarSucursales()
2026-03-27 18:25:41.690  INFO 22644 --- [nio-8089-exec-9] c.e.T.auth.controller.AuthController     : Request GET /auth/sucursales
2026-03-27 18:25:41.766 DEBUG 22644 --- [nio-8089-exec-9] o.s.jdbc.core.JdbcTemplate               : Executing SQL query [EXEC dbo.spx_ObtenerSucursalesConexion]
2026-03-27 18:25:41.838 DEBUG 22644 --- [onnection adder] com.zaxxer.hikari.pool.HikariPool        : HikariPool-1 - Added connection ConnectionID:1 ClientConnectionId: 9da2b1f2-1332-4aef-a188-85e14c46ae69
2026-03-27 18:25:41.846 DEBUG 22644 --- [nio-8089-exec-9] o.s.jdbc.datasource.DataSourceUtils      : Fetching JDBC Connection from DataSource
2026-03-27 18:25:41.871 DEBUG 22644 --- [onnection adder] com.zaxxer.hikari.pool.HikariPool        : HikariPool-1 - Added connection ConnectionID:2 ClientConnectionId: 2c6120dc-230f-498b-bcb3-ec43477fe9c8
2026-03-27 18:25:41.874 DEBUG 22644 --- [nio-8089-exec-5] o.s.w.s.m.m.a.HttpEntityMethodProcessor  : Using 'application/json', given [application/json, text/plain, */*] and supported [application/json, application/*+json, application/json, application/*+json]
2026-03-27 18:25:41.876 DEBUG 22644 --- [nio-8089-exec-5] o.s.w.s.m.m.a.HttpEntityMethodProcessor  : Writing [com.example.TigoStarSystem.common.ApiResponse@3d934fc8]
2026-03-27 18:25:41.884 DEBUG 22644 --- [nio-8089-exec-4] o.s.w.s.m.m.a.HttpEntityMethodProcessor  : Using 'application/json', given [application/json, text/plain, */*] and supported [application/json, application/*+json, application/json, application/*+json]
2026-03-27 18:25:41.885 DEBUG 22644 --- [nio-8089-exec-4] o.s.w.s.m.m.a.HttpEntityMethodProcessor  : Writing [com.example.TigoStarSystem.common.ApiResponse@73534aea]
2026-03-27 18:25:41.885 DEBUG 22644 --- [nio-8089-exec-5] o.s.web.servlet.DispatcherServlet        : Completed 200 OK
2026-03-27 18:25:41.887 DEBUG 22644 --- [nio-8089-exec-7] o.s.w.s.m.m.a.HttpEntityMethodProcessor  : Using 'application/json', given [application/json, text/plain, */*] and supported [application/json, application/*+json, application/json, application/*+json]
2026-03-27 18:25:41.887 DEBUG 22644 --- [nio-8089-exec-6] o.s.w.s.m.m.a.HttpEntityMethodProcessor  : Using 'application/json', given [application/json, text/plain, */*] and supported [application/json, application/*+json, application/json, application/*+json]
2026-03-27 18:25:41.888 DEBUG 22644 --- [nio-8089-exec-7] o.s.w.s.m.m.a.HttpEntityMethodProcessor  : Writing [com.example.TigoStarSystem.common.ApiResponse@18a5b8b]
2026-03-27 18:25:41.888 DEBUG 22644 --- [nio-8089-exec-6] o.s.w.s.m.m.a.HttpEntityMethodProcessor  : Writing [com.example.TigoStarSystem.common.ApiResponse@4d8fafa4]
2026-03-27 18:25:41.896 DEBUG 22644 --- [nio-8089-exec-7] o.s.web.servlet.DispatcherServlet        : Completed 200 OK
2026-03-27 18:25:41.897 DEBUG 22644 --- [nio-8089-exec-4] o.s.web.servlet.DispatcherServlet        : Completed 200 OK
2026-03-27 18:25:41.900 DEBUG 22644 --- [nio-8089-exec-6] o.s.web.servlet.DispatcherServlet        : Completed 200 OK
2026-03-27 18:25:41.901 DEBUG 22644 --- [onnection adder] com.zaxxer.hikari.pool.HikariPool        : HikariPool-1 - Added connection ConnectionID:3 ClientConnectionId: 66946ea9-8586-42a8-9c93-1fe11b5d710e
2026-03-27 18:25:41.901 DEBUG 22644 --- [nio-8089-exec-8] o.s.w.s.m.m.a.HttpEntityMethodProcessor  : Using 'application/json', given [application/json, text/plain, */*] and supported [application/json, application/*+json, application/json, application/*+json]
2026-03-27 18:25:41.901 DEBUG 22644 --- [nio-8089-exec-9] o.s.w.s.m.m.a.HttpEntityMethodProcessor  : Using 'application/json', given [application/json, text/plain, */*] and supported [application/json, application/*+json, application/json, application/*+json]
2026-03-27 18:25:41.902 DEBUG 22644 --- [nio-8089-exec-8] o.s.w.s.m.m.a.HttpEntityMethodProcessor  : Writing [com.example.TigoStarSystem.common.ApiResponse@1063401f]
2026-03-27 18:25:41.903 DEBUG 22644 --- [nio-8089-exec-9] o.s.w.s.m.m.a.HttpEntityMethodProcessor  : Writing [com.example.TigoStarSystem.common.ApiResponse@4299e86f]
2026-03-27 18:25:41.908 DEBUG 22644 --- [nio-8089-exec-9] o.s.web.servlet.DispatcherServlet        : Completed 200 OK
2026-03-27 18:25:41.908 DEBUG 22644 --- [nio-8089-exec-8] o.s.web.servlet.DispatcherServlet        : Completed 200 OK
2026-03-27 18:26:10.595 DEBUG 22644 --- [ool housekeeper] com.zaxxer.hikari.pool.HikariPool        : CentralHikariPool - Before cleanup stats (total=0, active=0, idle=0, waiting=0)
2026-03-27 18:26:10.596 DEBUG 22644 --- [ool housekeeper] com.zaxxer.hikari.pool.HikariPool        : CentralHikariPool - After cleanup  stats (total=0, active=0, idle=0, waiting=0)
2026-03-27 18:26:10.597 DEBUG 22644 --- [ool housekeeper] com.zaxxer.hikari.pool.HikariPool        : CentralHikariPool - Fill pool skipped, pool is at sufficient level.
2026-03-27 18:26:11.542 DEBUG 22644 --- [l-1 housekeeper] com.zaxxer.hikari.pool.HikariPool        : HikariPool-1 - Before cleanup stats (total=3, active=0, idle=3, waiting=0)
2026-03-27 18:26:11.542 DEBUG 22644 --- [l-1 housekeeper] com.zaxxer.hikari.pool.HikariPool        : HikariPool-1 - After cleanup  stats (total=3, active=0, idle=3, waiting=0)
2026-03-27 18:26:11.544 DEBUG 22644 --- [l-1 housekeeper] com.zaxxer.hikari.pool.HikariPool        : HikariPool-1 - Fill pool skipped, pool is at sufficient level.
2026-03-27 18:26:40.610 DEBUG 22644 --- [ool housekeeper] com.zaxxer.hikari.pool.HikariPool        : CentralHikariPool - Before cleanup stats (total=0, active=0, idle=0, waiting=0)
2026-03-27 18:26:40.612 DEBUG 22644 --- [ool housekeeper] com.zaxxer.hikari.pool.HikariPool        : CentralHikariPool - After cleanup  stats (total=0, active=0, idle=0, waiting=0)
2026-03-27 18:26:40.612 DEBUG 22644 --- [ool housekeeper] com.zaxxer.hikari.pool.HikariPool        : CentralHikariPool - Fill pool skipped, pool is at sufficient level.
2026-03-27 18:26:41.556 DEBUG 22644 --- [l-1 housekeeper] com.zaxxer.hikari.pool.HikariPool        : HikariPool-1 - Before cleanup stats (total=3, active=0, idle=3, waiting=0)
2026-03-27 18:26:41.557 DEBUG 22644 --- [l-1 housekeeper] com.zaxxer.hikari.pool.HikariPool        : HikariPool-1 - After cleanup  stats (total=3, active=0, idle=3, waiting=0)
2026-03-27 18:26:41.558 DEBUG 22644 --- [l-1 housekeeper] com.zaxxer.hikari.pool.HikariPool        : HikariPool-1 - Fill pool skipped, pool is at sufficient level.
2026-03-27 18:26:42.715 DEBUG 22644 --- [nio-8089-exec-2] o.s.web.servlet.DispatcherServlet        : POST "/ot/spx_RegistrarVentaParaRegistroOTwb", parameters={}
2026-03-27 18:26:42.914 DEBUG 22644 --- [nio-8089-exec-2] s.w.s.m.m.a.RequestMappingHandlerMapping : Mapped to com.example.TigoStarSystem.ot.controller.OtController#registrarVentaParaRegistroOtWb(String, OtRegistrarVentaRequest)
2026-03-27 18:26:43.218 DEBUG 22644 --- [nio-8089-exec-2] m.m.a.RequestResponseBodyMethodProcessor : Read "application/json;charset=UTF-8" to [com.example.TigoStarSystem.ot.dto.OtRegistrarVentaRequest@2022975a]
2026-03-27 18:26:43.238 DEBUG 22644 --- [nio-8089-exec-2] o.s.jdbc.core.JdbcTemplate               : Executing prepared SQL query
2026-03-27 18:26:43.387 DEBUG 22644 --- [nio-8089-exec-2] o.s.jdbc.core.JdbcTemplate               : Executing prepared SQL statement [EXEC dbo.spx_RegistrarVentaParaRegistroOTwb ?, ?, ?, ?, ?, ?, ?, ?, ?, ?, ?, ?, ?, ?, ?, ?, ?]
2026-03-27 18:26:43.462 DEBUG 22644 --- [nio-8089-exec-2] o.s.jdbc.datasource.DataSourceUtils      : Fetching JDBC Connection from DataSource
2026-03-27 18:26:43.834 DEBUG 22644 --- [nio-8089-exec-2] o.s.w.s.m.m.a.HttpEntityMethodProcessor  : Using 'application/json', given [*/*] and supported [application/json, application/*+json, application/json, application/*+json]
2026-03-27 18:26:44.048 DEBUG 22644 --- [nio-8089-exec-2] o.s.w.s.m.m.a.HttpEntityMethodProcessor  : Writing [com.example.TigoStarSystem.common.ApiResponse@278ab408]
2026-03-27 18:26:44.066 DEBUG 22644 --- [nio-8089-exec-2] o.s.web.servlet.DispatcherServlet        : Completed 200 OK
2026-03-27 18:27:10.626 DEBUG 22644 --- [ool housekeeper] com.zaxxer.hikari.pool.HikariPool        : CentralHikariPool - Before cleanup stats (total=0, active=0, idle=0, waiting=0)
2026-03-27 18:27:10.626 DEBUG 22644 --- [ool housekeeper] com.zaxxer.hikari.pool.HikariPool        : CentralHikariPool - After cleanup  stats (total=0, active=0, idle=0, waiting=0)
2026-03-27 18:27:10.628 DEBUG 22644 --- [ool housekeeper] com.zaxxer.hikari.pool.HikariPool        : CentralHikariPool - Fill pool skipped, pool is at sufficient level.
2026-03-27 18:27:11.571 DEBUG 22644 --- [l-1 housekeeper] com.zaxxer.hikari.pool.HikariPool        : HikariPool-1 - Before cleanup stats (total=3, active=0, idle=3, waiting=0)
2026-03-27 18:27:11.573 DEBUG 22644 --- [l-1 housekeeper] com.zaxxer.hikari.pool.HikariPool        : HikariPool-1 - After cleanup  stats (total=3, active=0, idle=3, waiting=0)
2026-03-27 18:27:11.574 DEBUG 22644 --- [l-1 housekeeper] com.zaxxer.hikari.pool.HikariPool        : HikariPool-1 - Fill pool skipped, pool is at sufficient level.
2026-03-27 18:27:35.257 DEBUG 22644 --- [l-1 housekeeper] com.zaxxer.hikari.pool.HikariPool        : HikariPool-1 - keepalive: connection ConnectionID:1 ClientConnectionId: 9da2b1f2-1332-4aef-a188-85e14c46ae69 is alive
2026-03-27 18:27:37.122 DEBUG 22644 --- [l-1 housekeeper] com.zaxxer.hikari.pool.HikariPool        : HikariPool-1 - keepalive: connection ConnectionID:3 ClientConnectionId: 66946ea9-8586-42a8-9c93-1fe11b5d710e is alive
2026-03-27 18:27:38.573 DEBUG 22644 --- [l-1 housekeeper] com.zaxxer.hikari.pool.HikariPool        : HikariPool-1 - keepalive: connection ConnectionID:2 ClientConnectionId: 2c6120dc-230f-498b-bcb3-ec43477fe9c8 is alive
2026-03-27 18:27:40.643 DEBUG 22644 --- [ool housekeeper] com.zaxxer.hikari.pool.HikariPool        : CentralHikariPool - Before cleanup stats (total=0, active=0, idle=0, waiting=0)
2026-03-27 18:27:40.643 DEBUG 22644 --- [ool housekeeper] com.zaxxer.hikari.pool.HikariPool        : CentralHikariPool - After cleanup  stats (total=0, active=0, idle=0, waiting=0)
2026-03-27 18:27:40.644 DEBUG 22644 --- [ool housekeeper] com.zaxxer.hikari.pool.HikariPool        : CentralHikariPool - Fill pool skipped, pool is at sufficient level.
2026-03-27 18:27:41.581 DEBUG 22644 --- [l-1 housekeeper] com.zaxxer.hikari.pool.HikariPool        : HikariPool-1 - Before cleanup stats (total=3, active=0, idle=3, waiting=0)
2026-03-27 18:27:41.583 DEBUG 22644 --- [l-1 housekeeper] com.zaxxer.hikari.pool.HikariPool        : HikariPool-1 - After cleanup  stats (total=3, active=0, idle=3, waiting=0)
2026-03-27 18:27:41.584 DEBUG 22644 --- [l-1 housekeeper] com.zaxxer.hikari.pool.HikariPool        : HikariPool-1 - Fill pool skipped, pool is at sufficient level.
2026-03-27 18:27:54.020 DEBUG 22644 --- [nio-8089-exec-5] o.s.web.servlet.DispatcherServlet        : GET "/auth/sucursales", parameters={}
2026-03-27 18:27:54.021 DEBUG 22644 --- [nio-8089-exec-7] o.s.web.servlet.DispatcherServlet        : POST "/auth/login", parameters={}
2026-03-27 18:27:54.022 DEBUG 22644 --- [nio-8089-exec-5] s.w.s.m.m.a.RequestMappingHandlerMapping : Mapped to com.example.TigoStarSystem.auth.controller.AuthController#listarSucursales()
2026-03-27 18:27:54.022 DEBUG 22644 --- [nio-8089-exec-7] s.w.s.m.m.a.RequestMappingHandlerMapping : Mapped to com.example.TigoStarSystem.auth.controller.AuthController#login(AuthLoginRequest)
2026-03-27 18:27:54.023  INFO 22644 --- [nio-8089-exec-5] c.e.T.auth.controller.AuthController     : Request GET /auth/sucursales
2026-03-27 18:27:54.024 DEBUG 22644 --- [nio-8089-exec-5] o.s.jdbc.core.JdbcTemplate               : Executing SQL query [EXEC dbo.spx_ObtenerSucursalesConexion]
2026-03-27 18:27:54.024 DEBUG 22644 --- [nio-8089-exec-7] m.m.a.RequestResponseBodyMethodProcessor : Read "application/json;charset=UTF-8" to [com.example.TigoStarSystem.auth.dto.AuthLoginRequest@4818d90b]
2026-03-27 18:27:54.025 DEBUG 22644 --- [nio-8089-exec-5] o.s.jdbc.datasource.DataSourceUtils      : Fetching JDBC Connection from DataSource
2026-03-27 18:27:54.030  INFO 22644 --- [nio-8089-exec-7] c.e.T.auth.service.AuthService           : Login attempt usuario=barrosok, idSucursal=9, validarSucursal=false
2026-03-27 18:27:54.030 DEBUG 22644 --- [nio-8089-exec-7] o.s.jdbc.core.JdbcTemplate               : Executing SQL query [EXEC dbo.spx_ObtenerSucursalesConexion]
2026-03-27 18:27:54.031 DEBUG 22644 --- [nio-8089-exec-7] o.s.jdbc.datasource.DataSourceUtils      : Fetching JDBC Connection from DataSource
2026-03-27 18:27:54.036 DEBUG 22644 --- [nio-8089-exec-5] o.s.w.s.m.m.a.HttpEntityMethodProcessor  : Using 'application/json', given [application/json, text/plain, */*] and supported [application/json, application/*+json, application/json, application/*+json]
2026-03-27 18:27:54.037 DEBUG 22644 --- [nio-8089-exec-5] o.s.w.s.m.m.a.HttpEntityMethodProcessor  : Writing [com.example.TigoStarSystem.common.ApiResponse@2fac2d9c]
2026-03-27 18:27:54.038 DEBUG 22644 --- [nio-8089-exec-5] o.s.web.servlet.DispatcherServlet        : Completed 200 OK
2026-03-27 18:27:54.044 DEBUG 22644 --- [nio-8089-exec-7] c.e.T.auth.service.AuthService           : Sucursal resolved idSucursal=9, host=tigo.makiro.com.bo, baseDeDatos=BDSistemaAntenaPM
2026-03-27 18:27:54.046 DEBUG 22644 --- [nio-8089-exec-7] c.e.T.auth.service.AuthService           : Login target resolved idSucursal=9, sucursal=Santa_Cruz, host=tigo.makiro.com.bo, baseDeDatos=BDSistemaAntenaUTecnico
2026-03-27 18:27:54.047 DEBUG 22644 --- [nio-8089-exec-7] c.e.T.auth.service.AuthService           : Creating JDBC connection for sucursal host=tigo.makiro.com.bo baseDeDatos=BDSistemaAntenaUTecnico
2026-03-27 18:27:54.048 DEBUG 22644 --- [nio-8089-exec-7] com.zaxxer.hikari.HikariConfig           : Driver class com.microsoft.sqlserver.jdbc.SQLServerDriver found in Thread context class loader TomcatEmbeddedWebappClassLoader
  context: ROOT
  delegate: true
----------> Parent Classloader:
sun.misc.Launcher$AppClassLoader@7506e922

2026-03-27 18:27:54.049 DEBUG 22644 --- [nio-8089-exec-7] com.zaxxer.hikari.HikariConfig           : ConnDb-Santa_Cruz - configuration:
2026-03-27 18:27:54.049 DEBUG 22644 --- [nio-8089-exec-7] com.zaxxer.hikari.HikariConfig           : allowPoolSuspension................................false
2026-03-27 18:27:54.050 DEBUG 22644 --- [nio-8089-exec-7] com.zaxxer.hikari.HikariConfig           : autoCommit................................true
2026-03-27 18:27:54.051 DEBUG 22644 --- [nio-8089-exec-7] com.zaxxer.hikari.HikariConfig           : catalog................................none
2026-03-27 18:27:54.051 DEBUG 22644 --- [nio-8089-exec-7] com.zaxxer.hikari.HikariConfig           : connectionInitSql................................none
2026-03-27 18:27:54.052 DEBUG 22644 --- [nio-8089-exec-7] com.zaxxer.hikari.HikariConfig           : connectionTestQuery................................"SELECT 1"
2026-03-27 18:27:54.054 DEBUG 22644 --- [nio-8089-exec-7] com.zaxxer.hikari.HikariConfig           : connectionTimeout................................30000
2026-03-27 18:27:54.056 DEBUG 22644 --- [nio-8089-exec-7] com.zaxxer.hikari.HikariConfig           : dataSource................................none
2026-03-27 18:27:54.057 DEBUG 22644 --- [nio-8089-exec-7] com.zaxxer.hikari.HikariConfig           : dataSourceClassName................................none
2026-03-27 18:27:54.057 DEBUG 22644 --- [nio-8089-exec-7] com.zaxxer.hikari.HikariConfig           : dataSourceJNDI................................none
2026-03-27 18:27:54.058 DEBUG 22644 --- [nio-8089-exec-7] com.zaxxer.hikari.HikariConfig           : dataSourceProperties................................{password=<masked>}
2026-03-27 18:27:54.059 DEBUG 22644 --- [nio-8089-exec-7] com.zaxxer.hikari.HikariConfig           : driverClassName................................"com.microsoft.sqlserver.jdbc.SQLServerDriver"
2026-03-27 18:27:54.059 DEBUG 22644 --- [nio-8089-exec-7] com.zaxxer.hikari.HikariConfig           : exceptionOverrideClassName................................none
2026-03-27 18:27:54.060 DEBUG 22644 --- [nio-8089-exec-7] com.zaxxer.hikari.HikariConfig           : healthCheckProperties................................{}
2026-03-27 18:27:54.060 DEBUG 22644 --- [nio-8089-exec-7] com.zaxxer.hikari.HikariConfig           : healthCheckRegistry................................none
2026-03-27 18:27:54.061 DEBUG 22644 --- [nio-8089-exec-7] com.zaxxer.hikari.HikariConfig           : idleTimeout................................600000
2026-03-27 18:27:54.063 DEBUG 22644 --- [nio-8089-exec-7] com.zaxxer.hikari.HikariConfig           : initializationFailTimeout................................-1
2026-03-27 18:27:54.065 DEBUG 22644 --- [nio-8089-exec-7] com.zaxxer.hikari.HikariConfig           : isolateInternalQueries................................false
2026-03-27 18:27:54.065 DEBUG 22644 --- [nio-8089-exec-7] com.zaxxer.hikari.HikariConfig           : jdbcUrl................................jdbc:sqlserver://tigo.makiro.com.bo;databaseName=BDSistemaAntenaUTecnico;encrypt=false;trustServerCertificate=true
2026-03-27 18:27:54.066 DEBUG 22644 --- [nio-8089-exec-7] com.zaxxer.hikari.HikariConfig           : keepaliveTime................................0
2026-03-27 18:27:54.067 DEBUG 22644 --- [nio-8089-exec-7] com.zaxxer.hikari.HikariConfig           : leakDetectionThreshold................................0
2026-03-27 18:27:54.067 DEBUG 22644 --- [nio-8089-exec-7] com.zaxxer.hikari.HikariConfig           : maxLifetime................................1800000
2026-03-27 18:27:54.069 DEBUG 22644 --- [nio-8089-exec-7] com.zaxxer.hikari.HikariConfig           : maximumPoolSize................................5
2026-03-27 18:27:54.069 DEBUG 22644 --- [nio-8089-exec-7] com.zaxxer.hikari.HikariConfig           : metricRegistry................................none
2026-03-27 18:27:54.070 DEBUG 22644 --- [nio-8089-exec-7] com.zaxxer.hikari.HikariConfig           : metricsTrackerFactory................................none
2026-03-27 18:27:54.071 DEBUG 22644 --- [nio-8089-exec-7] com.zaxxer.hikari.HikariConfig           : minimumIdle................................0
2026-03-27 18:27:54.072 DEBUG 22644 --- [nio-8089-exec-7] com.zaxxer.hikari.HikariConfig           : password................................<masked>
2026-03-27 18:27:54.073 DEBUG 22644 --- [nio-8089-exec-7] com.zaxxer.hikari.HikariConfig           : poolName................................"ConnDb-Santa_Cruz"
2026-03-27 18:27:54.075 DEBUG 22644 --- [nio-8089-exec-7] com.zaxxer.hikari.HikariConfig           : readOnly................................false
2026-03-27 18:27:54.076 DEBUG 22644 --- [nio-8089-exec-7] com.zaxxer.hikari.HikariConfig           : registerMbeans................................false
2026-03-27 18:27:54.076 DEBUG 22644 --- [nio-8089-exec-7] com.zaxxer.hikari.HikariConfig           : scheduledExecutor................................none
2026-03-27 18:27:54.078 DEBUG 22644 --- [nio-8089-exec-7] com.zaxxer.hikari.HikariConfig           : schema................................none
2026-03-27 18:27:54.080 DEBUG 22644 --- [nio-8089-exec-7] com.zaxxer.hikari.HikariConfig           : threadFactory................................internal
2026-03-27 18:27:54.081 DEBUG 22644 --- [nio-8089-exec-7] com.zaxxer.hikari.HikariConfig           : transactionIsolation................................default
2026-03-27 18:27:54.082 DEBUG 22644 --- [nio-8089-exec-7] com.zaxxer.hikari.HikariConfig           : username................................"sistemas"
2026-03-27 18:27:54.083 DEBUG 22644 --- [nio-8089-exec-7] com.zaxxer.hikari.HikariConfig           : validationTimeout................................5000
2026-03-27 18:27:54.084  INFO 22644 --- [nio-8089-exec-7] com.zaxxer.hikari.HikariDataSource       : ConnDb-Santa_Cruz - Starting...
2026-03-27 18:27:54.085  INFO 22644 --- [nio-8089-exec-7] com.zaxxer.hikari.HikariDataSource       : ConnDb-Santa_Cruz - Start completed.
2026-03-27 18:27:54.086 DEBUG 22644 --- [nio-8089-exec-7] c.e.T.auth.service.AuthService           : Calling SP dbo.spx_ValidarUsuario
2026-03-27 18:27:54.088 DEBUG 22644 --- [nio-8089-exec-7] o.s.jdbc.core.JdbcTemplate               : Executing prepared SQL query
2026-03-27 18:27:54.090 DEBUG 22644 --- [nio-8089-exec-7] o.s.jdbc.core.JdbcTemplate               : Executing prepared SQL statement [EXEC dbo.spx_ValidarUsuario ?, ?]
2026-03-27 18:27:54.091 DEBUG 22644 --- [nio-8089-exec-7] o.s.jdbc.datasource.DataSourceUtils      : Fetching JDBC Connection from DataSource
2026-03-27 18:27:54.150 DEBUG 22644 --- [onnection adder] com.zaxxer.hikari.pool.HikariPool        : ConnDb-Santa_Cruz - Added connection ConnectionID:4 ClientConnectionId: a8a78eb3-89c9-45cf-a8f0-6fbd5f0e246a
2026-03-27 18:27:54.152 DEBUG 22644 --- [nio-8089-exec-7] c.e.T.auth.service.AuthService           : Login SP returned 1 rows
2026-03-27 18:27:54.154  INFO 22644 --- [nio-8089-exec-7] c.e.T.auth.controller.AuthController     : User {} logged in successfully.
2026-03-27 18:27:54.156 DEBUG 22644 --- [nio-8089-exec-7] o.s.w.s.m.m.a.HttpEntityMethodProcessor  : Using 'application/json', given [application/json, text/plain, */*] and supported [application/json, application/*+json, application/json, application/*+json]
2026-03-27 18:27:54.157 DEBUG 22644 --- [nio-8089-exec-7] o.s.w.s.m.m.a.HttpEntityMethodProcessor  : Writing [com.example.TigoStarSystem.common.ApiResponse@6c1172a1]
2026-03-27 18:27:54.160 DEBUG 22644 --- [nio-8089-exec-7] o.s.web.servlet.DispatcherServlet        : Completed 200 OK
2026-03-27 18:27:54.172 DEBUG 22644 --- [nio-8089-exec-6] o.s.web.servlet.DispatcherServlet        : GET "/auth/me", parameters={}
2026-03-27 18:27:54.173 DEBUG 22644 --- [nio-8089-exec-6] s.w.s.m.m.a.RequestMappingHandlerMapping : Mapped to com.example.TigoStarSystem.auth.controller.AuthController#me(String)
2026-03-27 18:27:54.176 DEBUG 22644 --- [nio-8089-exec-6] o.s.w.s.m.m.a.HttpEntityMethodProcessor  : Using 'application/json', given [application/json, text/plain, */*] and supported [application/json, application/*+json, application/json, application/*+json]
2026-03-27 18:27:54.178 DEBUG 22644 --- [nio-8089-exec-6] o.s.w.s.m.m.a.HttpEntityMethodProcessor  : Writing [com.example.TigoStarSystem.common.ApiResponse@1c6878fa]
2026-03-27 18:27:54.181 DEBUG 22644 --- [nio-8089-exec-6] o.s.web.servlet.DispatcherServlet        : Completed 200 OK
2026-03-27 18:27:54.188 DEBUG 22644 --- [nio-8089-exec-9] o.s.web.servlet.DispatcherServlet        : GET "/auth/permisos", parameters={}
2026-03-27 18:27:54.190 DEBUG 22644 --- [nio-8089-exec-9] s.w.s.m.m.a.RequestMappingHandlerMapping : Mapped to com.example.TigoStarSystem.auth.controller.AuthPermisosController#permisos(String)
2026-03-27 18:27:54.193 DEBUG 22644 --- [nio-8089-exec-9] o.s.jdbc.core.JdbcTemplate               : Executing SQL query [EXEC dbo.spx_ObtenerPrivilegiosRoles]
2026-03-27 18:27:54.194 DEBUG 22644 --- [ruz housekeeper] com.zaxxer.hikari.pool.HikariPool        : ConnDb-Santa_Cruz - Before cleanup stats (total=1, active=0, idle=1, waiting=0)
2026-03-27 18:27:54.195 DEBUG 22644 --- [nio-8089-exec-9] o.s.jdbc.datasource.DataSourceUtils      : Fetching JDBC Connection from DataSource
2026-03-27 18:27:54.195 DEBUG 22644 --- [ruz housekeeper] com.zaxxer.hikari.pool.HikariPool        : ConnDb-Santa_Cruz - After cleanup  stats (total=1, active=0, idle=1, waiting=0)
2026-03-27 18:27:54.195 DEBUG 22644 --- [ruz housekeeper] com.zaxxer.hikari.pool.HikariPool        : ConnDb-Santa_Cruz - Fill pool skipped, pool is at sufficient level.
2026-03-27 18:27:54.231 DEBUG 22644 --- [onnection adder] com.zaxxer.hikari.pool.HikariPool        : CentralHikariPool - Added connection ConnectionID:5 ClientConnectionId: 6c32a0a1-e32d-43b4-9436-83a5f1c481ae
2026-03-27 18:27:54.236 DEBUG 22644 --- [nio-8089-exec-9] o.s.jdbc.core.JdbcTemplate               : Executing prepared SQL query
2026-03-27 18:27:54.313 DEBUG 22644 --- [nio-8089-exec-9] o.s.jdbc.core.JdbcTemplate               : Executing prepared SQL statement [EXEC dbo.spx_ObtenerPrivilegiosRolDetalle ?]
2026-03-27 18:27:54.314 DEBUG 22644 --- [nio-8089-exec-9] o.s.jdbc.datasource.DataSourceUtils      : Fetching JDBC Connection from DataSource
2026-03-27 18:27:54.319 DEBUG 22644 --- [nio-8089-exec-9] o.s.w.s.m.m.a.HttpEntityMethodProcessor  : Using 'application/json', given [application/json, text/plain, */*] and supported [application/json, application/*+json, application/json, application/*+json]
2026-03-27 18:27:54.320 DEBUG 22644 --- [nio-8089-exec-9] o.s.w.s.m.m.a.HttpEntityMethodProcessor  : Writing [com.example.TigoStarSystem.common.ApiResponse@4e8d8a7c]
2026-03-27 18:27:54.322 DEBUG 22644 --- [nio-8089-exec-9] o.s.web.servlet.DispatcherServlet        : Completed 200 OK
2026-03-27 18:27:54.346 DEBUG 22644 --- [nio-8089-exec-8] o.s.web.servlet.DispatcherServlet        : GET "/supervisor/spy_Ultimo_Estado_Dia_BO_CITA_MAKIRO?fecha=2026-03-27&idUsuario=98&tecnico=KEVIN+GEOVANI+BARROSO+NAVA", parameters={masked}
2026-03-27 18:27:54.397 DEBUG 22644 --- [nio-8089-exec-8] s.w.s.m.m.a.RequestMappingHandlerMapping : Mapped to com.example.TigoStarSystem.supervisor.controller.EstadoDiaBoCitaController#obtenerUltimoEstadoDia(String, LocalDate, String)
2026-03-27 18:27:54.475 DEBUG 22644 --- [nio-8089-exec-8] o.s.jdbc.core.JdbcTemplate               : Executing prepared SQL query
2026-03-27 18:27:54.547 DEBUG 22644 --- [nio-8089-exec-8] o.s.jdbc.core.JdbcTemplate               : Executing prepared SQL statement [EXEC dbo.spy_Ultimo_Estado_Dia_BO_CITA_MAKIRO ?, ?]
2026-03-27 18:27:54.548 DEBUG 22644 --- [nio-8089-exec-8] o.s.jdbc.datasource.DataSourceUtils      : Fetching JDBC Connection from DataSource
2026-03-27 18:27:54.558 DEBUG 22644 --- [nio-8089-exec-8] o.s.w.s.m.m.a.HttpEntityMethodProcessor  : Using 'application/json', given [application/json, text/plain, */*] and supported [application/json, application/*+json, application/json, application/*+json]
2026-03-27 18:27:54.559 DEBUG 22644 --- [nio-8089-exec-8] o.s.w.s.m.m.a.HttpEntityMethodProcessor  : Writing [com.example.TigoStarSystem.common.ApiResponse@633e18e4]
2026-03-27 18:27:54.560 DEBUG 22644 --- [nio-8089-exec-8] o.s.web.servlet.DispatcherServlet        : Completed 200 OK
2026-03-27 18:27:56.281 DEBUG 22644 --- [nio-8089-exec-2] o.s.web.servlet.DispatcherServlet        : GET "/supervisor/spy_Ultimo_Estado_Dia_BO_CITA_MAKIRO?fecha=2026-03-02&idUsuario=98&tecnico=KEVIN+GEOVANI+BARROSO+NAVA", parameters={masked}
2026-03-27 18:27:56.282 DEBUG 22644 --- [nio-8089-exec-2] s.w.s.m.m.a.RequestMappingHandlerMapping : Mapped to com.example.TigoStarSystem.supervisor.controller.EstadoDiaBoCitaController#obtenerUltimoEstadoDia(String, LocalDate, String)
2026-03-27 18:27:56.284 DEBUG 22644 --- [nio-8089-exec-2] o.s.jdbc.core.JdbcTemplate               : Executing prepared SQL query
2026-03-27 18:27:56.285 DEBUG 22644 --- [nio-8089-exec-2] o.s.jdbc.core.JdbcTemplate               : Executing prepared SQL statement [EXEC dbo.spy_Ultimo_Estado_Dia_BO_CITA_MAKIRO ?, ?]
2026-03-27 18:27:56.286 DEBUG 22644 --- [nio-8089-exec-2] o.s.jdbc.datasource.DataSourceUtils      : Fetching JDBC Connection from DataSource
2026-03-27 18:27:56.298 DEBUG 22644 --- [nio-8089-exec-2] o.s.w.s.m.m.a.HttpEntityMethodProcessor  : Using 'application/json', given [application/json, text/plain, */*] and supported [application/json, application/*+json, application/json, application/*+json]
2026-03-27 18:27:56.299 DEBUG 22644 --- [nio-8089-exec-2] o.s.w.s.m.m.a.HttpEntityMethodProcessor  : Writing [com.example.TigoStarSystem.common.ApiResponse@515536ed]
2026-03-27 18:27:56.301 DEBUG 22644 --- [nio-8089-exec-2] o.s.web.servlet.DispatcherServlet        : Completed 200 OK
2026-03-27 18:27:56.395 DEBUG 22644 --- [nio-8089-exec-1] o.s.web.servlet.DispatcherServlet        : GET "/supervisor/spy_Ultimo_Estado_Dia_BO_CITA_MAKIRO?fecha=2026-03-23&idUsuario=98&tecnico=KEVIN+GEOVANI+BARROSO+NAVA", parameters={masked}
2026-03-27 18:27:56.397 DEBUG 22644 --- [nio-8089-exec-1] s.w.s.m.m.a.RequestMappingHandlerMapping : Mapped to com.example.TigoStarSystem.supervisor.controller.EstadoDiaBoCitaController#obtenerUltimoEstadoDia(String, LocalDate, String)
2026-03-27 18:27:56.398 DEBUG 22644 --- [nio-8089-exec-1] o.s.jdbc.core.JdbcTemplate               : Executing prepared SQL query
2026-03-27 18:27:56.398 DEBUG 22644 --- [nio-8089-exec-1] o.s.jdbc.core.JdbcTemplate               : Executing prepared SQL statement [EXEC dbo.spy_Ultimo_Estado_Dia_BO_CITA_MAKIRO ?, ?]
2026-03-27 18:27:56.399 DEBUG 22644 --- [nio-8089-exec-1] o.s.jdbc.datasource.DataSourceUtils      : Fetching JDBC Connection from DataSource
2026-03-27 18:27:56.462 DEBUG 22644 --- [nio-8089-exec-1] o.s.w.s.m.m.a.HttpEntityMethodProcessor  : Using 'application/json', given [application/json, text/plain, */*] and supported [application/json, application/*+json, application/json, application/*+json]
2026-03-27 18:27:56.467 DEBUG 22644 --- [nio-8089-exec-1] o.s.w.s.m.m.a.HttpEntityMethodProcessor  : Writing [com.example.TigoStarSystem.common.ApiResponse@45490a90]
2026-03-27 18:27:56.468 DEBUG 22644 --- [nio-8089-exec-1] o.s.web.servlet.DispatcherServlet        : Completed 200 OK
2026-03-27 18:27:59.281 DEBUG 22644 --- [nio-8089-exec-4] o.s.web.servlet.DispatcherServlet        : GET "/catalogos/tipo-servicio", parameters={}
2026-03-27 18:27:59.281 DEBUG 22644 --- [nio-8089-exec-7] o.s.web.servlet.DispatcherServlet        : GET "/ot/spx_ObtenerCaberaVentaParaRegistroOTwb?clienteNro=2620591&ot=28759209&tor=A01&grupo=GRUPO+M24_KEVIN+GEOVANI&tecnicoNombre=KEVIN+GEOVANI+BARROSO+NAVA", parameters={masked}
2026-03-27 18:27:59.284 DEBUG 22644 --- [nio-8089-exec-9] o.s.web.servlet.DispatcherServlet        : GET "/catalogos/estados", parameters={}
2026-03-27 18:27:59.284 DEBUG 22644 --- [nio-8089-exec-6] o.s.web.servlet.DispatcherServlet        : GET "/catalogos/rutas?tecnicoId=98", parameters={masked}
2026-03-27 18:27:59.331 DEBUG 22644 --- [nio-8089-exec-4] s.w.s.m.m.a.RequestMappingHandlerMapping : Mapped to com.example.TigoStarSystem.catalogo.controller.CatalogoController#listarTipoServicio()
2026-03-27 18:27:59.557 DEBUG 22644 --- [nio-8089-exec-4] o.s.jdbc.core.JdbcTemplate               : Executing SQL query [EXEC spx_ObtenerTipoServicio]
2026-03-27 18:27:59.561 DEBUG 22644 --- [nio-8089-exec-4] o.s.jdbc.datasource.DataSourceUtils      : Fetching JDBC Connection from DataSource
2026-03-27 18:27:59.406 DEBUG 22644 --- [nio-8089-exec-7] s.w.s.m.m.a.RequestMappingHandlerMapping : Mapped to com.example.TigoStarSystem.ot.controller.OtController#obtenerCabeceraVentaParaRegistroOtWb(String, Integer, Integer, String, String, String)
2026-03-27 18:27:59.437 DEBUG 22644 --- [nio-8089-exec-9] s.w.s.m.m.a.RequestMappingHandlerMapping : Mapped to com.example.TigoStarSystem.catalogo.controller.CatalogoController#listarEstados()
2026-03-27 18:27:59.481 DEBUG 22644 --- [nio-8089-exec-6] s.w.s.m.m.a.RequestMappingHandlerMapping : Mapped to com.example.TigoStarSystem.catalogo.controller.CatalogoController#listarRutas(Integer)
2026-03-27 18:27:59.579 DEBUG 22644 --- [nio-8089-exec-4] o.s.w.s.m.m.a.HttpEntityMethodProcessor  : Using 'application/json', given [application/json, text/plain, */*] and supported [application/json, application/*+json, application/json, application/*+json]
2026-03-27 18:27:59.699 DEBUG 22644 --- [nio-8089-exec-7] o.s.jdbc.core.JdbcTemplate               : Executing SQL query [EXEC dbo.spx_ObtenerSucursalesConexion]
2026-03-27 18:27:59.700 DEBUG 22644 --- [nio-8089-exec-9] o.s.jdbc.core.JdbcTemplate               : Executing SQL query [EXEC sp_ObtenerEstado]
2026-03-27 18:27:59.700 DEBUG 22644 --- [nio-8089-exec-6] o.s.jdbc.core.JdbcTemplate               : Executing prepared SQL query
2026-03-27 18:27:59.702 DEBUG 22644 --- [nio-8089-exec-6] o.s.jdbc.core.JdbcTemplate               : Executing prepared SQL statement [EXEC spx_ObtenerRutaXIdTecnico ?]
2026-03-27 18:27:59.701 DEBUG 22644 --- [nio-8089-exec-4] o.s.w.s.m.m.a.HttpEntityMethodProcessor  : Writing [com.example.TigoStarSystem.common.ApiResponse@58f7f1d5]
2026-03-27 18:27:59.701 DEBUG 22644 --- [nio-8089-exec-7] o.s.jdbc.datasource.DataSourceUtils      : Fetching JDBC Connection from DataSource
2026-03-27 18:27:59.702 DEBUG 22644 --- [nio-8089-exec-9] o.s.jdbc.datasource.DataSourceUtils      : Fetching JDBC Connection from DataSource
2026-03-27 18:27:59.702 DEBUG 22644 --- [nio-8089-exec-6] o.s.jdbc.datasource.DataSourceUtils      : Fetching JDBC Connection from DataSource
2026-03-27 18:27:59.704 DEBUG 22644 --- [nio-8089-exec-4] o.s.web.servlet.DispatcherServlet        : Completed 200 OK
2026-03-27 18:27:59.707 DEBUG 22644 --- [nio-8089-exec-9] o.s.w.s.m.m.a.HttpEntityMethodProcessor  : Using 'application/json', given [application/json, text/plain, */*] and supported [application/json, application/*+json, application/json, application/*+json]
2026-03-27 18:27:59.707 DEBUG 22644 --- [nio-8089-exec-9] o.s.w.s.m.m.a.HttpEntityMethodProcessor  : Writing [com.example.TigoStarSystem.common.ApiResponse@23f3ded1]
2026-03-27 18:27:59.709 DEBUG 22644 --- [nio-8089-exec-9] o.s.web.servlet.DispatcherServlet        : Completed 200 OK
2026-03-27 18:27:59.711 DEBUG 22644 --- [nio-8089-exec-6] o.s.w.s.m.m.a.HttpEntityMethodProcessor  : Using 'application/json', given [application/json, text/plain, */*] and supported [application/json, application/*+json, application/json, application/*+json]
2026-03-27 18:27:59.711 DEBUG 22644 --- [nio-8089-exec-6] o.s.w.s.m.m.a.HttpEntityMethodProcessor  : Writing [com.example.TigoStarSystem.common.ApiResponse@35c20ee]
2026-03-27 18:27:59.713 DEBUG 22644 --- [nio-8089-exec-6] o.s.web.servlet.DispatcherServlet        : Completed 200 OK
2026-03-27 18:27:59.713 DEBUG 22644 --- [nio-8089-exec-7] o.s.jdbc.core.JdbcTemplate               : Executing prepared SQL query
2026-03-27 18:27:59.714 DEBUG 22644 --- [nio-8089-exec-7] o.s.jdbc.core.JdbcTemplate               : Executing prepared SQL statement [EXEC dbo.spx_ObtenerCaberaVentaParaRegistroOTwb ?, ?, ?, ?, ?]
2026-03-27 18:27:59.715 DEBUG 22644 --- [nio-8089-exec-7] o.s.jdbc.datasource.DataSourceUtils      : Fetching JDBC Connection from DataSource
2026-03-27 18:27:59.720 DEBUG 22644 --- [nio-8089-exec-7] o.s.w.s.m.m.a.HttpEntityMethodProcessor  : Using 'application/json', given [application/json, text/plain, */*] and supported [application/json, application/*+json, application/json, application/*+json]
2026-03-27 18:27:59.721 DEBUG 22644 --- [nio-8089-exec-7] o.s.w.s.m.m.a.HttpEntityMethodProcessor  : Writing [com.example.TigoStarSystem.common.ApiResponse@77a5d39d]
2026-03-27 18:27:59.722 DEBUG 22644 --- [nio-8089-exec-7] o.s.web.servlet.DispatcherServlet        : Completed 200 OK
2026-03-27 18:28:04.587 DEBUG 22644 --- [nio-8089-exec-8] o.s.web.servlet.DispatcherServlet        : POST "/ot/spx_RegistrarVentaParaRegistroOTwb", parameters={}
2026-03-27 18:28:04.589 DEBUG 22644 --- [nio-8089-exec-8] s.w.s.m.m.a.RequestMappingHandlerMapping : Mapped to com.example.TigoStarSystem.ot.controller.OtController#registrarVentaParaRegistroOtWb(String, OtRegistrarVentaRequest)
2026-03-27 18:28:04.591 DEBUG 22644 --- [nio-8089-exec-8] m.m.a.RequestResponseBodyMethodProcessor : Read "application/json;charset=UTF-8" to [com.example.TigoStarSystem.ot.dto.OtRegistrarVentaRequest@19ad123e]
2026-03-27 18:28:04.593 DEBUG 22644 --- [nio-8089-exec-8] o.s.jdbc.core.JdbcTemplate               : Executing SQL query [EXEC dbo.spx_ObtenerSucursalesConexion]
2026-03-27 18:28:04.593 DEBUG 22644 --- [nio-8089-exec-8] o.s.jdbc.datasource.DataSourceUtils      : Fetching JDBC Connection from DataSource
2026-03-27 18:28:04.599 DEBUG 22644 --- [nio-8089-exec-8] o.s.jdbc.core.JdbcTemplate               : Executing prepared SQL query
2026-03-27 18:28:04.600 DEBUG 22644 --- [nio-8089-exec-8] o.s.jdbc.core.JdbcTemplate               : Executing prepared SQL statement [EXEC dbo.spx_RegistrarVentaParaRegistroOTwb ?, ?, ?, ?, ?, ?, ?, ?, ?, ?, ?, ?, ?, ?, ?, ?, ?]
2026-03-27 18:28:04.601 DEBUG 22644 --- [nio-8089-exec-8] o.s.jdbc.datasource.DataSourceUtils      : Fetching JDBC Connection from DataSource
2026-03-27 18:28:04.628 DEBUG 22644 --- [nio-8089-exec-8] o.s.w.s.m.m.a.HttpEntityMethodProcessor  : Using 'application/json', given [application/json, text/plain, */*] and supported [application/json, application/*+json, application/json, application/*+json]
2026-03-27 18:28:04.629 DEBUG 22644 --- [nio-8089-exec-8] o.s.w.s.m.m.a.HttpEntityMethodProcessor  : Writing [com.example.TigoStarSystem.common.ApiResponse@43f7fc0f]
2026-03-27 18:28:04.631 DEBUG 22644 --- [nio-8089-exec-8] o.s.web.servlet.DispatcherServlet        : Completed 200 OK
2026-03-27 18:28:10.657 DEBUG 22644 --- [ool housekeeper] com.zaxxer.hikari.pool.HikariPool        : CentralHikariPool - Before cleanup stats (total=1, active=0, idle=1, waiting=0)
2026-03-27 18:28:10.658 DEBUG 22644 --- [ool housekeeper] com.zaxxer.hikari.pool.HikariPool        : CentralHikariPool - After cleanup  stats (total=1, active=0, idle=1, waiting=0)
2026-03-27 18:28:10.659 DEBUG 22644 --- [ool housekeeper] com.zaxxer.hikari.pool.HikariPool        : CentralHikariPool - Fill pool skipped, pool is at sufficient level.
2026-03-27 18:28:11.594 DEBUG 22644 --- [l-1 housekeeper] com.zaxxer.hikari.pool.HikariPool        : HikariPool-1 - Before cleanup stats (total=3, active=0, idle=3, waiting=0)
2026-03-27 18:28:11.596 DEBUG 22644 --- [l-1 housekeeper] com.zaxxer.hikari.pool.HikariPool        : HikariPool-1 - After cleanup  stats (total=3, active=0, idle=3, waiting=0)
2026-03-27 18:28:11.597 DEBUG 22644 --- [l-1 housekeeper] com.zaxxer.hikari.pool.HikariPool        : HikariPool-1 - Fill pool skipped, pool is at sufficient level.
2026-03-27 18:28:24.208 DEBUG 22644 --- [ruz housekeeper] com.zaxxer.hikari.pool.HikariPool        : ConnDb-Santa_Cruz - Before cleanup stats (total=1, active=0, idle=1, waiting=0)
2026-03-27 18:28:24.208 DEBUG 22644 --- [ruz housekeeper] com.zaxxer.hikari.pool.HikariPool        : ConnDb-Santa_Cruz - After cleanup  stats (total=1, active=0, idle=1, waiting=0)
2026-03-27 18:28:24.210 DEBUG 22644 --- [ruz housekeeper] com.zaxxer.hikari.pool.HikariPool        : ConnDb-Santa_Cruz - Fill pool skipped, pool is at sufficient level.
2026-03-27 18:28:40.675 DEBUG 22644 --- [ool housekeeper] com.zaxxer.hikari.pool.HikariPool        : CentralHikariPool - Before cleanup stats (total=1, active=0, idle=1, waiting=0)
2026-03-27 18:28:40.675 DEBUG 22644 --- [ool housekeeper] com.zaxxer.hikari.pool.HikariPool        : CentralHikariPool - After cleanup  stats (total=1, active=0, idle=1, waiting=0)
2026-03-27 18:28:40.676 DEBUG 22644 --- [ool housekeeper] com.zaxxer.hikari.pool.HikariPool        : CentralHikariPool - Fill pool skipped, pool is at sufficient level.
2026-03-27 18:28:41.603 DEBUG 22644 --- [l-1 housekeeper] com.zaxxer.hikari.pool.HikariPool        : HikariPool-1 - Before cleanup stats (total=3, active=0, idle=3, waiting=0)
2026-03-27 18:28:41.604 DEBUG 22644 --- [l-1 housekeeper] com.zaxxer.hikari.pool.HikariPool        : HikariPool-1 - After cleanup  stats (total=3, active=0, idle=3, waiting=0)
2026-03-27 18:28:41.605 DEBUG 22644 --- [l-1 housekeeper] com.zaxxer.hikari.pool.HikariPool        : HikariPool-1 - Fill pool skipped, pool is at sufficient level.
2026-03-27 18:28:54.212 DEBUG 22644 --- [ruz housekeeper] com.zaxxer.hikari.pool.HikariPool        : ConnDb-Santa_Cruz - Before cleanup stats (total=1, active=0, idle=1, waiting=0)
2026-03-27 18:28:54.213 DEBUG 22644 --- [ruz housekeeper] com.zaxxer.hikari.pool.HikariPool        : ConnDb-Santa_Cruz - After cleanup  stats (total=1, active=0, idle=1, waiting=0)
2026-03-27 18:28:54.214 DEBUG 22644 --- [ruz housekeeper] com.zaxxer.hikari.pool.HikariPool        : ConnDb-Santa_Cruz - Fill pool skipped, pool is at sufficient level.
2026-03-27 18:29:10.685 DEBUG 22644 --- [ool housekeeper] com.zaxxer.hikari.pool.HikariPool        : CentralHikariPool - Before cleanup stats (total=1, active=0, idle=1, waiting=0)
2026-03-27 18:29:10.686 DEBUG 22644 --- [ool housekeeper] com.zaxxer.hikari.pool.HikariPool        : CentralHikariPool - After cleanup  stats (total=1, active=0, idle=1, waiting=0)
2026-03-27 18:29:10.687 DEBUG 22644 --- [ool housekeeper] com.zaxxer.hikari.pool.HikariPool        : CentralHikariPool - Fill pool skipped, pool is at sufficient level.
2026-03-27 18:29:11.622 DEBUG 22644 --- [l-1 housekeeper] com.zaxxer.hikari.pool.HikariPool        : HikariPool-1 - Before cleanup stats (total=3, active=0, idle=3, waiting=0)
2026-03-27 18:29:11.623 DEBUG 22644 --- [l-1 housekeeper] com.zaxxer.hikari.pool.HikariPool        : HikariPool-1 - After cleanup  stats (total=3, active=0, idle=3, waiting=0)
2026-03-27 18:29:11.624 DEBUG 22644 --- [l-1 housekeeper] com.zaxxer.hikari.pool.HikariPool        : HikariPool-1 - Fill pool skipped, pool is at sufficient level.
2026-03-27 18:29:24.223 DEBUG 22644 --- [ruz housekeeper] com.zaxxer.hikari.pool.HikariPool        : ConnDb-Santa_Cruz - Before cleanup stats (total=1, active=0, idle=1, waiting=0)
2026-03-27 18:29:24.224 DEBUG 22644 --- [ruz housekeeper] com.zaxxer.hikari.pool.HikariPool        : ConnDb-Santa_Cruz - After cleanup  stats (total=1, active=0, idle=1, waiting=0)
2026-03-27 18:29:24.224 DEBUG 22644 --- [ruz housekeeper] com.zaxxer.hikari.pool.HikariPool        : ConnDb-Santa_Cruz - Fill pool skipped, pool is at sufficient level.
2026-03-27 18:29:28.685 DEBUG 22644 --- [l-1 housekeeper] com.zaxxer.hikari.pool.HikariPool        : HikariPool-1 - keepalive: connection ConnectionID:1 ClientConnectionId: 9da2b1f2-1332-4aef-a188-85e14c46ae69 is alive
2026-03-27 18:29:32.352 DEBUG 22644 --- [l-1 housekeeper] com.zaxxer.hikari.pool.HikariPool        : HikariPool-1 - keepalive: connection ConnectionID:3 ClientConnectionId: 66946ea9-8586-42a8-9c93-1fe11b5d710e is alive
2026-03-27 18:29:35.286 DEBUG 22644 --- [l-1 housekeeper] com.zaxxer.hikari.pool.HikariPool        : HikariPool-1 - keepalive: connection ConnectionID:2 ClientConnectionId: 2c6120dc-230f-498b-bcb3-ec43477fe9c8 is alive
2026-03-27 18:29:40.693 DEBUG 22644 --- [ool housekeeper] com.zaxxer.hikari.pool.HikariPool        : CentralHikariPool - Before cleanup stats (total=1, active=0, idle=1, waiting=0)
2026-03-27 18:29:40.735 DEBUG 22644 --- [ool housekeeper] com.zaxxer.hikari.pool.HikariPool        : CentralHikariPool - After cleanup  stats (total=1, active=0, idle=1, waiting=0)
2026-03-27 18:29:40.736 DEBUG 22644 --- [ool housekeeper] com.zaxxer.hikari.pool.HikariPool        : CentralHikariPool - Fill pool skipped, pool is at sufficient level.
2026-03-27 18:29:41.638 DEBUG 22644 --- [l-1 housekeeper] com.zaxxer.hikari.pool.HikariPool        : HikariPool-1 - Before cleanup stats (total=3, active=0, idle=3, waiting=0)
2026-03-27 18:29:41.639 DEBUG 22644 --- [l-1 housekeeper] com.zaxxer.hikari.pool.HikariPool        : HikariPool-1 - After cleanup  stats (total=3, active=0, idle=3, waiting=0)
2026-03-27 18:29:41.641 DEBUG 22644 --- [l-1 housekeeper] com.zaxxer.hikari.pool.HikariPool        : HikariPool-1 - Fill pool skipped, pool is at sufficient level.
2026-03-27 18:29:45.103 DEBUG 22644 --- [ool housekeeper] com.zaxxer.hikari.pool.HikariPool        : CentralHikariPool - keepalive: connection ConnectionID:5 ClientConnectionId: 6c32a0a1-e32d-43b4-9436-83a5f1c481ae is alive
2026-03-27 18:29:54.240 DEBUG 22644 --- [ruz housekeeper] com.zaxxer.hikari.pool.HikariPool        : ConnDb-Santa_Cruz - Before cleanup stats (total=1, active=0, idle=1, waiting=0)
2026-03-27 18:29:54.241 DEBUG 22644 --- [ruz housekeeper] com.zaxxer.hikari.pool.HikariPool        : ConnDb-Santa_Cruz - After cleanup  stats (total=1, active=0, idle=1, waiting=0)
2026-03-27 18:29:54.241 DEBUG 22644 --- [ruz housekeeper] com.zaxxer.hikari.pool.HikariPool        : ConnDb-Santa_Cruz - Fill pool skipped, pool is at sufficient level.
2026-03-27 18:30:04.738 DEBUG 22644 --- [nio-8089-exec-5] o.s.web.servlet.DispatcherServlet        : GET "/catalogos/rutas?tecnicoId=98", parameters={masked}
2026-03-27 18:30:04.740 DEBUG 22644 --- [nio-8089-exec-5] s.w.s.m.m.a.RequestMappingHandlerMapping : Mapped to com.example.TigoStarSystem.catalogo.controller.CatalogoController#listarRutas(Integer)
2026-03-27 18:30:04.741 DEBUG 22644 --- [nio-8089-exec-6] o.s.web.servlet.DispatcherServlet        : GET "/catalogos/estados", parameters={}
2026-03-27 18:30:04.741 DEBUG 22644 --- [nio-8089-exec-4] o.s.web.servlet.DispatcherServlet        : GET "/ot/spx_ObtenerCaberaVentaParaRegistroOTwb?clienteNro=2620591&ot=28759209&tor=A01&grupo=GRUPO+M24_KEVIN+GEOVANI&tecnicoNombre=KEVIN+GEOVANI+BARROSO+NAVA", parameters={masked}
2026-03-27 18:30:04.741 DEBUG 22644 --- [nio-8089-exec-9] o.s.web.servlet.DispatcherServlet        : GET "/catalogos/tipo-servicio", parameters={}
2026-03-27 18:30:04.742 DEBUG 22644 --- [nio-8089-exec-6] s.w.s.m.m.a.RequestMappingHandlerMapping : Mapped to com.example.TigoStarSystem.catalogo.controller.CatalogoController#listarEstados()
2026-03-27 18:30:04.742 DEBUG 22644 --- [nio-8089-exec-5] o.s.jdbc.core.JdbcTemplate               : Executing prepared SQL query
2026-03-27 18:30:04.744 DEBUG 22644 --- [nio-8089-exec-4] s.w.s.m.m.a.RequestMappingHandlerMapping : Mapped to com.example.TigoStarSystem.ot.controller.OtController#obtenerCabeceraVentaParaRegistroOtWb(String, Integer, Integer, String, String, String)
2026-03-27 18:30:04.745 DEBUG 22644 --- [nio-8089-exec-9] s.w.s.m.m.a.RequestMappingHandlerMapping : Mapped to com.example.TigoStarSystem.catalogo.controller.CatalogoController#listarTipoServicio()
2026-03-27 18:30:04.746 DEBUG 22644 --- [nio-8089-exec-5] o.s.jdbc.core.JdbcTemplate               : Executing prepared SQL statement [EXEC spx_ObtenerRutaXIdTecnico ?]
2026-03-27 18:30:04.747 DEBUG 22644 --- [nio-8089-exec-6] o.s.jdbc.core.JdbcTemplate               : Executing SQL query [EXEC sp_ObtenerEstado]
2026-03-27 18:30:04.748 DEBUG 22644 --- [nio-8089-exec-9] o.s.jdbc.core.JdbcTemplate               : Executing SQL query [EXEC spx_ObtenerTipoServicio]
2026-03-27 18:30:04.748 DEBUG 22644 --- [nio-8089-exec-5] o.s.jdbc.datasource.DataSourceUtils      : Fetching JDBC Connection from DataSource
2026-03-27 18:30:04.750 DEBUG 22644 --- [nio-8089-exec-4] o.s.jdbc.core.JdbcTemplate               : Executing SQL query [EXEC dbo.spx_ObtenerSucursalesConexion]
2026-03-27 18:30:04.750 DEBUG 22644 --- [nio-8089-exec-6] o.s.jdbc.datasource.DataSourceUtils      : Fetching JDBC Connection from DataSource
2026-03-27 18:30:04.751 DEBUG 22644 --- [nio-8089-exec-9] o.s.jdbc.datasource.DataSourceUtils      : Fetching JDBC Connection from DataSource
2026-03-27 18:30:04.752 DEBUG 22644 --- [nio-8089-exec-4] o.s.jdbc.datasource.DataSourceUtils      : Fetching JDBC Connection from DataSource
2026-03-27 18:30:04.758 DEBUG 22644 --- [nio-8089-exec-5] o.s.w.s.m.m.a.HttpEntityMethodProcessor  : Using 'application/json', given [application/json, text/plain, */*] and supported [application/json, application/*+json, application/json, application/*+json]
2026-03-27 18:30:04.758 DEBUG 22644 --- [nio-8089-exec-6] o.s.w.s.m.m.a.HttpEntityMethodProcessor  : Using 'application/json', given [application/json, text/plain, */*] and supported [application/json, application/*+json, application/json, application/*+json]
2026-03-27 18:30:04.761 DEBUG 22644 --- [nio-8089-exec-5] o.s.w.s.m.m.a.HttpEntityMethodProcessor  : Writing [com.example.TigoStarSystem.common.ApiResponse@660462e]
2026-03-27 18:30:04.761 DEBUG 22644 --- [nio-8089-exec-6] o.s.w.s.m.m.a.HttpEntityMethodProcessor  : Writing [com.example.TigoStarSystem.common.ApiResponse@501f98dd]
2026-03-27 18:30:04.762 DEBUG 22644 --- [nio-8089-exec-9] o.s.w.s.m.m.a.HttpEntityMethodProcessor  : Using 'application/json', given [application/json, text/plain, */*] and supported [application/json, application/*+json, application/json, application/*+json]
2026-03-27 18:30:04.762 DEBUG 22644 --- [nio-8089-exec-4] o.s.jdbc.core.JdbcTemplate               : Executing prepared SQL query
2026-03-27 18:30:04.764 DEBUG 22644 --- [nio-8089-exec-6] o.s.web.servlet.DispatcherServlet        : Completed 200 OK
2026-03-27 18:30:04.764 DEBUG 22644 --- [nio-8089-exec-9] o.s.w.s.m.m.a.HttpEntityMethodProcessor  : Writing [com.example.TigoStarSystem.common.ApiResponse@33b03e79]
2026-03-27 18:30:04.764 DEBUG 22644 --- [nio-8089-exec-5] o.s.web.servlet.DispatcherServlet        : Completed 200 OK
2026-03-27 18:30:04.764 DEBUG 22644 --- [nio-8089-exec-4] o.s.jdbc.core.JdbcTemplate               : Executing prepared SQL statement [EXEC dbo.spx_ObtenerCaberaVentaParaRegistroOTwb ?, ?, ?, ?, ?]
2026-03-27 18:30:04.767 DEBUG 22644 --- [nio-8089-exec-4] o.s.jdbc.datasource.DataSourceUtils      : Fetching JDBC Connection from DataSource
2026-03-27 18:30:04.768 DEBUG 22644 --- [nio-8089-exec-9] o.s.web.servlet.DispatcherServlet        : Completed 200 OK
2026-03-27 18:30:04.786 DEBUG 22644 --- [nio-8089-exec-4] o.s.w.s.m.m.a.HttpEntityMethodProcessor  : Using 'application/json', given [application/json, text/plain, */*] and supported [application/json, application/*+json, application/json, application/*+json]
2026-03-27 18:30:04.787 DEBUG 22644 --- [nio-8089-exec-4] o.s.w.s.m.m.a.HttpEntityMethodProcessor  : Writing [com.example.TigoStarSystem.common.ApiResponse@50976bc9]
2026-03-27 18:30:04.789 DEBUG 22644 --- [onnection adder] com.zaxxer.hikari.pool.HikariPool        : HikariPool-1 - Added connection ConnectionID:6 ClientConnectionId: e7ec7a34-b04d-4742-ad68-ea6c7cfd4185
2026-03-27 18:30:04.790 DEBUG 22644 --- [nio-8089-exec-4] o.s.web.servlet.DispatcherServlet        : Completed 200 OK
2026-03-27 18:30:10.792 DEBUG 22644 --- [ool housekeeper] com.zaxxer.hikari.pool.HikariPool        : CentralHikariPool - Before cleanup stats (total=1, active=0, idle=1, waiting=0)
2026-03-27 18:30:10.793 DEBUG 22644 --- [ool housekeeper] com.zaxxer.hikari.pool.HikariPool        : CentralHikariPool - After cleanup  stats (total=1, active=0, idle=1, waiting=0)
2026-03-27 18:30:10.794 DEBUG 22644 --- [ool housekeeper] com.zaxxer.hikari.pool.HikariPool        : CentralHikariPool - Fill pool skipped, pool is at sufficient level.
2026-03-27 18:30:11.653 DEBUG 22644 --- [l-1 housekeeper] com.zaxxer.hikari.pool.HikariPool        : HikariPool-1 - Before cleanup stats (total=4, active=0, idle=4, waiting=0)
2026-03-27 18:30:11.749 DEBUG 22644 --- [l-1 housekeeper] com.zaxxer.hikari.pool.HikariPool        : HikariPool-1 - After cleanup  stats (total=4, active=0, idle=4, waiting=0)
2026-03-27 18:30:11.749 DEBUG 22644 --- [l-1 housekeeper] com.zaxxer.hikari.pool.HikariPool        : HikariPool-1 - Fill pool skipped, pool is at sufficient level.
2026-03-27 18:30:24.255 DEBUG 22644 --- [ruz housekeeper] com.zaxxer.hikari.pool.HikariPool        : ConnDb-Santa_Cruz - Before cleanup stats (total=1, active=0, idle=1, waiting=0)
2026-03-27 18:30:24.323 DEBUG 22644 --- [ruz housekeeper] com.zaxxer.hikari.pool.HikariPool        : ConnDb-Santa_Cruz - After cleanup  stats (total=1, active=0, idle=1, waiting=0)
2026-03-27 18:30:24.326 DEBUG 22644 --- [ruz housekeeper] com.zaxxer.hikari.pool.HikariPool        : ConnDb-Santa_Cruz - Fill pool skipped, pool is at sufficient level.
2026-03-27 18:30:40.797 DEBUG 22644 --- [ool housekeeper] com.zaxxer.hikari.pool.HikariPool        : CentralHikariPool - Before cleanup stats (total=1, active=0, idle=1, waiting=0)
2026-03-27 18:30:40.798 DEBUG 22644 --- [ool housekeeper] com.zaxxer.hikari.pool.HikariPool        : CentralHikariPool - After cleanup  stats (total=1, active=0, idle=1, waiting=0)
2026-03-27 18:30:40.799 DEBUG 22644 --- [ool housekeeper] com.zaxxer.hikari.pool.HikariPool        : CentralHikariPool - Fill pool skipped, pool is at sufficient level.
2026-03-27 18:30:41.765 DEBUG 22644 --- [l-1 housekeeper] com.zaxxer.hikari.pool.HikariPool        : HikariPool-1 - Before cleanup stats (total=4, active=0, idle=4, waiting=0)
2026-03-27 18:30:41.765 DEBUG 22644 --- [l-1 housekeeper] com.zaxxer.hikari.pool.HikariPool        : HikariPool-1 - After cleanup  stats (total=4, active=0, idle=4, waiting=0)
2026-03-27 18:30:41.766 DEBUG 22644 --- [l-1 housekeeper] com.zaxxer.hikari.pool.HikariPool        : HikariPool-1 - Fill pool skipped, pool is at sufficient level.
2026-03-27 18:30:54.336 DEBUG 22644 --- [ruz housekeeper] com.zaxxer.hikari.pool.HikariPool        : ConnDb-Santa_Cruz - Before cleanup stats (total=1, active=0, idle=1, waiting=0)
2026-03-27 18:30:54.336 DEBUG 22644 --- [ruz housekeeper] com.zaxxer.hikari.pool.HikariPool        : ConnDb-Santa_Cruz - After cleanup  stats (total=1, active=0, idle=1, waiting=0)
2026-03-27 18:30:54.337 DEBUG 22644 --- [ruz housekeeper] com.zaxxer.hikari.pool.HikariPool        : ConnDb-Santa_Cruz - Fill pool skipped, pool is at sufficient level.
2026-03-27 18:31:10.811 DEBUG 22644 --- [ool housekeeper] com.zaxxer.hikari.pool.HikariPool        : CentralHikariPool - Before cleanup stats (total=1, active=0, idle=1, waiting=0)
2026-03-27 18:31:10.812 DEBUG 22644 --- [ool housekeeper] com.zaxxer.hikari.pool.HikariPool        : CentralHikariPool - After cleanup  stats (total=1, active=0, idle=1, waiting=0)
2026-03-27 18:31:10.813 DEBUG 22644 --- [ool housekeeper] com.zaxxer.hikari.pool.HikariPool        : CentralHikariPool - Fill pool skipped, pool is at sufficient level.
2026-03-27 18:31:11.777 DEBUG 22644 --- [l-1 housekeeper] com.zaxxer.hikari.pool.HikariPool        : HikariPool-1 - Before cleanup stats (total=4, active=0, idle=4, waiting=0)
2026-03-27 18:31:11.778 DEBUG 22644 --- [l-1 housekeeper] com.zaxxer.hikari.pool.HikariPool        : HikariPool-1 - After cleanup  stats (total=4, active=0, idle=4, waiting=0)
2026-03-27 18:31:11.779 DEBUG 22644 --- [l-1 housekeeper] com.zaxxer.hikari.pool.HikariPool        : HikariPool-1 - Fill pool skipped, pool is at sufficient level.
2026-03-27 18:31:13.843 DEBUG 22644 --- [nio-8089-exec-1] o.s.web.servlet.DispatcherServlet        : GET "/supervisor/spy_Ultimo_Estado_Dia_BO_CITA_MAKIRO?fecha=2026-03-27&idUsuario=98&tecnico=KEVIN+GEOVANI+BARROSO+NAVA", parameters={masked}
2026-03-27 18:31:13.845 DEBUG 22644 --- [nio-8089-exec-1] s.w.s.m.m.a.RequestMappingHandlerMapping : Mapped to com.example.TigoStarSystem.supervisor.controller.EstadoDiaBoCitaController#obtenerUltimoEstadoDia(String, LocalDate, String)
2026-03-27 18:31:13.846 DEBUG 22644 --- [nio-8089-exec-1] o.s.jdbc.core.JdbcTemplate               : Executing prepared SQL query
2026-03-27 18:31:13.848 DEBUG 22644 --- [nio-8089-exec-1] o.s.jdbc.core.JdbcTemplate               : Executing prepared SQL statement [EXEC dbo.spy_Ultimo_Estado_Dia_BO_CITA_MAKIRO ?, ?]
2026-03-27 18:31:13.849 DEBUG 22644 --- [nio-8089-exec-1] o.s.jdbc.datasource.DataSourceUtils      : Fetching JDBC Connection from DataSource
2026-03-27 18:31:13.861 DEBUG 22644 --- [nio-8089-exec-1] o.s.w.s.m.m.a.HttpEntityMethodProcessor  : Using 'application/json', given [application/json, text/plain, */*] and supported [application/json, application/*+json, application/json, application/*+json]
2026-03-27 18:31:13.862 DEBUG 22644 --- [nio-8089-exec-1] o.s.w.s.m.m.a.HttpEntityMethodProcessor  : Writing [com.example.TigoStarSystem.common.ApiResponse@602e807f]
2026-03-27 18:31:13.863 DEBUG 22644 --- [nio-8089-exec-1] o.s.web.servlet.DispatcherServlet        : Completed 200 OK
2026-03-27 18:31:16.175 DEBUG 22644 --- [nio-8089-exec-6] o.s.web.servlet.DispatcherServlet        : GET "/supervisor/spy_Ultimo_Estado_Dia_BO_CITA_MAKIRO?fecha=2026-03-02&idUsuario=98&tecnico=KEVIN+GEOVANI+BARROSO+NAVA", parameters={masked}
2026-03-27 18:31:16.177 DEBUG 22644 --- [nio-8089-exec-6] s.w.s.m.m.a.RequestMappingHandlerMapping : Mapped to com.example.TigoStarSystem.supervisor.controller.EstadoDiaBoCitaController#obtenerUltimoEstadoDia(String, LocalDate, String)
2026-03-27 18:31:16.179 DEBUG 22644 --- [nio-8089-exec-6] o.s.jdbc.core.JdbcTemplate               : Executing prepared SQL query
2026-03-27 18:31:16.180 DEBUG 22644 --- [nio-8089-exec-6] o.s.jdbc.core.JdbcTemplate               : Executing prepared SQL statement [EXEC dbo.spy_Ultimo_Estado_Dia_BO_CITA_MAKIRO ?, ?]
2026-03-27 18:31:16.181 DEBUG 22644 --- [nio-8089-exec-6] o.s.jdbc.datasource.DataSourceUtils      : Fetching JDBC Connection from DataSource
2026-03-27 18:31:16.191 DEBUG 22644 --- [nio-8089-exec-6] o.s.w.s.m.m.a.HttpEntityMethodProcessor  : Using 'application/json', given [application/json, text/plain, */*] and supported [application/json, application/*+json, application/json, application/*+json]
2026-03-27 18:31:16.193 DEBUG 22644 --- [nio-8089-exec-6] o.s.w.s.m.m.a.HttpEntityMethodProcessor  : Writing [com.example.TigoStarSystem.common.ApiResponse@32268960]
2026-03-27 18:31:16.194 DEBUG 22644 --- [nio-8089-exec-6] o.s.web.servlet.DispatcherServlet        : Completed 200 OK
2026-03-27 18:31:16.226 DEBUG 22644 --- [nio-8089-exec-5] o.s.web.servlet.DispatcherServlet        : GET "/supervisor/spy_Ultimo_Estado_Dia_BO_CITA_MAKIRO?fecha=2026-03-23&idUsuario=98&tecnico=KEVIN+GEOVANI+BARROSO+NAVA", parameters={masked}
2026-03-27 18:31:16.227 DEBUG 22644 --- [nio-8089-exec-5] s.w.s.m.m.a.RequestMappingHandlerMapping : Mapped to com.example.TigoStarSystem.supervisor.controller.EstadoDiaBoCitaController#obtenerUltimoEstadoDia(String, LocalDate, String)
2026-03-27 18:31:16.229 DEBUG 22644 --- [nio-8089-exec-5] o.s.jdbc.core.JdbcTemplate               : Executing prepared SQL query
2026-03-27 18:31:16.231 DEBUG 22644 --- [nio-8089-exec-5] o.s.jdbc.core.JdbcTemplate               : Executing prepared SQL statement [EXEC dbo.spy_Ultimo_Estado_Dia_BO_CITA_MAKIRO ?, ?]
2026-03-27 18:31:16.232 DEBUG 22644 --- [nio-8089-exec-5] o.s.jdbc.datasource.DataSourceUtils      : Fetching JDBC Connection from DataSource
2026-03-27 18:31:16.295 DEBUG 22644 --- [nio-8089-exec-5] o.s.w.s.m.m.a.HttpEntityMethodProcessor  : Using 'application/json', given [application/json, text/plain, */*] and supported [application/json, application/*+json, application/json, application/*+json]
2026-03-27 18:31:16.296 DEBUG 22644 --- [nio-8089-exec-5] o.s.w.s.m.m.a.HttpEntityMethodProcessor  : Writing [com.example.TigoStarSystem.common.ApiResponse@67a3649e]
2026-03-27 18:31:16.297 DEBUG 22644 --- [nio-8089-exec-5] o.s.web.servlet.DispatcherServlet        : Completed 200 OK
2026-03-27 18:31:22.112 DEBUG 22644 --- [l-1 housekeeper] com.zaxxer.hikari.pool.HikariPool        : HikariPool-1 - keepalive: connection ConnectionID:1 ClientConnectionId: 9da2b1f2-1332-4aef-a188-85e14c46ae69 is alive
2026-03-27 18:31:24.348 DEBUG 22644 --- [ruz housekeeper] com.zaxxer.hikari.pool.HikariPool        : ConnDb-Santa_Cruz - Before cleanup stats (total=1, active=0, idle=1, waiting=0)
2026-03-27 18:31:24.853 DEBUG 22644 --- [ruz housekeeper] com.zaxxer.hikari.pool.HikariPool        : ConnDb-Santa_Cruz - After cleanup  stats (total=1, active=0, idle=1, waiting=0)
2026-03-27 18:31:24.870 DEBUG 22644 --- [ruz housekeeper] com.zaxxer.hikari.pool.HikariPool        : ConnDb-Santa_Cruz - Fill pool skipped, pool is at sufficient level.
2026-03-27 18:31:27.584 DEBUG 22644 --- [l-1 housekeeper] com.zaxxer.hikari.pool.HikariPool        : HikariPool-1 - keepalive: connection ConnectionID:3 ClientConnectionId: 66946ea9-8586-42a8-9c93-1fe11b5d710e is alive
2026-03-27 18:31:31.994 DEBUG 22644 --- [l-1 housekeeper] com.zaxxer.hikari.pool.HikariPool        : HikariPool-1 - keepalive: connection ConnectionID:2 ClientConnectionId: 2c6120dc-230f-498b-bcb3-ec43477fe9c8 is alive
2026-03-27 18:31:35.974 DEBUG 22644 --- [ool housekeeper] com.zaxxer.hikari.pool.HikariPool        : CentralHikariPool - keepalive: connection ConnectionID:5 ClientConnectionId: 6c32a0a1-e32d-43b4-9436-83a5f1c481ae is alive
2026-03-27 18:31:40.827 DEBUG 22644 --- [ool housekeeper] com.zaxxer.hikari.pool.HikariPool        : CentralHikariPool - Before cleanup stats (total=1, active=0, idle=1, waiting=0)
2026-03-27 18:31:40.827 DEBUG 22644 --- [ool housekeeper] com.zaxxer.hikari.pool.HikariPool        : CentralHikariPool - After cleanup  stats (total=1, active=0, idle=1, waiting=0)
2026-03-27 18:31:40.828 DEBUG 22644 --- [ool housekeeper] com.zaxxer.hikari.pool.HikariPool        : CentralHikariPool - Fill pool skipped, pool is at sufficient level.
2026-03-27 18:31:41.795 DEBUG 22644 --- [l-1 housekeeper] com.zaxxer.hikari.pool.HikariPool        : HikariPool-1 - Before cleanup stats (total=4, active=0, idle=4, waiting=0)
2026-03-27 18:31:41.840 DEBUG 22644 --- [l-1 housekeeper] com.zaxxer.hikari.pool.HikariPool        : HikariPool-1 - After cleanup  stats (total=4, active=0, idle=4, waiting=0)
2026-03-27 18:31:41.950 DEBUG 22644 --- [l-1 housekeeper] com.zaxxer.hikari.pool.HikariPool        : HikariPool-1 - Fill pool skipped, pool is at sufficient level.
2026-03-27 18:31:55.201 DEBUG 22644 --- [ruz housekeeper] com.zaxxer.hikari.pool.HikariPool        : ConnDb-Santa_Cruz - Before cleanup stats (total=1, active=0, idle=1, waiting=0)
2026-03-27 18:31:55.382 DEBUG 22644 --- [ruz housekeeper] com.zaxxer.hikari.pool.HikariPool        : ConnDb-Santa_Cruz - After cleanup  stats (total=1, active=0, idle=1, waiting=0)
2026-03-27 18:31:55.387 DEBUG 22644 --- [ruz housekeeper] com.zaxxer.hikari.pool.HikariPool        : ConnDb-Santa_Cruz - Fill pool skipped, pool is at sufficient level.
