
  .   ____          _            __ _ _
 /\\ / ___'_ __ _ _(_)_ __  __ _ \ \ \ \
( ( )\___ | '_ | '_| | '_ \/ _` | \ \ \ \
 \\/  ___)| |_)| | | | | || (_| |  ) ) ) )
  '  |____| .__|_| |_|_| |_\__, | / / / /
 =========|_|==============|___/=/_/_/_/
 :: Spring Boot ::               (v2.7.18)

2026-03-27 09:45:15.866  INFO 10280 --- [           main] c.e.T.TigoStarSystemApplication          : Starting TigoStarSystemApplication using Java 1.8.0_471 on DESKTOP-B4OJ8TG with PID 10280 (D:\Nueva carpeta (4)\version3\BackMakiro-backV3\target\classes started by Stefania in D:\Nueva carpeta (4)\version3\BackMakiro-backV3)
2026-03-27 09:45:15.907 DEBUG 10280 --- [           main] c.e.T.TigoStarSystemApplication          : Running with Spring Boot v2.7.18, Spring v5.3.31
2026-03-27 09:45:15.909  INFO 10280 --- [           main] c.e.T.TigoStarSystemApplication          : No active profile set, falling back to 1 default profile: "default"
2026-03-27 09:45:15.910 DEBUG 10280 --- [           main] o.s.boot.SpringApplication               : Loading source class com.example.TigoStarSystem.TigoStarSystemApplication
2026-03-27 09:45:15.944 DEBUG 10280 --- [           main] ConfigServletWebServerApplicationContext : Refreshing org.springframework.boot.web.servlet.context.AnnotationConfigServletWebServerApplicationContext@28b46423
2026-03-27 09:45:16.964 DEBUG 10280 --- [           main] .s.b.w.e.t.TomcatServletWebServerFactory : Code archive: C:\Users\Stefania\.m2\repository\org\springframework\boot\spring-boot\2.7.18\spring-boot-2.7.18.jar
2026-03-27 09:45:16.965 DEBUG 10280 --- [           main] .s.b.w.e.t.TomcatServletWebServerFactory : Code archive: C:\Users\Stefania\.m2\repository\org\springframework\boot\spring-boot\2.7.18\spring-boot-2.7.18.jar
2026-03-27 09:45:16.967 DEBUG 10280 --- [           main] .s.b.w.e.t.TomcatServletWebServerFactory : None of the document roots [src/main/webapp, public, static] point to a directory and will be ignored.
2026-03-27 09:45:16.978  INFO 10280 --- [           main] o.s.b.w.embedded.tomcat.TomcatWebServer  : Tomcat initialized with port(s): 8089 (http)
2026-03-27 09:45:16.984  INFO 10280 --- [           main] o.apache.catalina.core.StandardService   : Starting service [Tomcat]
2026-03-27 09:45:16.985  INFO 10280 --- [           main] org.apache.catalina.core.StandardEngine  : Starting Servlet engine: [Apache Tomcat/9.0.83]
2026-03-27 09:45:17.106  INFO 10280 --- [           main] o.a.c.c.C.[Tomcat].[localhost].[/]       : Initializing Spring embedded WebApplicationContext
2026-03-27 09:45:17.107 DEBUG 10280 --- [           main] w.s.c.ServletWebServerApplicationContext : Published root WebApplicationContext as ServletContext attribute with name [org.springframework.web.context.WebApplicationContext.ROOT]
2026-03-27 09:45:17.108  INFO 10280 --- [           main] w.s.c.ServletWebServerApplicationContext : Root WebApplicationContext: initialization completed in 1164 ms
2026-03-27 09:45:17.136 DEBUG 10280 --- [           main] o.s.b.w.s.ServletContextInitializerBeans : Mapping filters: filterRegistrationBean urls=[/*] order=-2147483648, characterEncodingFilter urls=[/*] order=-2147483648, formContentFilter urls=[/*] order=-9900, requestContextFilter urls=[/*] order=-105
2026-03-27 09:45:17.137 DEBUG 10280 --- [           main] o.s.b.w.s.ServletContextInitializerBeans : Mapping servlets: dispatcherServlet urls=[/]
2026-03-27 09:45:17.150 DEBUG 10280 --- [           main] o.s.b.w.s.f.OrderedRequestContextFilter  : Filter 'requestContextFilter' configured for use
2026-03-27 09:45:17.152 DEBUG 10280 --- [           main] o.springframework.web.filter.CorsFilter  : Filter 'corsFilter' configured for use
2026-03-27 09:45:17.153 DEBUG 10280 --- [           main] s.b.w.s.f.OrderedCharacterEncodingFilter : Filter 'characterEncodingFilter' configured for use
2026-03-27 09:45:17.154 DEBUG 10280 --- [           main] o.s.b.w.s.f.OrderedFormContentFilter     : Filter 'formContentFilter' configured for use
2026-03-27 09:45:17.182 DEBUG 10280 --- [           main] com.zaxxer.hikari.HikariConfig           : Driver class com.microsoft.sqlserver.jdbc.SQLServerDriver found in Thread context class loader sun.misc.Launcher$AppClassLoader@7506e922
2026-03-27 09:45:17.234 DEBUG 10280 --- [           main] com.zaxxer.hikari.HikariConfig           : Driver class com.microsoft.sqlserver.jdbc.SQLServerDriver found in Thread context class loader sun.misc.Launcher$AppClassLoader@7506e922
2026-03-27 09:45:17.235 DEBUG 10280 --- [           main] com.zaxxer.hikari.HikariConfig           : CentralHikariPool - configuration:
2026-03-27 09:45:17.237 DEBUG 10280 --- [           main] com.zaxxer.hikari.HikariConfig           : allowPoolSuspension................................false
2026-03-27 09:45:17.238 DEBUG 10280 --- [           main] com.zaxxer.hikari.HikariConfig           : autoCommit................................true
2026-03-27 09:45:17.238 DEBUG 10280 --- [           main] com.zaxxer.hikari.HikariConfig           : catalog................................none
2026-03-27 09:45:17.239 DEBUG 10280 --- [           main] com.zaxxer.hikari.HikariConfig           : connectionInitSql................................none
2026-03-27 09:45:17.239 DEBUG 10280 --- [           main] com.zaxxer.hikari.HikariConfig           : connectionTestQuery................................"SELECT 1"
2026-03-27 09:45:17.240 DEBUG 10280 --- [           main] com.zaxxer.hikari.HikariConfig           : connectionTimeout................................15000
2026-03-27 09:45:17.241 DEBUG 10280 --- [           main] com.zaxxer.hikari.HikariConfig           : dataSource................................none
2026-03-27 09:45:17.241 DEBUG 10280 --- [           main] com.zaxxer.hikari.HikariConfig           : dataSourceClassName................................none
2026-03-27 09:45:17.242 DEBUG 10280 --- [           main] com.zaxxer.hikari.HikariConfig           : dataSourceJNDI................................none
2026-03-27 09:45:17.243 DEBUG 10280 --- [           main] com.zaxxer.hikari.HikariConfig           : dataSourceProperties................................{password=<masked>}
2026-03-27 09:45:17.243 DEBUG 10280 --- [           main] com.zaxxer.hikari.HikariConfig           : driverClassName................................"com.microsoft.sqlserver.jdbc.SQLServerDriver"
2026-03-27 09:45:17.245 DEBUG 10280 --- [           main] com.zaxxer.hikari.HikariConfig           : exceptionOverrideClassName................................none
2026-03-27 09:45:17.246 DEBUG 10280 --- [           main] com.zaxxer.hikari.HikariConfig           : healthCheckProperties................................{}
2026-03-27 09:45:17.246 DEBUG 10280 --- [           main] com.zaxxer.hikari.HikariConfig           : healthCheckRegistry................................none
2026-03-27 09:45:17.247 DEBUG 10280 --- [           main] com.zaxxer.hikari.HikariConfig           : idleTimeout................................300000
2026-03-27 09:45:17.247 DEBUG 10280 --- [           main] com.zaxxer.hikari.HikariConfig           : initializationFailTimeout................................-1
2026-03-27 09:45:17.248 DEBUG 10280 --- [           main] com.zaxxer.hikari.HikariConfig           : isolateInternalQueries................................false
2026-03-27 09:45:17.249 DEBUG 10280 --- [           main] com.zaxxer.hikari.HikariConfig           : jdbcUrl................................jdbc:sqlserver://172.16.0.13;databaseName=BDControlOrdenes;encrypt=false;trustServerCertificate=true
2026-03-27 09:45:17.249 DEBUG 10280 --- [           main] com.zaxxer.hikari.HikariConfig           : keepaliveTime................................120000
2026-03-27 09:45:17.250 DEBUG 10280 --- [           main] com.zaxxer.hikari.HikariConfig           : leakDetectionThreshold................................0
2026-03-27 09:45:17.250 DEBUG 10280 --- [           main] com.zaxxer.hikari.HikariConfig           : maxLifetime................................900000
2026-03-27 09:45:17.251 DEBUG 10280 --- [           main] com.zaxxer.hikari.HikariConfig           : maximumPoolSize................................10
2026-03-27 09:45:17.253 DEBUG 10280 --- [           main] com.zaxxer.hikari.HikariConfig           : metricRegistry................................none
2026-03-27 09:45:17.254 DEBUG 10280 --- [           main] com.zaxxer.hikari.HikariConfig           : metricsTrackerFactory................................none
2026-03-27 09:45:17.254 DEBUG 10280 --- [           main] com.zaxxer.hikari.HikariConfig           : minimumIdle................................0
2026-03-27 09:45:17.255 DEBUG 10280 --- [           main] com.zaxxer.hikari.HikariConfig           : password................................<masked>
2026-03-27 09:45:17.256 DEBUG 10280 --- [           main] com.zaxxer.hikari.HikariConfig           : poolName................................"CentralHikariPool"
2026-03-27 09:45:17.256 DEBUG 10280 --- [           main] com.zaxxer.hikari.HikariConfig           : readOnly................................false
2026-03-27 09:45:17.257 DEBUG 10280 --- [           main] com.zaxxer.hikari.HikariConfig           : registerMbeans................................false
2026-03-27 09:45:17.258 DEBUG 10280 --- [           main] com.zaxxer.hikari.HikariConfig           : scheduledExecutor................................none
2026-03-27 09:45:17.258 DEBUG 10280 --- [           main] com.zaxxer.hikari.HikariConfig           : schema................................none
2026-03-27 09:45:17.259 DEBUG 10280 --- [           main] com.zaxxer.hikari.HikariConfig           : threadFactory................................internal
2026-03-27 09:45:17.259 DEBUG 10280 --- [           main] com.zaxxer.hikari.HikariConfig           : transactionIsolation................................default
2026-03-27 09:45:17.261 DEBUG 10280 --- [           main] com.zaxxer.hikari.HikariConfig           : username................................"sistemas"
2026-03-27 09:45:17.262 DEBUG 10280 --- [           main] com.zaxxer.hikari.HikariConfig           : validationTimeout................................5000
2026-03-27 09:45:17.263  INFO 10280 --- [           main] com.zaxxer.hikari.HikariDataSource       : CentralHikariPool - Starting...
2026-03-27 09:45:17.270  INFO 10280 --- [           main] com.zaxxer.hikari.HikariDataSource       : CentralHikariPool - Start completed.
2026-03-27 09:45:17.305 DEBUG 10280 --- [           main] o.s.j.d.DriverManagerDataSource          : Loaded JDBC driver: com.microsoft.sqlserver.jdbc.SQLServerDriver
2026-03-27 09:45:17.379 DEBUG 10280 --- [ool housekeeper] com.zaxxer.hikari.pool.HikariPool        : CentralHikariPool - Before cleanup stats (total=0, active=0, idle=0, waiting=0)
2026-03-27 09:45:17.380 DEBUG 10280 --- [ool housekeeper] com.zaxxer.hikari.pool.HikariPool        : CentralHikariPool - After cleanup  stats (total=0, active=0, idle=0, waiting=0)
2026-03-27 09:45:17.380 DEBUG 10280 --- [ool housekeeper] com.zaxxer.hikari.pool.HikariPool        : CentralHikariPool - Fill pool skipped, pool is at sufficient level.
2026-03-27 09:45:17.440 DEBUG 10280 --- [           main] o.s.b.a.AutoConfigurationPackages        : @EnableAutoConfiguration was declared on a class in the package 'com.example.TigoStarSystem'. Automatic @Repository and @Entity scanning is enabled.
2026-03-27 09:45:17.473 DEBUG 10280 --- [           main] s.w.s.m.m.a.RequestMappingHandlerAdapter : ControllerAdvice beans: 0 @ModelAttribute, 0 @InitBinder, 1 RequestBodyAdvice, 1 ResponseBodyAdvice
2026-03-27 09:45:17.569 DEBUG 10280 --- [           main] s.w.s.m.m.a.RequestMappingHandlerMapping : 73 mappings in 'requestMappingHandlerMapping'
2026-03-27 09:45:17.581 DEBUG 10280 --- [           main] o.s.w.s.handler.SimpleUrlHandlerMapping  : Patterns [/webjars/**, /**, /swagger-ui*/*swagger-initializer.js, /swagger-ui*/**] in 'resourceHandlerMapping'
2026-03-27 09:45:17.587 DEBUG 10280 --- [           main] .m.m.a.ExceptionHandlerExceptionResolver : ControllerAdvice beans: 2 @ExceptionHandler, 1 ResponseBodyAdvice
2026-03-27 09:45:17.657  INFO 10280 --- [           main] o.s.b.w.embedded.tomcat.TomcatWebServer  : Tomcat started on port(s): 8089 (http) with context path ''
2026-03-27 09:45:17.678 DEBUG 10280 --- [           main] ConditionEvaluationReportLoggingListener : 


============================
CONDITIONS EVALUATION REPORT
============================


Positive matches:
-----------------

   AopAutoConfiguration matched:
      - @ConditionalOnProperty (spring.aop.auto=true) matched (OnPropertyCondition)

   AopAutoConfiguration.ClassProxyingConfiguration matched:
      - @ConditionalOnMissingClass did not find unwanted class 'org.aspectj.weaver.Advice' (OnClassCondition)
      - @ConditionalOnProperty (spring.aop.proxy-target-class=true) matched (OnPropertyCondition)

   ApplicationAvailabilityAutoConfiguration#applicationAvailability matched:
      - @ConditionalOnMissingBean (types: org.springframework.boot.availability.ApplicationAvailability; SearchStrategy: all) did not find any beans (OnBeanCondition)

   DataSourceAutoConfiguration matched:
      - @ConditionalOnClass found required classes 'javax.sql.DataSource', 'org.springframework.jdbc.datasource.embedded.EmbeddedDatabaseType' (OnClassCondition)
      - @ConditionalOnMissingBean (types: io.r2dbc.spi.ConnectionFactory; SearchStrategy: all) did not find any beans (OnBeanCondition)

   DataSourceAutoConfiguration.PooledDataSourceConfiguration matched:
      - AnyNestedCondition 1 matched 1 did not; NestedCondition on DataSourceAutoConfiguration.PooledDataSourceCondition.PooledDataSourceAvailable PooledDataSource found supported DataSource; NestedCondition on DataSourceAutoConfiguration.PooledDataSourceCondition.ExplicitType @ConditionalOnProperty (spring.datasource.type) did not find property 'type' (DataSourceAutoConfiguration.PooledDataSourceCondition)
      - @ConditionalOnMissingBean (types: javax.sql.DataSource,javax.sql.XADataSource; SearchStrategy: all) did not find any beans (OnBeanCondition)

   DataSourceConfiguration.Hikari matched:
      - @ConditionalOnClass found required class 'com.zaxxer.hikari.HikariDataSource' (OnClassCondition)
      - @ConditionalOnProperty (spring.datasource.type=com.zaxxer.hikari.HikariDataSource) matched (OnPropertyCondition)
      - @ConditionalOnMissingBean (types: javax.sql.DataSource; SearchStrategy: all) did not find any beans (OnBeanCondition)

   DataSourceInitializationConfiguration matched:
      - @ConditionalOnClass found required class 'org.springframework.jdbc.datasource.init.DatabasePopulator' (OnClassCondition)
      - @ConditionalOnSingleCandidate (types: javax.sql.DataSource; SearchStrategy: all) found a single bean 'dataSource'; @ConditionalOnMissingBean (types: org.springframework.boot.autoconfigure.sql.init.SqlDataSourceScriptDatabaseInitializer,org.springframework.boot.autoconfigure.sql.init.SqlR2dbcScriptDatabaseInitializer; SearchStrategy: all) did not find any beans (OnBeanCondition)

   DataSourceJmxConfiguration matched:
      - @ConditionalOnProperty (spring.jmx.enabled=true) matched (OnPropertyCondition)

   DataSourceJmxConfiguration.Hikari matched:
      - @ConditionalOnClass found required class 'com.zaxxer.hikari.HikariDataSource' (OnClassCondition)
      - @ConditionalOnSingleCandidate (types: javax.sql.DataSource; SearchStrategy: all) found a single bean 'dataSource' (OnBeanCondition)

   DataSourcePoolMetadataProvidersConfiguration.HikariPoolDataSourceMetadataProviderConfiguration matched:
      - @ConditionalOnClass found required class 'com.zaxxer.hikari.HikariDataSource' (OnClassCondition)

   DataSourceTransactionManagerAutoConfiguration matched:
      - @ConditionalOnClass found required classes 'org.springframework.jdbc.core.JdbcTemplate', 'org.springframework.transaction.TransactionManager' (OnClassCondition)

   DataSourceTransactionManagerAutoConfiguration.JdbcTransactionManagerConfiguration matched:
      - @ConditionalOnSingleCandidate (types: javax.sql.DataSource; SearchStrategy: all) found a single bean 'dataSource' (OnBeanCondition)

   DataSourceTransactionManagerAutoConfiguration.JdbcTransactionManagerConfiguration#transactionManager matched:
      - @ConditionalOnMissingBean (types: org.springframework.transaction.TransactionManager; SearchStrategy: all) did not find any beans (OnBeanCondition)

   DispatcherServletAutoConfiguration matched:
      - @ConditionalOnClass found required class 'org.springframework.web.servlet.DispatcherServlet' (OnClassCondition)
      - found 'session' scope (OnWebApplicationCondition)

   DispatcherServletAutoConfiguration.DispatcherServletConfiguration matched:
      - @ConditionalOnClass found required class 'javax.servlet.ServletRegistration' (OnClassCondition)
      - Default DispatcherServlet did not find dispatcher servlet beans (DispatcherServletAutoConfiguration.DefaultDispatcherServletCondition)

   DispatcherServletAutoConfiguration.DispatcherServletRegistrationConfiguration matched:
      - @ConditionalOnClass found required class 'javax.servlet.ServletRegistration' (OnClassCondition)
      - DispatcherServlet Registration did not find servlet registration bean (DispatcherServletAutoConfiguration.DispatcherServletRegistrationCondition)

   DispatcherServletAutoConfiguration.DispatcherServletRegistrationConfiguration#dispatcherServletRegistration matched:
      - @ConditionalOnBean (names: dispatcherServlet types: org.springframework.web.servlet.DispatcherServlet; SearchStrategy: all) found bean 'dispatcherServlet' (OnBeanCondition)

   EmbeddedWebServerFactoryCustomizerAutoConfiguration matched:
      - @ConditionalOnWebApplication (required) found 'session' scope (OnWebApplicationCondition)
      - @ConditionalOnWarDeployment the application is not deployed as a WAR file. (OnWarDeploymentCondition)

   EmbeddedWebServerFactoryCustomizerAutoConfiguration.TomcatWebServerFactoryCustomizerConfiguration matched:
      - @ConditionalOnClass found required classes 'org.apache.catalina.startup.Tomcat', 'org.apache.coyote.UpgradeProtocol' (OnClassCondition)

   ErrorMvcAutoConfiguration matched:
      - @ConditionalOnClass found required classes 'javax.servlet.Servlet', 'org.springframework.web.servlet.DispatcherServlet' (OnClassCondition)
      - found 'session' scope (OnWebApplicationCondition)

   ErrorMvcAutoConfiguration#basicErrorController matched:
      - @ConditionalOnMissingBean (types: org.springframework.boot.web.servlet.error.ErrorController; SearchStrategy: current) did not find any beans (OnBeanCondition)

   ErrorMvcAutoConfiguration#errorAttributes matched:
      - @ConditionalOnMissingBean (types: org.springframework.boot.web.servlet.error.ErrorAttributes; SearchStrategy: current) did not find any beans (OnBeanCondition)

   ErrorMvcAutoConfiguration.DefaultErrorViewResolverConfiguration#conventionErrorViewResolver matched:
      - @ConditionalOnBean (types: org.springframework.web.servlet.DispatcherServlet; SearchStrategy: all) found bean 'dispatcherServlet'; @ConditionalOnMissingBean (types: org.springframework.boot.autoconfigure.web.servlet.error.ErrorViewResolver; SearchStrategy: all) did not find any beans (OnBeanCondition)

   ErrorMvcAutoConfiguration.WhitelabelErrorViewConfiguration matched:
      - @ConditionalOnProperty (server.error.whitelabel.enabled) matched (OnPropertyCondition)
      - ErrorTemplate Missing did not find error template view (ErrorMvcAutoConfiguration.ErrorTemplateMissingCondition)

   ErrorMvcAutoConfiguration.WhitelabelErrorViewConfiguration#beanNameViewResolver matched:
      - @ConditionalOnMissingBean (types: org.springframework.web.servlet.view.BeanNameViewResolver; SearchStrategy: all) did not find any beans (OnBeanCondition)

   ErrorMvcAutoConfiguration.WhitelabelErrorViewConfiguration#defaultErrorView matched:
      - @ConditionalOnMissingBean (names: error; SearchStrategy: all) did not find any beans (OnBeanCondition)

   GenericCacheConfiguration matched:
      - Cache org.springframework.boot.autoconfigure.cache.GenericCacheConfiguration automatic cache type (CacheCondition)

   HttpEncodingAutoConfiguration matched:
      - @ConditionalOnClass found required class 'org.springframework.web.filter.CharacterEncodingFilter' (OnClassCondition)
      - found 'session' scope (OnWebApplicationCondition)
      - @ConditionalOnProperty (server.servlet.encoding.enabled) matched (OnPropertyCondition)

   HttpEncodingAutoConfiguration#characterEncodingFilter matched:
      - @ConditionalOnMissingBean (types: org.springframework.web.filter.CharacterEncodingFilter; SearchStrategy: all) did not find any beans (OnBeanCondition)

   HttpMessageConvertersAutoConfiguration matched:
      - @ConditionalOnClass found required class 'org.springframework.http.converter.HttpMessageConverter' (OnClassCondition)
      - NoneNestedConditions 0 matched 1 did not; NestedCondition on HttpMessageConvertersAutoConfiguration.NotReactiveWebApplicationCondition.ReactiveWebApplication did not find reactive web application classes (HttpMessageConvertersAutoConfiguration.NotReactiveWebApplicationCondition)

   HttpMessageConvertersAutoConfiguration#messageConverters matched:
      - @ConditionalOnMissingBean (types: org.springframework.boot.autoconfigure.http.HttpMessageConverters; SearchStrategy: all) did not find any beans (OnBeanCondition)

   HttpMessageConvertersAutoConfiguration.StringHttpMessageConverterConfiguration matched:
      - @ConditionalOnClass found required class 'org.springframework.http.converter.StringHttpMessageConverter' (OnClassCondition)

   HttpMessageConvertersAutoConfiguration.StringHttpMessageConverterConfiguration#stringHttpMessageConverter matched:
      - @ConditionalOnMissingBean (types: org.springframework.http.converter.StringHttpMessageConverter; SearchStrategy: all) did not find any beans (OnBeanCondition)

   JacksonAutoConfiguration matched:
      - @ConditionalOnClass found required class 'com.fasterxml.jackson.databind.ObjectMapper' (OnClassCondition)

   JacksonAutoConfiguration.Jackson2ObjectMapperBuilderCustomizerConfiguration matched:
      - @ConditionalOnClass found required class 'org.springframework.http.converter.json.Jackson2ObjectMapperBuilder' (OnClassCondition)

   JacksonAutoConfiguration.JacksonObjectMapperBuilderConfiguration matched:
      - @ConditionalOnClass found required class 'org.springframework.http.converter.json.Jackson2ObjectMapperBuilder' (OnClassCondition)

   JacksonAutoConfiguration.JacksonObjectMapperBuilderConfiguration#jacksonObjectMapperBuilder matched:
      - @ConditionalOnMissingBean (types: org.springframework.http.converter.json.Jackson2ObjectMapperBuilder; SearchStrategy: all) did not find any beans (OnBeanCondition)

   JacksonAutoConfiguration.JacksonObjectMapperConfiguration matched:
      - @ConditionalOnClass found required class 'org.springframework.http.converter.json.Jackson2ObjectMapperBuilder' (OnClassCondition)

   JacksonAutoConfiguration.JacksonObjectMapperConfiguration#jacksonObjectMapper matched:
      - @ConditionalOnMissingBean (types: com.fasterxml.jackson.databind.ObjectMapper; SearchStrategy: all) did not find any beans (OnBeanCondition)

   JacksonAutoConfiguration.ParameterNamesModuleConfiguration matched:
      - @ConditionalOnClass found required class 'com.fasterxml.jackson.module.paramnames.ParameterNamesModule' (OnClassCondition)

   JacksonAutoConfiguration.ParameterNamesModuleConfiguration#parameterNamesModule matched:
      - @ConditionalOnMissingBean (types: com.fasterxml.jackson.module.paramnames.ParameterNamesModule; SearchStrategy: all) did not find any beans (OnBeanCondition)

   JacksonHttpMessageConvertersConfiguration.MappingJackson2HttpMessageConverterConfiguration matched:
      - @ConditionalOnClass found required class 'com.fasterxml.jackson.databind.ObjectMapper' (OnClassCondition)
      - @ConditionalOnProperty (spring.mvc.converters.preferred-json-mapper=jackson) matched (OnPropertyCondition)
      - @ConditionalOnBean (types: com.fasterxml.jackson.databind.ObjectMapper; SearchStrategy: all) found bean 'jacksonObjectMapper' (OnBeanCondition)

   JacksonHttpMessageConvertersConfiguration.MappingJackson2HttpMessageConverterConfiguration#mappingJackson2HttpMessageConverter matched:
      - @ConditionalOnMissingBean (types: org.springframework.http.converter.json.MappingJackson2HttpMessageConverter ignored: org.springframework.hateoas.server.mvc.TypeConstrainedMappingJackson2HttpMessageConverter,org.springframework.data.rest.webmvc.alps.AlpsJsonHttpMessageConverter; SearchStrategy: all) did not find any beans (OnBeanCondition)

   JdbcTemplateAutoConfiguration matched:
      - @ConditionalOnClass found required classes 'javax.sql.DataSource', 'org.springframework.jdbc.core.JdbcTemplate' (OnClassCondition)
      - @ConditionalOnSingleCandidate (types: javax.sql.DataSource; SearchStrategy: all) found a single bean 'dataSource' (OnBeanCondition)

   LifecycleAutoConfiguration#defaultLifecycleProcessor matched:
      - @ConditionalOnMissingBean (names: lifecycleProcessor; SearchStrategy: current) did not find any beans (OnBeanCondition)

   MailSenderAutoConfiguration matched:
      - @ConditionalOnClass found required classes 'javax.mail.internet.MimeMessage', 'javax.activation.MimeType', 'org.springframework.mail.MailSender' (OnClassCondition)
      - AnyNestedCondition 1 matched 1 did not; NestedCondition on MailSenderAutoConfiguration.MailSenderCondition.JndiNameProperty @ConditionalOnProperty (spring.mail.jndi-name) did not find property 'jndi-name'; NestedCondition on MailSenderAutoConfiguration.MailSenderCondition.HostProperty @ConditionalOnProperty (spring.mail.host) matched (MailSenderAutoConfiguration.MailSenderCondition)
      - @ConditionalOnMissingBean (types: org.springframework.mail.MailSender; SearchStrategy: all) did not find any beans (OnBeanCondition)

   MailSenderPropertiesConfiguration matched:
      - @ConditionalOnProperty (spring.mail.host) matched (OnPropertyCondition)

   MailSenderPropertiesConfiguration#mailSender matched:
      - @ConditionalOnMissingBean (types: org.springframework.mail.javamail.JavaMailSender; SearchStrategy: all) did not find any beans (OnBeanCondition)

   MultipartAutoConfiguration matched:
      - @ConditionalOnClass found required classes 'javax.servlet.Servlet', 'org.springframework.web.multipart.support.StandardServletMultipartResolver', 'javax.servlet.MultipartConfigElement' (OnClassCondition)
      - found 'session' scope (OnWebApplicationCondition)
      - @ConditionalOnProperty (spring.servlet.multipart.enabled) matched (OnPropertyCondition)

   MultipartAutoConfiguration#multipartConfigElement matched:
      - @ConditionalOnMissingBean (types: javax.servlet.MultipartConfigElement,org.springframework.web.multipart.commons.CommonsMultipartResolver; SearchStrategy: all) did not find any beans (OnBeanCondition)

   MultipartAutoConfiguration#multipartResolver matched:
      - @ConditionalOnMissingBean (types: org.springframework.web.multipart.MultipartResolver; SearchStrategy: all) did not find any beans (OnBeanCondition)

   NamedParameterJdbcTemplateConfiguration matched:
      - @ConditionalOnSingleCandidate (types: org.springframework.jdbc.core.JdbcTemplate; SearchStrategy: all) found a single primary bean 'jdbcTemplate' from beans 'jdbcTemplate', 'centralJdbcTemplate'; @ConditionalOnMissingBean (types: org.springframework.jdbc.core.namedparam.NamedParameterJdbcOperations; SearchStrategy: all) did not find any beans (OnBeanCondition)

   NoOpCacheConfiguration matched:
      - Cache org.springframework.boot.autoconfigure.cache.NoOpCacheConfiguration automatic cache type (CacheCondition)

   PersistenceExceptionTranslationAutoConfiguration matched:
      - @ConditionalOnClass found required class 'org.springframework.dao.annotation.PersistenceExceptionTranslationPostProcessor' (OnClassCondition)

   PersistenceExceptionTranslationAutoConfiguration#persistenceExceptionTranslationPostProcessor matched:
      - @ConditionalOnProperty (spring.dao.exceptiontranslation.enabled) matched (OnPropertyCondition)
      - @ConditionalOnMissingBean (types: org.springframework.dao.annotation.PersistenceExceptionTranslationPostProcessor; SearchStrategy: all) did not find any beans (OnBeanCondition)

   PropertyPlaceholderAutoConfiguration#propertySourcesPlaceholderConfigurer matched:
      - @ConditionalOnMissingBean (types: org.springframework.context.support.PropertySourcesPlaceholderConfigurer; SearchStrategy: current) did not find any beans (OnBeanCondition)

   RestTemplateAutoConfiguration matched:
      - @ConditionalOnClass found required class 'org.springframework.web.client.RestTemplate' (OnClassCondition)
      - NoneNestedConditions 0 matched 1 did not; NestedCondition on RestTemplateAutoConfiguration.NotReactiveWebApplicationCondition.ReactiveWebApplication did not find reactive web application classes (RestTemplateAutoConfiguration.NotReactiveWebApplicationCondition)

   RestTemplateAutoConfiguration#restTemplateBuilder matched:
      - @ConditionalOnMissingBean (types: org.springframework.boot.web.client.RestTemplateBuilder; SearchStrategy: all) did not find any beans (OnBeanCondition)

   RestTemplateAutoConfiguration#restTemplateBuilderConfigurer matched:
      - @ConditionalOnMissingBean (types: org.springframework.boot.autoconfigure.web.client.RestTemplateBuilderConfigurer; SearchStrategy: all) did not find any beans (OnBeanCondition)

   ServletWebServerFactoryAutoConfiguration matched:
      - @ConditionalOnClass found required class 'javax.servlet.ServletRequest' (OnClassCondition)
      - found 'session' scope (OnWebApplicationCondition)

   ServletWebServerFactoryAutoConfiguration#tomcatServletWebServerFactoryCustomizer matched:
      - @ConditionalOnClass found required class 'org.apache.catalina.startup.Tomcat' (OnClassCondition)

   ServletWebServerFactoryConfiguration.EmbeddedTomcat matched:
      - @ConditionalOnClass found required classes 'javax.servlet.Servlet', 'org.apache.catalina.startup.Tomcat', 'org.apache.coyote.UpgradeProtocol' (OnClassCondition)
      - @ConditionalOnMissingBean (types: org.springframework.boot.web.servlet.server.ServletWebServerFactory; SearchStrategy: current) did not find any beans (OnBeanCondition)

   SimpleCacheConfiguration matched:
      - Cache org.springframework.boot.autoconfigure.cache.SimpleCacheConfiguration automatic cache type (CacheCondition)

   SpringDocConfigProperties matched:
      - @ConditionalOnProperty (springdoc.api-docs.enabled) matched (OnPropertyCondition)

   SpringDocConfiguration matched:
      - @ConditionalOnWebApplication (required) found 'session' scope (OnWebApplicationCondition)
      - @ConditionalOnProperty (springdoc.api-docs.enabled) matched (OnPropertyCondition)

   SpringDocConfiguration#fileSupportConverter matched:
      - @ConditionalOnMissingBean (types: org.springdoc.core.converters.FileSupportConverter; SearchStrategy: all) did not find any beans (OnBeanCondition)

   SpringDocConfiguration#openAPIBuilder matched:
      - @ConditionalOnMissingBean (types: org.springdoc.core.OpenAPIService; SearchStrategy: all) did not find any beans (OnBeanCondition)

   SpringDocConfiguration#operationBuilder matched:
      - @ConditionalOnMissingBean (types: org.springdoc.core.OperationService; SearchStrategy: all) did not find any beans (OnBeanCondition)

   SpringDocConfiguration#parameterBuilder matched:
      - @ConditionalOnMissingBean (types: org.springdoc.core.GenericParameterService; SearchStrategy: all) did not find any beans (OnBeanCondition)

   SpringDocConfiguration#polymorphicModelConverter matched:
      - @ConditionalOnProperty (springdoc.model-converters.polymorphic-converter.enabled) matched (OnPropertyCondition)
      - @ConditionalOnMissingBean (types: org.springdoc.core.converters.PolymorphicModelConverter; SearchStrategy: all) did not find any beans (OnBeanCondition)

   SpringDocConfiguration#requestBodyBuilder matched:
      - @ConditionalOnMissingBean (types: org.springdoc.core.RequestBodyService; SearchStrategy: all) did not find any beans (OnBeanCondition)

   SpringDocConfiguration#responseSupportConverter matched:
      - @ConditionalOnMissingBean (types: org.springdoc.core.converters.ResponseSupportConverter; SearchStrategy: all) did not find any beans (OnBeanCondition)

   SpringDocConfiguration#schemaPropertyDeprecatingConverter matched:
      - @ConditionalOnProperty (springdoc.model-converters.deprecating-converter.enabled) matched (OnPropertyCondition)
      - @ConditionalOnMissingBean (types: org.springdoc.core.converters.SchemaPropertyDeprecatingConverter; SearchStrategy: all) did not find any beans (OnBeanCondition)

   SpringDocConfiguration#securityParser matched:
      - @ConditionalOnMissingBean (types: org.springdoc.core.SecurityService; SearchStrategy: all) did not find any beans (OnBeanCondition)

   SpringDocConfiguration#springDocCustomizers matched:
      - @ConditionalOnMissingBean (types: org.springdoc.core.customizers.SpringDocCustomizers; SearchStrategy: all) did not find any beans (OnBeanCondition)

   SpringDocConfiguration#springDocObjectMapperProvider matched:
      - @ConditionalOnMissingBean (types: org.springdoc.core.providers.ObjectMapperProvider; SearchStrategy: all) did not find any beans (OnBeanCondition)

   SpringDocConfiguration#springDocProviders matched:
      - @ConditionalOnMissingBean (types: org.springdoc.core.SpringDocProviders; SearchStrategy: all) did not find any beans (OnBeanCondition)

   SpringDocConfiguration.SpringDocSpringDataWebPropertiesProvider matched:
      - @ConditionalOnClass found required class 'org.springframework.boot.autoconfigure.data.web.SpringDataWebProperties' (OnClassCondition)

   SpringDocConfiguration.SpringDocSpringDataWebPropertiesProvider#springDataWebPropertiesProvider matched:
      - @ConditionalOnMissingBean (types: org.springdoc.core.providers.SpringDataWebPropertiesProvider; SearchStrategy: all) did not find any beans (OnBeanCondition)

   SpringDocConfiguration.WebConversionServiceConfiguration matched:
      - @ConditionalOnClass found required class 'org.springframework.boot.autoconfigure.web.format.WebConversionService' (OnClassCondition)

   SpringDocUIConfiguration matched:
      - @ConditionalOnWebApplication (required) found 'session' scope (OnWebApplicationCondition)
      - @ConditionalOnExpression (#{${springdoc.api-docs.enabled:true}}) resulted in true (OnExpressionCondition)
      - @ConditionalOnBean (types: org.springdoc.core.SpringDocConfiguration; SearchStrategy: all) found bean 'org.springdoc.core.SpringDocConfiguration' (OnBeanCondition)

   SpringDocWebMvcConfiguration matched:
      - found 'session' scope (OnWebApplicationCondition)
      - @ConditionalOnProperty (springdoc.api-docs.enabled) matched (OnPropertyCondition)
      - @ConditionalOnBean (types: org.springdoc.core.SpringDocConfiguration; SearchStrategy: all) found bean 'org.springdoc.core.SpringDocConfiguration' (OnBeanCondition)

   SpringDocWebMvcConfiguration#openApiResource matched:
      - @ConditionalOnProperty (springdoc.use-management-port=false) matched (OnPropertyCondition)
      - @ConditionalOnMissingBean (types: org.springdoc.webmvc.api.OpenApiWebMvcResource; SearchStrategy: all) did not find any beans (OnBeanCondition)

   SpringDocWebMvcConfiguration#requestBuilder matched:
      - @ConditionalOnMissingBean (types: org.springdoc.webmvc.core.RequestService; SearchStrategy: all) did not find any beans (OnBeanCondition)

   SpringDocWebMvcConfiguration#responseBuilder matched:
      - @ConditionalOnMissingBean (types: org.springdoc.core.GenericResponseService; SearchStrategy: all) did not find any beans (OnBeanCondition)

   SpringDocWebMvcConfiguration#springWebProvider matched:
      - @ConditionalOnMissingBean (types: org.springdoc.core.providers.SpringWebProvider; SearchStrategy: all) did not find any beans (OnBeanCondition)

   SpringDocWebMvcConfiguration.SpringDocWebMvcRouterConfiguration matched:
      - @ConditionalOnClass found required class 'org.springframework.web.servlet.function.RouterFunction' (OnClassCondition)

   SpringDocWebMvcConfiguration.SpringDocWebMvcRouterConfiguration#routerFunctionProvider matched:
      - @ConditionalOnMissingBean (types: org.springdoc.webmvc.core.RouterFunctionWebMvcProvider; SearchStrategy: all) did not find any beans (OnBeanCondition)

   SqlInitializationAutoConfiguration matched:
      - @ConditionalOnProperty (spring.sql.init.enabled) matched (OnPropertyCondition)
      - NoneNestedConditions 0 matched 1 did not; NestedCondition on SqlInitializationAutoConfiguration.SqlInitializationModeCondition.ModeIsNever @ConditionalOnProperty (spring.sql.init.mode=never) did not find property 'mode' (SqlInitializationAutoConfiguration.SqlInitializationModeCondition)

   SwaggerConfig matched:
      - found 'session' scope (OnWebApplicationCondition)
      - @ConditionalOnProperty (springdoc.swagger-ui.enabled) matched (OnPropertyCondition)
      - @ConditionalOnBean (types: org.springdoc.core.SpringDocConfiguration; SearchStrategy: all) found bean 'org.springdoc.core.SpringDocConfiguration' (OnBeanCondition)

   SwaggerConfig#indexPageTransformer matched:
      - @ConditionalOnMissingBean (types: org.springdoc.webmvc.ui.SwaggerIndexTransformer; SearchStrategy: all) did not find any beans (OnBeanCondition)

   SwaggerConfig#swaggerConfigResource matched:
      - @ConditionalOnProperty (springdoc.use-management-port=false) matched (OnPropertyCondition)
      - @ConditionalOnMissingBean (types: org.springdoc.webmvc.ui.SwaggerConfigResource; SearchStrategy: all) did not find any beans (OnBeanCondition)

   SwaggerConfig#swaggerResourceResolver matched:
      - @ConditionalOnMissingBean (types: org.springdoc.webmvc.ui.SwaggerResourceResolver; SearchStrategy: all) did not find any beans (OnBeanCondition)

   SwaggerConfig#swaggerWebMvcConfigurer matched:
      - @ConditionalOnMissingBean (types: org.springdoc.webmvc.ui.SwaggerWebMvcConfigurer; SearchStrategy: all) did not find any beans (OnBeanCondition)

   SwaggerConfig#swaggerWelcome matched:
      - @ConditionalOnProperty (springdoc.use-management-port=false) matched (OnPropertyCondition)
      - @ConditionalOnMissingBean (types: org.springdoc.webmvc.ui.SwaggerWelcomeWebMvc; SearchStrategy: all) did not find any beans (OnBeanCondition)

   SwaggerUiConfigParameters matched:
      - @ConditionalOnProperty (springdoc.swagger-ui.enabled) matched (OnPropertyCondition)
      - @ConditionalOnBean (types: org.springdoc.core.SpringDocConfiguration; SearchStrategy: all) found bean 'org.springdoc.core.SpringDocConfiguration' (OnBeanCondition)

   SwaggerUiConfigProperties matched:
      - @ConditionalOnProperty (springdoc.swagger-ui.enabled) matched (OnPropertyCondition)
      - @ConditionalOnBean (types: org.springdoc.core.SpringDocConfiguration; SearchStrategy: all) found bean 'org.springdoc.core.SpringDocConfiguration' (OnBeanCondition)

   SwaggerUiOAuthProperties matched:
      - @ConditionalOnProperty (springdoc.swagger-ui.enabled) matched (OnPropertyCondition)
      - @ConditionalOnBean (types: org.springdoc.core.SpringDocConfiguration; SearchStrategy: all) found bean 'org.springdoc.core.SpringDocConfiguration' (OnBeanCondition)

   TaskExecutionAutoConfiguration matched:
      - @ConditionalOnClass found required class 'org.springframework.scheduling.concurrent.ThreadPoolTaskExecutor' (OnClassCondition)

   TaskExecutionAutoConfiguration#applicationTaskExecutor matched:
      - @ConditionalOnMissingBean (types: java.util.concurrent.Executor; SearchStrategy: all) did not find any beans (OnBeanCondition)

   TaskExecutionAutoConfiguration#taskExecutorBuilder matched:
      - @ConditionalOnMissingBean (types: org.springframework.boot.task.TaskExecutorBuilder; SearchStrategy: all) did not find any beans (OnBeanCondition)

   TaskSchedulingAutoConfiguration matched:
      - @ConditionalOnClass found required class 'org.springframework.scheduling.concurrent.ThreadPoolTaskScheduler' (OnClassCondition)

   TaskSchedulingAutoConfiguration#taskSchedulerBuilder matched:
      - @ConditionalOnMissingBean (types: org.springframework.boot.task.TaskSchedulerBuilder; SearchStrategy: all) did not find any beans (OnBeanCondition)

   TransactionAutoConfiguration matched:
      - @ConditionalOnClass found required class 'org.springframework.transaction.PlatformTransactionManager' (OnClassCondition)

   TransactionAutoConfiguration#platformTransactionManagerCustomizers matched:
      - @ConditionalOnMissingBean (types: org.springframework.boot.autoconfigure.transaction.TransactionManagerCustomizers; SearchStrategy: all) did not find any beans (OnBeanCondition)

   TransactionAutoConfiguration.EnableTransactionManagementConfiguration matched:
      - @ConditionalOnBean (types: org.springframework.transaction.TransactionManager; SearchStrategy: all) found bean 'transactionManager'; @ConditionalOnMissingBean (types: org.springframework.transaction.annotation.AbstractTransactionManagementConfiguration; SearchStrategy: all) did not find any beans (OnBeanCondition)

   TransactionAutoConfiguration.EnableTransactionManagementConfiguration.CglibAutoProxyConfiguration matched:
      - @ConditionalOnProperty (spring.aop.proxy-target-class=true) matched (OnPropertyCondition)

   TransactionAutoConfiguration.TransactionTemplateConfiguration matched:
      - @ConditionalOnSingleCandidate (types: org.springframework.transaction.PlatformTransactionManager; SearchStrategy: all) found a single bean 'transactionManager' (OnBeanCondition)

   TransactionAutoConfiguration.TransactionTemplateConfiguration#transactionTemplate matched:
      - @ConditionalOnMissingBean (types: org.springframework.transaction.support.TransactionOperations; SearchStrategy: all) did not find any beans (OnBeanCondition)

   ValidationAutoConfiguration matched:
      - @ConditionalOnClass found required class 'javax.validation.executable.ExecutableValidator' (OnClassCondition)
      - @ConditionalOnResource found location classpath:META-INF/services/javax.validation.spi.ValidationProvider (OnResourceCondition)

   ValidationAutoConfiguration#defaultValidator matched:
      - @ConditionalOnMissingBean (types: javax.validation.Validator; SearchStrategy: all) did not find any beans (OnBeanCondition)

   ValidationAutoConfiguration#methodValidationPostProcessor matched:
      - @ConditionalOnMissingBean (types: org.springframework.validation.beanvalidation.MethodValidationPostProcessor; SearchStrategy: current) did not find any beans (OnBeanCondition)

   WebMvcAutoConfiguration matched:
      - @ConditionalOnClass found required classes 'javax.servlet.Servlet', 'org.springframework.web.servlet.DispatcherServlet', 'org.springframework.web.servlet.config.annotation.WebMvcConfigurer' (OnClassCondition)
      - found 'session' scope (OnWebApplicationCondition)
      - @ConditionalOnMissingBean (types: org.springframework.web.servlet.config.annotation.WebMvcConfigurationSupport; SearchStrategy: all) did not find any beans (OnBeanCondition)

   WebMvcAutoConfiguration#formContentFilter matched:
      - @ConditionalOnProperty (spring.mvc.formcontent.filter.enabled) matched (OnPropertyCondition)
      - @ConditionalOnMissingBean (types: org.springframework.web.filter.FormContentFilter; SearchStrategy: all) did not find any beans (OnBeanCondition)

   WebMvcAutoConfiguration.EnableWebMvcConfiguration#flashMapManager matched:
      - @ConditionalOnMissingBean (names: flashMapManager; SearchStrategy: all) did not find any beans (OnBeanCondition)

   WebMvcAutoConfiguration.EnableWebMvcConfiguration#localeResolver matched:
      - @ConditionalOnMissingBean (names: localeResolver; SearchStrategy: all) did not find any beans (OnBeanCondition)

   WebMvcAutoConfiguration.EnableWebMvcConfiguration#themeResolver matched:
      - @ConditionalOnMissingBean (names: themeResolver; SearchStrategy: all) did not find any beans (OnBeanCondition)

   WebMvcAutoConfiguration.WebMvcAutoConfigurationAdapter#defaultViewResolver matched:
      - @ConditionalOnMissingBean (types: org.springframework.web.servlet.view.InternalResourceViewResolver; SearchStrategy: all) did not find any beans (OnBeanCondition)

   WebMvcAutoConfiguration.WebMvcAutoConfigurationAdapter#requestContextFilter matched:
      - @ConditionalOnMissingBean (types: org.springframework.web.context.request.RequestContextListener,org.springframework.web.filter.RequestContextFilter; SearchStrategy: all) did not find any beans (OnBeanCondition)

   WebMvcAutoConfiguration.WebMvcAutoConfigurationAdapter#viewResolver matched:
      - @ConditionalOnBean (types: org.springframework.web.servlet.ViewResolver; SearchStrategy: all) found beans 'defaultViewResolver', 'beanNameViewResolver', 'mvcViewResolver'; @ConditionalOnMissingBean (names: viewResolver types: org.springframework.web.servlet.view.ContentNegotiatingViewResolver; SearchStrategy: all) did not find any beans (OnBeanCondition)

   WebSocketServletAutoConfiguration matched:
      - @ConditionalOnClass found required classes 'javax.servlet.Servlet', 'javax.websocket.server.ServerContainer' (OnClassCondition)
      - found 'session' scope (OnWebApplicationCondition)

   WebSocketServletAutoConfiguration.TomcatWebSocketConfiguration matched:
      - @ConditionalOnClass found required classes 'org.apache.catalina.startup.Tomcat', 'org.apache.tomcat.websocket.server.WsSci' (OnClassCondition)

   WebSocketServletAutoConfiguration.TomcatWebSocketConfiguration#websocketServletWebServerCustomizer matched:
      - @ConditionalOnMissingBean (names: websocketServletWebServerCustomizer; SearchStrategy: all) did not find any beans (OnBeanCondition)


Negative matches:
-----------------

   ActiveMQAutoConfiguration:
      Did not match:
         - @ConditionalOnClass did not find required class 'javax.jms.ConnectionFactory' (OnClassCondition)

   AopAutoConfiguration.AspectJAutoProxyingConfiguration:
      Did not match:
         - @ConditionalOnClass did not find required class 'org.aspectj.weaver.Advice' (OnClassCondition)

   ArtemisAutoConfiguration:
      Did not match:
         - @ConditionalOnClass did not find required class 'javax.jms.ConnectionFactory' (OnClassCondition)

   BatchAutoConfiguration:
      Did not match:
         - @ConditionalOnClass did not find required class 'org.springframework.batch.core.launch.JobLauncher' (OnClassCondition)

   Cache2kCacheConfiguration:
      Did not match:
         - @ConditionalOnClass did not find required class 'org.cache2k.Cache2kBuilder' (OnClassCondition)

   CacheAutoConfiguration:
      Did not match:
         - @ConditionalOnBean (types: org.springframework.cache.interceptor.CacheAspectSupport; SearchStrategy: all) did not find any beans of type org.springframework.cache.interceptor.CacheAspectSupport (OnBeanCondition)
      Matched:
         - @ConditionalOnClass found required class 'org.springframework.cache.CacheManager' (OnClassCondition)

   CacheAutoConfiguration.CacheManagerEntityManagerFactoryDependsOnPostProcessor:
      Did not match:
         - @ConditionalOnClass did not find required class 'org.springframework.orm.jpa.LocalContainerEntityManagerFactoryBean' (OnClassCondition)
         - Ancestor org.springframework.boot.autoconfigure.cache.CacheAutoConfiguration did not match (ConditionEvaluationReport.AncestorsMatchedCondition)

   CaffeineCacheConfiguration:
      Did not match:
         - @ConditionalOnClass did not find required class 'com.github.benmanes.caffeine.cache.Caffeine' (OnClassCondition)

   CassandraAutoConfiguration:
      Did not match:
         - @ConditionalOnClass did not find required class 'com.datastax.oss.driver.api.core.CqlSession' (OnClassCondition)

   CassandraDataAutoConfiguration:
      Did not match:
         - @ConditionalOnClass did not find required class 'com.datastax.oss.driver.api.core.CqlSession' (OnClassCondition)

   CassandraReactiveDataAutoConfiguration:
      Did not match:
         - @ConditionalOnClass did not find required class 'com.datastax.oss.driver.api.core.CqlSession' (OnClassCondition)

   CassandraReactiveRepositoriesAutoConfiguration:
      Did not match:
         - @ConditionalOnClass did not find required class 'org.springframework.data.cassandra.ReactiveSession' (OnClassCondition)

   CassandraRepositoriesAutoConfiguration:
      Did not match:
         - @ConditionalOnClass did not find required class 'com.datastax.oss.driver.api.core.CqlSession' (OnClassCondition)

   ClientHttpConnectorAutoConfiguration:
      Did not match:
         - @ConditionalOnClass did not find required class 'org.springframework.web.reactive.function.client.WebClient' (OnClassCondition)

   CodecsAutoConfiguration:
      Did not match:
         - @ConditionalOnClass did not find required class 'org.springframework.web.reactive.function.client.WebClient' (OnClassCondition)

   CouchbaseAutoConfiguration:
      Did not match:
         - @ConditionalOnClass did not find required class 'com.couchbase.client.java.Cluster' (OnClassCondition)

   CouchbaseCacheConfiguration:
      Did not match:
         - @ConditionalOnClass did not find required class 'com.couchbase.client.java.Cluster' (OnClassCondition)

   CouchbaseDataAutoConfiguration:
      Did not match:
         - @ConditionalOnClass did not find required class 'com.couchbase.client.java.Bucket' (OnClassCondition)

   CouchbaseReactiveDataAutoConfiguration:
      Did not match:
         - @ConditionalOnClass did not find required class 'com.couchbase.client.java.Cluster' (OnClassCondition)

   CouchbaseReactiveRepositoriesAutoConfiguration:
      Did not match:
         - @ConditionalOnClass did not find required class 'com.couchbase.client.java.Cluster' (OnClassCondition)

   CouchbaseRepositoriesAutoConfiguration:
      Did not match:
         - @ConditionalOnClass did not find required class 'com.couchbase.client.java.Bucket' (OnClassCondition)

   DataSourceAutoConfiguration.EmbeddedDatabaseConfiguration:
      Did not match:
         - EmbeddedDataSource spring.datasource.url is set (DataSourceAutoConfiguration.EmbeddedDatabaseCondition)

   DataSourceConfiguration.Dbcp2:
      Did not match:
         - @ConditionalOnClass did not find required class 'org.apache.commons.dbcp2.BasicDataSource' (OnClassCondition)

   DataSourceConfiguration.Generic:
      Did not match:
         - @ConditionalOnProperty (spring.datasource.type) did not find property 'spring.datasource.type' (OnPropertyCondition)

   DataSourceConfiguration.OracleUcp:
      Did not match:
         - @ConditionalOnClass did not find required classes 'oracle.ucp.jdbc.PoolDataSourceImpl', 'oracle.jdbc.OracleConnection' (OnClassCondition)

   DataSourceConfiguration.Tomcat:
      Did not match:
         - @ConditionalOnClass did not find required class 'org.apache.tomcat.jdbc.pool.DataSource' (OnClassCondition)

   DataSourceJmxConfiguration.TomcatDataSourceJmxConfiguration:
      Did not match:
         - @ConditionalOnClass did not find required class 'org.apache.tomcat.jdbc.pool.DataSourceProxy' (OnClassCondition)

   DataSourcePoolMetadataProvidersConfiguration.CommonsDbcp2PoolDataSourceMetadataProviderConfiguration:
      Did not match:
         - @ConditionalOnClass did not find required class 'org.apache.commons.dbcp2.BasicDataSource' (OnClassCondition)

   DataSourcePoolMetadataProvidersConfiguration.OracleUcpPoolDataSourceMetadataProviderConfiguration:
      Did not match:
         - @ConditionalOnClass did not find required classes 'oracle.ucp.jdbc.PoolDataSource', 'oracle.jdbc.OracleConnection' (OnClassCondition)

   DataSourcePoolMetadataProvidersConfiguration.TomcatDataSourcePoolMetadataProviderConfiguration:
      Did not match:
         - @ConditionalOnClass did not find required class 'org.apache.tomcat.jdbc.pool.DataSource' (OnClassCondition)

   DispatcherServletAutoConfiguration.DispatcherServletConfiguration#multipartResolver:
      Did not match:
         - @ConditionalOnBean (types: org.springframework.web.multipart.MultipartResolver; SearchStrategy: all) did not find any beans of type org.springframework.web.multipart.MultipartResolver (OnBeanCondition)

   EhCacheCacheConfiguration:
      Did not match:
         - @ConditionalOnClass did not find required class 'net.sf.ehcache.Cache' (OnClassCondition)

   ElasticsearchDataAutoConfiguration:
      Did not match:
         - @ConditionalOnClass did not find required class 'org.springframework.data.elasticsearch.core.ElasticsearchRestTemplate' (OnClassCondition)

   ElasticsearchRepositoriesAutoConfiguration:
      Did not match:
         - @ConditionalOnClass did not find required class 'org.elasticsearch.client.Client' (OnClassCondition)

   ElasticsearchRestClientAutoConfiguration:
      Did not match:
         - @ConditionalOnClass did not find required class 'org.elasticsearch.client.RestClientBuilder' (OnClassCondition)

   EmbeddedLdapAutoConfiguration:
      Did not match:
         - @ConditionalOnClass did not find required class 'com.unboundid.ldap.listener.InMemoryDirectoryServer' (OnClassCondition)

   EmbeddedMongoAutoConfiguration:
      Did not match:
         - @ConditionalOnClass did not find required class 'com.mongodb.MongoClientSettings' (OnClassCondition)

   EmbeddedWebServerFactoryCustomizerAutoConfiguration.JettyWebServerFactoryCustomizerConfiguration:
      Did not match:
         - @ConditionalOnClass did not find required classes 'org.eclipse.jetty.server.Server', 'org.eclipse.jetty.util.Loader', 'org.eclipse.jetty.webapp.WebAppContext' (OnClassCondition)

   EmbeddedWebServerFactoryCustomizerAutoConfiguration.NettyWebServerFactoryCustomizerConfiguration:
      Did not match:
         - @ConditionalOnClass did not find required class 'reactor.netty.http.server.HttpServer' (OnClassCondition)

   EmbeddedWebServerFactoryCustomizerAutoConfiguration.UndertowWebServerFactoryCustomizerConfiguration:
      Did not match:
         - @ConditionalOnClass did not find required classes 'io.undertow.Undertow', 'org.xnio.SslClientAuthMode' (OnClassCondition)

   ErrorWebFluxAutoConfiguration:
      Did not match:
         - @ConditionalOnClass did not find required class 'org.springframework.web.reactive.config.WebFluxConfigurer' (OnClassCondition)

   FlywayAutoConfiguration:
      Did not match:
         - @ConditionalOnClass did not find required class 'org.flywaydb.core.Flyway' (OnClassCondition)

   FreeMarkerAutoConfiguration:
      Did not match:
         - @ConditionalOnClass did not find required class 'freemarker.template.Configuration' (OnClassCondition)

   GraphQlAutoConfiguration:
      Did not match:
         - @ConditionalOnClass did not find required class 'graphql.GraphQL' (OnClassCondition)

   GraphQlQueryByExampleAutoConfiguration:
      Did not match:
         - @ConditionalOnClass did not find required class 'graphql.GraphQL' (OnClassCondition)

   GraphQlQuerydslAutoConfiguration:
      Did not match:
         - @ConditionalOnClass did not find required class 'graphql.GraphQL' (OnClassCondition)

   GraphQlRSocketAutoConfiguration:
      Did not match:
         - @ConditionalOnClass did not find required class 'graphql.GraphQL' (OnClassCondition)

   GraphQlReactiveQueryByExampleAutoConfiguration:
      Did not match:
         - @ConditionalOnClass did not find required class 'graphql.GraphQL' (OnClassCondition)

   GraphQlReactiveQuerydslAutoConfiguration:
      Did not match:
         - @ConditionalOnClass did not find required class 'graphql.GraphQL' (OnClassCondition)

   GraphQlWebFluxAutoConfiguration:
      Did not match:
         - @ConditionalOnClass did not find required class 'graphql.GraphQL' (OnClassCondition)

   GraphQlWebFluxSecurityAutoConfiguration:
      Did not match:
         - @ConditionalOnClass did not find required class 'graphql.GraphQL' (OnClassCondition)

   GraphQlWebMvcAutoConfiguration:
      Did not match:
         - @ConditionalOnClass did not find required class 'graphql.GraphQL' (OnClassCondition)

   GraphQlWebMvcSecurityAutoConfiguration:
      Did not match:
         - @ConditionalOnClass did not find required class 'graphql.GraphQL' (OnClassCondition)

   GroovyTemplateAutoConfiguration:
      Did not match:
         - @ConditionalOnClass did not find required class 'groovy.text.markup.MarkupTemplateEngine' (OnClassCondition)

   GsonAutoConfiguration:
      Did not match:
         - @ConditionalOnClass did not find required class 'com.google.gson.Gson' (OnClassCondition)

   GsonHttpMessageConvertersConfiguration:
      Did not match:
         - @ConditionalOnClass did not find required class 'com.google.gson.Gson' (OnClassCondition)

   H2ConsoleAutoConfiguration:
      Did not match:
         - @ConditionalOnClass did not find required class 'org.h2.server.web.WebServlet' (OnClassCondition)

   HazelcastAutoConfiguration:
      Did not match:
         - @ConditionalOnClass did not find required class 'com.hazelcast.core.HazelcastInstance' (OnClassCondition)

   HazelcastCacheConfiguration:
      Did not match:
         - @ConditionalOnClass did not find required class 'com.hazelcast.core.HazelcastInstance' (OnClassCondition)

   HazelcastJpaDependencyAutoConfiguration:
      Did not match:
         - @ConditionalOnClass did not find required class 'com.hazelcast.core.HazelcastInstance' (OnClassCondition)

   HibernateJpaAutoConfiguration:
      Did not match:
         - @ConditionalOnClass did not find required class 'javax.persistence.EntityManager' (OnClassCondition)

   HttpHandlerAutoConfiguration:
      Did not match:
         - @ConditionalOnClass did not find required class 'org.springframework.web.reactive.DispatcherHandler' (OnClassCondition)

   HypermediaAutoConfiguration:
      Did not match:
         - @ConditionalOnClass did not find required class 'org.springframework.hateoas.EntityModel' (OnClassCondition)

   InfinispanCacheConfiguration:
      Did not match:
         - @ConditionalOnClass did not find required class 'org.infinispan.spring.embedded.provider.SpringEmbeddedCacheManager' (OnClassCondition)

   InfluxDbAutoConfiguration:
      Did not match:
         - @ConditionalOnClass did not find required class 'org.influxdb.InfluxDB' (OnClassCondition)

   IntegrationAutoConfiguration:
      Did not match:
         - @ConditionalOnClass did not find required class 'org.springframework.integration.config.EnableIntegration' (OnClassCondition)

   JCacheCacheConfiguration:
      Did not match:
         - @ConditionalOnClass did not find required class 'javax.cache.Caching' (OnClassCondition)

   JacksonHttpMessageConvertersConfiguration.MappingJackson2XmlHttpMessageConverterConfiguration:
      Did not match:
         - @ConditionalOnClass did not find required class 'com.fasterxml.jackson.dataformat.xml.XmlMapper' (OnClassCondition)

   JdbcRepositoriesAutoConfiguration:
      Did not match:
         - @ConditionalOnClass did not find required class 'org.springframework.data.jdbc.repository.config.AbstractJdbcConfiguration' (OnClassCondition)

   JdbcTemplateConfiguration:
      Did not match:
         - @ConditionalOnMissingBean (types: org.springframework.jdbc.core.JdbcOperations; SearchStrategy: all) found beans of type 'org.springframework.jdbc.core.JdbcOperations' jdbcTemplate, centralJdbcTemplate (OnBeanCondition)

   JerseyAutoConfiguration:
      Did not match:
         - @ConditionalOnClass did not find required class 'org.glassfish.jersey.server.spring.SpringComponentProvider' (OnClassCondition)

   JmsAutoConfiguration:
      Did not match:
         - @ConditionalOnClass did not find required class 'javax.jms.Message' (OnClassCondition)

   JmxAutoConfiguration:
      Did not match:
         - @ConditionalOnProperty (spring.jmx.enabled=true) did not find property 'enabled' (OnPropertyCondition)
      Matched:
         - @ConditionalOnClass found required class 'org.springframework.jmx.export.MBeanExporter' (OnClassCondition)

   JndiConnectionFactoryAutoConfiguration:
      Did not match:
         - @ConditionalOnClass did not find required class 'org.springframework.jms.core.JmsTemplate' (OnClassCondition)

   JndiDataSourceAutoConfiguration:
      Did not match:
         - @ConditionalOnProperty (spring.datasource.jndi-name) did not find property 'jndi-name' (OnPropertyCondition)
      Matched:
         - @ConditionalOnClass found required classes 'javax.sql.DataSource', 'org.springframework.jdbc.datasource.embedded.EmbeddedDatabaseType' (OnClassCondition)

   JooqAutoConfiguration:
      Did not match:
         - @ConditionalOnClass did not find required class 'org.jooq.DSLContext' (OnClassCondition)

   JpaRepositoriesAutoConfiguration:
      Did not match:
         - @ConditionalOnClass did not find required class 'org.springframework.data.jpa.repository.JpaRepository' (OnClassCondition)

   JsonbAutoConfiguration:
      Did not match:
         - @ConditionalOnClass did not find required class 'javax.json.bind.Jsonb' (OnClassCondition)

   JsonbHttpMessageConvertersConfiguration:
      Did not match:
         - @ConditionalOnClass did not find required class 'javax.json.bind.Jsonb' (OnClassCondition)

   JtaAutoConfiguration:
      Did not match:
         - @ConditionalOnClass did not find required class 'javax.transaction.Transaction' (OnClassCondition)

   KafkaAutoConfiguration:
      Did not match:
         - @ConditionalOnClass did not find required class 'org.springframework.kafka.core.KafkaTemplate' (OnClassCondition)

   LdapAutoConfiguration:
      Did not match:
         - @ConditionalOnClass did not find required class 'org.springframework.ldap.core.ContextSource' (OnClassCondition)

   LdapRepositoriesAutoConfiguration:
      Did not match:
         - @ConditionalOnClass did not find required class 'org.springframework.data.ldap.repository.LdapRepository' (OnClassCondition)

   LiquibaseAutoConfiguration:
      Did not match:
         - @ConditionalOnClass did not find required class 'liquibase.change.DatabaseChange' (OnClassCondition)

   MailSenderJndiConfiguration:
      Did not match:
         - @ConditionalOnProperty (spring.mail.jndi-name) did not find property 'jndi-name' (OnPropertyCondition)
      Matched:
         - @ConditionalOnClass found required class 'javax.mail.Session' (OnClassCondition)

   MailSenderValidatorAutoConfiguration:
      Did not match:
         - @ConditionalOnProperty (spring.mail.test-connection) did not find property 'test-connection' (OnPropertyCondition)

   MessageSourceAutoConfiguration:
      Did not match:
         - ResourceBundle did not find bundle with basename messages (MessageSourceAutoConfiguration.ResourceBundleCondition)

   MongoAutoConfiguration:
      Did not match:
         - @ConditionalOnClass did not find required class 'com.mongodb.client.MongoClient' (OnClassCondition)

   MongoDataAutoConfiguration:
      Did not match:
         - @ConditionalOnClass did not find required class 'com.mongodb.client.MongoClient' (OnClassCondition)

   MongoReactiveAutoConfiguration:
      Did not match:
         - @ConditionalOnClass did not find required class 'com.mongodb.reactivestreams.client.MongoClient' (OnClassCondition)

   MongoReactiveDataAutoConfiguration:
      Did not match:
         - @ConditionalOnClass did not find required class 'com.mongodb.reactivestreams.client.MongoClient' (OnClassCondition)

   MongoReactiveRepositoriesAutoConfiguration:
      Did not match:
         - @ConditionalOnClass did not find required class 'com.mongodb.reactivestreams.client.MongoClient' (OnClassCondition)

   MongoRepositoriesAutoConfiguration:
      Did not match:
         - @ConditionalOnClass did not find required class 'com.mongodb.client.MongoClient' (OnClassCondition)

   MultipleOpenApiSupportConfiguration:
      Did not match:
         - AnyNestedCondition 0 matched 2 did not; NestedCondition on MultipleOpenApiSupportCondition.OnActuatorDifferentPort @ConditionalOnProperty (springdoc.show-actuator) did not find property 'springdoc.show-actuator'; NestedCondition on MultipleOpenApiSupportCondition.OnMultipleOpenApiSupportCondition AnyNestedCondition 0 matched 2 did not; NestedCondition on MultipleOpenApiGroupsCondition.OnGroupConfigProperty @ConditionalOnProperty (springdoc.group-configs[0].group) did not find property 'springdoc.group-configs[0].group'; NestedCondition on MultipleOpenApiGroupsCondition.OnGroupedOpenApiBean @ConditionalOnBean (types: org.springdoc.core.GroupedOpenApi; SearchStrategy: all) did not find any beans of type org.springdoc.core.GroupedOpenApi (MultipleOpenApiSupportCondition)
      Matched:
         - found 'session' scope (OnWebApplicationCondition)
         - @ConditionalOnProperty (springdoc.api-docs.enabled) matched (OnPropertyCondition)

   MultipleOpenApiSupportConfiguration.SpringDocWebMvcActuatorDifferentConfiguration:
      Did not match:
         - @ConditionalOnClass did not find required class 'org.springframework.boot.actuate.endpoint.web.servlet.WebMvcEndpointHandlerMapping' (OnClassCondition)
         - Ancestor org.springdoc.webmvc.core.MultipleOpenApiSupportConfiguration did not match (ConditionEvaluationReport.AncestorsMatchedCondition)

   MustacheAutoConfiguration:
      Did not match:
         - @ConditionalOnClass did not find required class 'com.samskivert.mustache.Mustache' (OnClassCondition)

   Neo4jAutoConfiguration:
      Did not match:
         - @ConditionalOnClass did not find required class 'org.neo4j.driver.Driver' (OnClassCondition)

   Neo4jDataAutoConfiguration:
      Did not match:
         - @ConditionalOnClass did not find required class 'org.neo4j.driver.Driver' (OnClassCondition)

   Neo4jReactiveDataAutoConfiguration:
      Did not match:
         - @ConditionalOnClass did not find required class 'org.neo4j.driver.Driver' (OnClassCondition)

   Neo4jReactiveRepositoriesAutoConfiguration:
      Did not match:
         - @ConditionalOnClass did not find required class 'org.neo4j.driver.Driver' (OnClassCondition)

   Neo4jRepositoriesAutoConfiguration:
      Did not match:
         - @ConditionalOnClass did not find required class 'org.neo4j.driver.Driver' (OnClassCondition)

   NettyAutoConfiguration:
      Did not match:
         - @ConditionalOnClass did not find required class 'io.netty.util.NettyRuntime' (OnClassCondition)

   OAuth2ClientAutoConfiguration:
      Did not match:
         - @ConditionalOnClass did not find required class 'org.springframework.security.config.annotation.web.configuration.EnableWebSecurity' (OnClassCondition)

   OAuth2ResourceServerAutoConfiguration:
      Did not match:
         - @ConditionalOnClass did not find required class 'org.springframework.security.oauth2.server.resource.BearerTokenAuthenticationToken' (OnClassCondition)

   ProjectInfoAutoConfiguration#buildProperties:
      Did not match:
         - @ConditionalOnResource did not find resource '${spring.info.build.location:classpath:META-INF/build-info.properties}' (OnResourceCondition)

   ProjectInfoAutoConfiguration#gitProperties:
      Did not match:
         - GitResource did not find git info at classpath:git.properties (ProjectInfoAutoConfiguration.GitResourceAvailableCondition)

   QuartzAutoConfiguration:
      Did not match:
         - @ConditionalOnClass did not find required class 'org.quartz.Scheduler' (OnClassCondition)

   R2dbcAutoConfiguration:
      Did not match:
         - @ConditionalOnClass did not find required class 'io.r2dbc.spi.ConnectionFactory' (OnClassCondition)

   R2dbcDataAutoConfiguration:
      Did not match:
         - @ConditionalOnClass did not find required class 'org.springframework.data.r2dbc.core.R2dbcEntityTemplate' (OnClassCondition)

   R2dbcInitializationConfiguration:
      Did not match:
         - @ConditionalOnClass did not find required classes 'io.r2dbc.spi.ConnectionFactory', 'org.springframework.r2dbc.connection.init.DatabasePopulator' (OnClassCondition)

   R2dbcRepositoriesAutoConfiguration:
      Did not match:
         - @ConditionalOnClass did not find required class 'io.r2dbc.spi.ConnectionFactory' (OnClassCondition)

   R2dbcTransactionManagerAutoConfiguration:
      Did not match:
         - @ConditionalOnClass did not find required class 'org.springframework.r2dbc.connection.R2dbcTransactionManager' (OnClassCondition)

   RSocketGraphQlClientAutoConfiguration:
      Did not match:
         - @ConditionalOnClass did not find required class 'graphql.GraphQL' (OnClassCondition)

   RSocketMessagingAutoConfiguration:
      Did not match:
         - @ConditionalOnClass did not find required class 'io.rsocket.RSocket' (OnClassCondition)

   RSocketRequesterAutoConfiguration:
      Did not match:
         - @ConditionalOnClass did not find required class 'io.rsocket.RSocket' (OnClassCondition)

   RSocketSecurityAutoConfiguration:
      Did not match:
         - @ConditionalOnClass did not find required class 'org.springframework.security.rsocket.core.SecuritySocketAcceptorInterceptor' (OnClassCondition)

   RSocketServerAutoConfiguration:
      Did not match:
         - @ConditionalOnClass did not find required class 'io.rsocket.core.RSocketServer' (OnClassCondition)

   RSocketStrategiesAutoConfiguration:
      Did not match:
         - @ConditionalOnClass did not find required class 'io.netty.buffer.PooledByteBufAllocator' (OnClassCondition)

   RabbitAutoConfiguration:
      Did not match:
         - @ConditionalOnClass did not find required class 'com.rabbitmq.client.Channel' (OnClassCondition)

   ReactiveElasticsearchRepositoriesAutoConfiguration:
      Did not match:
         - @ConditionalOnClass did not find required class 'org.springframework.data.elasticsearch.client.reactive.ReactiveElasticsearchClient' (OnClassCondition)

   ReactiveElasticsearchRestClientAutoConfiguration:
      Did not match:
         - @ConditionalOnClass did not find required class 'reactor.netty.http.client.HttpClient' (OnClassCondition)

   ReactiveMultipartAutoConfiguration:
      Did not match:
         - @ConditionalOnClass did not find required class 'org.springframework.web.reactive.config.WebFluxConfigurer' (OnClassCondition)

   ReactiveOAuth2ClientAutoConfiguration:
      Did not match:
         - @ConditionalOnClass did not find required class 'reactor.core.publisher.Flux' (OnClassCondition)

   ReactiveOAuth2ResourceServerAutoConfiguration:
      Did not match:
         - @ConditionalOnClass did not find required class 'org.springframework.security.config.annotation.web.reactive.EnableWebFluxSecurity' (OnClassCondition)

   ReactiveSecurityAutoConfiguration:
      Did not match:
         - @ConditionalOnClass did not find required class 'reactor.core.publisher.Flux' (OnClassCondition)

   ReactiveUserDetailsServiceAutoConfiguration:
      Did not match:
         - @ConditionalOnClass did not find required class 'org.springframework.security.authentication.ReactiveAuthenticationManager' (OnClassCondition)

   ReactiveWebServerFactoryAutoConfiguration:
      Did not match:
         - @ConditionalOnWebApplication did not find reactive web application classes (OnWebApplicationCondition)

   RedisAutoConfiguration:
      Did not match:
         - @ConditionalOnClass did not find required class 'org.springframework.data.redis.core.RedisOperations' (OnClassCondition)

   RedisCacheConfiguration:
      Did not match:
         - @ConditionalOnClass did not find required class 'org.springframework.data.redis.connection.RedisConnectionFactory' (OnClassCondition)

   RedisReactiveAutoConfiguration:
      Did not match:
         - @ConditionalOnClass did not find required class 'reactor.core.publisher.Flux' (OnClassCondition)

   RedisRepositoriesAutoConfiguration:
      Did not match:
         - @ConditionalOnClass did not find required class 'org.springframework.data.redis.repository.configuration.EnableRedisRepositories' (OnClassCondition)

   RepositoryRestMvcAutoConfiguration:
      Did not match:
         - @ConditionalOnClass did not find required class 'org.springframework.data.rest.webmvc.config.RepositoryRestMvcConfiguration' (OnClassCondition)

   Saml2RelyingPartyAutoConfiguration:
      Did not match:
         - @ConditionalOnClass did not find required class 'org.springframework.security.saml2.provider.service.registration.RelyingPartyRegistrationRepository' (OnClassCondition)

   SecurityAutoConfiguration:
      Did not match:
         - @ConditionalOnClass did not find required class 'org.springframework.security.authentication.DefaultAuthenticationEventPublisher' (OnClassCondition)

   SecurityFilterAutoConfiguration:
      Did not match:
         - @ConditionalOnClass did not find required class 'org.springframework.security.config.http.SessionCreationPolicy' (OnClassCondition)

   SendGridAutoConfiguration:
      Did not match:
         - @ConditionalOnClass did not find required class 'com.sendgrid.SendGrid' (OnClassCondition)

   ServletWebServerFactoryAutoConfiguration.ForwardedHeaderFilterConfiguration:
      Did not match:
         - @ConditionalOnProperty (server.forward-headers-strategy=framework) did not find property 'server.forward-headers-strategy' (OnPropertyCondition)

   ServletWebServerFactoryConfiguration.EmbeddedJetty:
      Did not match:
         - @ConditionalOnClass did not find required classes 'org.eclipse.jetty.server.Server', 'org.eclipse.jetty.util.Loader', 'org.eclipse.jetty.webapp.WebAppContext' (OnClassCondition)

   ServletWebServerFactoryConfiguration.EmbeddedUndertow:
      Did not match:
         - @ConditionalOnClass did not find required classes 'io.undertow.Undertow', 'org.xnio.SslClientAuthMode' (OnClassCondition)

   SessionAutoConfiguration:
      Did not match:
         - @ConditionalOnClass did not find required class 'org.springframework.session.Session' (OnClassCondition)

   SolrAutoConfiguration:
      Did not match:
         - @ConditionalOnClass did not find required class 'org.apache.solr.client.solrj.impl.CloudSolrClient' (OnClassCondition)

   SpringApplicationAdminJmxAutoConfiguration:
      Did not match:
         - @ConditionalOnProperty (spring.application.admin.enabled=true) did not find property 'enabled' (OnPropertyCondition)

   SpringDataWebAutoConfiguration:
      Did not match:
         - @ConditionalOnClass did not find required class 'org.springframework.data.web.PageableHandlerMethodArgumentResolver' (OnClassCondition)

   SpringDocConfiguration#propertiesResolverForSchema:
      Did not match:
         - @ConditionalOnProperty (springdoc.api-docs.resolve-schema-properties) did not find property 'springdoc.api-docs.resolve-schema-properties' (OnPropertyCondition)

   SpringDocConfiguration#propertyCustomizingConverter:
      Did not match:
         - @ConditionalOnBean (types: org.springdoc.core.customizers.PropertyCustomizer; SearchStrategy: all) did not find any beans of type org.springdoc.core.customizers.PropertyCustomizer (OnBeanCondition)

   SpringDocConfiguration#springdocBeanFactoryPostProcessor:
      Did not match:
         - AnyNestedCondition 0 matched 2 did not; NestedCondition on CacheOrGroupedOpenApiCondition.OnCacheDisabled found non-matching nested conditions @ConditionalOnProperty (springdoc.cache.disabled) did not find property 'springdoc.cache.disabled'; NestedCondition on CacheOrGroupedOpenApiCondition.OnMultipleOpenApiSupportCondition AnyNestedCondition 0 matched 2 did not; NestedCondition on MultipleOpenApiSupportCondition.OnActuatorDifferentPort @ConditionalOnProperty (springdoc.show-actuator) did not find property 'springdoc.show-actuator'; NestedCondition on MultipleOpenApiSupportCondition.OnMultipleOpenApiSupportCondition AnyNestedCondition 0 matched 2 did not; NestedCondition on MultipleOpenApiGroupsCondition.OnGroupConfigProperty @ConditionalOnProperty (springdoc.group-configs[0].group) did not find property 'springdoc.group-configs[0].group'; NestedCondition on MultipleOpenApiGroupsCondition.OnGroupedOpenApiBean @ConditionalOnBean (types: org.springdoc.core.GroupedOpenApi; SearchStrategy: all) did not find any beans of type org.springdoc.core.GroupedOpenApi (CacheOrGroupedOpenApiCondition)
      Matched:
         - @ConditionalOnClass found required class 'org.springframework.boot.context.properties.bind.BindResult' (OnClassCondition)

   SpringDocConfiguration#springdocBeanFactoryPostProcessor2:
      Did not match:
         - @ConditionalOnMissingClass found unwanted class 'org.springframework.boot.context.properties.bind.BindResult' (OnClassCondition)

   SpringDocConfiguration.SpringDocActuatorConfiguration:
      Did not match:
         - @ConditionalOnClass did not find required class 'org.springframework.boot.actuate.autoconfigure.endpoint.web.WebEndpointProperties' (OnClassCondition)

   SpringDocConfiguration.SpringDocFunctionCatalogConfiguration:
      Did not match:
         - @ConditionalOnClass did not find required class 'org.springframework.cloud.function.web.function.FunctionEndpointInitializer' (OnClassCondition)

   SpringDocConfiguration.SpringDocPageableConfiguration:
      Did not match:
         - @ConditionalOnClass did not find required class 'org.springframework.data.domain.Pageable' (OnClassCondition)

   SpringDocConfiguration.SpringDocRepositoryRestConfiguration:
      Did not match:
         - @ConditionalOnClass did not find required class 'org.springframework.data.rest.core.config.RepositoryRestConfiguration' (OnClassCondition)

   SpringDocConfiguration.SpringDocSortConfiguration:
      Did not match:
         - @ConditionalOnClass did not find required class 'org.springframework.data.domain.Sort' (OnClassCondition)

   SpringDocConfiguration.SpringDocWebFluxSupportConfiguration:
      Did not match:
         - @ConditionalOnClass did not find required class 'reactor.core.publisher.Flux' (OnClassCondition)

   SpringDocWebMvcConfiguration.SpringDocWebMvcActuatorConfiguration:
      Did not match:
         - @ConditionalOnClass did not find required class 'org.springframework.boot.actuate.endpoint.web.servlet.WebMvcEndpointHandlerMapping' (OnClassCondition)

   SwaggerConfig#springWebProvider:
      Did not match:
         - @ConditionalOnMissingBean (types: org.springdoc.core.providers.SpringWebProvider; SearchStrategy: all) found beans of type 'org.springdoc.core.providers.SpringWebProvider' springWebProvider (OnBeanCondition)

   SwaggerConfig#swaggerUiConfigParameters:
      Did not match:
         - @ConditionalOnMissingBean (types: org.springdoc.core.SwaggerUiConfigParameters; SearchStrategy: all) found beans of type 'org.springdoc.core.SwaggerUiConfigParameters' org.springdoc.core.SwaggerUiConfigParameters (OnBeanCondition)

   SwaggerConfig#swaggerUiHome:
      Did not match:
         - @ConditionalOnProperty (springdoc.swagger-ui.use-root-path=true) did not find property 'springdoc.swagger-ui.use-root-path' (OnPropertyCondition)

   SwaggerConfig.SwaggerActuatorWelcomeConfiguration:
      Did not match:
         - @ConditionalOnClass did not find required class 'org.springframework.boot.actuate.endpoint.web.servlet.WebMvcEndpointHandlerMapping' (OnClassCondition)

   TaskSchedulingAutoConfiguration#scheduledBeanLazyInitializationExcludeFilter:
      Did not match:
         - @ConditionalOnBean (names: org.springframework.context.annotation.internalScheduledAnnotationProcessor; SearchStrategy: all) did not find any beans named org.springframework.context.annotation.internalScheduledAnnotationProcessor (OnBeanCondition)

   TaskSchedulingAutoConfiguration#taskScheduler:
      Did not match:
         - @ConditionalOnBean (names: org.springframework.context.annotation.internalScheduledAnnotationProcessor; SearchStrategy: all) did not find any beans named org.springframework.context.annotation.internalScheduledAnnotationProcessor (OnBeanCondition)

   ThymeleafAutoConfiguration:
      Did not match:
         - @ConditionalOnClass did not find required class 'org.thymeleaf.spring5.SpringTemplateEngine' (OnClassCondition)

   TransactionAutoConfiguration#transactionalOperator:
      Did not match:
         - @ConditionalOnSingleCandidate (types: org.springframework.transaction.ReactiveTransactionManager; SearchStrategy: all) did not find any beans (OnBeanCondition)

   TransactionAutoConfiguration.AspectJTransactionManagementConfiguration:
      Did not match:
         - @ConditionalOnBean did not find required type 'org.springframework.transaction.aspectj.AbstractTransactionAspect' (OnBeanCondition)
         - @ConditionalOnBean (types: org.springframework.transaction.aspectj.AbstractTransactionAspect; SearchStrategy: all) did not find any beans of type org.springframework.transaction.aspectj.AbstractTransactionAspect (OnBeanCondition)

   TransactionAutoConfiguration.EnableTransactionManagementConfiguration.JdkDynamicAutoProxyConfiguration:
      Did not match:
         - @ConditionalOnProperty (spring.aop.proxy-target-class=false) did not find property 'proxy-target-class' (OnPropertyCondition)

   UserDetailsServiceAutoConfiguration:
      Did not match:
         - @ConditionalOnClass did not find required class 'org.springframework.security.authentication.AuthenticationManager' (OnClassCondition)

   WebClientAutoConfiguration:
      Did not match:
         - @ConditionalOnClass did not find required class 'org.springframework.web.reactive.function.client.WebClient' (OnClassCondition)

   WebFluxAutoConfiguration:
      Did not match:
         - @ConditionalOnClass did not find required class 'org.springframework.web.reactive.config.WebFluxConfigurer' (OnClassCondition)

   WebMvcAutoConfiguration#hiddenHttpMethodFilter:
      Did not match:
         - @ConditionalOnProperty (spring.mvc.hiddenmethod.filter.enabled) did not find property 'enabled' (OnPropertyCondition)

   WebMvcAutoConfiguration.ResourceChainCustomizerConfiguration:
      Did not match:
         - @ConditionalOnEnabledResourceChain did not find class org.webjars.WebJarAssetLocator (OnEnabledResourceChainCondition)

   WebMvcAutoConfiguration.WebMvcAutoConfigurationAdapter#beanNameViewResolver:
      Did not match:
         - @ConditionalOnMissingBean (types: org.springframework.web.servlet.view.BeanNameViewResolver; SearchStrategy: all) found beans of type 'org.springframework.web.servlet.view.BeanNameViewResolver' beanNameViewResolver (OnBeanCondition)

   WebServiceTemplateAutoConfiguration:
      Did not match:
         - @ConditionalOnClass did not find required class 'org.springframework.oxm.Marshaller' (OnClassCondition)

   WebServicesAutoConfiguration:
      Did not match:
         - @ConditionalOnClass did not find required class 'org.springframework.ws.transport.http.MessageDispatcherServlet' (OnClassCondition)

   WebSessionIdResolverAutoConfiguration:
      Did not match:
         - @ConditionalOnClass did not find required class 'reactor.core.publisher.Mono' (OnClassCondition)

   WebSocketMessagingAutoConfiguration:
      Did not match:
         - @ConditionalOnClass did not find required class 'org.springframework.web.socket.config.annotation.WebSocketMessageBrokerConfigurer' (OnClassCondition)

   WebSocketReactiveAutoConfiguration:
      Did not match:
         - @ConditionalOnWebApplication did not find reactive web application classes (OnWebApplicationCondition)

   WebSocketServletAutoConfiguration.Jetty10WebSocketConfiguration:
      Did not match:
         - @ConditionalOnClass did not find required classes 'org.eclipse.jetty.websocket.javax.server.internal.JavaxWebSocketServerContainer', 'org.eclipse.jetty.websocket.server.JettyWebSocketServerContainer' (OnClassCondition)

   WebSocketServletAutoConfiguration.JettyWebSocketConfiguration:
      Did not match:
         - @ConditionalOnClass did not find required class 'org.eclipse.jetty.websocket.jsr356.server.deploy.WebSocketServerContainerInitializer' (OnClassCondition)

   WebSocketServletAutoConfiguration.UndertowWebSocketConfiguration:
      Did not match:
         - @ConditionalOnClass did not find required class 'io.undertow.websockets.jsr.Bootstrap' (OnClassCondition)

   XADataSourceAutoConfiguration:
      Did not match:
         - @ConditionalOnClass did not find required class 'javax.transaction.TransactionManager' (OnClassCondition)


Exclusions:
-----------

    None


Unconditional classes:
----------------------

    org.springframework.boot.autoconfigure.context.ConfigurationPropertiesAutoConfiguration

    org.springframework.boot.autoconfigure.context.LifecycleAutoConfiguration

    org.springframework.boot.autoconfigure.context.PropertyPlaceholderAutoConfiguration

    org.springframework.boot.autoconfigure.availability.ApplicationAvailabilityAutoConfiguration

    org.springframework.boot.autoconfigure.info.ProjectInfoAutoConfiguration



2026-03-27 09:45:17.682  INFO 10280 --- [           main] c.e.T.TigoStarSystemApplication          : Started TigoStarSystemApplication in 2.535 seconds (JVM running for 2.808)
2026-03-27 09:45:17.683 DEBUG 10280 --- [           main] o.s.b.a.ApplicationAvailabilityBean      : Application availability state LivenessState changed to CORRECT
2026-03-27 09:45:17.684  INFO 10280 --- [           main] c.e.T.config.StartupInfoLogger           : spring.profiles.active=[]
2026-03-27 09:45:17.685  INFO 10280 --- [           main] c.e.T.config.StartupInfoLogger           : spring.datasource.url=jdbc:sqlserver://tigo.makiro.com.bo;databaseName=BDSistemaAntenaUTecnico;encrypt=false;trustServerCertificate=true
2026-03-27 09:45:17.687  INFO 10280 --- [           main] c.e.T.config.StartupInfoLogger           : spring.datasource.driver-class-name=com.microsoft.sqlserver.jdbc.SQLServerDriver
2026-03-27 09:45:17.688  INFO 10280 --- [           main] c.e.T.config.StartupInfoLogger           : app.central.datasource.url=jdbc:sqlserver://172.16.0.13;databaseName=BDControlOrdenes;encrypt=false;trustServerCertificate=true
2026-03-27 09:45:17.688  INFO 10280 --- [           main] c.e.T.config.StartupInfoLogger           : app.central.datasource.driver-class-name=com.microsoft.sqlserver.jdbc.SQLServerDriver
2026-03-27 09:45:17.689  INFO 10280 --- [           main] c.e.T.config.StartupInfoLogger           : app.cuadrilla.mail.enabled=true
2026-03-27 09:45:17.689  INFO 10280 --- [           main] c.e.T.config.StartupInfoLogger           : app.cuadrilla.mail.to=cabrerajosue715@gmail.com
2026-03-27 09:45:17.690  INFO 10280 --- [           main] c.e.T.config.StartupInfoLogger           : app.cuadrilla.mail.from=sistemas_sc@makiro.com.bo
2026-03-27 09:45:17.691  INFO 10280 --- [           main] c.e.T.config.StartupInfoLogger           : spring.mail.host=vps-1537170-x.dattaweb.com
2026-03-27 09:45:17.691  INFO 10280 --- [           main] c.e.T.config.StartupInfoLogger           : spring.mail.port=587
2026-03-27 09:45:17.692  INFO 10280 --- [           main] c.e.T.config.StartupInfoLogger           : java.version=1.8.0_471
2026-03-27 09:45:17.692  INFO 10280 --- [           main] c.e.T.config.StartupInfoLogger           : java.home=C:\Program Files\Java\jdk-1.8\jre
2026-03-27 09:45:17.693  INFO 10280 --- [           main] c.e.T.config.StartupInfoLogger           : java.security.properties=null
2026-03-27 09:45:17.695  INFO 10280 --- [           main] c.e.T.config.StartupInfoLogger           : jdk.tls.client.protocols=TLSv1,TLSv1.1,TLSv1.2
2026-03-27 09:45:17.696  INFO 10280 --- [           main] c.e.T.config.StartupInfoLogger           : https.protocols=TLSv1,TLSv1.1,TLSv1.2
2026-03-27 09:45:17.696  INFO 10280 --- [           main] c.e.T.config.StartupInfoLogger           : jdk.tls.disabledAlgorithms=null
2026-03-27 09:45:17.698 DEBUG 10280 --- [           main] o.s.b.a.ApplicationAvailabilityBean      : Application availability state ReadinessState changed to ACCEPTING_TRAFFIC
2026-03-27 09:45:24.438  INFO 10280 --- [nio-8089-exec-1] o.a.c.c.C.[Tomcat].[localhost].[/]       : Initializing Spring DispatcherServlet 'dispatcherServlet'
2026-03-27 09:45:24.439  INFO 10280 --- [nio-8089-exec-1] o.s.web.servlet.DispatcherServlet        : Initializing Servlet 'dispatcherServlet'
2026-03-27 09:45:24.440 DEBUG 10280 --- [nio-8089-exec-1] o.s.web.servlet.DispatcherServlet        : Detected StandardServletMultipartResolver
2026-03-27 09:45:24.441 DEBUG 10280 --- [nio-8089-exec-1] o.s.web.servlet.DispatcherServlet        : Detected AcceptHeaderLocaleResolver
2026-03-27 09:45:24.441 DEBUG 10280 --- [nio-8089-exec-1] o.s.web.servlet.DispatcherServlet        : Detected FixedThemeResolver
2026-03-27 09:45:24.442 DEBUG 10280 --- [nio-8089-exec-1] o.s.web.servlet.DispatcherServlet        : Detected org.springframework.web.servlet.view.DefaultRequestToViewNameTranslator@4120c4f4
2026-03-27 09:45:24.443 DEBUG 10280 --- [nio-8089-exec-1] o.s.web.servlet.DispatcherServlet        : Detected org.springframework.web.servlet.support.SessionFlashMapManager@544881ee
2026-03-27 09:45:24.444 DEBUG 10280 --- [nio-8089-exec-1] o.s.web.servlet.DispatcherServlet        : enableLoggingRequestDetails='false': request parameters and headers will be masked to prevent unsafe logging of potentially sensitive data
2026-03-27 09:45:24.444  INFO 10280 --- [nio-8089-exec-1] o.s.web.servlet.DispatcherServlet        : Completed initialization in 4 ms
2026-03-27 09:45:24.450 DEBUG 10280 --- [nio-8089-exec-1] o.s.web.servlet.DispatcherServlet        : GET "/supervisor/conformacion-cuadrilla-web/catalogos/sucursal", parameters={}
2026-03-27 09:45:24.453 DEBUG 10280 --- [nio-8089-exec-1] s.w.s.m.m.a.RequestMappingHandlerMapping : Mapped to com.example.TigoStarSystem.supervisor.controller.ConformacionCuadrillaWebController#listarSucursales(String, String)
2026-03-27 09:45:24.492 DEBUG 10280 --- [nio-8089-exec-1] o.s.jdbc.core.JdbcTemplate               : Executing SQL query [EXEC dbo.spx_ObtenerSucursalesConexion]
2026-03-27 09:45:24.494 DEBUG 10280 --- [nio-8089-exec-1] o.s.jdbc.datasource.DataSourceUtils      : Fetching JDBC Connection from DataSource
2026-03-27 09:45:24.495 DEBUG 10280 --- [nio-8089-exec-1] com.zaxxer.hikari.HikariConfig           : HikariPool-1 - configuration:
2026-03-27 09:45:24.496 DEBUG 10280 --- [nio-8089-exec-1] com.zaxxer.hikari.HikariConfig           : allowPoolSuspension................................false
2026-03-27 09:45:24.496 DEBUG 10280 --- [nio-8089-exec-1] com.zaxxer.hikari.HikariConfig           : autoCommit................................true
2026-03-27 09:45:24.498 DEBUG 10280 --- [nio-8089-exec-1] com.zaxxer.hikari.HikariConfig           : catalog................................none
2026-03-27 09:45:24.498 DEBUG 10280 --- [nio-8089-exec-1] com.zaxxer.hikari.HikariConfig           : connectionInitSql................................none
2026-03-27 09:45:24.499 DEBUG 10280 --- [nio-8089-exec-1] com.zaxxer.hikari.HikariConfig           : connectionTestQuery................................"SELECT 1"
2026-03-27 09:45:24.499 DEBUG 10280 --- [nio-8089-exec-1] com.zaxxer.hikari.HikariConfig           : connectionTimeout................................15000
2026-03-27 09:45:24.500 DEBUG 10280 --- [nio-8089-exec-1] com.zaxxer.hikari.HikariConfig           : dataSource................................none
2026-03-27 09:45:24.501 DEBUG 10280 --- [nio-8089-exec-1] com.zaxxer.hikari.HikariConfig           : dataSourceClassName................................none
2026-03-27 09:45:24.501 DEBUG 10280 --- [nio-8089-exec-1] com.zaxxer.hikari.HikariConfig           : dataSourceJNDI................................none
2026-03-27 09:45:24.503 DEBUG 10280 --- [nio-8089-exec-1] com.zaxxer.hikari.HikariConfig           : dataSourceProperties................................{trustServerCertificate=true, password=<masked>, encrypt=false}
2026-03-27 09:45:24.504 DEBUG 10280 --- [nio-8089-exec-1] com.zaxxer.hikari.HikariConfig           : driverClassName................................"com.microsoft.sqlserver.jdbc.SQLServerDriver"
2026-03-27 09:45:24.504 DEBUG 10280 --- [nio-8089-exec-1] com.zaxxer.hikari.HikariConfig           : exceptionOverrideClassName................................none
2026-03-27 09:45:24.504 DEBUG 10280 --- [nio-8089-exec-1] com.zaxxer.hikari.HikariConfig           : healthCheckProperties................................{}
2026-03-27 09:45:24.505 DEBUG 10280 --- [nio-8089-exec-1] com.zaxxer.hikari.HikariConfig           : healthCheckRegistry................................none
2026-03-27 09:45:24.505 DEBUG 10280 --- [nio-8089-exec-1] com.zaxxer.hikari.HikariConfig           : idleTimeout................................300000
2026-03-27 09:45:24.506 DEBUG 10280 --- [nio-8089-exec-1] com.zaxxer.hikari.HikariConfig           : initializationFailTimeout................................-1
2026-03-27 09:45:24.506 DEBUG 10280 --- [nio-8089-exec-1] com.zaxxer.hikari.HikariConfig           : isolateInternalQueries................................false
2026-03-27 09:45:24.507 DEBUG 10280 --- [nio-8089-exec-1] com.zaxxer.hikari.HikariConfig           : jdbcUrl................................jdbc:sqlserver://tigo.makiro.com.bo;databaseName=BDSistemaAntenaUTecnico;encrypt=false;trustServerCertificate=true
2026-03-27 09:45:24.508 DEBUG 10280 --- [nio-8089-exec-1] com.zaxxer.hikari.HikariConfig           : keepaliveTime................................120000
2026-03-27 09:45:24.508 DEBUG 10280 --- [nio-8089-exec-1] com.zaxxer.hikari.HikariConfig           : leakDetectionThreshold................................0
2026-03-27 09:45:24.510 DEBUG 10280 --- [nio-8089-exec-1] com.zaxxer.hikari.HikariConfig           : maxLifetime................................900000
2026-03-27 09:45:24.510 DEBUG 10280 --- [nio-8089-exec-1] com.zaxxer.hikari.HikariConfig           : maximumPoolSize................................10
2026-03-27 09:45:24.511 DEBUG 10280 --- [nio-8089-exec-1] com.zaxxer.hikari.HikariConfig           : metricRegistry................................none
2026-03-27 09:45:24.511 DEBUG 10280 --- [nio-8089-exec-1] com.zaxxer.hikari.HikariConfig           : metricsTrackerFactory................................none
2026-03-27 09:45:24.512 DEBUG 10280 --- [nio-8089-exec-1] com.zaxxer.hikari.HikariConfig           : minimumIdle................................0
2026-03-27 09:45:24.512 DEBUG 10280 --- [nio-8089-exec-1] com.zaxxer.hikari.HikariConfig           : password................................<masked>
2026-03-27 09:45:24.513 DEBUG 10280 --- [nio-8089-exec-1] com.zaxxer.hikari.HikariConfig           : poolName................................"HikariPool-1"
2026-03-27 09:45:24.514 DEBUG 10280 --- [nio-8089-exec-1] com.zaxxer.hikari.HikariConfig           : readOnly................................false
2026-03-27 09:45:24.514 DEBUG 10280 --- [nio-8089-exec-1] com.zaxxer.hikari.HikariConfig           : registerMbeans................................false
2026-03-27 09:45:24.515 DEBUG 10280 --- [nio-8089-exec-1] com.zaxxer.hikari.HikariConfig           : scheduledExecutor................................none
2026-03-27 09:45:24.515 DEBUG 10280 --- [nio-8089-exec-1] com.zaxxer.hikari.HikariConfig           : schema................................none
2026-03-27 09:45:24.516 DEBUG 10280 --- [nio-8089-exec-1] com.zaxxer.hikari.HikariConfig           : threadFactory................................internal
2026-03-27 09:45:24.516 DEBUG 10280 --- [nio-8089-exec-1] com.zaxxer.hikari.HikariConfig           : transactionIsolation................................default
2026-03-27 09:45:24.517 DEBUG 10280 --- [nio-8089-exec-1] com.zaxxer.hikari.HikariConfig           : username................................"sistemas"
2026-03-27 09:45:24.518 DEBUG 10280 --- [nio-8089-exec-1] com.zaxxer.hikari.HikariConfig           : validationTimeout................................5000
2026-03-27 09:45:24.518  INFO 10280 --- [nio-8089-exec-1] com.zaxxer.hikari.HikariDataSource       : HikariPool-1 - Starting...
2026-03-27 09:45:24.519  INFO 10280 --- [nio-8089-exec-1] com.zaxxer.hikari.HikariDataSource       : HikariPool-1 - Start completed.
2026-03-27 09:45:24.632 DEBUG 10280 --- [l-1 housekeeper] com.zaxxer.hikari.pool.HikariPool        : HikariPool-1 - Before cleanup stats (total=0, active=0, idle=0, waiting=1)
2026-03-27 09:45:24.632 DEBUG 10280 --- [l-1 housekeeper] com.zaxxer.hikari.pool.HikariPool        : HikariPool-1 - After cleanup  stats (total=0, active=0, idle=0, waiting=1)
2026-03-27 09:45:24.633 DEBUG 10280 --- [l-1 housekeeper] com.zaxxer.hikari.pool.HikariPool        : HikariPool-1 - Fill pool skipped, pool is at sufficient level.
2026-03-27 09:45:25.023 DEBUG 10280 --- [onnection adder] com.zaxxer.hikari.pool.HikariPool        : HikariPool-1 - Added connection ConnectionID:1 ClientConnectionId: 9fc8307c-cd73-4c2e-832f-590d71089efe
2026-03-27 09:45:25.057 DEBUG 10280 --- [nio-8089-exec-1] o.s.j.d.DriverManagerDataSource          : Loaded JDBC driver: com.microsoft.sqlserver.jdbc.SQLServerDriver
2026-03-27 09:45:25.058 DEBUG 10280 --- [nio-8089-exec-1] o.s.jdbc.core.JdbcTemplate               : Executing SQL query [EXEC dbo.spx_ObtenerSucursalesConformacionCuadrillaWeb]
2026-03-27 09:45:25.059 DEBUG 10280 --- [nio-8089-exec-1] o.s.jdbc.datasource.DataSourceUtils      : Fetching JDBC Connection from DataSource
2026-03-27 09:45:25.059 DEBUG 10280 --- [nio-8089-exec-1] o.s.j.d.DriverManagerDataSource          : Creating new JDBC DriverManager Connection to [jdbc:sqlserver://tigo.makiro.com.bo;databaseName=BDSistemaAntenaUTecnico;encrypt=false;trustServerCertificate=true]
2026-03-27 09:45:25.135 DEBUG 10280 --- [nio-8089-exec-1] o.s.w.s.m.m.a.HttpEntityMethodProcessor  : Using 'application/json', given [*/*] and supported [application/json, application/*+json, application/json, application/*+json]
2026-03-27 09:45:25.137 DEBUG 10280 --- [nio-8089-exec-1] o.s.w.s.m.m.a.HttpEntityMethodProcessor  : Writing [com.example.TigoStarSystem.common.ApiResponse@4f1c9910]
2026-03-27 09:45:25.151 DEBUG 10280 --- [nio-8089-exec-1] o.s.web.servlet.DispatcherServlet        : Completed 200 OK
2026-03-27 09:45:47.392 DEBUG 10280 --- [ool housekeeper] com.zaxxer.hikari.pool.HikariPool        : CentralHikariPool - Before cleanup stats (total=0, active=0, idle=0, waiting=0)
2026-03-27 09:45:47.394 DEBUG 10280 --- [ool housekeeper] com.zaxxer.hikari.pool.HikariPool        : CentralHikariPool - After cleanup  stats (total=0, active=0, idle=0, waiting=0)
2026-03-27 09:45:47.395 DEBUG 10280 --- [ool housekeeper] com.zaxxer.hikari.pool.HikariPool        : CentralHikariPool - Fill pool skipped, pool is at sufficient level.
2026-03-27 09:45:54.643 DEBUG 10280 --- [l-1 housekeeper] com.zaxxer.hikari.pool.HikariPool        : HikariPool-1 - Before cleanup stats (total=1, active=0, idle=1, waiting=0)
2026-03-27 09:45:54.644 DEBUG 10280 --- [l-1 housekeeper] com.zaxxer.hikari.pool.HikariPool        : HikariPool-1 - After cleanup  stats (total=1, active=0, idle=1, waiting=0)
2026-03-27 09:45:54.646 DEBUG 10280 --- [l-1 housekeeper] com.zaxxer.hikari.pool.HikariPool        : HikariPool-1 - Fill pool skipped, pool is at sufficient level.
2026-03-27 09:46:17.400 DEBUG 10280 --- [ool housekeeper] com.zaxxer.hikari.pool.HikariPool        : CentralHikariPool - Before cleanup stats (total=0, active=0, idle=0, waiting=0)
2026-03-27 09:46:17.401 DEBUG 10280 --- [ool housekeeper] com.zaxxer.hikari.pool.HikariPool        : CentralHikariPool - After cleanup  stats (total=0, active=0, idle=0, waiting=0)
2026-03-27 09:46:17.402 DEBUG 10280 --- [ool housekeeper] com.zaxxer.hikari.pool.HikariPool        : CentralHikariPool - Fill pool skipped, pool is at sufficient level.
2026-03-27 09:46:24.661 DEBUG 10280 --- [l-1 housekeeper] com.zaxxer.hikari.pool.HikariPool        : HikariPool-1 - Before cleanup stats (total=1, active=0, idle=1, waiting=0)
2026-03-27 09:46:24.662 DEBUG 10280 --- [l-1 housekeeper] com.zaxxer.hikari.pool.HikariPool        : HikariPool-1 - After cleanup  stats (total=1, active=0, idle=1, waiting=0)
2026-03-27 09:46:24.662 DEBUG 10280 --- [l-1 housekeeper] com.zaxxer.hikari.pool.HikariPool        : HikariPool-1 - Fill pool skipped, pool is at sufficient level.
2026-03-27 09:46:47.419 DEBUG 10280 --- [ool housekeeper] com.zaxxer.hikari.pool.HikariPool        : CentralHikariPool - Before cleanup stats (total=0, active=0, idle=0, waiting=0)
2026-03-27 09:46:47.420 DEBUG 10280 --- [ool housekeeper] com.zaxxer.hikari.pool.HikariPool        : CentralHikariPool - After cleanup  stats (total=0, active=0, idle=0, waiting=0)
2026-03-27 09:46:47.420 DEBUG 10280 --- [ool housekeeper] com.zaxxer.hikari.pool.HikariPool        : CentralHikariPool - Fill pool skipped, pool is at sufficient level.
2026-03-27 09:46:54.671 DEBUG 10280 --- [l-1 housekeeper] com.zaxxer.hikari.pool.HikariPool        : HikariPool-1 - Before cleanup stats (total=1, active=0, idle=1, waiting=0)
2026-03-27 09:46:54.672 DEBUG 10280 --- [l-1 housekeeper] com.zaxxer.hikari.pool.HikariPool        : HikariPool-1 - After cleanup  stats (total=1, active=0, idle=1, waiting=0)
2026-03-27 09:46:54.672 DEBUG 10280 --- [l-1 housekeeper] com.zaxxer.hikari.pool.HikariPool        : HikariPool-1 - Fill pool skipped, pool is at sufficient level.
2026-03-27 09:47:14.782 DEBUG 10280 --- [l-1 housekeeper] com.zaxxer.hikari.pool.HikariPool        : HikariPool-1 - keepalive: connection ConnectionID:1 ClientConnectionId: 9fc8307c-cd73-4c2e-832f-590d71089efe is alive
2026-03-27 09:47:17.433 DEBUG 10280 --- [ool housekeeper] com.zaxxer.hikari.pool.HikariPool        : CentralHikariPool - Before cleanup stats (total=0, active=0, idle=0, waiting=0)
2026-03-27 09:47:17.434 DEBUG 10280 --- [ool housekeeper] com.zaxxer.hikari.pool.HikariPool        : CentralHikariPool - After cleanup  stats (total=0, active=0, idle=0, waiting=0)
2026-03-27 09:47:17.435 DEBUG 10280 --- [ool housekeeper] com.zaxxer.hikari.pool.HikariPool        : CentralHikariPool - Fill pool skipped, pool is at sufficient level.
2026-03-27 09:47:24.678 DEBUG 10280 --- [l-1 housekeeper] com.zaxxer.hikari.pool.HikariPool        : HikariPool-1 - Before cleanup stats (total=1, active=0, idle=1, waiting=0)
2026-03-27 09:47:24.678 DEBUG 10280 --- [l-1 housekeeper] com.zaxxer.hikari.pool.HikariPool        : HikariPool-1 - After cleanup  stats (total=1, active=0, idle=1, waiting=0)
2026-03-27 09:47:24.679 DEBUG 10280 --- [l-1 housekeeper] com.zaxxer.hikari.pool.HikariPool        : HikariPool-1 - Fill pool skipped, pool is at sufficient level.
2026-03-27 09:47:47.440 DEBUG 10280 --- [ool housekeeper] com.zaxxer.hikari.pool.HikariPool        : CentralHikariPool - Before cleanup stats (total=0, active=0, idle=0, waiting=0)
2026-03-27 09:47:47.441 DEBUG 10280 --- [ool housekeeper] com.zaxxer.hikari.pool.HikariPool        : CentralHikariPool - After cleanup  stats (total=0, active=0, idle=0, waiting=0)
2026-03-27 09:47:47.442 DEBUG 10280 --- [ool housekeeper] com.zaxxer.hikari.pool.HikariPool        : CentralHikariPool - Fill pool skipped, pool is at sufficient level.
2026-03-27 09:47:54.689 DEBUG 10280 --- [l-1 housekeeper] com.zaxxer.hikari.pool.HikariPool        : HikariPool-1 - Before cleanup stats (total=1, active=0, idle=1, waiting=0)
2026-03-27 09:47:54.690 DEBUG 10280 --- [l-1 housekeeper] com.zaxxer.hikari.pool.HikariPool        : HikariPool-1 - After cleanup  stats (total=1, active=0, idle=1, waiting=0)
2026-03-27 09:47:54.690 DEBUG 10280 --- [l-1 housekeeper] com.zaxxer.hikari.pool.HikariPool        : HikariPool-1 - Fill pool skipped, pool is at sufficient level.
2026-03-27 09:48:17.460 DEBUG 10280 --- [ool housekeeper] com.zaxxer.hikari.pool.HikariPool        : CentralHikariPool - Before cleanup stats (total=0, active=0, idle=0, waiting=0)
2026-03-27 09:48:17.509 DEBUG 10280 --- [ool housekeeper] com.zaxxer.hikari.pool.HikariPool        : CentralHikariPool - After cleanup  stats (total=0, active=0, idle=0, waiting=0)
2026-03-27 09:48:17.510 DEBUG 10280 --- [ool housekeeper] com.zaxxer.hikari.pool.HikariPool        : CentralHikariPool - Fill pool skipped, pool is at sufficient level.
2026-03-27 09:48:24.701 DEBUG 10280 --- [l-1 housekeeper] com.zaxxer.hikari.pool.HikariPool        : HikariPool-1 - Before cleanup stats (total=1, active=0, idle=1, waiting=0)
2026-03-27 09:48:24.701 DEBUG 10280 --- [l-1 housekeeper] com.zaxxer.hikari.pool.HikariPool        : HikariPool-1 - After cleanup  stats (total=1, active=0, idle=1, waiting=0)
2026-03-27 09:48:24.702 DEBUG 10280 --- [l-1 housekeeper] com.zaxxer.hikari.pool.HikariPool        : HikariPool-1 - Fill pool skipped, pool is at sufficient level.
2026-03-27 09:48:47.521 DEBUG 10280 --- [ool housekeeper] com.zaxxer.hikari.pool.HikariPool        : CentralHikariPool - Before cleanup stats (total=0, active=0, idle=0, waiting=0)
2026-03-27 09:48:47.522 DEBUG 10280 --- [ool housekeeper] com.zaxxer.hikari.pool.HikariPool        : CentralHikariPool - After cleanup  stats (total=0, active=0, idle=0, waiting=0)
2026-03-27 09:48:47.523 DEBUG 10280 --- [ool housekeeper] com.zaxxer.hikari.pool.HikariPool        : CentralHikariPool - Fill pool skipped, pool is at sufficient level.
2026-03-27 09:48:54.707 DEBUG 10280 --- [l-1 housekeeper] com.zaxxer.hikari.pool.HikariPool        : HikariPool-1 - Before cleanup stats (total=1, active=0, idle=1, waiting=0)
2026-03-27 09:48:54.708 DEBUG 10280 --- [l-1 housekeeper] com.zaxxer.hikari.pool.HikariPool        : HikariPool-1 - After cleanup  stats (total=1, active=0, idle=1, waiting=0)
2026-03-27 09:48:54.709 DEBUG 10280 --- [l-1 housekeeper] com.zaxxer.hikari.pool.HikariPool        : HikariPool-1 - Fill pool skipped, pool is at sufficient level.
2026-03-27 09:49:04.544 DEBUG 10280 --- [l-1 housekeeper] com.zaxxer.hikari.pool.HikariPool        : HikariPool-1 - keepalive: connection ConnectionID:1 ClientConnectionId: 9fc8307c-cd73-4c2e-832f-590d71089efe is alive
2026-03-27 09:49:17.540 DEBUG 10280 --- [ool housekeeper] com.zaxxer.hikari.pool.HikariPool        : CentralHikariPool - Before cleanup stats (total=0, active=0, idle=0, waiting=0)
2026-03-27 09:49:17.541 DEBUG 10280 --- [ool housekeeper] com.zaxxer.hikari.pool.HikariPool        : CentralHikariPool - After cleanup  stats (total=0, active=0, idle=0, waiting=0)
2026-03-27 09:49:17.541 DEBUG 10280 --- [ool housekeeper] com.zaxxer.hikari.pool.HikariPool        : CentralHikariPool - Fill pool skipped, pool is at sufficient level.
2026-03-27 09:49:24.725 DEBUG 10280 --- [l-1 housekeeper] com.zaxxer.hikari.pool.HikariPool        : HikariPool-1 - Before cleanup stats (total=1, active=0, idle=1, waiting=0)
2026-03-27 09:49:24.726 DEBUG 10280 --- [l-1 housekeeper] com.zaxxer.hikari.pool.HikariPool        : HikariPool-1 - After cleanup  stats (total=1, active=0, idle=1, waiting=0)
2026-03-27 09:49:24.727 DEBUG 10280 --- [l-1 housekeeper] com.zaxxer.hikari.pool.HikariPool        : HikariPool-1 - Fill pool skipped, pool is at sufficient level.
2026-03-27 09:49:47.554 DEBUG 10280 --- [ool housekeeper] com.zaxxer.hikari.pool.HikariPool        : CentralHikariPool - Before cleanup stats (total=0, active=0, idle=0, waiting=0)
2026-03-27 09:49:47.564 DEBUG 10280 --- [ool housekeeper] com.zaxxer.hikari.pool.HikariPool        : CentralHikariPool - After cleanup  stats (total=0, active=0, idle=0, waiting=0)
2026-03-27 09:49:47.564 DEBUG 10280 --- [ool housekeeper] com.zaxxer.hikari.pool.HikariPool        : CentralHikariPool - Fill pool skipped, pool is at sufficient level.
2026-03-27 09:49:54.744 DEBUG 10280 --- [l-1 housekeeper] com.zaxxer.hikari.pool.HikariPool        : HikariPool-1 - Before cleanup stats (total=1, active=0, idle=1, waiting=0)
2026-03-27 09:49:54.745 DEBUG 10280 --- [l-1 housekeeper] com.zaxxer.hikari.pool.HikariPool        : HikariPool-1 - After cleanup  stats (total=1, active=0, idle=1, waiting=0)
2026-03-27 09:49:54.745 DEBUG 10280 --- [l-1 housekeeper] com.zaxxer.hikari.pool.HikariPool        : HikariPool-1 - Fill pool skipped, pool is at sufficient level.
2026-03-27 09:50:17.572 DEBUG 10280 --- [ool housekeeper] com.zaxxer.hikari.pool.HikariPool        : CentralHikariPool - Before cleanup stats (total=0, active=0, idle=0, waiting=0)
2026-03-27 09:50:17.572 DEBUG 10280 --- [ool housekeeper] com.zaxxer.hikari.pool.HikariPool        : CentralHikariPool - After cleanup  stats (total=0, active=0, idle=0, waiting=0)
2026-03-27 09:50:17.573 DEBUG 10280 --- [ool housekeeper] com.zaxxer.hikari.pool.HikariPool        : CentralHikariPool - Fill pool skipped, pool is at sufficient level.
2026-03-27 09:50:24.760 DEBUG 10280 --- [l-1 housekeeper] com.zaxxer.hikari.pool.HikariPool        : HikariPool-1 - Before cleanup stats (total=1, active=0, idle=1, waiting=0)
2026-03-27 09:50:24.761 DEBUG 10280 --- [l-1 housekeeper] com.zaxxer.hikari.pool.HikariPool        : HikariPool-1 - After cleanup  stats (total=1, active=0, idle=1, waiting=0)
2026-03-27 09:50:24.764 DEBUG 10280 --- [l-1 housekeeper] com.zaxxer.hikari.pool.HikariPool        : HikariPool-1 - Fill pool skipped, pool is at sufficient level.
2026-03-27 09:50:47.589 DEBUG 10280 --- [ool housekeeper] com.zaxxer.hikari.pool.HikariPool        : CentralHikariPool - Before cleanup stats (total=0, active=0, idle=0, waiting=0)
2026-03-27 09:50:47.590 DEBUG 10280 --- [ool housekeeper] com.zaxxer.hikari.pool.HikariPool        : CentralHikariPool - After cleanup  stats (total=0, active=0, idle=0, waiting=0)
2026-03-27 09:50:47.590 DEBUG 10280 --- [ool housekeeper] com.zaxxer.hikari.pool.HikariPool        : CentralHikariPool - Fill pool skipped, pool is at sufficient level.
2026-03-27 09:50:54.299 DEBUG 10280 --- [l-1 housekeeper] com.zaxxer.hikari.pool.HikariPool        : HikariPool-1 - keepalive: connection ConnectionID:1 ClientConnectionId: 9fc8307c-cd73-4c2e-832f-590d71089efe is alive
2026-03-27 09:50:54.775 DEBUG 10280 --- [l-1 housekeeper] com.zaxxer.hikari.pool.HikariPool        : HikariPool-1 - Before cleanup stats (total=1, active=0, idle=1, waiting=0)
2026-03-27 09:50:54.776 DEBUG 10280 --- [l-1 housekeeper] com.zaxxer.hikari.pool.HikariPool        : HikariPool-1 - After cleanup  stats (total=0, active=0, idle=0, waiting=0)
2026-03-27 09:50:54.776 DEBUG 10280 --- [nnection closer] com.zaxxer.hikari.pool.PoolBase          : HikariPool-1 - Closing connection ConnectionID:1 ClientConnectionId: 9fc8307c-cd73-4c2e-832f-590d71089efe: (connection has passed idleTimeout)
2026-03-27 09:50:54.777 DEBUG 10280 --- [l-1 housekeeper] com.zaxxer.hikari.pool.HikariPool        : HikariPool-1 - Fill pool skipped, pool is at sufficient level.
2026-03-27 09:50:54.778 DEBUG 10280 --- [nnection closer] com.zaxxer.hikari.pool.HikariPool        : HikariPool-1 - Fill pool skipped, pool is at sufficient level.
2026-03-27 09:51:17.601 DEBUG 10280 --- [ool housekeeper] com.zaxxer.hikari.pool.HikariPool        : CentralHikariPool - Before cleanup stats (total=0, active=0, idle=0, waiting=0)
2026-03-27 09:51:17.602 DEBUG 10280 --- [ool housekeeper] com.zaxxer.hikari.pool.HikariPool        : CentralHikariPool - After cleanup  stats (total=0, active=0, idle=0, waiting=0)
2026-03-27 09:51:17.603 DEBUG 10280 --- [ool housekeeper] com.zaxxer.hikari.pool.HikariPool        : CentralHikariPool - Fill pool skipped, pool is at sufficient level.
2026-03-27 09:51:24.796 DEBUG 10280 --- [l-1 housekeeper] com.zaxxer.hikari.pool.HikariPool        : HikariPool-1 - Before cleanup stats (total=0, active=0, idle=0, waiting=0)
2026-03-27 09:51:24.797 DEBUG 10280 --- [l-1 housekeeper] com.zaxxer.hikari.pool.HikariPool        : HikariPool-1 - After cleanup  stats (total=0, active=0, idle=0, waiting=0)
2026-03-27 09:51:24.797 DEBUG 10280 --- [l-1 housekeeper] com.zaxxer.hikari.pool.HikariPool        : HikariPool-1 - Fill pool skipped, pool is at sufficient level.
2026-03-27 09:51:47.614 DEBUG 10280 --- [ool housekeeper] com.zaxxer.hikari.pool.HikariPool        : CentralHikariPool - Before cleanup stats (total=0, active=0, idle=0, waiting=0)
2026-03-27 09:51:47.615 DEBUG 10280 --- [ool housekeeper] com.zaxxer.hikari.pool.HikariPool        : CentralHikariPool - After cleanup  stats (total=0, active=0, idle=0, waiting=0)
2026-03-27 09:51:47.616 DEBUG 10280 --- [ool housekeeper] com.zaxxer.hikari.pool.HikariPool        : CentralHikariPool - Fill pool skipped, pool is at sufficient level.
2026-03-27 09:51:54.801 DEBUG 10280 --- [l-1 housekeeper] com.zaxxer.hikari.pool.HikariPool        : HikariPool-1 - Before cleanup stats (total=0, active=0, idle=0, waiting=0)
2026-03-27 09:51:54.802 DEBUG 10280 --- [l-1 housekeeper] com.zaxxer.hikari.pool.HikariPool        : HikariPool-1 - After cleanup  stats (total=0, active=0, idle=0, waiting=0)
2026-03-27 09:51:54.802 DEBUG 10280 --- [l-1 housekeeper] com.zaxxer.hikari.pool.HikariPool        : HikariPool-1 - Fill pool skipped, pool is at sufficient level.
2026-03-27 09:52:17.621 DEBUG 10280 --- [ool housekeeper] com.zaxxer.hikari.pool.HikariPool        : CentralHikariPool - Before cleanup stats (total=0, active=0, idle=0, waiting=0)
2026-03-27 09:52:17.622 DEBUG 10280 --- [ool housekeeper] com.zaxxer.hikari.pool.HikariPool        : CentralHikariPool - After cleanup  stats (total=0, active=0, idle=0, waiting=0)
2026-03-27 09:52:17.622 DEBUG 10280 --- [ool housekeeper] com.zaxxer.hikari.pool.HikariPool        : CentralHikariPool - Fill pool skipped, pool is at sufficient level.
2026-03-27 09:52:24.814 DEBUG 10280 --- [l-1 housekeeper] com.zaxxer.hikari.pool.HikariPool        : HikariPool-1 - Before cleanup stats (total=0, active=0, idle=0, waiting=0)
2026-03-27 09:52:24.814 DEBUG 10280 --- [l-1 housekeeper] com.zaxxer.hikari.pool.HikariPool        : HikariPool-1 - After cleanup  stats (total=0, active=0, idle=0, waiting=0)
2026-03-27 09:52:24.815 DEBUG 10280 --- [l-1 housekeeper] com.zaxxer.hikari.pool.HikariPool        : HikariPool-1 - Fill pool skipped, pool is at sufficient level.
2026-03-27 09:52:47.634 DEBUG 10280 --- [ool housekeeper] com.zaxxer.hikari.pool.HikariPool        : CentralHikariPool - Before cleanup stats (total=0, active=0, idle=0, waiting=0)
2026-03-27 09:52:47.635 DEBUG 10280 --- [ool housekeeper] com.zaxxer.hikari.pool.HikariPool        : CentralHikariPool - After cleanup  stats (total=0, active=0, idle=0, waiting=0)
2026-03-27 09:52:47.635 DEBUG 10280 --- [ool housekeeper] com.zaxxer.hikari.pool.HikariPool        : CentralHikariPool - Fill pool skipped, pool is at sufficient level.
2026-03-27 09:52:54.823 DEBUG 10280 --- [l-1 housekeeper] com.zaxxer.hikari.pool.HikariPool        : HikariPool-1 - Before cleanup stats (total=0, active=0, idle=0, waiting=0)
2026-03-27 09:52:54.825 DEBUG 10280 --- [l-1 housekeeper] com.zaxxer.hikari.pool.HikariPool        : HikariPool-1 - After cleanup  stats (total=0, active=0, idle=0, waiting=0)
2026-03-27 09:52:54.825 DEBUG 10280 --- [l-1 housekeeper] com.zaxxer.hikari.pool.HikariPool        : HikariPool-1 - Fill pool skipped, pool is at sufficient level.
2026-03-27 09:53:17.651 DEBUG 10280 --- [ool housekeeper] com.zaxxer.hikari.pool.HikariPool        : CentralHikariPool - Before cleanup stats (total=0, active=0, idle=0, waiting=0)
2026-03-27 09:53:17.652 DEBUG 10280 --- [ool housekeeper] com.zaxxer.hikari.pool.HikariPool        : CentralHikariPool - After cleanup  stats (total=0, active=0, idle=0, waiting=0)
2026-03-27 09:53:17.653 DEBUG 10280 --- [ool housekeeper] com.zaxxer.hikari.pool.HikariPool        : CentralHikariPool - Fill pool skipped, pool is at sufficient level.
2026-03-27 09:53:19.209 DEBUG 10280 --- [nio-8089-exec-5] o.s.web.servlet.DispatcherServlet        : GET "/auth/sucursales", parameters={}
2026-03-27 09:53:19.234 DEBUG 10280 --- [nio-8089-exec-5] s.w.s.m.m.a.RequestMappingHandlerMapping : Mapped to com.example.TigoStarSystem.auth.controller.AuthController#listarSucursales()
2026-03-27 09:53:19.244  INFO 10280 --- [nio-8089-exec-5] c.e.T.auth.controller.AuthController     : Request GET /auth/sucursales
2026-03-27 09:53:19.253 DEBUG 10280 --- [nio-8089-exec-5] o.s.jdbc.core.JdbcTemplate               : Executing SQL query [EXEC dbo.spx_ObtenerSucursalesConexion]
2026-03-27 09:53:19.254 DEBUG 10280 --- [nio-8089-exec-5] o.s.jdbc.datasource.DataSourceUtils      : Fetching JDBC Connection from DataSource
2026-03-27 09:53:19.424 DEBUG 10280 --- [onnection adder] com.zaxxer.hikari.pool.HikariPool        : HikariPool-1 - Added connection ConnectionID:3 ClientConnectionId: a4d71594-8492-4663-a416-034fb918a2a4
2026-03-27 09:53:19.437 DEBUG 10280 --- [nio-8089-exec-5] o.s.w.s.m.m.a.HttpEntityMethodProcessor  : Using 'application/json', given [application/json, text/plain, */*] and supported [application/json, application/*+json, application/json, application/*+json]
2026-03-27 09:53:19.442 DEBUG 10280 --- [nio-8089-exec-5] o.s.w.s.m.m.a.HttpEntityMethodProcessor  : Writing [com.example.TigoStarSystem.common.ApiResponse@23b6d81c]
2026-03-27 09:53:19.448 DEBUG 10280 --- [nio-8089-exec-5] o.s.web.servlet.DispatcherServlet        : Completed 200 OK
2026-03-27 09:53:24.830 DEBUG 10280 --- [l-1 housekeeper] com.zaxxer.hikari.pool.HikariPool        : HikariPool-1 - Before cleanup stats (total=1, active=0, idle=1, waiting=0)
2026-03-27 09:53:24.830 DEBUG 10280 --- [l-1 housekeeper] com.zaxxer.hikari.pool.HikariPool        : HikariPool-1 - After cleanup  stats (total=1, active=0, idle=1, waiting=0)
2026-03-27 09:53:24.831 DEBUG 10280 --- [l-1 housekeeper] com.zaxxer.hikari.pool.HikariPool        : HikariPool-1 - Fill pool skipped, pool is at sufficient level.
2026-03-27 09:53:47.672 DEBUG 10280 --- [ool housekeeper] com.zaxxer.hikari.pool.HikariPool        : CentralHikariPool - Before cleanup stats (total=0, active=0, idle=0, waiting=0)
2026-03-27 09:53:47.673 DEBUG 10280 --- [ool housekeeper] com.zaxxer.hikari.pool.HikariPool        : CentralHikariPool - After cleanup  stats (total=0, active=0, idle=0, waiting=0)
2026-03-27 09:53:47.674 DEBUG 10280 --- [ool housekeeper] com.zaxxer.hikari.pool.HikariPool        : CentralHikariPool - Fill pool skipped, pool is at sufficient level.
2026-03-27 09:53:54.838 DEBUG 10280 --- [l-1 housekeeper] com.zaxxer.hikari.pool.HikariPool        : HikariPool-1 - Before cleanup stats (total=1, active=0, idle=1, waiting=0)
2026-03-27 09:53:54.839 DEBUG 10280 --- [l-1 housekeeper] com.zaxxer.hikari.pool.HikariPool        : HikariPool-1 - After cleanup  stats (total=1, active=0, idle=1, waiting=0)
2026-03-27 09:53:54.840 DEBUG 10280 --- [l-1 housekeeper] com.zaxxer.hikari.pool.HikariPool        : HikariPool-1 - Fill pool skipped, pool is at sufficient level.
2026-03-27 09:54:17.688 DEBUG 10280 --- [ool housekeeper] com.zaxxer.hikari.pool.HikariPool        : CentralHikariPool - Before cleanup stats (total=0, active=0, idle=0, waiting=0)
2026-03-27 09:54:17.689 DEBUG 10280 --- [ool housekeeper] com.zaxxer.hikari.pool.HikariPool        : CentralHikariPool - After cleanup  stats (total=0, active=0, idle=0, waiting=0)
2026-03-27 09:54:17.690 DEBUG 10280 --- [ool housekeeper] com.zaxxer.hikari.pool.HikariPool        : CentralHikariPool - Fill pool skipped, pool is at sufficient level.
2026-03-27 09:54:23.065 DEBUG 10280 --- [nio-8089-exec-9] o.s.web.servlet.DispatcherServlet        : GET "/auth/sucursales", parameters={}
2026-03-27 09:54:23.066 DEBUG 10280 --- [nio-8089-exec-9] s.w.s.m.m.a.RequestMappingHandlerMapping : Mapped to com.example.TigoStarSystem.auth.controller.AuthController#listarSucursales()
2026-03-27 09:54:23.068  INFO 10280 --- [nio-8089-exec-9] c.e.T.auth.controller.AuthController     : Request GET /auth/sucursales
2026-03-27 09:54:23.069 DEBUG 10280 --- [io-8089-exec-10] o.s.web.servlet.DispatcherServlet        : POST "/auth/login", parameters={}
2026-03-27 09:54:23.069 DEBUG 10280 --- [nio-8089-exec-9] o.s.jdbc.core.JdbcTemplate               : Executing SQL query [EXEC dbo.spx_ObtenerSucursalesConexion]
2026-03-27 09:54:23.071 DEBUG 10280 --- [nio-8089-exec-9] o.s.jdbc.datasource.DataSourceUtils      : Fetching JDBC Connection from DataSource
2026-03-27 09:54:23.071 DEBUG 10280 --- [io-8089-exec-10] s.w.s.m.m.a.RequestMappingHandlerMapping : Mapped to com.example.TigoStarSystem.auth.controller.AuthController#login(AuthLoginRequest)
2026-03-27 09:54:23.082 DEBUG 10280 --- [nio-8089-exec-9] o.s.w.s.m.m.a.HttpEntityMethodProcessor  : Using 'application/json', given [application/json, text/plain, */*] and supported [application/json, application/*+json, application/json, application/*+json]
2026-03-27 09:54:23.083 DEBUG 10280 --- [nio-8089-exec-9] o.s.w.s.m.m.a.HttpEntityMethodProcessor  : Writing [com.example.TigoStarSystem.common.ApiResponse@2adb36ad]
2026-03-27 09:54:23.085 DEBUG 10280 --- [nio-8089-exec-9] o.s.web.servlet.DispatcherServlet        : Completed 200 OK
2026-03-27 09:54:23.107 DEBUG 10280 --- [io-8089-exec-10] m.m.a.RequestResponseBodyMethodProcessor : Read "application/json;charset=UTF-8" to [com.example.TigoStarSystem.auth.dto.AuthLoginRequest@7a55b29c]
2026-03-27 09:54:23.151  INFO 10280 --- [io-8089-exec-10] c.e.T.auth.service.AuthService           : Login attempt usuario=seascl, idSucursal=9, validarSucursal=false
2026-03-27 09:54:23.151 DEBUG 10280 --- [io-8089-exec-10] o.s.jdbc.core.JdbcTemplate               : Executing SQL query [EXEC dbo.spx_ObtenerSucursalesConexion]
2026-03-27 09:54:23.152 DEBUG 10280 --- [io-8089-exec-10] o.s.jdbc.datasource.DataSourceUtils      : Fetching JDBC Connection from DataSource
2026-03-27 09:54:23.160 DEBUG 10280 --- [io-8089-exec-10] c.e.T.auth.service.AuthService           : Sucursal resolved idSucursal=9, host=tigo.makiro.com.bo, baseDeDatos=BDSistemaAntenaPM
2026-03-27 09:54:23.161 DEBUG 10280 --- [io-8089-exec-10] c.e.T.auth.service.AuthService           : Login target resolved idSucursal=9, sucursal=Santa_Cruz, host=tigo.makiro.com.bo, baseDeDatos=BDSistemaAntenaUTecnico
2026-03-27 09:54:23.162 DEBUG 10280 --- [io-8089-exec-10] c.e.T.auth.service.AuthService           : Creating JDBC connection for sucursal host=tigo.makiro.com.bo baseDeDatos=BDSistemaAntenaUTecnico
2026-03-27 09:54:23.163 DEBUG 10280 --- [io-8089-exec-10] com.zaxxer.hikari.HikariConfig           : Driver class com.microsoft.sqlserver.jdbc.SQLServerDriver found in Thread context class loader TomcatEmbeddedWebappClassLoader
  context: ROOT
  delegate: true
----------> Parent Classloader:
sun.misc.Launcher$AppClassLoader@7506e922

2026-03-27 09:54:23.163 DEBUG 10280 --- [io-8089-exec-10] com.zaxxer.hikari.HikariConfig           : ConnDb-Santa_Cruz - configuration:
2026-03-27 09:54:23.164 DEBUG 10280 --- [io-8089-exec-10] com.zaxxer.hikari.HikariConfig           : allowPoolSuspension................................false
2026-03-27 09:54:23.165 DEBUG 10280 --- [io-8089-exec-10] com.zaxxer.hikari.HikariConfig           : autoCommit................................true
2026-03-27 09:54:23.167 DEBUG 10280 --- [io-8089-exec-10] com.zaxxer.hikari.HikariConfig           : catalog................................none
2026-03-27 09:54:23.168 DEBUG 10280 --- [io-8089-exec-10] com.zaxxer.hikari.HikariConfig           : connectionInitSql................................none
2026-03-27 09:54:23.170 DEBUG 10280 --- [io-8089-exec-10] com.zaxxer.hikari.HikariConfig           : connectionTestQuery................................"SELECT 1"
2026-03-27 09:54:23.170 DEBUG 10280 --- [io-8089-exec-10] com.zaxxer.hikari.HikariConfig           : connectionTimeout................................30000
2026-03-27 09:54:23.171 DEBUG 10280 --- [io-8089-exec-10] com.zaxxer.hikari.HikariConfig           : dataSource................................none
2026-03-27 09:54:23.172 DEBUG 10280 --- [io-8089-exec-10] com.zaxxer.hikari.HikariConfig           : dataSourceClassName................................none
2026-03-27 09:54:23.172 DEBUG 10280 --- [io-8089-exec-10] com.zaxxer.hikari.HikariConfig           : dataSourceJNDI................................none
2026-03-27 09:54:23.175 DEBUG 10280 --- [io-8089-exec-10] com.zaxxer.hikari.HikariConfig           : dataSourceProperties................................{password=<masked>}
2026-03-27 09:54:23.176 DEBUG 10280 --- [io-8089-exec-10] com.zaxxer.hikari.HikariConfig           : driverClassName................................"com.microsoft.sqlserver.jdbc.SQLServerDriver"
2026-03-27 09:54:23.176 DEBUG 10280 --- [io-8089-exec-10] com.zaxxer.hikari.HikariConfig           : exceptionOverrideClassName................................none
2026-03-27 09:54:23.177 DEBUG 10280 --- [io-8089-exec-10] com.zaxxer.hikari.HikariConfig           : healthCheckProperties................................{}
2026-03-27 09:54:23.177 DEBUG 10280 --- [io-8089-exec-10] com.zaxxer.hikari.HikariConfig           : healthCheckRegistry................................none
2026-03-27 09:54:23.178 DEBUG 10280 --- [io-8089-exec-10] com.zaxxer.hikari.HikariConfig           : idleTimeout................................600000
2026-03-27 09:54:23.179 DEBUG 10280 --- [io-8089-exec-10] com.zaxxer.hikari.HikariConfig           : initializationFailTimeout................................-1
2026-03-27 09:54:23.179 DEBUG 10280 --- [io-8089-exec-10] com.zaxxer.hikari.HikariConfig           : isolateInternalQueries................................false
2026-03-27 09:54:23.180 DEBUG 10280 --- [io-8089-exec-10] com.zaxxer.hikari.HikariConfig           : jdbcUrl................................jdbc:sqlserver://tigo.makiro.com.bo;databaseName=BDSistemaAntenaUTecnico;encrypt=false;trustServerCertificate=true
2026-03-27 09:54:23.181 DEBUG 10280 --- [io-8089-exec-10] com.zaxxer.hikari.HikariConfig           : keepaliveTime................................0
2026-03-27 09:54:23.184 DEBUG 10280 --- [io-8089-exec-10] com.zaxxer.hikari.HikariConfig           : leakDetectionThreshold................................0
2026-03-27 09:54:23.184 DEBUG 10280 --- [io-8089-exec-10] com.zaxxer.hikari.HikariConfig           : maxLifetime................................1800000
2026-03-27 09:54:23.185 DEBUG 10280 --- [io-8089-exec-10] com.zaxxer.hikari.HikariConfig           : maximumPoolSize................................5
2026-03-27 09:54:23.186 DEBUG 10280 --- [io-8089-exec-10] com.zaxxer.hikari.HikariConfig           : metricRegistry................................none
2026-03-27 09:54:23.186 DEBUG 10280 --- [io-8089-exec-10] com.zaxxer.hikari.HikariConfig           : metricsTrackerFactory................................none
2026-03-27 09:54:23.187 DEBUG 10280 --- [io-8089-exec-10] com.zaxxer.hikari.HikariConfig           : minimumIdle................................0
2026-03-27 09:54:23.187 DEBUG 10280 --- [io-8089-exec-10] com.zaxxer.hikari.HikariConfig           : password................................<masked>
2026-03-27 09:54:23.188 DEBUG 10280 --- [io-8089-exec-10] com.zaxxer.hikari.HikariConfig           : poolName................................"ConnDb-Santa_Cruz"
2026-03-27 09:54:23.189 DEBUG 10280 --- [io-8089-exec-10] com.zaxxer.hikari.HikariConfig           : readOnly................................false
2026-03-27 09:54:23.189 DEBUG 10280 --- [io-8089-exec-10] com.zaxxer.hikari.HikariConfig           : registerMbeans................................false
2026-03-27 09:54:23.191 DEBUG 10280 --- [io-8089-exec-10] com.zaxxer.hikari.HikariConfig           : scheduledExecutor................................none
2026-03-27 09:54:23.192 DEBUG 10280 --- [io-8089-exec-10] com.zaxxer.hikari.HikariConfig           : schema................................none
2026-03-27 09:54:23.193 DEBUG 10280 --- [io-8089-exec-10] com.zaxxer.hikari.HikariConfig           : threadFactory................................internal
2026-03-27 09:54:23.193 DEBUG 10280 --- [io-8089-exec-10] com.zaxxer.hikari.HikariConfig           : transactionIsolation................................default
2026-03-27 09:54:23.194 DEBUG 10280 --- [io-8089-exec-10] com.zaxxer.hikari.HikariConfig           : username................................"sistemas"
2026-03-27 09:54:23.195 DEBUG 10280 --- [io-8089-exec-10] com.zaxxer.hikari.HikariConfig           : validationTimeout................................5000
2026-03-27 09:54:23.196  INFO 10280 --- [io-8089-exec-10] com.zaxxer.hikari.HikariDataSource       : ConnDb-Santa_Cruz - Starting...
2026-03-27 09:54:23.197  INFO 10280 --- [io-8089-exec-10] com.zaxxer.hikari.HikariDataSource       : ConnDb-Santa_Cruz - Start completed.
2026-03-27 09:54:23.198 DEBUG 10280 --- [io-8089-exec-10] c.e.T.auth.service.AuthService           : Calling SP dbo.spx_ValidarUsuario
2026-03-27 09:54:23.204 DEBUG 10280 --- [io-8089-exec-10] o.s.jdbc.core.JdbcTemplate               : Executing prepared SQL query
2026-03-27 09:54:23.204 DEBUG 10280 --- [io-8089-exec-10] o.s.jdbc.core.JdbcTemplate               : Executing prepared SQL statement [EXEC dbo.spx_ValidarUsuario ?, ?]
2026-03-27 09:54:23.205 DEBUG 10280 --- [io-8089-exec-10] o.s.jdbc.datasource.DataSourceUtils      : Fetching JDBC Connection from DataSource
2026-03-27 09:54:23.227 DEBUG 10280 --- [onnection adder] com.zaxxer.hikari.pool.HikariPool        : ConnDb-Santa_Cruz - Added connection ConnectionID:4 ClientConnectionId: fe0746ca-1e3e-4b03-ac5b-e24760c71d73
2026-03-27 09:54:23.298 DEBUG 10280 --- [io-8089-exec-10] c.e.T.auth.service.AuthService           : Login SP returned 1 rows
2026-03-27 09:54:23.300  INFO 10280 --- [io-8089-exec-10] c.e.T.auth.controller.AuthController     : User {} logged in successfully.
2026-03-27 09:54:23.305 DEBUG 10280 --- [ruz housekeeper] com.zaxxer.hikari.pool.HikariPool        : ConnDb-Santa_Cruz - Before cleanup stats (total=1, active=0, idle=1, waiting=0)
2026-03-27 09:54:23.306 DEBUG 10280 --- [io-8089-exec-10] o.s.w.s.m.m.a.HttpEntityMethodProcessor  : Using 'application/json', given [application/json, text/plain, */*] and supported [application/json, application/*+json, application/json, application/*+json]
2026-03-27 09:54:23.306 DEBUG 10280 --- [ruz housekeeper] com.zaxxer.hikari.pool.HikariPool        : ConnDb-Santa_Cruz - After cleanup  stats (total=1, active=0, idle=1, waiting=0)
2026-03-27 09:54:23.307 DEBUG 10280 --- [io-8089-exec-10] o.s.w.s.m.m.a.HttpEntityMethodProcessor  : Writing [com.example.TigoStarSystem.common.ApiResponse@4faf5dae]
2026-03-27 09:54:23.309 DEBUG 10280 --- [ruz housekeeper] com.zaxxer.hikari.pool.HikariPool        : ConnDb-Santa_Cruz - Fill pool skipped, pool is at sufficient level.
2026-03-27 09:54:23.317 DEBUG 10280 --- [io-8089-exec-10] o.s.web.servlet.DispatcherServlet        : Completed 200 OK
2026-03-27 09:54:23.353 DEBUG 10280 --- [nio-8089-exec-6] o.s.web.servlet.DispatcherServlet        : GET "/auth/me", parameters={}
2026-03-27 09:54:23.355 DEBUG 10280 --- [nio-8089-exec-6] s.w.s.m.m.a.RequestMappingHandlerMapping : Mapped to com.example.TigoStarSystem.auth.controller.AuthController#me(String)
2026-03-27 09:54:23.358 DEBUG 10280 --- [nio-8089-exec-6] o.s.w.s.m.m.a.HttpEntityMethodProcessor  : Using 'application/json', given [application/json, text/plain, */*] and supported [application/json, application/*+json, application/json, application/*+json]
2026-03-27 09:54:23.359 DEBUG 10280 --- [nio-8089-exec-6] o.s.w.s.m.m.a.HttpEntityMethodProcessor  : Writing [com.example.TigoStarSystem.common.ApiResponse@2b56038b]
2026-03-27 09:54:23.363 DEBUG 10280 --- [nio-8089-exec-6] o.s.web.servlet.DispatcherServlet        : Completed 200 OK
2026-03-27 09:54:23.387 DEBUG 10280 --- [nio-8089-exec-1] o.s.web.servlet.DispatcherServlet        : GET "/auth/permisos", parameters={}
2026-03-27 09:54:23.389 DEBUG 10280 --- [nio-8089-exec-1] s.w.s.m.m.a.RequestMappingHandlerMapping : Mapped to com.example.TigoStarSystem.auth.controller.AuthPermisosController#permisos(String)
2026-03-27 09:54:23.394 DEBUG 10280 --- [nio-8089-exec-1] o.s.jdbc.core.JdbcTemplate               : Executing SQL query [EXEC dbo.spx_ObtenerPrivilegiosRoles]
2026-03-27 09:54:23.394 DEBUG 10280 --- [nio-8089-exec-1] o.s.jdbc.datasource.DataSourceUtils      : Fetching JDBC Connection from DataSource
2026-03-27 09:54:23.443 DEBUG 10280 --- [onnection adder] com.zaxxer.hikari.pool.HikariPool        : CentralHikariPool - Added connection ConnectionID:5 ClientConnectionId: c04b6111-592f-4d59-b726-de8e0e9bafcf
2026-03-27 09:54:23.463 DEBUG 10280 --- [nio-8089-exec-1] o.s.jdbc.core.JdbcTemplate               : Executing prepared SQL query
2026-03-27 09:54:23.464 DEBUG 10280 --- [nio-8089-exec-1] o.s.jdbc.core.JdbcTemplate               : Executing prepared SQL statement [EXEC dbo.spx_ObtenerPrivilegiosRolDetalle ?]
2026-03-27 09:54:23.465 DEBUG 10280 --- [nio-8089-exec-1] o.s.jdbc.datasource.DataSourceUtils      : Fetching JDBC Connection from DataSource
2026-03-27 09:54:23.477 DEBUG 10280 --- [nio-8089-exec-1] o.s.w.s.m.m.a.HttpEntityMethodProcessor  : Using 'application/json', given [application/json, text/plain, */*] and supported [application/json, application/*+json, application/json, application/*+json]
2026-03-27 09:54:23.477 DEBUG 10280 --- [nio-8089-exec-1] o.s.w.s.m.m.a.HttpEntityMethodProcessor  : Writing [com.example.TigoStarSystem.common.ApiResponse@4d6b9431]
2026-03-27 09:54:23.480 DEBUG 10280 --- [nio-8089-exec-1] o.s.web.servlet.DispatcherServlet        : Completed 200 OK
2026-03-27 09:54:23.510 DEBUG 10280 --- [nio-8089-exec-5] o.s.web.servlet.DispatcherServlet        : GET "/supervisor/spy_Ultimo_Estado_Dia_BO_CITA_MAKIRO?fecha=2026-03-27&idUsuario=97&tecnico=CLEIDER+SEAS+OSINAGA", parameters={masked}
2026-03-27 09:54:23.542 DEBUG 10280 --- [nio-8089-exec-5] s.w.s.m.m.a.RequestMappingHandlerMapping : Mapped to com.example.TigoStarSystem.supervisor.controller.EstadoDiaBoCitaController#obtenerUltimoEstadoDia(String, LocalDate, String)
2026-03-27 09:54:23.622 DEBUG 10280 --- [nio-8089-exec-5] o.s.jdbc.core.JdbcTemplate               : Executing prepared SQL query
2026-03-27 09:54:23.725 DEBUG 10280 --- [nio-8089-exec-5] o.s.jdbc.core.JdbcTemplate               : Executing prepared SQL statement [EXEC dbo.spy_Ultimo_Estado_Dia_BO_CITA_MAKIRO ?, ?]
2026-03-27 09:54:23.765 DEBUG 10280 --- [nio-8089-exec-5] o.s.jdbc.datasource.DataSourceUtils      : Fetching JDBC Connection from DataSource
2026-03-27 09:54:23.919 DEBUG 10280 --- [nio-8089-exec-5] o.s.w.s.m.m.a.HttpEntityMethodProcessor  : Using 'application/json', given [application/json, text/plain, */*] and supported [application/json, application/*+json, application/json, application/*+json]
2026-03-27 09:54:24.096 DEBUG 10280 --- [nio-8089-exec-5] o.s.w.s.m.m.a.HttpEntityMethodProcessor  : Writing [com.example.TigoStarSystem.common.ApiResponse@4c2d879]
2026-03-27 09:54:24.150 DEBUG 10280 --- [nio-8089-exec-5] o.s.web.servlet.DispatcherServlet        : Completed 200 OK
2026-03-27 09:54:24.856 DEBUG 10280 --- [l-1 housekeeper] com.zaxxer.hikari.pool.HikariPool        : HikariPool-1 - Before cleanup stats (total=1, active=0, idle=1, waiting=0)
2026-03-27 09:54:24.856 DEBUG 10280 --- [l-1 housekeeper] com.zaxxer.hikari.pool.HikariPool        : HikariPool-1 - After cleanup  stats (total=1, active=0, idle=1, waiting=0)
2026-03-27 09:54:24.857 DEBUG 10280 --- [l-1 housekeeper] com.zaxxer.hikari.pool.HikariPool        : HikariPool-1 - Fill pool skipped, pool is at sufficient level.
2026-03-27 09:54:27.477 DEBUG 10280 --- [nio-8089-exec-2] o.s.web.servlet.DispatcherServlet        : GET "/supervisor/spy_Ultimo_Estado_Dia_BO_CITA_MAKIRO?fecha=2026-03-02&idUsuario=97&tecnico=CLEIDER+SEAS+OSINAGA", parameters={masked}
2026-03-27 09:54:27.537 DEBUG 10280 --- [nio-8089-exec-2] s.w.s.m.m.a.RequestMappingHandlerMapping : Mapped to com.example.TigoStarSystem.supervisor.controller.EstadoDiaBoCitaController#obtenerUltimoEstadoDia(String, LocalDate, String)
2026-03-27 09:54:27.539 DEBUG 10280 --- [nio-8089-exec-2] o.s.jdbc.core.JdbcTemplate               : Executing prepared SQL query
2026-03-27 09:54:27.540 DEBUG 10280 --- [nio-8089-exec-2] o.s.jdbc.core.JdbcTemplate               : Executing prepared SQL statement [EXEC dbo.spy_Ultimo_Estado_Dia_BO_CITA_MAKIRO ?, ?]
2026-03-27 09:54:27.541 DEBUG 10280 --- [nio-8089-exec-2] o.s.jdbc.datasource.DataSourceUtils      : Fetching JDBC Connection from DataSource
2026-03-27 09:54:27.552 DEBUG 10280 --- [nio-8089-exec-2] o.s.w.s.m.m.a.HttpEntityMethodProcessor  : Using 'application/json', given [application/json, text/plain, */*] and supported [application/json, application/*+json, application/json, application/*+json]
2026-03-27 09:54:27.553 DEBUG 10280 --- [nio-8089-exec-2] o.s.w.s.m.m.a.HttpEntityMethodProcessor  : Writing [com.example.TigoStarSystem.common.ApiResponse@7784cb6b]
2026-03-27 09:54:27.554 DEBUG 10280 --- [nio-8089-exec-2] o.s.web.servlet.DispatcherServlet        : Completed 200 OK
2026-03-27 09:54:27.597 DEBUG 10280 --- [io-8089-exec-10] o.s.web.servlet.DispatcherServlet        : GET "/supervisor/spy_Ultimo_Estado_Dia_BO_CITA_MAKIRO?fecha=2026-03-23&idUsuario=97&tecnico=CLEIDER+SEAS+OSINAGA", parameters={masked}
2026-03-27 09:54:27.605 DEBUG 10280 --- [io-8089-exec-10] s.w.s.m.m.a.RequestMappingHandlerMapping : Mapped to com.example.TigoStarSystem.supervisor.controller.EstadoDiaBoCitaController#obtenerUltimoEstadoDia(String, LocalDate, String)
2026-03-27 09:54:27.607 DEBUG 10280 --- [io-8089-exec-10] o.s.jdbc.core.JdbcTemplate               : Executing prepared SQL query
2026-03-27 09:54:27.771 DEBUG 10280 --- [io-8089-exec-10] o.s.jdbc.core.JdbcTemplate               : Executing prepared SQL statement [EXEC dbo.spy_Ultimo_Estado_Dia_BO_CITA_MAKIRO ?, ?]
2026-03-27 09:54:27.772 DEBUG 10280 --- [io-8089-exec-10] o.s.jdbc.datasource.DataSourceUtils      : Fetching JDBC Connection from DataSource
2026-03-27 09:54:27.930 DEBUG 10280 --- [io-8089-exec-10] o.s.w.s.m.m.a.HttpEntityMethodProcessor  : Using 'application/json', given [application/json, text/plain, */*] and supported [application/json, application/*+json, application/json, application/*+json]
2026-03-27 09:54:28.089 DEBUG 10280 --- [io-8089-exec-10] o.s.w.s.m.m.a.HttpEntityMethodProcessor  : Writing [com.example.TigoStarSystem.common.ApiResponse@d43641e]
2026-03-27 09:54:28.090 DEBUG 10280 --- [io-8089-exec-10] o.s.web.servlet.DispatcherServlet        : Completed 200 OK
2026-03-27 09:54:43.217 DEBUG 10280 --- [nio-8089-exec-6] o.s.web.servlet.DispatcherServlet        : GET "/catalogos/tecnicos", parameters={}
2026-03-27 09:54:43.218 DEBUG 10280 --- [nio-8089-exec-6] s.w.s.m.m.a.RequestMappingHandlerMapping : Mapped to com.example.TigoStarSystem.catalogo.controller.CatalogoController#listarTecnicos()
2026-03-27 09:54:43.221 DEBUG 10280 --- [nio-8089-exec-1] o.s.web.servlet.DispatcherServlet        : GET "/catalogos/rutas?tecnicoId=97", parameters={masked}
2026-03-27 09:54:43.223 DEBUG 10280 --- [nio-8089-exec-1] s.w.s.m.m.a.RequestMappingHandlerMapping : Mapped to com.example.TigoStarSystem.catalogo.controller.CatalogoController#listarRutas(Integer)
2026-03-27 09:54:43.231 DEBUG 10280 --- [nio-8089-exec-2] o.s.web.servlet.DispatcherServlet        : GET "/catalogos/tipo-servicio", parameters={}
2026-03-27 09:54:43.231 DEBUG 10280 --- [nio-8089-exec-4] o.s.web.servlet.DispatcherServlet        : GET "/catalogos/estados", parameters={}
2026-03-27 09:54:43.232 DEBUG 10280 --- [nio-8089-exec-2] s.w.s.m.m.a.RequestMappingHandlerMapping : Mapped to com.example.TigoStarSystem.catalogo.controller.CatalogoController#listarTipoServicio()
2026-03-27 09:54:43.232 DEBUG 10280 --- [nio-8089-exec-4] s.w.s.m.m.a.RequestMappingHandlerMapping : Mapped to com.example.TigoStarSystem.catalogo.controller.CatalogoController#listarEstados()
2026-03-27 09:54:43.233 DEBUG 10280 --- [nio-8089-exec-2] o.s.jdbc.core.JdbcTemplate               : Executing SQL query [EXEC spx_ObtenerTipoServicio]
2026-03-27 09:54:43.234 DEBUG 10280 --- [nio-8089-exec-2] o.s.jdbc.datasource.DataSourceUtils      : Fetching JDBC Connection from DataSource
2026-03-27 09:54:43.233 DEBUG 10280 --- [nio-8089-exec-6] o.s.jdbc.core.JdbcTemplate               : Executing SQL query [EXEC spx_ObtenerTecnicosEnRuta]
2026-03-27 09:54:43.233 DEBUG 10280 --- [nio-8089-exec-1] o.s.jdbc.core.JdbcTemplate               : Executing prepared SQL query
2026-03-27 09:54:43.234 DEBUG 10280 --- [nio-8089-exec-4] o.s.jdbc.core.JdbcTemplate               : Executing SQL query [EXEC sp_ObtenerEstado]
2026-03-27 09:54:43.236 DEBUG 10280 --- [nio-8089-exec-4] o.s.jdbc.datasource.DataSourceUtils      : Fetching JDBC Connection from DataSource
2026-03-27 09:54:43.235 DEBUG 10280 --- [nio-8089-exec-6] o.s.jdbc.datasource.DataSourceUtils      : Fetching JDBC Connection from DataSource
2026-03-27 09:54:43.236 DEBUG 10280 --- [nio-8089-exec-1] o.s.jdbc.core.JdbcTemplate               : Executing prepared SQL statement [EXEC spx_ObtenerRutaXIdTecnico ?]
2026-03-27 09:54:43.238 DEBUG 10280 --- [nio-8089-exec-1] o.s.jdbc.datasource.DataSourceUtils      : Fetching JDBC Connection from DataSource
2026-03-27 09:54:43.251 DEBUG 10280 --- [nio-8089-exec-2] o.s.w.s.m.m.a.HttpEntityMethodProcessor  : Using 'application/json', given [application/json, text/plain, */*] and supported [application/json, application/*+json, application/json, application/*+json]
2026-03-27 09:54:43.252 DEBUG 10280 --- [nio-8089-exec-2] o.s.w.s.m.m.a.HttpEntityMethodProcessor  : Writing [com.example.TigoStarSystem.common.ApiResponse@387e31d0]
2026-03-27 09:54:43.256 DEBUG 10280 --- [nio-8089-exec-4] o.s.w.s.m.m.a.HttpEntityMethodProcessor  : Using 'application/json', given [application/json, text/plain, */*] and supported [application/json, application/*+json, application/json, application/*+json]
2026-03-27 09:54:43.257 DEBUG 10280 --- [nio-8089-exec-4] o.s.w.s.m.m.a.HttpEntityMethodProcessor  : Writing [com.example.TigoStarSystem.common.ApiResponse@51cc170a]
2026-03-27 09:54:43.257 DEBUG 10280 --- [nio-8089-exec-2] o.s.web.servlet.DispatcherServlet        : Completed 200 OK
2026-03-27 09:54:43.257 DEBUG 10280 --- [onnection adder] com.zaxxer.hikari.pool.HikariPool        : HikariPool-1 - Added connection ConnectionID:6 ClientConnectionId: 1e8bec71-e4f7-41bf-9b07-2b85c5daafa6
2026-03-27 09:54:43.258 DEBUG 10280 --- [nio-8089-exec-4] o.s.web.servlet.DispatcherServlet        : Completed 200 OK
2026-03-27 09:54:43.340 DEBUG 10280 --- [nio-8089-exec-1] o.s.w.s.m.m.a.HttpEntityMethodProcessor  : Using 'application/json', given [application/json, text/plain, */*] and supported [application/json, application/*+json, application/json, application/*+json]
2026-03-27 09:54:43.341 DEBUG 10280 --- [nio-8089-exec-1] o.s.w.s.m.m.a.HttpEntityMethodProcessor  : Writing [com.example.TigoStarSystem.common.ApiResponse@6a4f84d0]
2026-03-27 09:54:43.343 DEBUG 10280 --- [nio-8089-exec-6] o.s.w.s.m.m.a.HttpEntityMethodProcessor  : Using 'application/json', given [application/json, text/plain, */*] and supported [application/json, application/*+json, application/json, application/*+json]
2026-03-27 09:54:43.344 DEBUG 10280 --- [nio-8089-exec-1] o.s.web.servlet.DispatcherServlet        : Completed 200 OK
2026-03-27 09:54:43.345 DEBUG 10280 --- [nio-8089-exec-6] o.s.w.s.m.m.a.HttpEntityMethodProcessor  : Writing [com.example.TigoStarSystem.common.ApiResponse@38ad494a]
2026-03-27 09:54:43.351 DEBUG 10280 --- [nio-8089-exec-6] o.s.web.servlet.DispatcherServlet        : Completed 200 OK
2026-03-27 09:54:47.701 DEBUG 10280 --- [ool housekeeper] com.zaxxer.hikari.pool.HikariPool        : CentralHikariPool - Before cleanup stats (total=1, active=0, idle=1, waiting=0)
2026-03-27 09:54:47.703 DEBUG 10280 --- [ool housekeeper] com.zaxxer.hikari.pool.HikariPool        : CentralHikariPool - After cleanup  stats (total=1, active=0, idle=1, waiting=0)
2026-03-27 09:54:47.704 DEBUG 10280 --- [ool housekeeper] com.zaxxer.hikari.pool.HikariPool        : CentralHikariPool - Fill pool skipped, pool is at sufficient level.
2026-03-27 09:54:53.317 DEBUG 10280 --- [ruz housekeeper] com.zaxxer.hikari.pool.HikariPool        : ConnDb-Santa_Cruz - Before cleanup stats (total=1, active=0, idle=1, waiting=0)
2026-03-27 09:54:53.318 DEBUG 10280 --- [ruz housekeeper] com.zaxxer.hikari.pool.HikariPool        : ConnDb-Santa_Cruz - After cleanup  stats (total=1, active=0, idle=1, waiting=0)
2026-03-27 09:54:53.319 DEBUG 10280 --- [ruz housekeeper] com.zaxxer.hikari.pool.HikariPool        : ConnDb-Santa_Cruz - Fill pool skipped, pool is at sufficient level.
2026-03-27 09:54:54.871 DEBUG 10280 --- [l-1 housekeeper] com.zaxxer.hikari.pool.HikariPool        : HikariPool-1 - Before cleanup stats (total=2, active=0, idle=2, waiting=0)
2026-03-27 09:54:54.872 DEBUG 10280 --- [l-1 housekeeper] com.zaxxer.hikari.pool.HikariPool        : HikariPool-1 - After cleanup  stats (total=2, active=0, idle=2, waiting=0)
2026-03-27 09:54:54.874 DEBUG 10280 --- [l-1 housekeeper] com.zaxxer.hikari.pool.HikariPool        : HikariPool-1 - Fill pool skipped, pool is at sufficient level.
2026-03-27 09:55:08.601 DEBUG 10280 --- [l-1 housekeeper] com.zaxxer.hikari.pool.HikariPool        : HikariPool-1 - keepalive: connection ConnectionID:3 ClientConnectionId: a4d71594-8492-4663-a416-034fb918a2a4 is alive
2026-03-27 09:55:17.722 DEBUG 10280 --- [ool housekeeper] com.zaxxer.hikari.pool.HikariPool        : CentralHikariPool - Before cleanup stats (total=1, active=0, idle=1, waiting=0)
2026-03-27 09:55:17.722 DEBUG 10280 --- [ool housekeeper] com.zaxxer.hikari.pool.HikariPool        : CentralHikariPool - After cleanup  stats (total=1, active=0, idle=1, waiting=0)
2026-03-27 09:55:17.723 DEBUG 10280 --- [ool housekeeper] com.zaxxer.hikari.pool.HikariPool        : CentralHikariPool - Fill pool skipped, pool is at sufficient level.
2026-03-27 09:55:23.336 DEBUG 10280 --- [ruz housekeeper] com.zaxxer.hikari.pool.HikariPool        : ConnDb-Santa_Cruz - Before cleanup stats (total=1, active=0, idle=1, waiting=0)
2026-03-27 09:55:23.338 DEBUG 10280 --- [ruz housekeeper] com.zaxxer.hikari.pool.HikariPool        : ConnDb-Santa_Cruz - After cleanup  stats (total=1, active=0, idle=1, waiting=0)
2026-03-27 09:55:23.338 DEBUG 10280 --- [ruz housekeeper] com.zaxxer.hikari.pool.HikariPool        : ConnDb-Santa_Cruz - Fill pool skipped, pool is at sufficient level.
2026-03-27 09:55:24.890 DEBUG 10280 --- [l-1 housekeeper] com.zaxxer.hikari.pool.HikariPool        : HikariPool-1 - Before cleanup stats (total=2, active=0, idle=2, waiting=0)
2026-03-27 09:55:24.911 DEBUG 10280 --- [l-1 housekeeper] com.zaxxer.hikari.pool.HikariPool        : HikariPool-1 - After cleanup  stats (total=2, active=0, idle=2, waiting=0)
2026-03-27 09:55:24.950 DEBUG 10280 --- [l-1 housekeeper] com.zaxxer.hikari.pool.HikariPool        : HikariPool-1 - Fill pool skipped, pool is at sufficient level.
2026-03-27 09:55:47.731 DEBUG 10280 --- [ool housekeeper] com.zaxxer.hikari.pool.HikariPool        : CentralHikariPool - Before cleanup stats (total=1, active=0, idle=1, waiting=0)
2026-03-27 09:55:47.810 DEBUG 10280 --- [ool housekeeper] com.zaxxer.hikari.pool.HikariPool        : CentralHikariPool - After cleanup  stats (total=1, active=0, idle=1, waiting=0)
2026-03-27 09:55:47.810 DEBUG 10280 --- [ool housekeeper] com.zaxxer.hikari.pool.HikariPool        : CentralHikariPool - Fill pool skipped, pool is at sufficient level.
2026-03-27 09:55:53.344 DEBUG 10280 --- [ruz housekeeper] com.zaxxer.hikari.pool.HikariPool        : ConnDb-Santa_Cruz - Before cleanup stats (total=1, active=0, idle=1, waiting=0)
2026-03-27 09:55:53.346 DEBUG 10280 --- [ruz housekeeper] com.zaxxer.hikari.pool.HikariPool        : ConnDb-Santa_Cruz - After cleanup  stats (total=1, active=0, idle=1, waiting=0)
2026-03-27 09:55:53.346 DEBUG 10280 --- [ruz housekeeper] com.zaxxer.hikari.pool.HikariPool        : ConnDb-Santa_Cruz - Fill pool skipped, pool is at sufficient level.
2026-03-27 09:55:54.961 DEBUG 10280 --- [l-1 housekeeper] com.zaxxer.hikari.pool.HikariPool        : HikariPool-1 - Before cleanup stats (total=2, active=0, idle=2, waiting=0)
2026-03-27 09:55:54.962 DEBUG 10280 --- [l-1 housekeeper] com.zaxxer.hikari.pool.HikariPool        : HikariPool-1 - After cleanup  stats (total=2, active=0, idle=2, waiting=0)
2026-03-27 09:55:54.963 DEBUG 10280 --- [l-1 housekeeper] com.zaxxer.hikari.pool.HikariPool        : HikariPool-1 - Fill pool skipped, pool is at sufficient level.
2026-03-27 09:56:16.013 DEBUG 10280 --- [ool housekeeper] com.zaxxer.hikari.pool.HikariPool        : CentralHikariPool - keepalive: connection ConnectionID:5 ClientConnectionId: c04b6111-592f-4d59-b726-de8e0e9bafcf is alive
2026-03-27 09:56:17.827 DEBUG 10280 --- [ool housekeeper] com.zaxxer.hikari.pool.HikariPool        : CentralHikariPool - Before cleanup stats (total=1, active=0, idle=1, waiting=0)
2026-03-27 09:56:17.828 DEBUG 10280 --- [ool housekeeper] com.zaxxer.hikari.pool.HikariPool        : CentralHikariPool - After cleanup  stats (total=1, active=0, idle=1, waiting=0)
2026-03-27 09:56:17.829 DEBUG 10280 --- [ool housekeeper] com.zaxxer.hikari.pool.HikariPool        : CentralHikariPool - Fill pool skipped, pool is at sufficient level.
2026-03-27 09:56:23.359 DEBUG 10280 --- [ruz housekeeper] com.zaxxer.hikari.pool.HikariPool        : ConnDb-Santa_Cruz - Before cleanup stats (total=1, active=0, idle=1, waiting=0)
2026-03-27 09:56:23.360 DEBUG 10280 --- [ruz housekeeper] com.zaxxer.hikari.pool.HikariPool        : ConnDb-Santa_Cruz - After cleanup  stats (total=1, active=0, idle=1, waiting=0)
2026-03-27 09:56:23.360 DEBUG 10280 --- [ruz housekeeper] com.zaxxer.hikari.pool.HikariPool        : ConnDb-Santa_Cruz - Fill pool skipped, pool is at sufficient level.
2026-03-27 09:56:24.979 DEBUG 10280 --- [l-1 housekeeper] com.zaxxer.hikari.pool.HikariPool        : HikariPool-1 - Before cleanup stats (total=2, active=0, idle=2, waiting=0)
2026-03-27 09:56:24.994 DEBUG 10280 --- [l-1 housekeeper] com.zaxxer.hikari.pool.HikariPool        : HikariPool-1 - After cleanup  stats (total=2, active=0, idle=2, waiting=0)
2026-03-27 09:56:24.994 DEBUG 10280 --- [l-1 housekeeper] com.zaxxer.hikari.pool.HikariPool        : HikariPool-1 - Fill pool skipped, pool is at sufficient level.
2026-03-27 09:56:38.993 DEBUG 10280 --- [l-1 housekeeper] com.zaxxer.hikari.pool.HikariPool        : HikariPool-1 - keepalive: connection ConnectionID:6 ClientConnectionId: 1e8bec71-e4f7-41bf-9b07-2b85c5daafa6 is alive
2026-03-27 09:56:47.840 DEBUG 10280 --- [ool housekeeper] com.zaxxer.hikari.pool.HikariPool        : CentralHikariPool - Before cleanup stats (total=1, active=0, idle=1, waiting=0)
2026-03-27 09:56:47.841 DEBUG 10280 --- [ool housekeeper] com.zaxxer.hikari.pool.HikariPool        : CentralHikariPool - After cleanup  stats (total=1, active=0, idle=1, waiting=0)
2026-03-27 09:56:47.841 DEBUG 10280 --- [ool housekeeper] com.zaxxer.hikari.pool.HikariPool        : CentralHikariPool - Fill pool skipped, pool is at sufficient level.
2026-03-27 09:56:53.378 DEBUG 10280 --- [ruz housekeeper] com.zaxxer.hikari.pool.HikariPool        : ConnDb-Santa_Cruz - Before cleanup stats (total=1, active=0, idle=1, waiting=0)
2026-03-27 09:56:53.379 DEBUG 10280 --- [ruz housekeeper] com.zaxxer.hikari.pool.HikariPool        : ConnDb-Santa_Cruz - After cleanup  stats (total=1, active=0, idle=1, waiting=0)
2026-03-27 09:56:53.380 DEBUG 10280 --- [ruz housekeeper] com.zaxxer.hikari.pool.HikariPool        : ConnDb-Santa_Cruz - Fill pool skipped, pool is at sufficient level.
2026-03-27 09:56:54.998 DEBUG 10280 --- [l-1 housekeeper] com.zaxxer.hikari.pool.HikariPool        : HikariPool-1 - Before cleanup stats (total=2, active=0, idle=2, waiting=0)
2026-03-27 09:56:54.999 DEBUG 10280 --- [l-1 housekeeper] com.zaxxer.hikari.pool.HikariPool        : HikariPool-1 - After cleanup  stats (total=2, active=0, idle=2, waiting=0)
2026-03-27 09:56:55.000 DEBUG 10280 --- [l-1 housekeeper] com.zaxxer.hikari.pool.HikariPool        : HikariPool-1 - Fill pool skipped, pool is at sufficient level.
2026-03-27 09:56:57.809 DEBUG 10280 --- [l-1 housekeeper] com.zaxxer.hikari.pool.HikariPool        : HikariPool-1 - keepalive: connection ConnectionID:3 ClientConnectionId: a4d71594-8492-4663-a416-034fb918a2a4 is alive
2026-03-27 09:57:17.853 DEBUG 10280 --- [ool housekeeper] com.zaxxer.hikari.pool.HikariPool        : CentralHikariPool - Before cleanup stats (total=1, active=0, idle=1, waiting=0)
2026-03-27 09:57:17.854 DEBUG 10280 --- [ool housekeeper] com.zaxxer.hikari.pool.HikariPool        : CentralHikariPool - After cleanup  stats (total=1, active=0, idle=1, waiting=0)
2026-03-27 09:57:17.855 DEBUG 10280 --- [ool housekeeper] com.zaxxer.hikari.pool.HikariPool        : CentralHikariPool - Fill pool skipped, pool is at sufficient level.
2026-03-27 09:57:23.385 DEBUG 10280 --- [ruz housekeeper] com.zaxxer.hikari.pool.HikariPool        : ConnDb-Santa_Cruz - Before cleanup stats (total=1, active=0, idle=1, waiting=0)
2026-03-27 09:57:23.388 DEBUG 10280 --- [ruz housekeeper] com.zaxxer.hikari.pool.HikariPool        : ConnDb-Santa_Cruz - After cleanup  stats (total=1, active=0, idle=1, waiting=0)
2026-03-27 09:57:23.390 DEBUG 10280 --- [ruz housekeeper] com.zaxxer.hikari.pool.HikariPool        : ConnDb-Santa_Cruz - Fill pool skipped, pool is at sufficient level.
2026-03-27 09:57:25.017 DEBUG 10280 --- [l-1 housekeeper] com.zaxxer.hikari.pool.HikariPool        : HikariPool-1 - Before cleanup stats (total=2, active=0, idle=2, waiting=0)
2026-03-27 09:57:25.019 DEBUG 10280 --- [l-1 housekeeper] com.zaxxer.hikari.pool.HikariPool        : HikariPool-1 - After cleanup  stats (total=2, active=0, idle=2, waiting=0)
2026-03-27 09:57:25.020 DEBUG 10280 --- [l-1 housekeeper] com.zaxxer.hikari.pool.HikariPool        : HikariPool-1 - Fill pool skipped, pool is at sufficient level.
2026-03-27 09:57:47.870 DEBUG 10280 --- [ool housekeeper] com.zaxxer.hikari.pool.HikariPool        : CentralHikariPool - Before cleanup stats (total=1, active=0, idle=1, waiting=0)
2026-03-27 09:57:48.068 DEBUG 10280 --- [ool housekeeper] com.zaxxer.hikari.pool.HikariPool        : CentralHikariPool - After cleanup  stats (total=1, active=0, idle=1, waiting=0)
2026-03-27 09:57:48.071 DEBUG 10280 --- [ool housekeeper] com.zaxxer.hikari.pool.HikariPool        : CentralHikariPool - Fill pool skipped, pool is at sufficient level.
2026-03-27 09:57:53.404 DEBUG 10280 --- [ruz housekeeper] com.zaxxer.hikari.pool.HikariPool        : ConnDb-Santa_Cruz - Before cleanup stats (total=1, active=0, idle=1, waiting=0)
2026-03-27 09:57:53.406 DEBUG 10280 --- [ruz housekeeper] com.zaxxer.hikari.pool.HikariPool        : ConnDb-Santa_Cruz - After cleanup  stats (total=1, active=0, idle=1, waiting=0)
2026-03-27 09:57:53.407 DEBUG 10280 --- [ruz housekeeper] com.zaxxer.hikari.pool.HikariPool        : ConnDb-Santa_Cruz - Fill pool skipped, pool is at sufficient level.
2026-03-27 09:57:55.040 DEBUG 10280 --- [l-1 housekeeper] com.zaxxer.hikari.pool.HikariPool        : HikariPool-1 - Before cleanup stats (total=2, active=0, idle=2, waiting=0)
2026-03-27 09:57:55.051 DEBUG 10280 --- [l-1 housekeeper] com.zaxxer.hikari.pool.HikariPool        : HikariPool-1 - After cleanup  stats (total=2, active=0, idle=2, waiting=0)
2026-03-27 09:57:55.052 DEBUG 10280 --- [l-1 housekeeper] com.zaxxer.hikari.pool.HikariPool        : HikariPool-1 - Fill pool skipped, pool is at sufficient level.
2026-03-27 09:58:08.601 DEBUG 10280 --- [ool housekeeper] com.zaxxer.hikari.pool.HikariPool        : CentralHikariPool - keepalive: connection ConnectionID:5 ClientConnectionId: c04b6111-592f-4d59-b726-de8e0e9bafcf is alive
2026-03-27 09:58:18.086 DEBUG 10280 --- [ool housekeeper] com.zaxxer.hikari.pool.HikariPool        : CentralHikariPool - Before cleanup stats (total=1, active=0, idle=1, waiting=0)
2026-03-27 09:58:18.096 DEBUG 10280 --- [ool housekeeper] com.zaxxer.hikari.pool.HikariPool        : CentralHikariPool - After cleanup  stats (total=1, active=0, idle=1, waiting=0)
2026-03-27 09:58:18.098 DEBUG 10280 --- [ool housekeeper] com.zaxxer.hikari.pool.HikariPool        : CentralHikariPool - Fill pool skipped, pool is at sufficient level.
2026-03-27 09:58:23.419 DEBUG 10280 --- [ruz housekeeper] com.zaxxer.hikari.pool.HikariPool        : ConnDb-Santa_Cruz - Before cleanup stats (total=1, active=0, idle=1, waiting=0)
2026-03-27 09:58:23.428 DEBUG 10280 --- [ruz housekeeper] com.zaxxer.hikari.pool.HikariPool        : ConnDb-Santa_Cruz - After cleanup  stats (total=1, active=0, idle=1, waiting=0)
2026-03-27 09:58:23.434 DEBUG 10280 --- [ruz housekeeper] com.zaxxer.hikari.pool.HikariPool        : ConnDb-Santa_Cruz - Fill pool skipped, pool is at sufficient level.
2026-03-27 09:58:24.944 DEBUG 10280 --- [nio-8089-exec-3] o.s.web.servlet.DispatcherServlet        : GET "/catalogos/tecnicos", parameters={}
2026-03-27 09:58:24.945 DEBUG 10280 --- [nio-8089-exec-2] o.s.web.servlet.DispatcherServlet        : GET "/catalogos/tipo-servicio", parameters={}
2026-03-27 09:58:24.957 DEBUG 10280 --- [nio-8089-exec-3] s.w.s.m.m.a.RequestMappingHandlerMapping : Mapped to com.example.TigoStarSystem.catalogo.controller.CatalogoController#listarTecnicos()
2026-03-27 09:58:24.957 DEBUG 10280 --- [nio-8089-exec-2] s.w.s.m.m.a.RequestMappingHandlerMapping : Mapped to com.example.TigoStarSystem.catalogo.controller.CatalogoController#listarTipoServicio()
2026-03-27 09:58:24.957 DEBUG 10280 --- [nio-8089-exec-4] o.s.web.servlet.DispatcherServlet        : GET "/catalogos/estados", parameters={}
2026-03-27 09:58:24.957 DEBUG 10280 --- [nio-8089-exec-5] o.s.web.servlet.DispatcherServlet        : GET "/catalogos/rutas?tecnicoId=97", parameters={masked}
2026-03-27 09:58:24.958 DEBUG 10280 --- [nio-8089-exec-3] o.s.jdbc.core.JdbcTemplate               : Executing SQL query [EXEC spx_ObtenerTecnicosEnRuta]
2026-03-27 09:58:24.958 DEBUG 10280 --- [nio-8089-exec-2] o.s.jdbc.core.JdbcTemplate               : Executing SQL query [EXEC spx_ObtenerTipoServicio]
2026-03-27 09:58:24.959 DEBUG 10280 --- [nio-8089-exec-4] s.w.s.m.m.a.RequestMappingHandlerMapping : Mapped to com.example.TigoStarSystem.catalogo.controller.CatalogoController#listarEstados()
2026-03-27 09:58:24.959 DEBUG 10280 --- [nio-8089-exec-5] s.w.s.m.m.a.RequestMappingHandlerMapping : Mapped to com.example.TigoStarSystem.catalogo.controller.CatalogoController#listarRutas(Integer)
2026-03-27 09:58:24.960 DEBUG 10280 --- [nio-8089-exec-3] o.s.jdbc.datasource.DataSourceUtils      : Fetching JDBC Connection from DataSource
2026-03-27 09:58:24.960 DEBUG 10280 --- [nio-8089-exec-2] o.s.jdbc.datasource.DataSourceUtils      : Fetching JDBC Connection from DataSource
2026-03-27 09:58:24.961 DEBUG 10280 --- [nio-8089-exec-4] o.s.jdbc.core.JdbcTemplate               : Executing SQL query [EXEC sp_ObtenerEstado]
2026-03-27 09:58:24.962 DEBUG 10280 --- [nio-8089-exec-5] o.s.jdbc.core.JdbcTemplate               : Executing prepared SQL query
2026-03-27 09:58:24.964 DEBUG 10280 --- [nio-8089-exec-4] o.s.jdbc.datasource.DataSourceUtils      : Fetching JDBC Connection from DataSource
2026-03-27 09:58:24.965 DEBUG 10280 --- [nio-8089-exec-5] o.s.jdbc.core.JdbcTemplate               : Executing prepared SQL statement [EXEC spx_ObtenerRutaXIdTecnico ?]
2026-03-27 09:58:24.965 DEBUG 10280 --- [nio-8089-exec-5] o.s.jdbc.datasource.DataSourceUtils      : Fetching JDBC Connection from DataSource
2026-03-27 09:58:24.968 DEBUG 10280 --- [nio-8089-exec-3] o.s.w.s.m.m.a.HttpEntityMethodProcessor  : Using 'application/json', given [application/json, text/plain, */*] and supported [application/json, application/*+json, application/json, application/*+json]
2026-03-27 09:58:24.969 DEBUG 10280 --- [nio-8089-exec-3] o.s.w.s.m.m.a.HttpEntityMethodProcessor  : Writing [com.example.TigoStarSystem.common.ApiResponse@294acf89]
2026-03-27 09:58:24.969 DEBUG 10280 --- [nio-8089-exec-2] o.s.w.s.m.m.a.HttpEntityMethodProcessor  : Using 'application/json', given [application/json, text/plain, */*] and supported [application/json, application/*+json, application/json, application/*+json]
2026-03-27 09:58:24.970 DEBUG 10280 --- [nio-8089-exec-2] o.s.w.s.m.m.a.HttpEntityMethodProcessor  : Writing [com.example.TigoStarSystem.common.ApiResponse@5851ce9f]
2026-03-27 09:58:24.970 DEBUG 10280 --- [nio-8089-exec-4] o.s.w.s.m.m.a.HttpEntityMethodProcessor  : Using 'application/json', given [application/json, text/plain, */*] and supported [application/json, application/*+json, application/json, application/*+json]
2026-03-27 09:58:24.972 DEBUG 10280 --- [nio-8089-exec-4] o.s.w.s.m.m.a.HttpEntityMethodProcessor  : Writing [com.example.TigoStarSystem.common.ApiResponse@31e3e845]
2026-03-27 09:58:24.972 DEBUG 10280 --- [nio-8089-exec-3] o.s.web.servlet.DispatcherServlet        : Completed 200 OK
2026-03-27 09:58:24.973 DEBUG 10280 --- [nio-8089-exec-5] o.s.w.s.m.m.a.HttpEntityMethodProcessor  : Using 'application/json', given [application/json, text/plain, */*] and supported [application/json, application/*+json, application/json, application/*+json]
2026-03-27 09:58:24.973 DEBUG 10280 --- [nio-8089-exec-2] o.s.web.servlet.DispatcherServlet        : Completed 200 OK
2026-03-27 09:58:24.974 DEBUG 10280 --- [nio-8089-exec-5] o.s.w.s.m.m.a.HttpEntityMethodProcessor  : Writing [com.example.TigoStarSystem.common.ApiResponse@54e93946]
2026-03-27 09:58:24.974 DEBUG 10280 --- [nio-8089-exec-4] o.s.web.servlet.DispatcherServlet        : Completed 200 OK
2026-03-27 09:58:24.976 DEBUG 10280 --- [nio-8089-exec-5] o.s.web.servlet.DispatcherServlet        : Completed 200 OK
2026-03-27 09:58:24.994 DEBUG 10280 --- [onnection adder] com.zaxxer.hikari.pool.HikariPool        : HikariPool-1 - Added connection ConnectionID:7 ClientConnectionId: 63f7e612-7ee6-4b39-bcaa-dfca32720f60
2026-03-27 09:58:25.069 DEBUG 10280 --- [l-1 housekeeper] com.zaxxer.hikari.pool.HikariPool        : HikariPool-1 - Before cleanup stats (total=3, active=0, idle=3, waiting=0)
2026-03-27 09:58:25.082 DEBUG 10280 --- [l-1 housekeeper] com.zaxxer.hikari.pool.HikariPool        : HikariPool-1 - After cleanup  stats (total=3, active=0, idle=3, waiting=0)
2026-03-27 09:58:25.083 DEBUG 10280 --- [l-1 housekeeper] com.zaxxer.hikari.pool.HikariPool        : HikariPool-1 - Fill pool skipped, pool is at sufficient level.
2026-03-27 09:58:34.731 DEBUG 10280 --- [l-1 housekeeper] com.zaxxer.hikari.pool.HikariPool        : HikariPool-1 - keepalive: connection ConnectionID:6 ClientConnectionId: 1e8bec71-e4f7-41bf-9b07-2b85c5daafa6 is alive
2026-03-27 09:58:46.982 DEBUG 10280 --- [l-1 housekeeper] com.zaxxer.hikari.pool.HikariPool        : HikariPool-1 - keepalive: connection ConnectionID:3 ClientConnectionId: a4d71594-8492-4663-a416-034fb918a2a4 is alive
2026-03-27 09:58:48.114 DEBUG 10280 --- [ool housekeeper] com.zaxxer.hikari.pool.HikariPool        : CentralHikariPool - Before cleanup stats (total=1, active=0, idle=1, waiting=0)
2026-03-27 09:58:48.122 DEBUG 10280 --- [ool housekeeper] com.zaxxer.hikari.pool.HikariPool        : CentralHikariPool - After cleanup  stats (total=1, active=0, idle=1, waiting=0)
2026-03-27 09:58:48.135 DEBUG 10280 --- [ool housekeeper] com.zaxxer.hikari.pool.HikariPool        : CentralHikariPool - Fill pool skipped, pool is at sufficient level.
2026-03-27 09:58:53.451 DEBUG 10280 --- [ruz housekeeper] com.zaxxer.hikari.pool.HikariPool        : ConnDb-Santa_Cruz - Before cleanup stats (total=1, active=0, idle=1, waiting=0)
2026-03-27 09:58:53.451 DEBUG 10280 --- [ruz housekeeper] com.zaxxer.hikari.pool.HikariPool        : ConnDb-Santa_Cruz - After cleanup  stats (total=1, active=0, idle=1, waiting=0)
2026-03-27 09:58:53.452 DEBUG 10280 --- [ruz housekeeper] com.zaxxer.hikari.pool.HikariPool        : ConnDb-Santa_Cruz - Fill pool skipped, pool is at sufficient level.
2026-03-27 09:58:55.096 DEBUG 10280 --- [l-1 housekeeper] com.zaxxer.hikari.pool.HikariPool        : HikariPool-1 - Before cleanup stats (total=3, active=0, idle=3, waiting=0)
2026-03-27 09:58:55.098 DEBUG 10280 --- [l-1 housekeeper] com.zaxxer.hikari.pool.HikariPool        : HikariPool-1 - After cleanup  stats (total=3, active=0, idle=3, waiting=0)
2026-03-27 09:58:55.099 DEBUG 10280 --- [l-1 housekeeper] com.zaxxer.hikari.pool.HikariPool        : HikariPool-1 - Fill pool skipped, pool is at sufficient level.
2026-03-27 09:59:18.156 DEBUG 10280 --- [ool housekeeper] com.zaxxer.hikari.pool.HikariPool        : CentralHikariPool - Before cleanup stats (total=1, active=0, idle=1, waiting=0)
2026-03-27 09:59:18.157 DEBUG 10280 --- [ool housekeeper] com.zaxxer.hikari.pool.HikariPool        : CentralHikariPool - After cleanup  stats (total=1, active=0, idle=1, waiting=0)
2026-03-27 09:59:18.159 DEBUG 10280 --- [ool housekeeper] com.zaxxer.hikari.pool.HikariPool        : CentralHikariPool - Fill pool skipped, pool is at sufficient level.
2026-03-27 09:59:23.465 DEBUG 10280 --- [ruz housekeeper] com.zaxxer.hikari.pool.HikariPool        : ConnDb-Santa_Cruz - Before cleanup stats (total=1, active=0, idle=1, waiting=0)
2026-03-27 09:59:23.465 DEBUG 10280 --- [ruz housekeeper] com.zaxxer.hikari.pool.HikariPool        : ConnDb-Santa_Cruz - After cleanup  stats (total=1, active=0, idle=1, waiting=0)
2026-03-27 09:59:23.466 DEBUG 10280 --- [ruz housekeeper] com.zaxxer.hikari.pool.HikariPool        : ConnDb-Santa_Cruz - Fill pool skipped, pool is at sufficient level.
2026-03-27 09:59:25.112 DEBUG 10280 --- [l-1 housekeeper] com.zaxxer.hikari.pool.HikariPool        : HikariPool-1 - Before cleanup stats (total=3, active=0, idle=3, waiting=0)
2026-03-27 09:59:25.113 DEBUG 10280 --- [l-1 housekeeper] com.zaxxer.hikari.pool.HikariPool        : HikariPool-1 - After cleanup  stats (total=3, active=0, idle=3, waiting=0)
2026-03-27 09:59:25.113 DEBUG 10280 --- [l-1 housekeeper] com.zaxxer.hikari.pool.HikariPool        : HikariPool-1 - Fill pool skipped, pool is at sufficient level.
2026-03-27 09:59:48.187 DEBUG 10280 --- [ool housekeeper] com.zaxxer.hikari.pool.HikariPool        : CentralHikariPool - Before cleanup stats (total=1, active=0, idle=1, waiting=0)
2026-03-27 09:59:48.189 DEBUG 10280 --- [ool housekeeper] com.zaxxer.hikari.pool.HikariPool        : CentralHikariPool - After cleanup  stats (total=0, active=0, idle=0, waiting=0)
2026-03-27 09:59:48.190 DEBUG 10280 --- [nnection closer] com.zaxxer.hikari.pool.PoolBase          : CentralHikariPool - Closing connection ConnectionID:5 ClientConnectionId: c04b6111-592f-4d59-b726-de8e0e9bafcf: (connection has passed idleTimeout)
2026-03-27 09:59:48.192 DEBUG 10280 --- [ool housekeeper] com.zaxxer.hikari.pool.HikariPool        : CentralHikariPool - Fill pool skipped, pool is at sufficient level.
2026-03-27 09:59:48.194 DEBUG 10280 --- [nnection closer] com.zaxxer.hikari.pool.HikariPool        : CentralHikariPool - Fill pool skipped, pool is at sufficient level.
2026-03-27 09:59:53.483 DEBUG 10280 --- [ruz housekeeper] com.zaxxer.hikari.pool.HikariPool        : ConnDb-Santa_Cruz - Before cleanup stats (total=1, active=0, idle=1, waiting=0)
2026-03-27 09:59:53.524 DEBUG 10280 --- [ruz housekeeper] com.zaxxer.hikari.pool.HikariPool        : ConnDb-Santa_Cruz - After cleanup  stats (total=1, active=0, idle=1, waiting=0)
2026-03-27 09:59:53.524 DEBUG 10280 --- [ruz housekeeper] com.zaxxer.hikari.pool.HikariPool        : ConnDb-Santa_Cruz - Fill pool skipped, pool is at sufficient level.
2026-03-27 09:59:55.119 DEBUG 10280 --- [l-1 housekeeper] com.zaxxer.hikari.pool.HikariPool        : HikariPool-1 - Before cleanup stats (total=3, active=0, idle=3, waiting=0)
2026-03-27 09:59:55.121 DEBUG 10280 --- [l-1 housekeeper] com.zaxxer.hikari.pool.HikariPool        : HikariPool-1 - After cleanup  stats (total=3, active=0, idle=3, waiting=0)
2026-03-27 09:59:55.122 DEBUG 10280 --- [l-1 housekeeper] com.zaxxer.hikari.pool.HikariPool        : HikariPool-1 - Fill pool skipped, pool is at sufficient level.
2026-03-27 10:00:18.208 DEBUG 10280 --- [ool housekeeper] com.zaxxer.hikari.pool.HikariPool        : CentralHikariPool - Before cleanup stats (total=0, active=0, idle=0, waiting=0)
2026-03-27 10:00:18.208 DEBUG 10280 --- [ool housekeeper] com.zaxxer.hikari.pool.HikariPool        : CentralHikariPool - After cleanup  stats (total=0, active=0, idle=0, waiting=0)
2026-03-27 10:00:18.209 DEBUG 10280 --- [ool housekeeper] com.zaxxer.hikari.pool.HikariPool        : CentralHikariPool - Fill pool skipped, pool is at sufficient level.
2026-03-27 10:00:20.370 DEBUG 10280 --- [l-1 housekeeper] com.zaxxer.hikari.pool.HikariPool        : HikariPool-1 - keepalive: connection ConnectionID:7 ClientConnectionId: 63f7e612-7ee6-4b39-bcaa-dfca32720f60 is alive
2026-03-27 10:00:23.530 DEBUG 10280 --- [ruz housekeeper] com.zaxxer.hikari.pool.HikariPool        : ConnDb-Santa_Cruz - Before cleanup stats (total=1, active=0, idle=1, waiting=0)
2026-03-27 10:00:23.531 DEBUG 10280 --- [ruz housekeeper] com.zaxxer.hikari.pool.HikariPool        : ConnDb-Santa_Cruz - After cleanup  stats (total=1, active=0, idle=1, waiting=0)
2026-03-27 10:00:23.532 DEBUG 10280 --- [ruz housekeeper] com.zaxxer.hikari.pool.HikariPool        : ConnDb-Santa_Cruz - Fill pool skipped, pool is at sufficient level.
2026-03-27 10:00:25.134 DEBUG 10280 --- [l-1 housekeeper] com.zaxxer.hikari.pool.HikariPool        : HikariPool-1 - Before cleanup stats (total=3, active=0, idle=3, waiting=0)
2026-03-27 10:00:25.135 DEBUG 10280 --- [l-1 housekeeper] com.zaxxer.hikari.pool.HikariPool        : HikariPool-1 - After cleanup  stats (total=3, active=0, idle=3, waiting=0)
2026-03-27 10:00:25.135 DEBUG 10280 --- [l-1 housekeeper] com.zaxxer.hikari.pool.HikariPool        : HikariPool-1 - Fill pool skipped, pool is at sufficient level.
2026-03-27 10:00:30.474 DEBUG 10280 --- [l-1 housekeeper] com.zaxxer.hikari.pool.HikariPool        : HikariPool-1 - keepalive: connection ConnectionID:6 ClientConnectionId: 1e8bec71-e4f7-41bf-9b07-2b85c5daafa6 is alive
2026-03-27 10:00:36.168 DEBUG 10280 --- [l-1 housekeeper] com.zaxxer.hikari.pool.HikariPool        : HikariPool-1 - keepalive: connection ConnectionID:3 ClientConnectionId: a4d71594-8492-4663-a416-034fb918a2a4 is alive
2026-03-27 10:00:48.220 DEBUG 10280 --- [ool housekeeper] com.zaxxer.hikari.pool.HikariPool        : CentralHikariPool - Before cleanup stats (total=0, active=0, idle=0, waiting=0)
2026-03-27 10:00:48.233 DEBUG 10280 --- [ool housekeeper] com.zaxxer.hikari.pool.HikariPool        : CentralHikariPool - After cleanup  stats (total=0, active=0, idle=0, waiting=0)
2026-03-27 10:00:48.239 DEBUG 10280 --- [ool housekeeper] com.zaxxer.hikari.pool.HikariPool        : CentralHikariPool - Fill pool skipped, pool is at sufficient level.
2026-03-27 10:00:48.739 DEBUG 10280 --- [io-8089-exec-10] o.s.web.servlet.DispatcherServlet        : GET "/catalogos/tecnicos", parameters={}
2026-03-27 10:00:48.741 DEBUG 10280 --- [nio-8089-exec-3] o.s.web.servlet.DispatcherServlet        : GET "/catalogos/tipo-servicio", parameters={}
2026-03-27 10:00:48.741 DEBUG 10280 --- [nio-8089-exec-7] o.s.web.servlet.DispatcherServlet        : GET "/catalogos/rutas?tecnicoId=97", parameters={masked}
2026-03-27 10:00:48.743 DEBUG 10280 --- [nio-8089-exec-2] o.s.web.servlet.DispatcherServlet        : GET "/catalogos/estados", parameters={}
2026-03-27 10:00:48.870 DEBUG 10280 --- [io-8089-exec-10] s.w.s.m.m.a.RequestMappingHandlerMapping : Mapped to com.example.TigoStarSystem.catalogo.controller.CatalogoController#listarTecnicos()
2026-03-27 10:00:48.870 DEBUG 10280 --- [nio-8089-exec-3] s.w.s.m.m.a.RequestMappingHandlerMapping : Mapped to com.example.TigoStarSystem.catalogo.controller.CatalogoController#listarTipoServicio()
2026-03-27 10:00:48.871 DEBUG 10280 --- [nio-8089-exec-7] s.w.s.m.m.a.RequestMappingHandlerMapping : Mapped to com.example.TigoStarSystem.catalogo.controller.CatalogoController#listarRutas(Integer)
2026-03-27 10:00:48.871 DEBUG 10280 --- [nio-8089-exec-2] s.w.s.m.m.a.RequestMappingHandlerMapping : Mapped to com.example.TigoStarSystem.catalogo.controller.CatalogoController#listarEstados()
2026-03-27 10:00:48.873 DEBUG 10280 --- [io-8089-exec-10] o.s.jdbc.core.JdbcTemplate               : Executing SQL query [EXEC spx_ObtenerTecnicosEnRuta]
2026-03-27 10:00:48.873 DEBUG 10280 --- [nio-8089-exec-3] o.s.jdbc.core.JdbcTemplate               : Executing SQL query [EXEC spx_ObtenerTipoServicio]
2026-03-27 10:00:48.874 DEBUG 10280 --- [nio-8089-exec-2] o.s.jdbc.core.JdbcTemplate               : Executing SQL query [EXEC sp_ObtenerEstado]
2026-03-27 10:00:48.875 DEBUG 10280 --- [nio-8089-exec-2] o.s.jdbc.datasource.DataSourceUtils      : Fetching JDBC Connection from DataSource
2026-03-27 10:00:48.874 DEBUG 10280 --- [nio-8089-exec-7] o.s.jdbc.core.JdbcTemplate               : Executing prepared SQL query
2026-03-27 10:00:48.874 DEBUG 10280 --- [io-8089-exec-10] o.s.jdbc.datasource.DataSourceUtils      : Fetching JDBC Connection from DataSource
2026-03-27 10:00:48.875 DEBUG 10280 --- [nio-8089-exec-3] o.s.jdbc.datasource.DataSourceUtils      : Fetching JDBC Connection from DataSource
2026-03-27 10:00:48.876 DEBUG 10280 --- [nio-8089-exec-7] o.s.jdbc.core.JdbcTemplate               : Executing prepared SQL statement [EXEC spx_ObtenerRutaXIdTecnico ?]
2026-03-27 10:00:48.880 DEBUG 10280 --- [nio-8089-exec-2] o.s.w.s.m.m.a.HttpEntityMethodProcessor  : Using 'application/json', given [application/json, text/plain, */*] and supported [application/json, application/*+json, application/json, application/*+json]
2026-03-27 10:00:49.013 DEBUG 10280 --- [nio-8089-exec-2] o.s.w.s.m.m.a.HttpEntityMethodProcessor  : Writing [com.example.TigoStarSystem.common.ApiResponse@aece093]
2026-03-27 10:00:49.015 DEBUG 10280 --- [nio-8089-exec-2] o.s.web.servlet.DispatcherServlet        : Completed 200 OK
2026-03-27 10:00:48.898 DEBUG 10280 --- [io-8089-exec-10] o.s.w.s.m.m.a.HttpEntityMethodProcessor  : Using 'application/json', given [application/json, text/plain, */*] and supported [application/json, application/*+json, application/json, application/*+json]
2026-03-27 10:00:48.899 DEBUG 10280 --- [nio-8089-exec-3] o.s.w.s.m.m.a.HttpEntityMethodProcessor  : Using 'application/json', given [application/json, text/plain, */*] and supported [application/json, application/*+json, application/json, application/*+json]
2026-03-27 10:00:49.022 DEBUG 10280 --- [nio-8089-exec-3] o.s.w.s.m.m.a.HttpEntityMethodProcessor  : Writing [com.example.TigoStarSystem.common.ApiResponse@5dee9fcc]
2026-03-27 10:00:49.012 DEBUG 10280 --- [nio-8089-exec-7] o.s.jdbc.datasource.DataSourceUtils      : Fetching JDBC Connection from DataSource
2026-03-27 10:00:49.032 DEBUG 10280 --- [nio-8089-exec-3] o.s.web.servlet.DispatcherServlet        : Completed 200 OK
2026-03-27 10:00:49.020 DEBUG 10280 --- [io-8089-exec-10] o.s.w.s.m.m.a.HttpEntityMethodProcessor  : Writing [com.example.TigoStarSystem.common.ApiResponse@247aa16a]
2026-03-27 10:00:49.041 DEBUG 10280 --- [nio-8089-exec-7] o.s.w.s.m.m.a.HttpEntityMethodProcessor  : Using 'application/json', given [application/json, text/plain, */*] and supported [application/json, application/*+json, application/json, application/*+json]
2026-03-27 10:00:49.041 DEBUG 10280 --- [io-8089-exec-10] o.s.web.servlet.DispatcherServlet        : Completed 200 OK
2026-03-27 10:00:49.043 DEBUG 10280 --- [nio-8089-exec-7] o.s.w.s.m.m.a.HttpEntityMethodProcessor  : Writing [com.example.TigoStarSystem.common.ApiResponse@5138249a]
2026-03-27 10:00:49.046 DEBUG 10280 --- [nio-8089-exec-7] o.s.web.servlet.DispatcherServlet        : Completed 200 OK
2026-03-27 10:00:53.547 DEBUG 10280 --- [ruz housekeeper] com.zaxxer.hikari.pool.HikariPool        : ConnDb-Santa_Cruz - Before cleanup stats (total=1, active=0, idle=1, waiting=0)
2026-03-27 10:00:53.548 DEBUG 10280 --- [ruz housekeeper] com.zaxxer.hikari.pool.HikariPool        : ConnDb-Santa_Cruz - After cleanup  stats (total=1, active=0, idle=1, waiting=0)
2026-03-27 10:00:53.548 DEBUG 10280 --- [ruz housekeeper] com.zaxxer.hikari.pool.HikariPool        : ConnDb-Santa_Cruz - Fill pool skipped, pool is at sufficient level.
2026-03-27 10:00:55.144 DEBUG 10280 --- [l-1 housekeeper] com.zaxxer.hikari.pool.HikariPool        : HikariPool-1 - Before cleanup stats (total=3, active=0, idle=3, waiting=0)
2026-03-27 10:00:55.145 DEBUG 10280 --- [l-1 housekeeper] com.zaxxer.hikari.pool.HikariPool        : HikariPool-1 - After cleanup  stats (total=3, active=0, idle=3, waiting=0)
2026-03-27 10:00:55.146 DEBUG 10280 --- [l-1 housekeeper] com.zaxxer.hikari.pool.HikariPool        : HikariPool-1 - Fill pool skipped, pool is at sufficient level.
2026-03-27 10:01:18.257 DEBUG 10280 --- [ool housekeeper] com.zaxxer.hikari.pool.HikariPool        : CentralHikariPool - Before cleanup stats (total=0, active=0, idle=0, waiting=0)
2026-03-27 10:01:18.257 DEBUG 10280 --- [ool housekeeper] com.zaxxer.hikari.pool.HikariPool        : CentralHikariPool - After cleanup  stats (total=0, active=0, idle=0, waiting=0)
2026-03-27 10:01:18.258 DEBUG 10280 --- [ool housekeeper] com.zaxxer.hikari.pool.HikariPool        : CentralHikariPool - Fill pool skipped, pool is at sufficient level.
2026-03-27 10:01:23.566 DEBUG 10280 --- [ruz housekeeper] com.zaxxer.hikari.pool.HikariPool        : ConnDb-Santa_Cruz - Before cleanup stats (total=1, active=0, idle=1, waiting=0)
2026-03-27 10:01:23.566 DEBUG 10280 --- [ruz housekeeper] com.zaxxer.hikari.pool.HikariPool        : ConnDb-Santa_Cruz - After cleanup  stats (total=1, active=0, idle=1, waiting=0)
2026-03-27 10:01:23.567 DEBUG 10280 --- [ruz housekeeper] com.zaxxer.hikari.pool.HikariPool        : ConnDb-Santa_Cruz - Fill pool skipped, pool is at sufficient level.
2026-03-27 10:01:25.160 DEBUG 10280 --- [l-1 housekeeper] com.zaxxer.hikari.pool.HikariPool        : HikariPool-1 - Before cleanup stats (total=3, active=0, idle=3, waiting=0)
2026-03-27 10:01:25.161 DEBUG 10280 --- [l-1 housekeeper] com.zaxxer.hikari.pool.HikariPool        : HikariPool-1 - After cleanup  stats (total=3, active=0, idle=3, waiting=0)
2026-03-27 10:01:25.162 DEBUG 10280 --- [l-1 housekeeper] com.zaxxer.hikari.pool.HikariPool        : HikariPool-1 - Fill pool skipped, pool is at sufficient level.
2026-03-27 10:01:40.164 DEBUG 10280 --- [nio-8089-exec-4] o.s.web.servlet.DispatcherServlet        : GET "/catalogos/tecnicos", parameters={}
2026-03-27 10:01:40.164 DEBUG 10280 --- [nio-8089-exec-5] o.s.web.servlet.DispatcherServlet        : GET "/catalogos/rutas?tecnicoId=97", parameters={masked}
2026-03-27 10:01:40.165 DEBUG 10280 --- [nio-8089-exec-9] o.s.web.servlet.DispatcherServlet        : GET "/catalogos/estados", parameters={}
2026-03-27 10:01:40.165 DEBUG 10280 --- [nio-8089-exec-8] o.s.web.servlet.DispatcherServlet        : GET "/catalogos/tipo-servicio", parameters={}
2026-03-27 10:01:40.170 DEBUG 10280 --- [nio-8089-exec-4] s.w.s.m.m.a.RequestMappingHandlerMapping : Mapped to com.example.TigoStarSystem.catalogo.controller.CatalogoController#listarTecnicos()
2026-03-27 10:01:40.173 DEBUG 10280 --- [nio-8089-exec-5] s.w.s.m.m.a.RequestMappingHandlerMapping : Mapped to com.example.TigoStarSystem.catalogo.controller.CatalogoController#listarRutas(Integer)
2026-03-27 10:01:40.175 DEBUG 10280 --- [nio-8089-exec-9] s.w.s.m.m.a.RequestMappingHandlerMapping : Mapped to com.example.TigoStarSystem.catalogo.controller.CatalogoController#listarEstados()
2026-03-27 10:01:40.181 DEBUG 10280 --- [nio-8089-exec-8] s.w.s.m.m.a.RequestMappingHandlerMapping : Mapped to com.example.TigoStarSystem.catalogo.controller.CatalogoController#listarTipoServicio()
2026-03-27 10:01:40.186 DEBUG 10280 --- [nio-8089-exec-4] o.s.jdbc.core.JdbcTemplate               : Executing SQL query [EXEC spx_ObtenerTecnicosEnRuta]
2026-03-27 10:01:40.188 DEBUG 10280 --- [nio-8089-exec-5] o.s.jdbc.core.JdbcTemplate               : Executing prepared SQL query
2026-03-27 10:01:40.189 DEBUG 10280 --- [nio-8089-exec-9] o.s.jdbc.core.JdbcTemplate               : Executing SQL query [EXEC sp_ObtenerEstado]
2026-03-27 10:01:40.191 DEBUG 10280 --- [nio-8089-exec-8] o.s.jdbc.core.JdbcTemplate               : Executing SQL query [EXEC spx_ObtenerTipoServicio]
2026-03-27 10:01:40.192 DEBUG 10280 --- [nio-8089-exec-4] o.s.jdbc.datasource.DataSourceUtils      : Fetching JDBC Connection from DataSource
2026-03-27 10:01:40.193 DEBUG 10280 --- [nio-8089-exec-5] o.s.jdbc.core.JdbcTemplate               : Executing prepared SQL statement [EXEC spx_ObtenerRutaXIdTecnico ?]
2026-03-27 10:01:40.199 DEBUG 10280 --- [nio-8089-exec-9] o.s.jdbc.datasource.DataSourceUtils      : Fetching JDBC Connection from DataSource
2026-03-27 10:01:40.242 DEBUG 10280 --- [nio-8089-exec-8] o.s.jdbc.datasource.DataSourceUtils      : Fetching JDBC Connection from DataSource
2026-03-27 10:01:40.246 DEBUG 10280 --- [nio-8089-exec-5] o.s.jdbc.datasource.DataSourceUtils      : Fetching JDBC Connection from DataSource
2026-03-27 10:01:40.250 DEBUG 10280 --- [nio-8089-exec-4] o.s.w.s.m.m.a.HttpEntityMethodProcessor  : Using 'application/json', given [application/json, text/plain, */*] and supported [application/json, application/*+json, application/json, application/*+json]
2026-03-27 10:01:40.252 DEBUG 10280 --- [nio-8089-exec-9] o.s.w.s.m.m.a.HttpEntityMethodProcessor  : Using 'application/json', given [application/json, text/plain, */*] and supported [application/json, application/*+json, application/json, application/*+json]
2026-03-27 10:01:40.260 DEBUG 10280 --- [nio-8089-exec-8] o.s.w.s.m.m.a.HttpEntityMethodProcessor  : Using 'application/json', given [application/json, text/plain, */*] and supported [application/json, application/*+json, application/json, application/*+json]
2026-03-27 10:01:40.263 DEBUG 10280 --- [nio-8089-exec-5] o.s.w.s.m.m.a.HttpEntityMethodProcessor  : Using 'application/json', given [application/json, text/plain, */*] and supported [application/json, application/*+json, application/json, application/*+json]
2026-03-27 10:01:40.263 DEBUG 10280 --- [nio-8089-exec-4] o.s.w.s.m.m.a.HttpEntityMethodProcessor  : Writing [com.example.TigoStarSystem.common.ApiResponse@520d06c0]
2026-03-27 10:01:40.268 DEBUG 10280 --- [nio-8089-exec-9] o.s.w.s.m.m.a.HttpEntityMethodProcessor  : Writing [com.example.TigoStarSystem.common.ApiResponse@27222345]
2026-03-27 10:01:40.273 DEBUG 10280 --- [nio-8089-exec-8] o.s.w.s.m.m.a.HttpEntityMethodProcessor  : Writing [com.example.TigoStarSystem.common.ApiResponse@3054780e]
2026-03-27 10:01:40.276 DEBUG 10280 --- [nio-8089-exec-5] o.s.w.s.m.m.a.HttpEntityMethodProcessor  : Writing [com.example.TigoStarSystem.common.ApiResponse@193fc1d4]
2026-03-27 10:01:40.278 DEBUG 10280 --- [nio-8089-exec-4] o.s.web.servlet.DispatcherServlet        : Completed 200 OK
2026-03-27 10:01:40.279 DEBUG 10280 --- [nio-8089-exec-9] o.s.web.servlet.DispatcherServlet        : Completed 200 OK
2026-03-27 10:01:40.283 DEBUG 10280 --- [nio-8089-exec-8] o.s.web.servlet.DispatcherServlet        : Completed 200 OK
2026-03-27 10:01:40.284 DEBUG 10280 --- [nio-8089-exec-5] o.s.web.servlet.DispatcherServlet        : Completed 200 OK
2026-03-27 10:01:48.272 DEBUG 10280 --- [ool housekeeper] com.zaxxer.hikari.pool.HikariPool        : CentralHikariPool - Before cleanup stats (total=0, active=0, idle=0, waiting=0)
2026-03-27 10:01:48.273 DEBUG 10280 --- [ool housekeeper] com.zaxxer.hikari.pool.HikariPool        : CentralHikariPool - After cleanup  stats (total=0, active=0, idle=0, waiting=0)
2026-03-27 10:01:48.274 DEBUG 10280 --- [ool housekeeper] com.zaxxer.hikari.pool.HikariPool        : CentralHikariPool - Fill pool skipped, pool is at sufficient level.
2026-03-27 10:01:53.576 DEBUG 10280 --- [ruz housekeeper] com.zaxxer.hikari.pool.HikariPool        : ConnDb-Santa_Cruz - Before cleanup stats (total=1, active=0, idle=1, waiting=0)
2026-03-27 10:01:53.583 DEBUG 10280 --- [ruz housekeeper] com.zaxxer.hikari.pool.HikariPool        : ConnDb-Santa_Cruz - After cleanup  stats (total=1, active=0, idle=1, waiting=0)
2026-03-27 10:01:53.584 DEBUG 10280 --- [ruz housekeeper] com.zaxxer.hikari.pool.HikariPool        : ConnDb-Santa_Cruz - Fill pool skipped, pool is at sufficient level.
2026-03-27 10:01:55.172 DEBUG 10280 --- [l-1 housekeeper] com.zaxxer.hikari.pool.HikariPool        : HikariPool-1 - Before cleanup stats (total=3, active=0, idle=3, waiting=0)
2026-03-27 10:01:55.173 DEBUG 10280 --- [l-1 housekeeper] com.zaxxer.hikari.pool.HikariPool        : HikariPool-1 - After cleanup  stats (total=3, active=0, idle=3, waiting=0)
2026-03-27 10:01:55.174 DEBUG 10280 --- [l-1 housekeeper] com.zaxxer.hikari.pool.HikariPool        : HikariPool-1 - Fill pool skipped, pool is at sufficient level.
2026-03-27 10:02:01.912 DEBUG 10280 --- [nio-8089-exec-1] o.s.web.servlet.DispatcherServlet        : GET "/auth/permisos", parameters={}
2026-03-27 10:02:01.916 DEBUG 10280 --- [nio-8089-exec-1] s.w.s.m.m.a.RequestMappingHandlerMapping : Mapped to com.example.TigoStarSystem.auth.controller.AuthPermisosController#permisos(String)
2026-03-27 10:02:01.918 DEBUG 10280 --- [nio-8089-exec-1] o.s.jdbc.core.JdbcTemplate               : Executing SQL query [EXEC dbo.spx_ObtenerPrivilegiosRoles]
2026-03-27 10:02:01.991 DEBUG 10280 --- [nio-8089-exec-1] o.s.jdbc.datasource.DataSourceUtils      : Fetching JDBC Connection from DataSource
2026-03-27 10:02:02.104 DEBUG 10280 --- [onnection adder] com.zaxxer.hikari.pool.HikariPool        : CentralHikariPool - Added connection ConnectionID:8 ClientConnectionId: e4187c60-237c-4f9b-b533-a63e7308fb50
2026-03-27 10:02:02.108 DEBUG 10280 --- [nio-8089-exec-1] o.s.jdbc.core.JdbcTemplate               : Executing prepared SQL query
2026-03-27 10:02:02.109 DEBUG 10280 --- [nio-8089-exec-1] o.s.jdbc.core.JdbcTemplate               : Executing prepared SQL statement [EXEC dbo.spx_ObtenerPrivilegiosRolDetalle ?]
2026-03-27 10:02:02.109 DEBUG 10280 --- [nio-8089-exec-1] o.s.jdbc.datasource.DataSourceUtils      : Fetching JDBC Connection from DataSource
2026-03-27 10:02:02.116 DEBUG 10280 --- [nio-8089-exec-1] o.s.w.s.m.m.a.HttpEntityMethodProcessor  : Using 'application/json', given [application/json, text/plain, */*] and supported [application/json, application/*+json, application/json, application/*+json]
2026-03-27 10:02:02.117 DEBUG 10280 --- [nio-8089-exec-1] o.s.w.s.m.m.a.HttpEntityMethodProcessor  : Writing [com.example.TigoStarSystem.common.ApiResponse@25b3ae1c]
2026-03-27 10:02:02.118 DEBUG 10280 --- [nio-8089-exec-1] o.s.web.servlet.DispatcherServlet        : Completed 200 OK
2026-03-27 10:02:02.121 DEBUG 10280 --- [nio-8089-exec-6] o.s.web.servlet.DispatcherServlet        : GET "/auth/permisos", parameters={}
2026-03-27 10:02:02.123 DEBUG 10280 --- [nio-8089-exec-6] s.w.s.m.m.a.RequestMappingHandlerMapping : Mapped to com.example.TigoStarSystem.auth.controller.AuthPermisosController#permisos(String)
2026-03-27 10:02:02.125 DEBUG 10280 --- [nio-8089-exec-6] o.s.jdbc.core.JdbcTemplate               : Executing SQL query [EXEC dbo.spx_ObtenerPrivilegiosRoles]
2026-03-27 10:02:02.125 DEBUG 10280 --- [nio-8089-exec-6] o.s.jdbc.datasource.DataSourceUtils      : Fetching JDBC Connection from DataSource
2026-03-27 10:02:02.137 DEBUG 10280 --- [nio-8089-exec-6] o.s.jdbc.core.JdbcTemplate               : Executing prepared SQL query
2026-03-27 10:02:02.138 DEBUG 10280 --- [nio-8089-exec-6] o.s.jdbc.core.JdbcTemplate               : Executing prepared SQL statement [EXEC dbo.spx_ObtenerPrivilegiosRolDetalle ?]
2026-03-27 10:02:02.139 DEBUG 10280 --- [nio-8089-exec-6] o.s.jdbc.datasource.DataSourceUtils      : Fetching JDBC Connection from DataSource
2026-03-27 10:02:02.145 DEBUG 10280 --- [nio-8089-exec-6] o.s.w.s.m.m.a.HttpEntityMethodProcessor  : Using 'application/json', given [application/json, text/plain, */*] and supported [application/json, application/*+json, application/json, application/*+json]
2026-03-27 10:02:02.146 DEBUG 10280 --- [nio-8089-exec-6] o.s.w.s.m.m.a.HttpEntityMethodProcessor  : Writing [com.example.TigoStarSystem.common.ApiResponse@69ee04c1]
2026-03-27 10:02:02.148 DEBUG 10280 --- [nio-8089-exec-6] o.s.web.servlet.DispatcherServlet        : Completed 200 OK
2026-03-27 10:02:02.165 DEBUG 10280 --- [nio-8089-exec-2] o.s.web.servlet.DispatcherServlet        : GET "/catalogos/tecnicos", parameters={}
2026-03-27 10:02:02.167 DEBUG 10280 --- [nio-8089-exec-2] s.w.s.m.m.a.RequestMappingHandlerMapping : Mapped to com.example.TigoStarSystem.catalogo.controller.CatalogoController#listarTecnicos()
2026-03-27 10:02:02.167 DEBUG 10280 --- [nio-8089-exec-3] o.s.web.servlet.DispatcherServlet        : GET "/catalogos/rutas?tecnicoId=97", parameters={masked}
2026-03-27 10:02:02.168 DEBUG 10280 --- [io-8089-exec-10] o.s.web.servlet.DispatcherServlet        : GET "/catalogos/tipo-servicio", parameters={}
2026-03-27 10:02:02.168 DEBUG 10280 --- [nio-8089-exec-7] o.s.web.servlet.DispatcherServlet        : GET "/catalogos/estados", parameters={}
2026-03-27 10:02:02.168 DEBUG 10280 --- [nio-8089-exec-2] o.s.jdbc.core.JdbcTemplate               : Executing SQL query [EXEC spx_ObtenerTecnicosEnRuta]
2026-03-27 10:02:02.168 DEBUG 10280 --- [nio-8089-exec-3] s.w.s.m.m.a.RequestMappingHandlerMapping : Mapped to com.example.TigoStarSystem.catalogo.controller.CatalogoController#listarRutas(Integer)
2026-03-27 10:02:02.169 DEBUG 10280 --- [io-8089-exec-10] s.w.s.m.m.a.RequestMappingHandlerMapping : Mapped to com.example.TigoStarSystem.catalogo.controller.CatalogoController#listarTipoServicio()
2026-03-27 10:02:02.169 DEBUG 10280 --- [nio-8089-exec-7] s.w.s.m.m.a.RequestMappingHandlerMapping : Mapped to com.example.TigoStarSystem.catalogo.controller.CatalogoController#listarEstados()
2026-03-27 10:02:02.170 DEBUG 10280 --- [nio-8089-exec-2] o.s.jdbc.datasource.DataSourceUtils      : Fetching JDBC Connection from DataSource
2026-03-27 10:02:02.172 DEBUG 10280 --- [io-8089-exec-10] o.s.jdbc.core.JdbcTemplate               : Executing SQL query [EXEC spx_ObtenerTipoServicio]
2026-03-27 10:02:02.172 DEBUG 10280 --- [nio-8089-exec-3] o.s.jdbc.core.JdbcTemplate               : Executing prepared SQL query
2026-03-27 10:02:02.172 DEBUG 10280 --- [nio-8089-exec-7] o.s.jdbc.core.JdbcTemplate               : Executing SQL query [EXEC sp_ObtenerEstado]
2026-03-27 10:02:02.174 DEBUG 10280 --- [io-8089-exec-10] o.s.jdbc.datasource.DataSourceUtils      : Fetching JDBC Connection from DataSource
2026-03-27 10:02:02.175 DEBUG 10280 --- [nio-8089-exec-3] o.s.jdbc.core.JdbcTemplate               : Executing prepared SQL statement [EXEC spx_ObtenerRutaXIdTecnico ?]
2026-03-27 10:02:02.176 DEBUG 10280 --- [nio-8089-exec-7] o.s.jdbc.datasource.DataSourceUtils      : Fetching JDBC Connection from DataSource
2026-03-27 10:02:02.177 DEBUG 10280 --- [nio-8089-exec-3] o.s.jdbc.datasource.DataSourceUtils      : Fetching JDBC Connection from DataSource
2026-03-27 10:02:02.182 DEBUG 10280 --- [nio-8089-exec-2] o.s.w.s.m.m.a.HttpEntityMethodProcessor  : Using 'application/json', given [application/json, text/plain, */*] and supported [application/json, application/*+json, application/json, application/*+json]
2026-03-27 10:02:02.183 DEBUG 10280 --- [nio-8089-exec-2] o.s.w.s.m.m.a.HttpEntityMethodProcessor  : Writing [com.example.TigoStarSystem.common.ApiResponse@1f8fe302]
2026-03-27 10:02:02.183 DEBUG 10280 --- [nio-8089-exec-3] o.s.w.s.m.m.a.HttpEntityMethodProcessor  : Using 'application/json', given [application/json, text/plain, */*] and supported [application/json, application/*+json, application/json, application/*+json]
2026-03-27 10:02:02.183 DEBUG 10280 --- [nio-8089-exec-7] o.s.w.s.m.m.a.HttpEntityMethodProcessor  : Using 'application/json', given [application/json, text/plain, */*] and supported [application/json, application/*+json, application/json, application/*+json]
2026-03-27 10:02:02.183 DEBUG 10280 --- [io-8089-exec-10] o.s.w.s.m.m.a.HttpEntityMethodProcessor  : Using 'application/json', given [application/json, text/plain, */*] and supported [application/json, application/*+json, application/json, application/*+json]
2026-03-27 10:02:02.185 DEBUG 10280 --- [nio-8089-exec-2] o.s.web.servlet.DispatcherServlet        : Completed 200 OK
2026-03-27 10:02:02.186 DEBUG 10280 --- [nio-8089-exec-3] o.s.w.s.m.m.a.HttpEntityMethodProcessor  : Writing [com.example.TigoStarSystem.common.ApiResponse@22b4d9ed]
2026-03-27 10:02:02.186 DEBUG 10280 --- [nio-8089-exec-7] o.s.w.s.m.m.a.HttpEntityMethodProcessor  : Writing [com.example.TigoStarSystem.common.ApiResponse@4156d08b]
2026-03-27 10:02:02.187 DEBUG 10280 --- [io-8089-exec-10] o.s.w.s.m.m.a.HttpEntityMethodProcessor  : Writing [com.example.TigoStarSystem.common.ApiResponse@4dcf63eb]
2026-03-27 10:02:02.189 DEBUG 10280 --- [nio-8089-exec-3] o.s.web.servlet.DispatcherServlet        : Completed 200 OK
2026-03-27 10:02:02.189 DEBUG 10280 --- [nio-8089-exec-7] o.s.web.servlet.DispatcherServlet        : Completed 200 OK
2026-03-27 10:02:02.190 DEBUG 10280 --- [io-8089-exec-10] o.s.web.servlet.DispatcherServlet        : Completed 200 OK
2026-03-27 10:02:02.215 DEBUG 10280 --- [onnection adder] com.zaxxer.hikari.pool.HikariPool        : HikariPool-1 - Added connection ConnectionID:9 ClientConnectionId: aa9c63a8-9c16-4983-9668-bb10c5027e3d
2026-03-27 10:02:15.747 DEBUG 10280 --- [l-1 housekeeper] com.zaxxer.hikari.pool.HikariPool        : HikariPool-1 - keepalive: connection ConnectionID:7 ClientConnectionId: 63f7e612-7ee6-4b39-bcaa-dfca32720f60 is alive
2026-03-27 10:02:18.289 DEBUG 10280 --- [ool housekeeper] com.zaxxer.hikari.pool.HikariPool        : CentralHikariPool - Before cleanup stats (total=1, active=0, idle=1, waiting=0)
2026-03-27 10:02:18.290 DEBUG 10280 --- [ool housekeeper] com.zaxxer.hikari.pool.HikariPool        : CentralHikariPool - After cleanup  stats (total=1, active=0, idle=1, waiting=0)
2026-03-27 10:02:18.291 DEBUG 10280 --- [ool housekeeper] com.zaxxer.hikari.pool.HikariPool        : CentralHikariPool - Fill pool skipped, pool is at sufficient level.
2026-03-27 10:02:23.600 DEBUG 10280 --- [ruz housekeeper] com.zaxxer.hikari.pool.HikariPool        : ConnDb-Santa_Cruz - Before cleanup stats (total=1, active=0, idle=1, waiting=0)
2026-03-27 10:02:23.600 DEBUG 10280 --- [ruz housekeeper] com.zaxxer.hikari.pool.HikariPool        : ConnDb-Santa_Cruz - After cleanup  stats (total=1, active=0, idle=1, waiting=0)
2026-03-27 10:02:23.602 DEBUG 10280 --- [ruz housekeeper] com.zaxxer.hikari.pool.HikariPool        : ConnDb-Santa_Cruz - Fill pool skipped, pool is at sufficient level.
2026-03-27 10:02:25.179 DEBUG 10280 --- [l-1 housekeeper] com.zaxxer.hikari.pool.HikariPool        : HikariPool-1 - Before cleanup stats (total=4, active=0, idle=4, waiting=0)
2026-03-27 10:02:25.179 DEBUG 10280 --- [l-1 housekeeper] com.zaxxer.hikari.pool.HikariPool        : HikariPool-1 - After cleanup  stats (total=4, active=0, idle=4, waiting=0)
2026-03-27 10:02:25.180 DEBUG 10280 --- [l-1 housekeeper] com.zaxxer.hikari.pool.HikariPool        : HikariPool-1 - Fill pool skipped, pool is at sufficient level.
2026-03-27 10:02:25.393 DEBUG 10280 --- [l-1 housekeeper] com.zaxxer.hikari.pool.HikariPool        : HikariPool-1 - keepalive: connection ConnectionID:3 ClientConnectionId: a4d71594-8492-4663-a416-034fb918a2a4 is alive
2026-03-27 10:02:26.214 DEBUG 10280 --- [l-1 housekeeper] com.zaxxer.hikari.pool.HikariPool        : HikariPool-1 - keepalive: connection ConnectionID:6 ClientConnectionId: 1e8bec71-e4f7-41bf-9b07-2b85c5daafa6 is alive
2026-03-27 10:02:37.272 DEBUG 10280 --- [nio-8089-exec-4] o.s.web.servlet.DispatcherServlet        : GET "/catalogos/tecnicos", parameters={}
2026-03-27 10:02:37.273 DEBUG 10280 --- [nio-8089-exec-8] o.s.web.servlet.DispatcherServlet        : GET "/catalogos/tipo-servicio", parameters={}
2026-03-27 10:02:37.274 DEBUG 10280 --- [nio-8089-exec-4] s.w.s.m.m.a.RequestMappingHandlerMapping : Mapped to com.example.TigoStarSystem.catalogo.controller.CatalogoController#listarTecnicos()
2026-03-27 10:02:37.273 DEBUG 10280 --- [nio-8089-exec-5] o.s.web.servlet.DispatcherServlet        : GET "/catalogos/estados", parameters={}
2026-03-27 10:02:37.273 DEBUG 10280 --- [nio-8089-exec-9] o.s.web.servlet.DispatcherServlet        : GET "/catalogos/rutas?tecnicoId=97", parameters={masked}
2026-03-27 10:02:37.275 DEBUG 10280 --- [nio-8089-exec-8] s.w.s.m.m.a.RequestMappingHandlerMapping : Mapped to com.example.TigoStarSystem.catalogo.controller.CatalogoController#listarTipoServicio()
2026-03-27 10:02:37.276 DEBUG 10280 --- [nio-8089-exec-5] s.w.s.m.m.a.RequestMappingHandlerMapping : Mapped to com.example.TigoStarSystem.catalogo.controller.CatalogoController#listarEstados()
2026-03-27 10:02:37.276 DEBUG 10280 --- [nio-8089-exec-4] o.s.jdbc.core.JdbcTemplate               : Executing SQL query [EXEC spx_ObtenerTecnicosEnRuta]
2026-03-27 10:02:37.276 DEBUG 10280 --- [nio-8089-exec-9] s.w.s.m.m.a.RequestMappingHandlerMapping : Mapped to com.example.TigoStarSystem.catalogo.controller.CatalogoController#listarRutas(Integer)
2026-03-27 10:02:37.278 DEBUG 10280 --- [nio-8089-exec-8] o.s.jdbc.core.JdbcTemplate               : Executing SQL query [EXEC spx_ObtenerTipoServicio]
2026-03-27 10:02:37.278 DEBUG 10280 --- [nio-8089-exec-5] o.s.jdbc.core.JdbcTemplate               : Executing SQL query [EXEC sp_ObtenerEstado]
2026-03-27 10:02:37.278 DEBUG 10280 --- [nio-8089-exec-4] o.s.jdbc.datasource.DataSourceUtils      : Fetching JDBC Connection from DataSource
2026-03-27 10:02:37.279 DEBUG 10280 --- [nio-8089-exec-8] o.s.jdbc.datasource.DataSourceUtils      : Fetching JDBC Connection from DataSource
2026-03-27 10:02:37.280 DEBUG 10280 --- [nio-8089-exec-9] o.s.jdbc.core.JdbcTemplate               : Executing prepared SQL query
2026-03-27 10:02:37.280 DEBUG 10280 --- [nio-8089-exec-5] o.s.jdbc.datasource.DataSourceUtils      : Fetching JDBC Connection from DataSource
2026-03-27 10:02:37.282 DEBUG 10280 --- [nio-8089-exec-9] o.s.jdbc.core.JdbcTemplate               : Executing prepared SQL statement [EXEC spx_ObtenerRutaXIdTecnico ?]
2026-03-27 10:02:37.283 DEBUG 10280 --- [nio-8089-exec-9] o.s.jdbc.datasource.DataSourceUtils      : Fetching JDBC Connection from DataSource
2026-03-27 10:02:37.288 DEBUG 10280 --- [nio-8089-exec-4] o.s.w.s.m.m.a.HttpEntityMethodProcessor  : Using 'application/json', given [application/json, text/plain, */*] and supported [application/json, application/*+json, application/json, application/*+json]
2026-03-27 10:02:37.288 DEBUG 10280 --- [nio-8089-exec-8] o.s.w.s.m.m.a.HttpEntityMethodProcessor  : Using 'application/json', given [application/json, text/plain, */*] and supported [application/json, application/*+json, application/json, application/*+json]
2026-03-27 10:02:37.289 DEBUG 10280 --- [nio-8089-exec-4] o.s.w.s.m.m.a.HttpEntityMethodProcessor  : Writing [com.example.TigoStarSystem.common.ApiResponse@2767f43c]
2026-03-27 10:02:37.290 DEBUG 10280 --- [nio-8089-exec-8] o.s.w.s.m.m.a.HttpEntityMethodProcessor  : Writing [com.example.TigoStarSystem.common.ApiResponse@44e934d9]
2026-03-27 10:02:37.292 DEBUG 10280 --- [nio-8089-exec-4] o.s.web.servlet.DispatcherServlet        : Completed 200 OK
2026-03-27 10:02:37.292 DEBUG 10280 --- [nio-8089-exec-8] o.s.web.servlet.DispatcherServlet        : Completed 200 OK
2026-03-27 10:02:37.296 DEBUG 10280 --- [nio-8089-exec-9] o.s.w.s.m.m.a.HttpEntityMethodProcessor  : Using 'application/json', given [application/json, text/plain, */*] and supported [application/json, application/*+json, application/json, application/*+json]
2026-03-27 10:02:37.298 DEBUG 10280 --- [nio-8089-exec-9] o.s.w.s.m.m.a.HttpEntityMethodProcessor  : Writing [com.example.TigoStarSystem.common.ApiResponse@7459d362]
2026-03-27 10:02:37.298 DEBUG 10280 --- [nio-8089-exec-5] o.s.w.s.m.m.a.HttpEntityMethodProcessor  : Using 'application/json', given [application/json, text/plain, */*] and supported [application/json, application/*+json, application/json, application/*+json]
2026-03-27 10:02:37.301 DEBUG 10280 --- [nio-8089-exec-5] o.s.w.s.m.m.a.HttpEntityMethodProcessor  : Writing [com.example.TigoStarSystem.common.ApiResponse@5823546e]
2026-03-27 10:02:37.301 DEBUG 10280 --- [nio-8089-exec-9] o.s.web.servlet.DispatcherServlet        : Completed 200 OK
2026-03-27 10:02:37.302 DEBUG 10280 --- [nio-8089-exec-5] o.s.web.servlet.DispatcherServlet        : Completed 200 OK
2026-03-27 10:02:48.306 DEBUG 10280 --- [ool housekeeper] com.zaxxer.hikari.pool.HikariPool        : CentralHikariPool - Before cleanup stats (total=1, active=0, idle=1, waiting=0)
2026-03-27 10:02:48.308 DEBUG 10280 --- [ool housekeeper] com.zaxxer.hikari.pool.HikariPool        : CentralHikariPool - After cleanup  stats (total=1, active=0, idle=1, waiting=0)
2026-03-27 10:02:48.310 DEBUG 10280 --- [ool housekeeper] com.zaxxer.hikari.pool.HikariPool        : CentralHikariPool - Fill pool skipped, pool is at sufficient level.
2026-03-27 10:02:53.614 DEBUG 10280 --- [ruz housekeeper] com.zaxxer.hikari.pool.HikariPool        : ConnDb-Santa_Cruz - Before cleanup stats (total=1, active=0, idle=1, waiting=0)
2026-03-27 10:02:53.617 DEBUG 10280 --- [ruz housekeeper] com.zaxxer.hikari.pool.HikariPool        : ConnDb-Santa_Cruz - After cleanup  stats (total=1, active=0, idle=1, waiting=0)
2026-03-27 10:02:53.617 DEBUG 10280 --- [ruz housekeeper] com.zaxxer.hikari.pool.HikariPool        : ConnDb-Santa_Cruz - Fill pool skipped, pool is at sufficient level.
2026-03-27 10:02:55.183 DEBUG 10280 --- [l-1 housekeeper] com.zaxxer.hikari.pool.HikariPool        : HikariPool-1 - Before cleanup stats (total=4, active=0, idle=4, waiting=0)
2026-03-27 10:02:55.184 DEBUG 10280 --- [l-1 housekeeper] com.zaxxer.hikari.pool.HikariPool        : HikariPool-1 - After cleanup  stats (total=4, active=0, idle=4, waiting=0)
2026-03-27 10:02:55.185 DEBUG 10280 --- [l-1 housekeeper] com.zaxxer.hikari.pool.HikariPool        : HikariPool-1 - Fill pool skipped, pool is at sufficient level.
2026-03-27 10:03:18.322 DEBUG 10280 --- [ool housekeeper] com.zaxxer.hikari.pool.HikariPool        : CentralHikariPool - Before cleanup stats (total=1, active=0, idle=1, waiting=0)
2026-03-27 10:03:18.323 DEBUG 10280 --- [ool housekeeper] com.zaxxer.hikari.pool.HikariPool        : CentralHikariPool - After cleanup  stats (total=1, active=0, idle=1, waiting=0)
2026-03-27 10:03:18.324 DEBUG 10280 --- [ool housekeeper] com.zaxxer.hikari.pool.HikariPool        : CentralHikariPool - Fill pool skipped, pool is at sufficient level.
2026-03-27 10:03:21.035 DEBUG 10280 --- [nio-8089-exec-1] o.s.web.servlet.DispatcherServlet        : GET "/auth/permisos", parameters={}
2026-03-27 10:03:21.044 DEBUG 10280 --- [nio-8089-exec-1] s.w.s.m.m.a.RequestMappingHandlerMapping : Mapped to com.example.TigoStarSystem.auth.controller.AuthPermisosController#permisos(String)
2026-03-27 10:03:21.365 DEBUG 10280 --- [nio-8089-exec-1] o.s.jdbc.core.JdbcTemplate               : Executing SQL query [EXEC dbo.spx_ObtenerPrivilegiosRoles]
2026-03-27 10:03:21.437 DEBUG 10280 --- [nio-8089-exec-1] o.s.jdbc.datasource.DataSourceUtils      : Fetching JDBC Connection from DataSource
2026-03-27 10:03:21.445 DEBUG 10280 --- [nio-8089-exec-1] o.s.jdbc.core.JdbcTemplate               : Executing prepared SQL query
2026-03-27 10:03:21.447 DEBUG 10280 --- [nio-8089-exec-1] o.s.jdbc.core.JdbcTemplate               : Executing prepared SQL statement [EXEC dbo.spx_ObtenerPrivilegiosRolDetalle ?]
2026-03-27 10:03:21.448 DEBUG 10280 --- [nio-8089-exec-1] o.s.jdbc.datasource.DataSourceUtils      : Fetching JDBC Connection from DataSource
2026-03-27 10:03:21.452 DEBUG 10280 --- [nio-8089-exec-1] o.s.w.s.m.m.a.HttpEntityMethodProcessor  : Using 'application/json', given [application/json, text/plain, */*] and supported [application/json, application/*+json, application/json, application/*+json]
2026-03-27 10:03:21.566 DEBUG 10280 --- [nio-8089-exec-1] o.s.w.s.m.m.a.HttpEntityMethodProcessor  : Writing [com.example.TigoStarSystem.common.ApiResponse@44e9ff23]
2026-03-27 10:03:21.567 DEBUG 10280 --- [nio-8089-exec-1] o.s.web.servlet.DispatcherServlet        : Completed 200 OK
2026-03-27 10:03:21.570 DEBUG 10280 --- [nio-8089-exec-6] o.s.web.servlet.DispatcherServlet        : GET "/auth/permisos", parameters={}
2026-03-27 10:03:21.596 DEBUG 10280 --- [nio-8089-exec-2] o.s.web.servlet.DispatcherServlet        : GET "/catalogos/tecnicos", parameters={}
2026-03-27 10:03:21.597 DEBUG 10280 --- [nio-8089-exec-3] o.s.web.servlet.DispatcherServlet        : GET "/catalogos/rutas?tecnicoId=97", parameters={masked}
2026-03-27 10:03:21.597 DEBUG 10280 --- [nio-8089-exec-7] o.s.web.servlet.DispatcherServlet        : GET "/catalogos/tipo-servicio", parameters={}
2026-03-27 10:03:21.601 DEBUG 10280 --- [io-8089-exec-10] o.s.web.servlet.DispatcherServlet        : GET "/catalogos/estados", parameters={}
2026-03-27 10:03:21.626 DEBUG 10280 --- [nio-8089-exec-6] s.w.s.m.m.a.RequestMappingHandlerMapping : Mapped to com.example.TigoStarSystem.auth.controller.AuthPermisosController#permisos(String)
2026-03-27 10:03:21.626 DEBUG 10280 --- [nio-8089-exec-2] s.w.s.m.m.a.RequestMappingHandlerMapping : Mapped to com.example.TigoStarSystem.catalogo.controller.CatalogoController#listarTecnicos()
2026-03-27 10:03:21.629 DEBUG 10280 --- [nio-8089-exec-6] o.s.jdbc.core.JdbcTemplate               : Executing SQL query [EXEC dbo.spx_ObtenerPrivilegiosRoles]
2026-03-27 10:03:21.630 DEBUG 10280 --- [nio-8089-exec-6] o.s.jdbc.datasource.DataSourceUtils      : Fetching JDBC Connection from DataSource
2026-03-27 10:03:21.627 DEBUG 10280 --- [nio-8089-exec-3] s.w.s.m.m.a.RequestMappingHandlerMapping : Mapped to com.example.TigoStarSystem.catalogo.controller.CatalogoController#listarRutas(Integer)
2026-03-27 10:03:21.627 DEBUG 10280 --- [nio-8089-exec-7] s.w.s.m.m.a.RequestMappingHandlerMapping : Mapped to com.example.TigoStarSystem.catalogo.controller.CatalogoController#listarTipoServicio()
2026-03-27 10:03:21.628 DEBUG 10280 --- [io-8089-exec-10] s.w.s.m.m.a.RequestMappingHandlerMapping : Mapped to com.example.TigoStarSystem.catalogo.controller.CatalogoController#listarEstados()
2026-03-27 10:03:21.629 DEBUG 10280 --- [nio-8089-exec-2] o.s.jdbc.core.JdbcTemplate               : Executing SQL query [EXEC spx_ObtenerTecnicosEnRuta]
2026-03-27 10:03:21.631 DEBUG 10280 --- [nio-8089-exec-3] o.s.jdbc.core.JdbcTemplate               : Executing prepared SQL query
2026-03-27 10:03:21.631 DEBUG 10280 --- [nio-8089-exec-7] o.s.jdbc.core.JdbcTemplate               : Executing SQL query [EXEC spx_ObtenerTipoServicio]
2026-03-27 10:03:21.632 DEBUG 10280 --- [io-8089-exec-10] o.s.jdbc.core.JdbcTemplate               : Executing SQL query [EXEC sp_ObtenerEstado]
2026-03-27 10:03:21.635 DEBUG 10280 --- [io-8089-exec-10] o.s.jdbc.datasource.DataSourceUtils      : Fetching JDBC Connection from DataSource
2026-03-27 10:03:21.633 DEBUG 10280 --- [nio-8089-exec-2] o.s.jdbc.datasource.DataSourceUtils      : Fetching JDBC Connection from DataSource
2026-03-27 10:03:21.633 DEBUG 10280 --- [nio-8089-exec-6] o.s.jdbc.core.JdbcTemplate               : Executing prepared SQL query
2026-03-27 10:03:21.633 DEBUG 10280 --- [nio-8089-exec-3] o.s.jdbc.core.JdbcTemplate               : Executing prepared SQL statement [EXEC spx_ObtenerRutaXIdTecnico ?]
2026-03-27 10:03:21.635 DEBUG 10280 --- [nio-8089-exec-7] o.s.jdbc.datasource.DataSourceUtils      : Fetching JDBC Connection from DataSource
2026-03-27 10:03:21.637 DEBUG 10280 --- [nio-8089-exec-6] o.s.jdbc.core.JdbcTemplate               : Executing prepared SQL statement [EXEC dbo.spx_ObtenerPrivilegiosRolDetalle ?]
2026-03-27 10:03:21.638 DEBUG 10280 --- [nio-8089-exec-3] o.s.jdbc.datasource.DataSourceUtils      : Fetching JDBC Connection from DataSource
2026-03-27 10:03:21.639 DEBUG 10280 --- [nio-8089-exec-6] o.s.jdbc.datasource.DataSourceUtils      : Fetching JDBC Connection from DataSource
2026-03-27 10:03:21.642 DEBUG 10280 --- [io-8089-exec-10] o.s.w.s.m.m.a.HttpEntityMethodProcessor  : Using 'application/json', given [application/json, text/plain, */*] and supported [application/json, application/*+json, application/json, application/*+json]
2026-03-27 10:03:21.643 DEBUG 10280 --- [nio-8089-exec-2] o.s.w.s.m.m.a.HttpEntityMethodProcessor  : Using 'application/json', given [application/json, text/plain, */*] and supported [application/json, application/*+json, application/json, application/*+json]
2026-03-27 10:03:21.644 DEBUG 10280 --- [nio-8089-exec-7] o.s.w.s.m.m.a.HttpEntityMethodProcessor  : Using 'application/json', given [application/json, text/plain, */*] and supported [application/json, application/*+json, application/json, application/*+json]
2026-03-27 10:03:21.644 DEBUG 10280 --- [io-8089-exec-10] o.s.w.s.m.m.a.HttpEntityMethodProcessor  : Writing [com.example.TigoStarSystem.common.ApiResponse@1eb9bfc0]
2026-03-27 10:03:21.644 DEBUG 10280 --- [nio-8089-exec-6] o.s.w.s.m.m.a.HttpEntityMethodProcessor  : Using 'application/json', given [application/json, text/plain, */*] and supported [application/json, application/*+json, application/json, application/*+json]
2026-03-27 10:03:21.644 DEBUG 10280 --- [nio-8089-exec-2] o.s.w.s.m.m.a.HttpEntityMethodProcessor  : Writing [com.example.TigoStarSystem.common.ApiResponse@61550090]
2026-03-27 10:03:21.645 DEBUG 10280 --- [nio-8089-exec-7] o.s.w.s.m.m.a.HttpEntityMethodProcessor  : Writing [com.example.TigoStarSystem.common.ApiResponse@323db128]
2026-03-27 10:03:21.645 DEBUG 10280 --- [nio-8089-exec-3] o.s.w.s.m.m.a.HttpEntityMethodProcessor  : Using 'application/json', given [application/json, text/plain, */*] and supported [application/json, application/*+json, application/json, application/*+json]
2026-03-27 10:03:21.646 DEBUG 10280 --- [io-8089-exec-10] o.s.web.servlet.DispatcherServlet        : Completed 200 OK
2026-03-27 10:03:21.646 DEBUG 10280 --- [nio-8089-exec-6] o.s.w.s.m.m.a.HttpEntityMethodProcessor  : Writing [com.example.TigoStarSystem.common.ApiResponse@1e4d935e]
2026-03-27 10:03:21.648 DEBUG 10280 --- [nio-8089-exec-3] o.s.w.s.m.m.a.HttpEntityMethodProcessor  : Writing [com.example.TigoStarSystem.common.ApiResponse@6a7bbda0]
2026-03-27 10:03:21.648 DEBUG 10280 --- [nio-8089-exec-7] o.s.web.servlet.DispatcherServlet        : Completed 200 OK
2026-03-27 10:03:21.648 DEBUG 10280 --- [nio-8089-exec-2] o.s.web.servlet.DispatcherServlet        : Completed 200 OK
2026-03-27 10:03:21.650 DEBUG 10280 --- [nio-8089-exec-6] o.s.web.servlet.DispatcherServlet        : Completed 200 OK
2026-03-27 10:03:21.650 DEBUG 10280 --- [nio-8089-exec-3] o.s.web.servlet.DispatcherServlet        : Completed 200 OK
2026-03-27 10:03:23.624 DEBUG 10280 --- [ruz housekeeper] com.zaxxer.hikari.pool.HikariPool        : ConnDb-Santa_Cruz - Before cleanup stats (total=1, active=0, idle=1, waiting=0)
2026-03-27 10:03:23.624 DEBUG 10280 --- [ruz housekeeper] com.zaxxer.hikari.pool.HikariPool        : ConnDb-Santa_Cruz - After cleanup  stats (total=1, active=0, idle=1, waiting=0)
2026-03-27 10:03:23.626 DEBUG 10280 --- [ruz housekeeper] com.zaxxer.hikari.pool.HikariPool        : ConnDb-Santa_Cruz - Fill pool skipped, pool is at sufficient level.
2026-03-27 10:03:25.195 DEBUG 10280 --- [l-1 housekeeper] com.zaxxer.hikari.pool.HikariPool        : HikariPool-1 - Before cleanup stats (total=4, active=0, idle=4, waiting=0)
2026-03-27 10:03:25.195 DEBUG 10280 --- [l-1 housekeeper] com.zaxxer.hikari.pool.HikariPool        : HikariPool-1 - After cleanup  stats (total=4, active=0, idle=4, waiting=0)
2026-03-27 10:03:25.196 DEBUG 10280 --- [l-1 housekeeper] com.zaxxer.hikari.pool.HikariPool        : HikariPool-1 - Fill pool skipped, pool is at sufficient level.
2026-03-27 10:03:48.331 DEBUG 10280 --- [ool housekeeper] com.zaxxer.hikari.pool.HikariPool        : CentralHikariPool - Before cleanup stats (total=1, active=0, idle=1, waiting=0)
2026-03-27 10:03:48.332 DEBUG 10280 --- [ool housekeeper] com.zaxxer.hikari.pool.HikariPool        : CentralHikariPool - After cleanup  stats (total=1, active=0, idle=1, waiting=0)
2026-03-27 10:03:48.333 DEBUG 10280 --- [ool housekeeper] com.zaxxer.hikari.pool.HikariPool        : CentralHikariPool - Fill pool skipped, pool is at sufficient level.
2026-03-27 10:03:53.638 DEBUG 10280 --- [ruz housekeeper] com.zaxxer.hikari.pool.HikariPool        : ConnDb-Santa_Cruz - Before cleanup stats (total=1, active=0, idle=1, waiting=0)
2026-03-27 10:03:53.642 DEBUG 10280 --- [ruz housekeeper] com.zaxxer.hikari.pool.HikariPool        : ConnDb-Santa_Cruz - After cleanup  stats (total=1, active=0, idle=1, waiting=0)
2026-03-27 10:03:53.694 DEBUG 10280 --- [ruz housekeeper] com.zaxxer.hikari.pool.HikariPool        : ConnDb-Santa_Cruz - Fill pool skipped, pool is at sufficient level.
2026-03-27 10:03:54.788 DEBUG 10280 --- [l-1 housekeeper] com.zaxxer.hikari.pool.HikariPool        : HikariPool-1 - keepalive: connection ConnectionID:9 ClientConnectionId: aa9c63a8-9c16-4983-9668-bb10c5027e3d is alive
2026-03-27 10:03:55.205 DEBUG 10280 --- [l-1 housekeeper] com.zaxxer.hikari.pool.HikariPool        : HikariPool-1 - Before cleanup stats (total=4, active=0, idle=4, waiting=0)
2026-03-27 10:03:55.211 DEBUG 10280 --- [l-1 housekeeper] com.zaxxer.hikari.pool.HikariPool        : HikariPool-1 - After cleanup  stats (total=4, active=0, idle=4, waiting=0)
2026-03-27 10:03:55.225 DEBUG 10280 --- [l-1 housekeeper] com.zaxxer.hikari.pool.HikariPool        : HikariPool-1 - Fill pool skipped, pool is at sufficient level.
2026-03-27 10:03:57.110 DEBUG 10280 --- [ool housekeeper] com.zaxxer.hikari.pool.HikariPool        : CentralHikariPool - keepalive: connection ConnectionID:8 ClientConnectionId: e4187c60-237c-4f9b-b533-a63e7308fb50 is alive
2026-03-27 10:04:02.492 DEBUG 10280 --- [nio-8089-exec-4] o.s.web.servlet.DispatcherServlet        : GET "/catalogos/tecnicos", parameters={}
2026-03-27 10:04:02.493 DEBUG 10280 --- [nio-8089-exec-8] o.s.web.servlet.DispatcherServlet        : GET "/catalogos/rutas?tecnicoId=97", parameters={masked}
2026-03-27 10:04:02.494 DEBUG 10280 --- [nio-8089-exec-9] o.s.web.servlet.DispatcherServlet        : GET "/catalogos/tipo-servicio", parameters={}
2026-03-27 10:04:02.494 DEBUG 10280 --- [nio-8089-exec-5] o.s.web.servlet.DispatcherServlet        : GET "/catalogos/estados", parameters={}
2026-03-27 10:04:02.496 DEBUG 10280 --- [nio-8089-exec-4] s.w.s.m.m.a.RequestMappingHandlerMapping : Mapped to com.example.TigoStarSystem.catalogo.controller.CatalogoController#listarTecnicos()
2026-03-27 10:04:02.501 DEBUG 10280 --- [nio-8089-exec-8] s.w.s.m.m.a.RequestMappingHandlerMapping : Mapped to com.example.TigoStarSystem.catalogo.controller.CatalogoController#listarRutas(Integer)
2026-03-27 10:04:02.502 DEBUG 10280 --- [nio-8089-exec-9] s.w.s.m.m.a.RequestMappingHandlerMapping : Mapped to com.example.TigoStarSystem.catalogo.controller.CatalogoController#listarTipoServicio()
2026-03-27 10:04:02.506 DEBUG 10280 --- [nio-8089-exec-5] s.w.s.m.m.a.RequestMappingHandlerMapping : Mapped to com.example.TigoStarSystem.catalogo.controller.CatalogoController#listarEstados()
2026-03-27 10:04:02.510 DEBUG 10280 --- [nio-8089-exec-4] o.s.jdbc.core.JdbcTemplate               : Executing SQL query [EXEC spx_ObtenerTecnicosEnRuta]
2026-03-27 10:04:02.527 DEBUG 10280 --- [nio-8089-exec-8] o.s.jdbc.core.JdbcTemplate               : Executing prepared SQL query
2026-03-27 10:04:02.529 DEBUG 10280 --- [nio-8089-exec-9] o.s.jdbc.core.JdbcTemplate               : Executing SQL query [EXEC spx_ObtenerTipoServicio]
2026-03-27 10:04:02.530 DEBUG 10280 --- [nio-8089-exec-5] o.s.jdbc.core.JdbcTemplate               : Executing SQL query [EXEC sp_ObtenerEstado]
2026-03-27 10:04:02.531 DEBUG 10280 --- [nio-8089-exec-4] o.s.jdbc.datasource.DataSourceUtils      : Fetching JDBC Connection from DataSource
2026-03-27 10:04:02.540 DEBUG 10280 --- [nio-8089-exec-8] o.s.jdbc.core.JdbcTemplate               : Executing prepared SQL statement [EXEC spx_ObtenerRutaXIdTecnico ?]
2026-03-27 10:04:02.544 DEBUG 10280 --- [nio-8089-exec-9] o.s.jdbc.datasource.DataSourceUtils      : Fetching JDBC Connection from DataSource
2026-03-27 10:04:02.586 DEBUG 10280 --- [nio-8089-exec-5] o.s.jdbc.datasource.DataSourceUtils      : Fetching JDBC Connection from DataSource
2026-03-27 10:04:02.595 DEBUG 10280 --- [nio-8089-exec-8] o.s.jdbc.datasource.DataSourceUtils      : Fetching JDBC Connection from DataSource
2026-03-27 10:04:02.597 DEBUG 10280 --- [nio-8089-exec-4] o.s.w.s.m.m.a.HttpEntityMethodProcessor  : Using 'application/json', given [application/json, text/plain, */*] and supported [application/json, application/*+json, application/json, application/*+json]
2026-03-27 10:04:02.603 DEBUG 10280 --- [nio-8089-exec-9] o.s.w.s.m.m.a.HttpEntityMethodProcessor  : Using 'application/json', given [application/json, text/plain, */*] and supported [application/json, application/*+json, application/json, application/*+json]
2026-03-27 10:04:02.606 DEBUG 10280 --- [nio-8089-exec-5] o.s.w.s.m.m.a.HttpEntityMethodProcessor  : Using 'application/json', given [application/json, text/plain, */*] and supported [application/json, application/*+json, application/json, application/*+json]
2026-03-27 10:04:02.613 DEBUG 10280 --- [nio-8089-exec-4] o.s.w.s.m.m.a.HttpEntityMethodProcessor  : Writing [com.example.TigoStarSystem.common.ApiResponse@566c5f8f]
2026-03-27 10:04:02.614 DEBUG 10280 --- [nio-8089-exec-9] o.s.w.s.m.m.a.HttpEntityMethodProcessor  : Writing [com.example.TigoStarSystem.common.ApiResponse@7a06f5a8]
2026-03-27 10:04:02.614 DEBUG 10280 --- [nio-8089-exec-8] o.s.w.s.m.m.a.HttpEntityMethodProcessor  : Using 'application/json', given [application/json, text/plain, */*] and supported [application/json, application/*+json, application/json, application/*+json]
2026-03-27 10:04:02.616 DEBUG 10280 --- [nio-8089-exec-5] o.s.w.s.m.m.a.HttpEntityMethodProcessor  : Writing [com.example.TigoStarSystem.common.ApiResponse@3ac6f9d1]
2026-03-27 10:04:02.620 DEBUG 10280 --- [nio-8089-exec-4] o.s.web.servlet.DispatcherServlet        : Completed 200 OK
2026-03-27 10:04:02.625 DEBUG 10280 --- [nio-8089-exec-9] o.s.web.servlet.DispatcherServlet        : Completed 200 OK
2026-03-27 10:04:02.628 DEBUG 10280 --- [nio-8089-exec-8] o.s.w.s.m.m.a.HttpEntityMethodProcessor  : Writing [com.example.TigoStarSystem.common.ApiResponse@6366e645]
2026-03-27 10:04:02.630 DEBUG 10280 --- [nio-8089-exec-5] o.s.web.servlet.DispatcherServlet        : Completed 200 OK
2026-03-27 10:04:02.638 DEBUG 10280 --- [nio-8089-exec-8] o.s.web.servlet.DispatcherServlet        : Completed 200 OK
2026-03-27 10:04:11.128 DEBUG 10280 --- [l-1 housekeeper] com.zaxxer.hikari.pool.HikariPool        : HikariPool-1 - keepalive: connection ConnectionID:7 ClientConnectionId: 63f7e612-7ee6-4b39-bcaa-dfca32720f60 is alive
2026-03-27 10:04:14.604 DEBUG 10280 --- [l-1 housekeeper] com.zaxxer.hikari.pool.HikariPool        : HikariPool-1 - keepalive: connection ConnectionID:3 ClientConnectionId: a4d71594-8492-4663-a416-034fb918a2a4 is alive
2026-03-27 10:04:18.345 DEBUG 10280 --- [ool housekeeper] com.zaxxer.hikari.pool.HikariPool        : CentralHikariPool - Before cleanup stats (total=1, active=0, idle=1, waiting=0)
2026-03-27 10:04:18.416 DEBUG 10280 --- [ool housekeeper] com.zaxxer.hikari.pool.HikariPool        : CentralHikariPool - After cleanup  stats (total=1, active=0, idle=1, waiting=0)
2026-03-27 10:04:18.417 DEBUG 10280 --- [ool housekeeper] com.zaxxer.hikari.pool.HikariPool        : CentralHikariPool - Fill pool skipped, pool is at sufficient level.
2026-03-27 10:04:21.959 DEBUG 10280 --- [l-1 housekeeper] com.zaxxer.hikari.pool.HikariPool        : HikariPool-1 - keepalive: connection ConnectionID:6 ClientConnectionId: 1e8bec71-e4f7-41bf-9b07-2b85c5daafa6 is alive
2026-03-27 10:04:23.707 DEBUG 10280 --- [ruz housekeeper] com.zaxxer.hikari.pool.HikariPool        : ConnDb-Santa_Cruz - Before cleanup stats (total=1, active=0, idle=1, waiting=0)
2026-03-27 10:04:23.708 DEBUG 10280 --- [ruz housekeeper] com.zaxxer.hikari.pool.HikariPool        : ConnDb-Santa_Cruz - After cleanup  stats (total=0, active=0, idle=0, waiting=0)
2026-03-27 10:04:23.708 DEBUG 10280 --- [nnection closer] com.zaxxer.hikari.pool.PoolBase          : ConnDb-Santa_Cruz - Closing connection ConnectionID:4 ClientConnectionId: fe0746ca-1e3e-4b03-ac5b-e24760c71d73: (connection has passed idleTimeout)
2026-03-27 10:04:23.709 DEBUG 10280 --- [ruz housekeeper] com.zaxxer.hikari.pool.HikariPool        : ConnDb-Santa_Cruz - Fill pool skipped, pool is at sufficient level.
2026-03-27 10:04:23.710 DEBUG 10280 --- [nnection closer] com.zaxxer.hikari.pool.HikariPool        : ConnDb-Santa_Cruz - Fill pool skipped, pool is at sufficient level.
2026-03-27 10:04:25.246 DEBUG 10280 --- [l-1 housekeeper] com.zaxxer.hikari.pool.HikariPool        : HikariPool-1 - Before cleanup stats (total=4, active=0, idle=4, waiting=0)
2026-03-27 10:04:25.247 DEBUG 10280 --- [l-1 housekeeper] com.zaxxer.hikari.pool.HikariPool        : HikariPool-1 - After cleanup  stats (total=4, active=0, idle=4, waiting=0)
2026-03-27 10:04:25.290 DEBUG 10280 --- [l-1 housekeeper] com.zaxxer.hikari.pool.HikariPool        : HikariPool-1 - Fill pool skipped, pool is at sufficient level.
2026-03-27 10:04:48.433 DEBUG 10280 --- [ool housekeeper] com.zaxxer.hikari.pool.HikariPool        : CentralHikariPool - Before cleanup stats (total=1, active=0, idle=1, waiting=0)
2026-03-27 10:04:48.434 DEBUG 10280 --- [ool housekeeper] com.zaxxer.hikari.pool.HikariPool        : CentralHikariPool - After cleanup  stats (total=1, active=0, idle=1, waiting=0)
2026-03-27 10:04:48.434 DEBUG 10280 --- [ool housekeeper] com.zaxxer.hikari.pool.HikariPool        : CentralHikariPool - Fill pool skipped, pool is at sufficient level.
2026-03-27 10:04:53.713 DEBUG 10280 --- [ruz housekeeper] com.zaxxer.hikari.pool.HikariPool        : ConnDb-Santa_Cruz - Before cleanup stats (total=0, active=0, idle=0, waiting=0)
2026-03-27 10:04:53.713 DEBUG 10280 --- [ruz housekeeper] com.zaxxer.hikari.pool.HikariPool        : ConnDb-Santa_Cruz - After cleanup  stats (total=0, active=0, idle=0, waiting=0)
2026-03-27 10:04:53.714 DEBUG 10280 --- [ruz housekeeper] com.zaxxer.hikari.pool.HikariPool        : ConnDb-Santa_Cruz - Fill pool skipped, pool is at sufficient level.
2026-03-27 10:04:55.295 DEBUG 10280 --- [l-1 housekeeper] com.zaxxer.hikari.pool.HikariPool        : HikariPool-1 - Before cleanup stats (total=4, active=0, idle=4, waiting=0)
2026-03-27 10:04:55.295 DEBUG 10280 --- [l-1 housekeeper] com.zaxxer.hikari.pool.HikariPool        : HikariPool-1 - After cleanup  stats (total=4, active=0, idle=4, waiting=0)
2026-03-27 10:04:55.296 DEBUG 10280 --- [l-1 housekeeper] com.zaxxer.hikari.pool.HikariPool        : HikariPool-1 - Fill pool skipped, pool is at sufficient level.
2026-03-27 10:05:18.449 DEBUG 10280 --- [ool housekeeper] com.zaxxer.hikari.pool.HikariPool        : CentralHikariPool - Before cleanup stats (total=1, active=0, idle=1, waiting=0)
2026-03-27 10:05:18.450 DEBUG 10280 --- [ool housekeeper] com.zaxxer.hikari.pool.HikariPool        : CentralHikariPool - After cleanup  stats (total=1, active=0, idle=1, waiting=0)
2026-03-27 10:05:18.451 DEBUG 10280 --- [ool housekeeper] com.zaxxer.hikari.pool.HikariPool        : CentralHikariPool - Fill pool skipped, pool is at sufficient level.
2026-03-27 10:05:23.725 DEBUG 10280 --- [ruz housekeeper] com.zaxxer.hikari.pool.HikariPool        : ConnDb-Santa_Cruz - Before cleanup stats (total=0, active=0, idle=0, waiting=0)
2026-03-27 10:05:23.725 DEBUG 10280 --- [ruz housekeeper] com.zaxxer.hikari.pool.HikariPool        : ConnDb-Santa_Cruz - After cleanup  stats (total=0, active=0, idle=0, waiting=0)
2026-03-27 10:05:23.726 DEBUG 10280 --- [ruz housekeeper] com.zaxxer.hikari.pool.HikariPool        : ConnDb-Santa_Cruz - Fill pool skipped, pool is at sufficient level.
2026-03-27 10:05:25.306 DEBUG 10280 --- [l-1 housekeeper] com.zaxxer.hikari.pool.HikariPool        : HikariPool-1 - Before cleanup stats (total=4, active=0, idle=4, waiting=0)
2026-03-27 10:05:25.307 DEBUG 10280 --- [l-1 housekeeper] com.zaxxer.hikari.pool.HikariPool        : HikariPool-1 - After cleanup  stats (total=4, active=0, idle=4, waiting=0)
2026-03-27 10:05:25.307 DEBUG 10280 --- [l-1 housekeeper] com.zaxxer.hikari.pool.HikariPool        : HikariPool-1 - Fill pool skipped, pool is at sufficient level.
2026-03-27 10:05:47.365 DEBUG 10280 --- [l-1 housekeeper] com.zaxxer.hikari.pool.HikariPool        : HikariPool-1 - keepalive: connection ConnectionID:9 ClientConnectionId: aa9c63a8-9c16-4983-9668-bb10c5027e3d is alive
2026-03-27 10:05:48.468 DEBUG 10280 --- [ool housekeeper] com.zaxxer.hikari.pool.HikariPool        : CentralHikariPool - Before cleanup stats (total=1, active=0, idle=1, waiting=0)
2026-03-27 10:05:48.468 DEBUG 10280 --- [ool housekeeper] com.zaxxer.hikari.pool.HikariPool        : CentralHikariPool - After cleanup  stats (total=1, active=0, idle=1, waiting=0)
2026-03-27 10:05:48.469 DEBUG 10280 --- [ool housekeeper] com.zaxxer.hikari.pool.HikariPool        : CentralHikariPool - Fill pool skipped, pool is at sufficient level.
2026-03-27 10:05:52.120 DEBUG 10280 --- [ool housekeeper] com.zaxxer.hikari.pool.HikariPool        : CentralHikariPool - keepalive: connection ConnectionID:8 ClientConnectionId: e4187c60-237c-4f9b-b533-a63e7308fb50 is alive
2026-03-27 10:05:53.729 DEBUG 10280 --- [ruz housekeeper] com.zaxxer.hikari.pool.HikariPool        : ConnDb-Santa_Cruz - Before cleanup stats (total=0, active=0, idle=0, waiting=0)
2026-03-27 10:05:53.730 DEBUG 10280 --- [ruz housekeeper] com.zaxxer.hikari.pool.HikariPool        : ConnDb-Santa_Cruz - After cleanup  stats (total=0, active=0, idle=0, waiting=0)
2026-03-27 10:05:53.731 DEBUG 10280 --- [ruz housekeeper] com.zaxxer.hikari.pool.HikariPool        : ConnDb-Santa_Cruz - Fill pool skipped, pool is at sufficient level.
2026-03-27 10:05:55.322 DEBUG 10280 --- [l-1 housekeeper] com.zaxxer.hikari.pool.HikariPool        : HikariPool-1 - Before cleanup stats (total=4, active=0, idle=4, waiting=0)
2026-03-27 10:05:55.326 DEBUG 10280 --- [l-1 housekeeper] com.zaxxer.hikari.pool.HikariPool        : HikariPool-1 - After cleanup  stats (total=4, active=0, idle=4, waiting=0)
2026-03-27 10:05:55.329 DEBUG 10280 --- [l-1 housekeeper] com.zaxxer.hikari.pool.HikariPool        : HikariPool-1 - Fill pool skipped, pool is at sufficient level.
2026-03-27 10:06:04.167 DEBUG 10280 --- [l-1 housekeeper] com.zaxxer.hikari.pool.HikariPool        : HikariPool-1 - keepalive: connection ConnectionID:3 ClientConnectionId: a4d71594-8492-4663-a416-034fb918a2a4 is alive
2026-03-27 10:06:06.493 DEBUG 10280 --- [l-1 housekeeper] com.zaxxer.hikari.pool.HikariPool        : HikariPool-1 - keepalive: connection ConnectionID:7 ClientConnectionId: 63f7e612-7ee6-4b39-bcaa-dfca32720f60 is alive
2026-03-27 10:06:17.703 DEBUG 10280 --- [l-1 housekeeper] com.zaxxer.hikari.pool.HikariPool        : HikariPool-1 - keepalive: connection ConnectionID:6 ClientConnectionId: 1e8bec71-e4f7-41bf-9b07-2b85c5daafa6 is alive
2026-03-27 10:06:18.473 DEBUG 10280 --- [ool housekeeper] com.zaxxer.hikari.pool.HikariPool        : CentralHikariPool - Before cleanup stats (total=1, active=0, idle=1, waiting=0)
2026-03-27 10:06:18.490 DEBUG 10280 --- [ool housekeeper] com.zaxxer.hikari.pool.HikariPool        : CentralHikariPool - After cleanup  stats (total=1, active=0, idle=1, waiting=0)
2026-03-27 10:06:18.490 DEBUG 10280 --- [ool housekeeper] com.zaxxer.hikari.pool.HikariPool        : CentralHikariPool - Fill pool skipped, pool is at sufficient level.
2026-03-27 10:06:23.735 DEBUG 10280 --- [ruz housekeeper] com.zaxxer.hikari.pool.HikariPool        : ConnDb-Santa_Cruz - Before cleanup stats (total=0, active=0, idle=0, waiting=0)
2026-03-27 10:06:23.736 DEBUG 10280 --- [ruz housekeeper] com.zaxxer.hikari.pool.HikariPool        : ConnDb-Santa_Cruz - After cleanup  stats (total=0, active=0, idle=0, waiting=0)
2026-03-27 10:06:23.736 DEBUG 10280 --- [ruz housekeeper] com.zaxxer.hikari.pool.HikariPool        : ConnDb-Santa_Cruz - Fill pool skipped, pool is at sufficient level.
2026-03-27 10:06:25.357 DEBUG 10280 --- [l-1 housekeeper] com.zaxxer.hikari.pool.HikariPool        : HikariPool-1 - Before cleanup stats (total=4, active=0, idle=4, waiting=0)
2026-03-27 10:06:25.366 DEBUG 10280 --- [l-1 housekeeper] com.zaxxer.hikari.pool.HikariPool        : HikariPool-1 - After cleanup  stats (total=4, active=0, idle=4, waiting=0)
2026-03-27 10:06:25.422 DEBUG 10280 --- [l-1 housekeeper] com.zaxxer.hikari.pool.HikariPool        : HikariPool-1 - Fill pool skipped, pool is at sufficient level.
2026-03-27 10:06:48.497 DEBUG 10280 --- [ool housekeeper] com.zaxxer.hikari.pool.HikariPool        : CentralHikariPool - Before cleanup stats (total=1, active=0, idle=1, waiting=0)
2026-03-27 10:06:48.499 DEBUG 10280 --- [ool housekeeper] com.zaxxer.hikari.pool.HikariPool        : CentralHikariPool - After cleanup  stats (total=1, active=0, idle=1, waiting=0)
2026-03-27 10:06:48.499 DEBUG 10280 --- [ool housekeeper] com.zaxxer.hikari.pool.HikariPool        : CentralHikariPool - Fill pool skipped, pool is at sufficient level.
2026-03-27 10:06:53.742 DEBUG 10280 --- [ruz housekeeper] com.zaxxer.hikari.pool.HikariPool        : ConnDb-Santa_Cruz - Before cleanup stats (total=0, active=0, idle=0, waiting=0)
2026-03-27 10:06:53.743 DEBUG 10280 --- [ruz housekeeper] com.zaxxer.hikari.pool.HikariPool        : ConnDb-Santa_Cruz - After cleanup  stats (total=0, active=0, idle=0, waiting=0)
2026-03-27 10:06:53.743 DEBUG 10280 --- [ruz housekeeper] com.zaxxer.hikari.pool.HikariPool        : ConnDb-Santa_Cruz - Fill pool skipped, pool is at sufficient level.
2026-03-27 10:06:55.439 DEBUG 10280 --- [l-1 housekeeper] com.zaxxer.hikari.pool.HikariPool        : HikariPool-1 - Before cleanup stats (total=4, active=0, idle=4, waiting=0)
2026-03-27 10:06:55.440 DEBUG 10280 --- [l-1 housekeeper] com.zaxxer.hikari.pool.HikariPool        : HikariPool-1 - After cleanup  stats (total=4, active=0, idle=4, waiting=0)
2026-03-27 10:06:55.440 DEBUG 10280 --- [l-1 housekeeper] com.zaxxer.hikari.pool.HikariPool        : HikariPool-1 - Fill pool skipped, pool is at sufficient level.
2026-03-27 10:07:18.516 DEBUG 10280 --- [ool housekeeper] com.zaxxer.hikari.pool.HikariPool        : CentralHikariPool - Before cleanup stats (total=1, active=0, idle=1, waiting=0)
2026-03-27 10:07:18.517 DEBUG 10280 --- [ool housekeeper] com.zaxxer.hikari.pool.HikariPool        : CentralHikariPool - After cleanup  stats (total=1, active=0, idle=1, waiting=0)
2026-03-27 10:07:18.517 DEBUG 10280 --- [ool housekeeper] com.zaxxer.hikari.pool.HikariPool        : CentralHikariPool - Fill pool skipped, pool is at sufficient level.
2026-03-27 10:07:23.750 DEBUG 10280 --- [ruz housekeeper] com.zaxxer.hikari.pool.HikariPool        : ConnDb-Santa_Cruz - Before cleanup stats (total=0, active=0, idle=0, waiting=0)
2026-03-27 10:07:23.753 DEBUG 10280 --- [ruz housekeeper] com.zaxxer.hikari.pool.HikariPool        : ConnDb-Santa_Cruz - After cleanup  stats (total=0, active=0, idle=0, waiting=0)
2026-03-27 10:07:23.754 DEBUG 10280 --- [ruz housekeeper] com.zaxxer.hikari.pool.HikariPool        : ConnDb-Santa_Cruz - Fill pool skipped, pool is at sufficient level.
2026-03-27 10:07:25.455 DEBUG 10280 --- [l-1 housekeeper] com.zaxxer.hikari.pool.HikariPool        : HikariPool-1 - Before cleanup stats (total=4, active=0, idle=4, waiting=0)
2026-03-27 10:07:25.456 DEBUG 10280 --- [l-1 housekeeper] com.zaxxer.hikari.pool.HikariPool        : HikariPool-1 - After cleanup  stats (total=4, active=0, idle=4, waiting=0)
2026-03-27 10:07:25.456 DEBUG 10280 --- [l-1 housekeeper] com.zaxxer.hikari.pool.HikariPool        : HikariPool-1 - Fill pool skipped, pool is at sufficient level.
2026-03-27 10:07:39.941 DEBUG 10280 --- [l-1 housekeeper] com.zaxxer.hikari.pool.HikariPool        : HikariPool-1 - keepalive: connection ConnectionID:9 ClientConnectionId: aa9c63a8-9c16-4983-9668-bb10c5027e3d is alive
2026-03-27 10:07:47.179 DEBUG 10280 --- [ool housekeeper] com.zaxxer.hikari.pool.HikariPool        : CentralHikariPool - keepalive: connection ConnectionID:8 ClientConnectionId: e4187c60-237c-4f9b-b533-a63e7308fb50 is alive
2026-03-27 10:07:48.526 DEBUG 10280 --- [ool housekeeper] com.zaxxer.hikari.pool.HikariPool        : CentralHikariPool - Before cleanup stats (total=1, active=0, idle=1, waiting=0)
2026-03-27 10:07:48.526 DEBUG 10280 --- [ool housekeeper] com.zaxxer.hikari.pool.HikariPool        : CentralHikariPool - After cleanup  stats (total=1, active=0, idle=1, waiting=0)
2026-03-27 10:07:48.527 DEBUG 10280 --- [ool housekeeper] com.zaxxer.hikari.pool.HikariPool        : CentralHikariPool - Fill pool skipped, pool is at sufficient level.
2026-03-27 10:07:53.341 DEBUG 10280 --- [l-1 housekeeper] com.zaxxer.hikari.pool.HikariPool        : HikariPool-1 - keepalive: connection ConnectionID:3 ClientConnectionId: a4d71594-8492-4663-a416-034fb918a2a4 is alive
2026-03-27 10:07:53.758 DEBUG 10280 --- [ruz housekeeper] com.zaxxer.hikari.pool.HikariPool        : ConnDb-Santa_Cruz - Before cleanup stats (total=0, active=0, idle=0, waiting=0)
2026-03-27 10:07:53.759 DEBUG 10280 --- [ruz housekeeper] com.zaxxer.hikari.pool.HikariPool        : ConnDb-Santa_Cruz - After cleanup  stats (total=0, active=0, idle=0, waiting=0)
2026-03-27 10:07:53.759 DEBUG 10280 --- [ruz housekeeper] com.zaxxer.hikari.pool.HikariPool        : ConnDb-Santa_Cruz - Fill pool skipped, pool is at sufficient level.
2026-03-27 10:07:55.474 DEBUG 10280 --- [l-1 housekeeper] com.zaxxer.hikari.pool.HikariPool        : HikariPool-1 - Before cleanup stats (total=4, active=0, idle=4, waiting=0)
2026-03-27 10:07:55.477 DEBUG 10280 --- [l-1 housekeeper] com.zaxxer.hikari.pool.HikariPool        : HikariPool-1 - After cleanup  stats (total=4, active=0, idle=4, waiting=0)
2026-03-27 10:07:55.477 DEBUG 10280 --- [l-1 housekeeper] com.zaxxer.hikari.pool.HikariPool        : HikariPool-1 - Fill pool skipped, pool is at sufficient level.
2026-03-27 10:07:58.612 DEBUG 10280 --- [nnection closer] com.zaxxer.hikari.pool.PoolBase          : HikariPool-1 - Closing connection ConnectionID:3 ClientConnectionId: a4d71594-8492-4663-a416-034fb918a2a4: (connection has passed maxLifetime)
2026-03-27 10:07:58.613 DEBUG 10280 --- [nnection closer] com.zaxxer.hikari.pool.HikariPool        : HikariPool-1 - Fill pool skipped, pool is at sufficient level.
2026-03-27 10:08:02.065 DEBUG 10280 --- [l-1 housekeeper] com.zaxxer.hikari.pool.HikariPool        : HikariPool-1 - keepalive: connection ConnectionID:7 ClientConnectionId: 63f7e612-7ee6-4b39-bcaa-dfca32720f60 is alive
2026-03-27 10:08:13.448 DEBUG 10280 --- [l-1 housekeeper] com.zaxxer.hikari.pool.HikariPool        : HikariPool-1 - keepalive: connection ConnectionID:6 ClientConnectionId: 1e8bec71-e4f7-41bf-9b07-2b85c5daafa6 is alive
2026-03-27 10:08:18.544 DEBUG 10280 --- [ool housekeeper] com.zaxxer.hikari.pool.HikariPool        : CentralHikariPool - Before cleanup stats (total=1, active=0, idle=1, waiting=0)
2026-03-27 10:08:18.545 DEBUG 10280 --- [ool housekeeper] com.zaxxer.hikari.pool.HikariPool        : CentralHikariPool - After cleanup  stats (total=1, active=0, idle=1, waiting=0)
2026-03-27 10:08:18.546 DEBUG 10280 --- [ool housekeeper] com.zaxxer.hikari.pool.HikariPool        : CentralHikariPool - Fill pool skipped, pool is at sufficient level.
2026-03-27 10:08:23.762 DEBUG 10280 --- [ruz housekeeper] com.zaxxer.hikari.pool.HikariPool        : ConnDb-Santa_Cruz - Before cleanup stats (total=0, active=0, idle=0, waiting=0)
2026-03-27 10:08:23.763 DEBUG 10280 --- [ruz housekeeper] com.zaxxer.hikari.pool.HikariPool        : ConnDb-Santa_Cruz - After cleanup  stats (total=0, active=0, idle=0, waiting=0)
2026-03-27 10:08:23.765 DEBUG 10280 --- [ruz housekeeper] com.zaxxer.hikari.pool.HikariPool        : ConnDb-Santa_Cruz - Fill pool skipped, pool is at sufficient level.
2026-03-27 10:08:25.487 DEBUG 10280 --- [l-1 housekeeper] com.zaxxer.hikari.pool.HikariPool        : HikariPool-1 - Before cleanup stats (total=3, active=0, idle=3, waiting=0)
2026-03-27 10:08:25.488 DEBUG 10280 --- [l-1 housekeeper] com.zaxxer.hikari.pool.HikariPool        : HikariPool-1 - After cleanup  stats (total=3, active=0, idle=3, waiting=0)
2026-03-27 10:08:25.488 DEBUG 10280 --- [l-1 housekeeper] com.zaxxer.hikari.pool.HikariPool        : HikariPool-1 - Fill pool skipped, pool is at sufficient level.
2026-03-27 10:08:48.555 DEBUG 10280 --- [ool housekeeper] com.zaxxer.hikari.pool.HikariPool        : CentralHikariPool - Before cleanup stats (total=1, active=0, idle=1, waiting=0)
2026-03-27 10:08:48.613 DEBUG 10280 --- [ool housekeeper] com.zaxxer.hikari.pool.HikariPool        : CentralHikariPool - After cleanup  stats (total=0, active=0, idle=0, waiting=0)
2026-03-27 10:08:48.614 DEBUG 10280 --- [ool housekeeper] com.zaxxer.hikari.pool.HikariPool        : CentralHikariPool - Fill pool skipped, pool is at sufficient level.
2026-03-27 10:08:48.614 DEBUG 10280 --- [nnection closer] com.zaxxer.hikari.pool.PoolBase          : CentralHikariPool - Closing connection ConnectionID:8 ClientConnectionId: e4187c60-237c-4f9b-b533-a63e7308fb50: (connection has passed idleTimeout)
2026-03-27 10:08:48.616 DEBUG 10280 --- [nnection closer] com.zaxxer.hikari.pool.HikariPool        : CentralHikariPool - Fill pool skipped, pool is at sufficient level.
2026-03-27 10:08:53.769 DEBUG 10280 --- [ruz housekeeper] com.zaxxer.hikari.pool.HikariPool        : ConnDb-Santa_Cruz - Before cleanup stats (total=0, active=0, idle=0, waiting=0)
2026-03-27 10:08:53.803 DEBUG 10280 --- [ruz housekeeper] com.zaxxer.hikari.pool.HikariPool        : ConnDb-Santa_Cruz - After cleanup  stats (total=0, active=0, idle=0, waiting=0)
2026-03-27 10:08:53.931 DEBUG 10280 --- [ruz housekeeper] com.zaxxer.hikari.pool.HikariPool        : ConnDb-Santa_Cruz - Fill pool skipped, pool is at sufficient level.
2026-03-27 10:08:55.496 DEBUG 10280 --- [l-1 housekeeper] com.zaxxer.hikari.pool.HikariPool        : HikariPool-1 - Before cleanup stats (total=3, active=0, idle=3, waiting=0)
2026-03-27 10:08:55.654 DEBUG 10280 --- [l-1 housekeeper] com.zaxxer.hikari.pool.HikariPool        : HikariPool-1 - After cleanup  stats (total=3, active=0, idle=3, waiting=0)
2026-03-27 10:08:55.747 DEBUG 10280 --- [l-1 housekeeper] com.zaxxer.hikari.pool.HikariPool        : HikariPool-1 - Fill pool skipped, pool is at sufficient level.
2026-03-27 10:09:18.629 DEBUG 10280 --- [ool housekeeper] com.zaxxer.hikari.pool.HikariPool        : CentralHikariPool - Before cleanup stats (total=0, active=0, idle=0, waiting=0)
2026-03-27 10:09:18.630 DEBUG 10280 --- [ool housekeeper] com.zaxxer.hikari.pool.HikariPool        : CentralHikariPool - After cleanup  stats (total=0, active=0, idle=0, waiting=0)
2026-03-27 10:09:18.630 DEBUG 10280 --- [ool housekeeper] com.zaxxer.hikari.pool.HikariPool        : CentralHikariPool - Fill pool skipped, pool is at sufficient level.
2026-03-27 10:09:23.947 DEBUG 10280 --- [ruz housekeeper] com.zaxxer.hikari.pool.HikariPool        : ConnDb-Santa_Cruz - Before cleanup stats (total=0, active=0, idle=0, waiting=0)
2026-03-27 10:09:23.948 DEBUG 10280 --- [ruz housekeeper] com.zaxxer.hikari.pool.HikariPool        : ConnDb-Santa_Cruz - After cleanup  stats (total=0, active=0, idle=0, waiting=0)
2026-03-27 10:09:23.948 DEBUG 10280 --- [ruz housekeeper] com.zaxxer.hikari.pool.HikariPool        : ConnDb-Santa_Cruz - Fill pool skipped, pool is at sufficient level.
2026-03-27 10:09:25.751 DEBUG 10280 --- [l-1 housekeeper] com.zaxxer.hikari.pool.HikariPool        : HikariPool-1 - Before cleanup stats (total=3, active=0, idle=3, waiting=0)
2026-03-27 10:09:25.752 DEBUG 10280 --- [l-1 housekeeper] com.zaxxer.hikari.pool.HikariPool        : HikariPool-1 - After cleanup  stats (total=0, active=0, idle=0, waiting=0)
2026-03-27 10:09:25.752 DEBUG 10280 --- [nnection closer] com.zaxxer.hikari.pool.PoolBase          : HikariPool-1 - Closing connection ConnectionID:9 ClientConnectionId: aa9c63a8-9c16-4983-9668-bb10c5027e3d: (connection has passed idleTimeout)
2026-03-27 10:09:25.753 DEBUG 10280 --- [l-1 housekeeper] com.zaxxer.hikari.pool.HikariPool        : HikariPool-1 - Fill pool skipped, pool is at sufficient level.
2026-03-27 10:09:25.754 DEBUG 10280 --- [nnection closer] com.zaxxer.hikari.pool.HikariPool        : HikariPool-1 - Fill pool skipped, pool is at sufficient level.
2026-03-27 10:09:25.754 DEBUG 10280 --- [nnection closer] com.zaxxer.hikari.pool.PoolBase          : HikariPool-1 - Closing connection ConnectionID:7 ClientConnectionId: 63f7e612-7ee6-4b39-bcaa-dfca32720f60: (connection has passed idleTimeout)
2026-03-27 10:09:25.755 DEBUG 10280 --- [nnection closer] com.zaxxer.hikari.pool.HikariPool        : HikariPool-1 - Fill pool skipped, pool is at sufficient level.
2026-03-27 10:09:25.756 DEBUG 10280 --- [nnection closer] com.zaxxer.hikari.pool.PoolBase          : HikariPool-1 - Closing connection ConnectionID:6 ClientConnectionId: 1e8bec71-e4f7-41bf-9b07-2b85c5daafa6: (connection has passed idleTimeout)
2026-03-27 10:09:25.756 DEBUG 10280 --- [nnection closer] com.zaxxer.hikari.pool.HikariPool        : HikariPool-1 - Fill pool skipped, pool is at sufficient level.
2026-03-27 10:09:48.642 DEBUG 10280 --- [ool housekeeper] com.zaxxer.hikari.pool.HikariPool        : CentralHikariPool - Before cleanup stats (total=0, active=0, idle=0, waiting=0)
2026-03-27 10:09:48.827 DEBUG 10280 --- [ool housekeeper] com.zaxxer.hikari.pool.HikariPool        : CentralHikariPool - After cleanup  stats (total=0, active=0, idle=0, waiting=0)
2026-03-27 10:09:48.828 DEBUG 10280 --- [ool housekeeper] com.zaxxer.hikari.pool.HikariPool        : CentralHikariPool - Fill pool skipped, pool is at sufficient level.
2026-03-27 10:09:53.958 DEBUG 10280 --- [ruz housekeeper] com.zaxxer.hikari.pool.HikariPool        : ConnDb-Santa_Cruz - Before cleanup stats (total=0, active=0, idle=0, waiting=0)
2026-03-27 10:09:54.010 DEBUG 10280 --- [ruz housekeeper] com.zaxxer.hikari.pool.HikariPool        : ConnDb-Santa_Cruz - After cleanup  stats (total=0, active=0, idle=0, waiting=0)
2026-03-27 10:09:54.010 DEBUG 10280 --- [ruz housekeeper] com.zaxxer.hikari.pool.HikariPool        : ConnDb-Santa_Cruz - Fill pool skipped, pool is at sufficient level.
2026-03-27 10:09:55.757 DEBUG 10280 --- [l-1 housekeeper] com.zaxxer.hikari.pool.HikariPool        : HikariPool-1 - Before cleanup stats (total=0, active=0, idle=0, waiting=0)
2026-03-27 10:09:55.767 DEBUG 10280 --- [l-1 housekeeper] com.zaxxer.hikari.pool.HikariPool        : HikariPool-1 - After cleanup  stats (total=0, active=0, idle=0, waiting=0)
2026-03-27 10:09:55.768 DEBUG 10280 --- [l-1 housekeeper] com.zaxxer.hikari.pool.HikariPool        : HikariPool-1 - Fill pool skipped, pool is at sufficient level.
2026-03-27 10:10:18.834 DEBUG 10280 --- [ool housekeeper] com.zaxxer.hikari.pool.HikariPool        : CentralHikariPool - Before cleanup stats (total=0, active=0, idle=0, waiting=0)
2026-03-27 10:10:18.836 DEBUG 10280 --- [ool housekeeper] com.zaxxer.hikari.pool.HikariPool        : CentralHikariPool - After cleanup  stats (total=0, active=0, idle=0, waiting=0)
2026-03-27 10:10:18.837 DEBUG 10280 --- [ool housekeeper] com.zaxxer.hikari.pool.HikariPool        : CentralHikariPool - Fill pool skipped, pool is at sufficient level.
2026-03-27 10:10:24.020 DEBUG 10280 --- [ruz housekeeper] com.zaxxer.hikari.pool.HikariPool        : ConnDb-Santa_Cruz - Before cleanup stats (total=0, active=0, idle=0, waiting=0)
2026-03-27 10:10:24.030 DEBUG 10280 --- [ruz housekeeper] com.zaxxer.hikari.pool.HikariPool        : ConnDb-Santa_Cruz - After cleanup  stats (total=0, active=0, idle=0, waiting=0)
2026-03-27 10:10:24.031 DEBUG 10280 --- [ruz housekeeper] com.zaxxer.hikari.pool.HikariPool        : ConnDb-Santa_Cruz - Fill pool skipped, pool is at sufficient level.
2026-03-27 10:10:25.784 DEBUG 10280 --- [l-1 housekeeper] com.zaxxer.hikari.pool.HikariPool        : HikariPool-1 - Before cleanup stats (total=0, active=0, idle=0, waiting=0)
2026-03-27 10:10:25.785 DEBUG 10280 --- [l-1 housekeeper] com.zaxxer.hikari.pool.HikariPool        : HikariPool-1 - After cleanup  stats (total=0, active=0, idle=0, waiting=0)
2026-03-27 10:10:25.786 DEBUG 10280 --- [l-1 housekeeper] com.zaxxer.hikari.pool.HikariPool        : HikariPool-1 - Fill pool skipped, pool is at sufficient level.
2026-03-27 10:10:45.381 DEBUG 10280 --- [nio-8089-exec-3] o.s.web.servlet.DispatcherServlet        : GET "/auth/permisos", parameters={}
2026-03-27 10:10:45.382 DEBUG 10280 --- [nio-8089-exec-3] s.w.s.m.m.a.RequestMappingHandlerMapping : Mapped to com.example.TigoStarSystem.auth.controller.AuthPermisosController#permisos(String)
2026-03-27 10:10:45.384 DEBUG 10280 --- [nio-8089-exec-3] o.s.jdbc.core.JdbcTemplate               : Executing SQL query [EXEC dbo.spx_ObtenerPrivilegiosRoles]
2026-03-27 10:10:45.385 DEBUG 10280 --- [nio-8089-exec-3] o.s.jdbc.datasource.DataSourceUtils      : Fetching JDBC Connection from DataSource
2026-03-27 10:10:45.422 DEBUG 10280 --- [onnection adder] com.zaxxer.hikari.pool.HikariPool        : CentralHikariPool - Added connection ConnectionID:10 ClientConnectionId: 27fc58a1-3a1d-4301-9cc7-01140b23ff2d
2026-03-27 10:10:45.426 DEBUG 10280 --- [nio-8089-exec-3] o.s.jdbc.core.JdbcTemplate               : Executing prepared SQL query
2026-03-27 10:10:45.429 DEBUG 10280 --- [nio-8089-exec-3] o.s.jdbc.core.JdbcTemplate               : Executing prepared SQL statement [EXEC dbo.spx_ObtenerPrivilegiosRolDetalle ?]
2026-03-27 10:10:45.430 DEBUG 10280 --- [nio-8089-exec-3] o.s.jdbc.datasource.DataSourceUtils      : Fetching JDBC Connection from DataSource
2026-03-27 10:10:45.435 DEBUG 10280 --- [nio-8089-exec-3] o.s.w.s.m.m.a.HttpEntityMethodProcessor  : Using 'application/json', given [application/json, text/plain, */*] and supported [application/json, application/*+json, application/json, application/*+json]
2026-03-27 10:10:45.436 DEBUG 10280 --- [nio-8089-exec-3] o.s.w.s.m.m.a.HttpEntityMethodProcessor  : Writing [com.example.TigoStarSystem.common.ApiResponse@4f66e0be]
2026-03-27 10:10:45.438 DEBUG 10280 --- [nio-8089-exec-3] o.s.web.servlet.DispatcherServlet        : Completed 200 OK
2026-03-27 10:10:45.440 DEBUG 10280 --- [nio-8089-exec-4] o.s.web.servlet.DispatcherServlet        : GET "/auth/permisos", parameters={}
2026-03-27 10:10:45.441 DEBUG 10280 --- [nio-8089-exec-4] s.w.s.m.m.a.RequestMappingHandlerMapping : Mapped to com.example.TigoStarSystem.auth.controller.AuthPermisosController#permisos(String)
2026-03-27 10:10:45.443 DEBUG 10280 --- [nio-8089-exec-4] o.s.jdbc.core.JdbcTemplate               : Executing SQL query [EXEC dbo.spx_ObtenerPrivilegiosRoles]
2026-03-27 10:10:45.444 DEBUG 10280 --- [nio-8089-exec-4] o.s.jdbc.datasource.DataSourceUtils      : Fetching JDBC Connection from DataSource
2026-03-27 10:10:45.449 DEBUG 10280 --- [nio-8089-exec-4] o.s.jdbc.core.JdbcTemplate               : Executing prepared SQL query
2026-03-27 10:10:45.450 DEBUG 10280 --- [nio-8089-exec-4] o.s.jdbc.core.JdbcTemplate               : Executing prepared SQL statement [EXEC dbo.spx_ObtenerPrivilegiosRolDetalle ?]
2026-03-27 10:10:45.450 DEBUG 10280 --- [nio-8089-exec-4] o.s.jdbc.datasource.DataSourceUtils      : Fetching JDBC Connection from DataSource
2026-03-27 10:10:45.453 DEBUG 10280 --- [nio-8089-exec-4] o.s.w.s.m.m.a.HttpEntityMethodProcessor  : Using 'application/json', given [application/json, text/plain, */*] and supported [application/json, application/*+json, application/json, application/*+json]
2026-03-27 10:10:45.454 DEBUG 10280 --- [nio-8089-exec-4] o.s.w.s.m.m.a.HttpEntityMethodProcessor  : Writing [com.example.TigoStarSystem.common.ApiResponse@4eb2976a]
2026-03-27 10:10:45.456 DEBUG 10280 --- [nio-8089-exec-4] o.s.web.servlet.DispatcherServlet        : Completed 200 OK
2026-03-27 10:10:45.458 DEBUG 10280 --- [nio-8089-exec-9] o.s.web.servlet.DispatcherServlet        : GET "/catalogos/tecnicos", parameters={}
2026-03-27 10:10:45.458 DEBUG 10280 --- [nio-8089-exec-8] o.s.web.servlet.DispatcherServlet        : GET "/catalogos/tipo-servicio", parameters={}
2026-03-27 10:10:45.458 DEBUG 10280 --- [nio-8089-exec-5] o.s.web.servlet.DispatcherServlet        : GET "/catalogos/rutas?tecnicoId=97", parameters={masked}
2026-03-27 10:10:45.462 DEBUG 10280 --- [nio-8089-exec-5] s.w.s.m.m.a.RequestMappingHandlerMapping : Mapped to com.example.TigoStarSystem.catalogo.controller.CatalogoController#listarRutas(Integer)
2026-03-27 10:10:45.459 DEBUG 10280 --- [nio-8089-exec-9] s.w.s.m.m.a.RequestMappingHandlerMapping : Mapped to com.example.TigoStarSystem.catalogo.controller.CatalogoController#listarTecnicos()
2026-03-27 10:10:45.466 DEBUG 10280 --- [nio-8089-exec-5] o.s.jdbc.core.JdbcTemplate               : Executing prepared SQL query
2026-03-27 10:10:45.460 DEBUG 10280 --- [nio-8089-exec-1] o.s.web.servlet.DispatcherServlet        : GET "/catalogos/estados", parameters={}
2026-03-27 10:10:45.460 DEBUG 10280 --- [nio-8089-exec-8] s.w.s.m.m.a.RequestMappingHandlerMapping : Mapped to com.example.TigoStarSystem.catalogo.controller.CatalogoController#listarTipoServicio()
2026-03-27 10:10:45.466 DEBUG 10280 --- [nio-8089-exec-9] o.s.jdbc.core.JdbcTemplate               : Executing SQL query [EXEC spx_ObtenerTecnicosEnRuta]
2026-03-27 10:10:45.466 DEBUG 10280 --- [nio-8089-exec-5] o.s.jdbc.core.JdbcTemplate               : Executing prepared SQL statement [EXEC spx_ObtenerRutaXIdTecnico ?]
2026-03-27 10:10:45.470 DEBUG 10280 --- [nio-8089-exec-5] o.s.jdbc.datasource.DataSourceUtils      : Fetching JDBC Connection from DataSource
2026-03-27 10:10:45.467 DEBUG 10280 --- [nio-8089-exec-1] s.w.s.m.m.a.RequestMappingHandlerMapping : Mapped to com.example.TigoStarSystem.catalogo.controller.CatalogoController#listarEstados()
2026-03-27 10:10:45.468 DEBUG 10280 --- [nio-8089-exec-8] o.s.jdbc.core.JdbcTemplate               : Executing SQL query [EXEC spx_ObtenerTipoServicio]
2026-03-27 10:10:45.473 DEBUG 10280 --- [nio-8089-exec-1] o.s.jdbc.core.JdbcTemplate               : Executing SQL query [EXEC sp_ObtenerEstado]
2026-03-27 10:10:45.469 DEBUG 10280 --- [nio-8089-exec-9] o.s.jdbc.datasource.DataSourceUtils      : Fetching JDBC Connection from DataSource
2026-03-27 10:10:45.473 DEBUG 10280 --- [nio-8089-exec-8] o.s.jdbc.datasource.DataSourceUtils      : Fetching JDBC Connection from DataSource
2026-03-27 10:10:45.473 DEBUG 10280 --- [nio-8089-exec-1] o.s.jdbc.datasource.DataSourceUtils      : Fetching JDBC Connection from DataSource
2026-03-27 10:10:45.569 DEBUG 10280 --- [onnection adder] com.zaxxer.hikari.pool.HikariPool        : HikariPool-1 - Added connection ConnectionID:11 ClientConnectionId: b7378613-118f-4638-993f-fbc0cf300eec
2026-03-27 10:10:45.582 DEBUG 10280 --- [nio-8089-exec-5] o.s.w.s.m.m.a.HttpEntityMethodProcessor  : Using 'application/json', given [application/json, text/plain, */*] and supported [application/json, application/*+json, application/json, application/*+json]
2026-03-27 10:10:45.584 DEBUG 10280 --- [nio-8089-exec-5] o.s.w.s.m.m.a.HttpEntityMethodProcessor  : Writing [com.example.TigoStarSystem.common.ApiResponse@4e5beed]
2026-03-27 10:10:45.585 DEBUG 10280 --- [nio-8089-exec-5] o.s.web.servlet.DispatcherServlet        : Completed 200 OK
2026-03-27 10:10:45.590 DEBUG 10280 --- [nio-8089-exec-9] o.s.w.s.m.m.a.HttpEntityMethodProcessor  : Using 'application/json', given [application/json, text/plain, */*] and supported [application/json, application/*+json, application/json, application/*+json]
2026-03-27 10:10:45.590 DEBUG 10280 --- [nio-8089-exec-9] o.s.w.s.m.m.a.HttpEntityMethodProcessor  : Writing [com.example.TigoStarSystem.common.ApiResponse@5589aadf]
2026-03-27 10:10:45.592 DEBUG 10280 --- [nio-8089-exec-9] o.s.web.servlet.DispatcherServlet        : Completed 200 OK
2026-03-27 10:10:45.596 DEBUG 10280 --- [nio-8089-exec-8] o.s.w.s.m.m.a.HttpEntityMethodProcessor  : Using 'application/json', given [application/json, text/plain, */*] and supported [application/json, application/*+json, application/json, application/*+json]
2026-03-27 10:10:45.597 DEBUG 10280 --- [nio-8089-exec-8] o.s.w.s.m.m.a.HttpEntityMethodProcessor  : Writing [com.example.TigoStarSystem.common.ApiResponse@113766ff]
2026-03-27 10:10:45.598 DEBUG 10280 --- [nio-8089-exec-8] o.s.web.servlet.DispatcherServlet        : Completed 200 OK
2026-03-27 10:10:45.604 DEBUG 10280 --- [nio-8089-exec-1] o.s.w.s.m.m.a.HttpEntityMethodProcessor  : Using 'application/json', given [application/json, text/plain, */*] and supported [application/json, application/*+json, application/json, application/*+json]
2026-03-27 10:10:45.605 DEBUG 10280 --- [nio-8089-exec-1] o.s.w.s.m.m.a.HttpEntityMethodProcessor  : Writing [com.example.TigoStarSystem.common.ApiResponse@ba476f8]
2026-03-27 10:10:45.606 DEBUG 10280 --- [nio-8089-exec-1] o.s.web.servlet.DispatcherServlet        : Completed 200 OK
2026-03-27 10:10:45.648 DEBUG 10280 --- [onnection adder] com.zaxxer.hikari.pool.HikariPool        : HikariPool-1 - Added connection ConnectionID:12 ClientConnectionId: e46ff3b4-349e-4eaa-8ee4-820769df4688
2026-03-27 10:10:48.842 DEBUG 10280 --- [ool housekeeper] com.zaxxer.hikari.pool.HikariPool        : CentralHikariPool - Before cleanup stats (total=1, active=0, idle=1, waiting=0)
2026-03-27 10:10:48.842 DEBUG 10280 --- [ool housekeeper] com.zaxxer.hikari.pool.HikariPool        : CentralHikariPool - After cleanup  stats (total=1, active=0, idle=1, waiting=0)
2026-03-27 10:10:48.843 DEBUG 10280 --- [ool housekeeper] com.zaxxer.hikari.pool.HikariPool        : CentralHikariPool - Fill pool skipped, pool is at sufficient level.
2026-03-27 10:10:54.036 DEBUG 10280 --- [ruz housekeeper] com.zaxxer.hikari.pool.HikariPool        : ConnDb-Santa_Cruz - Before cleanup stats (total=0, active=0, idle=0, waiting=0)
2026-03-27 10:10:54.037 DEBUG 10280 --- [ruz housekeeper] com.zaxxer.hikari.pool.HikariPool        : ConnDb-Santa_Cruz - After cleanup  stats (total=0, active=0, idle=0, waiting=0)
2026-03-27 10:10:54.037 DEBUG 10280 --- [ruz housekeeper] com.zaxxer.hikari.pool.HikariPool        : ConnDb-Santa_Cruz - Fill pool skipped, pool is at sufficient level.
2026-03-27 10:10:55.799 DEBUG 10280 --- [l-1 housekeeper] com.zaxxer.hikari.pool.HikariPool        : HikariPool-1 - Before cleanup stats (total=2, active=0, idle=2, waiting=0)
2026-03-27 10:10:55.801 DEBUG 10280 --- [l-1 housekeeper] com.zaxxer.hikari.pool.HikariPool        : HikariPool-1 - After cleanup  stats (total=2, active=0, idle=2, waiting=0)
2026-03-27 10:10:55.849 DEBUG 10280 --- [l-1 housekeeper] com.zaxxer.hikari.pool.HikariPool        : HikariPool-1 - Fill pool skipped, pool is at sufficient level.
2026-03-27 10:11:15.387 DEBUG 10280 --- [io-8089-exec-10] o.s.web.servlet.DispatcherServlet        : GET "/catalogos/tipo-servicio", parameters={}
2026-03-27 10:11:15.387 DEBUG 10280 --- [nio-8089-exec-6] o.s.web.servlet.DispatcherServlet        : GET "/catalogos/tecnicos", parameters={}
2026-03-27 10:11:15.387 DEBUG 10280 --- [nio-8089-exec-2] o.s.web.servlet.DispatcherServlet        : GET "/catalogos/rutas?tecnicoId=97", parameters={masked}
2026-03-27 10:11:15.387 DEBUG 10280 --- [nio-8089-exec-7] o.s.web.servlet.DispatcherServlet        : GET "/catalogos/estados", parameters={}
2026-03-27 10:11:15.587 DEBUG 10280 --- [io-8089-exec-10] s.w.s.m.m.a.RequestMappingHandlerMapping : Mapped to com.example.TigoStarSystem.catalogo.controller.CatalogoController#listarTipoServicio()
2026-03-27 10:11:15.591 DEBUG 10280 --- [nio-8089-exec-6] s.w.s.m.m.a.RequestMappingHandlerMapping : Mapped to com.example.TigoStarSystem.catalogo.controller.CatalogoController#listarTecnicos()
2026-03-27 10:11:15.596 DEBUG 10280 --- [nio-8089-exec-2] s.w.s.m.m.a.RequestMappingHandlerMapping : Mapped to com.example.TigoStarSystem.catalogo.controller.CatalogoController#listarRutas(Integer)
2026-03-27 10:11:15.598 DEBUG 10280 --- [nio-8089-exec-7] s.w.s.m.m.a.RequestMappingHandlerMapping : Mapped to com.example.TigoStarSystem.catalogo.controller.CatalogoController#listarEstados()
2026-03-27 10:11:15.891 DEBUG 10280 --- [io-8089-exec-10] o.s.jdbc.core.JdbcTemplate               : Executing SQL query [EXEC spx_ObtenerTipoServicio]
2026-03-27 10:11:16.009 DEBUG 10280 --- [nio-8089-exec-6] o.s.jdbc.core.JdbcTemplate               : Executing SQL query [EXEC spx_ObtenerTecnicosEnRuta]
2026-03-27 10:11:16.019 DEBUG 10280 --- [nio-8089-exec-2] o.s.jdbc.core.JdbcTemplate               : Executing prepared SQL query
2026-03-27 10:11:16.441 DEBUG 10280 --- [nio-8089-exec-2] o.s.jdbc.core.JdbcTemplate               : Executing prepared SQL statement [EXEC spx_ObtenerRutaXIdTecnico ?]
2026-03-27 10:11:16.030 DEBUG 10280 --- [nio-8089-exec-7] o.s.jdbc.core.JdbcTemplate               : Executing SQL query [EXEC sp_ObtenerEstado]
2026-03-27 10:11:16.442 DEBUG 10280 --- [nio-8089-exec-7] o.s.jdbc.datasource.DataSourceUtils      : Fetching JDBC Connection from DataSource
2026-03-27 10:11:16.040 DEBUG 10280 --- [io-8089-exec-10] o.s.jdbc.datasource.DataSourceUtils      : Fetching JDBC Connection from DataSource
2026-03-27 10:11:16.441 DEBUG 10280 --- [nio-8089-exec-6] o.s.jdbc.datasource.DataSourceUtils      : Fetching JDBC Connection from DataSource
2026-03-27 10:11:16.442 DEBUG 10280 --- [nio-8089-exec-2] o.s.jdbc.datasource.DataSourceUtils      : Fetching JDBC Connection from DataSource
2026-03-27 10:11:16.447 DEBUG 10280 --- [nio-8089-exec-7] o.s.w.s.m.m.a.HttpEntityMethodProcessor  : Using 'application/json', given [application/json, text/plain, */*] and supported [application/json, application/*+json, application/json, application/*+json]
2026-03-27 10:11:16.447 DEBUG 10280 --- [nio-8089-exec-7] o.s.w.s.m.m.a.HttpEntityMethodProcessor  : Writing [com.example.TigoStarSystem.common.ApiResponse@543d452f]
2026-03-27 10:11:16.449 DEBUG 10280 --- [nio-8089-exec-7] o.s.web.servlet.DispatcherServlet        : Completed 200 OK
2026-03-27 10:11:16.449 DEBUG 10280 --- [io-8089-exec-10] o.s.w.s.m.m.a.HttpEntityMethodProcessor  : Using 'application/json', given [application/json, text/plain, */*] and supported [application/json, application/*+json, application/json, application/*+json]
2026-03-27 10:11:16.451 DEBUG 10280 --- [io-8089-exec-10] o.s.w.s.m.m.a.HttpEntityMethodProcessor  : Writing [com.example.TigoStarSystem.common.ApiResponse@4568c4a1]
2026-03-27 10:11:16.451 DEBUG 10280 --- [nio-8089-exec-6] o.s.w.s.m.m.a.HttpEntityMethodProcessor  : Using 'application/json', given [application/json, text/plain, */*] and supported [application/json, application/*+json, application/json, application/*+json]
2026-03-27 10:11:16.453 DEBUG 10280 --- [nio-8089-exec-6] o.s.w.s.m.m.a.HttpEntityMethodProcessor  : Writing [com.example.TigoStarSystem.common.ApiResponse@29006f69]
2026-03-27 10:11:16.453 DEBUG 10280 --- [io-8089-exec-10] o.s.web.servlet.DispatcherServlet        : Completed 200 OK
2026-03-27 10:11:16.453 DEBUG 10280 --- [nio-8089-exec-2] o.s.w.s.m.m.a.HttpEntityMethodProcessor  : Using 'application/json', given [application/json, text/plain, */*] and supported [application/json, application/*+json, application/json, application/*+json]
2026-03-27 10:11:16.455 DEBUG 10280 --- [nio-8089-exec-6] o.s.web.servlet.DispatcherServlet        : Completed 200 OK
2026-03-27 10:11:16.455 DEBUG 10280 --- [nio-8089-exec-2] o.s.w.s.m.m.a.HttpEntityMethodProcessor  : Writing [com.example.TigoStarSystem.common.ApiResponse@58132caa]
2026-03-27 10:11:16.457 DEBUG 10280 --- [nio-8089-exec-2] o.s.web.servlet.DispatcherServlet        : Completed 200 OK
2026-03-27 10:11:16.467 DEBUG 10280 --- [onnection adder] com.zaxxer.hikari.pool.HikariPool        : HikariPool-1 - Added connection ConnectionID:13 ClientConnectionId: f52b7f04-2bb5-43c2-9abc-0aaa8d561a7c
2026-03-27 10:11:18.849 DEBUG 10280 --- [ool housekeeper] com.zaxxer.hikari.pool.HikariPool        : CentralHikariPool - Before cleanup stats (total=1, active=0, idle=1, waiting=0)
2026-03-27 10:11:18.869 DEBUG 10280 --- [ool housekeeper] com.zaxxer.hikari.pool.HikariPool        : CentralHikariPool - After cleanup  stats (total=1, active=0, idle=1, waiting=0)
2026-03-27 10:11:18.870 DEBUG 10280 --- [ool housekeeper] com.zaxxer.hikari.pool.HikariPool        : CentralHikariPool - Fill pool skipped, pool is at sufficient level.
2026-03-27 10:11:24.050 DEBUG 10280 --- [ruz housekeeper] com.zaxxer.hikari.pool.HikariPool        : ConnDb-Santa_Cruz - Before cleanup stats (total=0, active=0, idle=0, waiting=0)
2026-03-27 10:11:24.051 DEBUG 10280 --- [ruz housekeeper] com.zaxxer.hikari.pool.HikariPool        : ConnDb-Santa_Cruz - After cleanup  stats (total=0, active=0, idle=0, waiting=0)
2026-03-27 10:11:24.052 DEBUG 10280 --- [ruz housekeeper] com.zaxxer.hikari.pool.HikariPool        : ConnDb-Santa_Cruz - Fill pool skipped, pool is at sufficient level.
2026-03-27 10:11:25.863 DEBUG 10280 --- [l-1 housekeeper] com.zaxxer.hikari.pool.HikariPool        : HikariPool-1 - Before cleanup stats (total=3, active=0, idle=3, waiting=0)
2026-03-27 10:11:25.864 DEBUG 10280 --- [l-1 housekeeper] com.zaxxer.hikari.pool.HikariPool        : HikariPool-1 - After cleanup  stats (total=3, active=0, idle=3, waiting=0)
2026-03-27 10:11:25.864 DEBUG 10280 --- [l-1 housekeeper] com.zaxxer.hikari.pool.HikariPool        : HikariPool-1 - Fill pool skipped, pool is at sufficient level.
2026-03-27 10:11:48.882 DEBUG 10280 --- [ool housekeeper] com.zaxxer.hikari.pool.HikariPool        : CentralHikariPool - Before cleanup stats (total=1, active=0, idle=1, waiting=0)
2026-03-27 10:11:48.883 DEBUG 10280 --- [ool housekeeper] com.zaxxer.hikari.pool.HikariPool        : CentralHikariPool - After cleanup  stats (total=1, active=0, idle=1, waiting=0)
2026-03-27 10:11:48.884 DEBUG 10280 --- [ool housekeeper] com.zaxxer.hikari.pool.HikariPool        : CentralHikariPool - Fill pool skipped, pool is at sufficient level.
2026-03-27 10:11:54.070 DEBUG 10280 --- [ruz housekeeper] com.zaxxer.hikari.pool.HikariPool        : ConnDb-Santa_Cruz - Before cleanup stats (total=0, active=0, idle=0, waiting=0)
2026-03-27 10:11:54.071 DEBUG 10280 --- [ruz housekeeper] com.zaxxer.hikari.pool.HikariPool        : ConnDb-Santa_Cruz - After cleanup  stats (total=0, active=0, idle=0, waiting=0)
2026-03-27 10:11:54.072 DEBUG 10280 --- [ruz housekeeper] com.zaxxer.hikari.pool.HikariPool        : ConnDb-Santa_Cruz - Fill pool skipped, pool is at sufficient level.
2026-03-27 10:11:55.876 DEBUG 10280 --- [l-1 housekeeper] com.zaxxer.hikari.pool.HikariPool        : HikariPool-1 - Before cleanup stats (total=3, active=0, idle=3, waiting=0)
2026-03-27 10:11:55.876 DEBUG 10280 --- [l-1 housekeeper] com.zaxxer.hikari.pool.HikariPool        : HikariPool-1 - After cleanup  stats (total=3, active=0, idle=3, waiting=0)
2026-03-27 10:11:55.877 DEBUG 10280 --- [l-1 housekeeper] com.zaxxer.hikari.pool.HikariPool        : HikariPool-1 - Fill pool skipped, pool is at sufficient level.
2026-03-27 10:12:18.891 DEBUG 10280 --- [ool housekeeper] com.zaxxer.hikari.pool.HikariPool        : CentralHikariPool - Before cleanup stats (total=1, active=0, idle=1, waiting=0)
2026-03-27 10:12:19.042 DEBUG 10280 --- [ool housekeeper] com.zaxxer.hikari.pool.HikariPool        : CentralHikariPool - After cleanup  stats (total=1, active=0, idle=1, waiting=0)
2026-03-27 10:12:19.042 DEBUG 10280 --- [ool housekeeper] com.zaxxer.hikari.pool.HikariPool        : CentralHikariPool - Fill pool skipped, pool is at sufficient level.
2026-03-27 10:12:24.088 DEBUG 10280 --- [ruz housekeeper] com.zaxxer.hikari.pool.HikariPool        : ConnDb-Santa_Cruz - Before cleanup stats (total=0, active=0, idle=0, waiting=0)
2026-03-27 10:12:24.088 DEBUG 10280 --- [ruz housekeeper] com.zaxxer.hikari.pool.HikariPool        : ConnDb-Santa_Cruz - After cleanup  stats (total=0, active=0, idle=0, waiting=0)
2026-03-27 10:12:24.089 DEBUG 10280 --- [ruz housekeeper] com.zaxxer.hikari.pool.HikariPool        : ConnDb-Santa_Cruz - Fill pool skipped, pool is at sufficient level.
2026-03-27 10:12:25.895 DEBUG 10280 --- [l-1 housekeeper] com.zaxxer.hikari.pool.HikariPool        : HikariPool-1 - Before cleanup stats (total=3, active=0, idle=3, waiting=0)
2026-03-27 10:12:25.896 DEBUG 10280 --- [l-1 housekeeper] com.zaxxer.hikari.pool.HikariPool        : HikariPool-1 - After cleanup  stats (total=3, active=0, idle=3, waiting=0)
2026-03-27 10:12:25.897 DEBUG 10280 --- [l-1 housekeeper] com.zaxxer.hikari.pool.HikariPool        : HikariPool-1 - Fill pool skipped, pool is at sufficient level.
2026-03-27 10:12:34.715 DEBUG 10280 --- [l-1 housekeeper] com.zaxxer.hikari.pool.HikariPool        : HikariPool-1 - keepalive: connection ConnectionID:12 ClientConnectionId: e46ff3b4-349e-4eaa-8ee4-820769df4688 is alive
2026-03-27 10:12:35.793 DEBUG 10280 --- [ool housekeeper] com.zaxxer.hikari.pool.HikariPool        : CentralHikariPool - keepalive: connection ConnectionID:10 ClientConnectionId: 27fc58a1-3a1d-4301-9cc7-01140b23ff2d is alive
2026-03-27 10:12:36.867 DEBUG 10280 --- [l-1 housekeeper] com.zaxxer.hikari.pool.HikariPool        : HikariPool-1 - keepalive: connection ConnectionID:11 ClientConnectionId: b7378613-118f-4638-993f-fbc0cf300eec is alive
2026-03-27 10:12:38.938 DEBUG 10280 --- [nio-8089-exec-8] o.s.web.servlet.DispatcherServlet        : GET "/auth/permisos", parameters={}
2026-03-27 10:12:38.939 DEBUG 10280 --- [nio-8089-exec-8] s.w.s.m.m.a.RequestMappingHandlerMapping : Mapped to com.example.TigoStarSystem.auth.controller.AuthPermisosController#permisos(String)
2026-03-27 10:12:38.940 DEBUG 10280 --- [nio-8089-exec-8] o.s.jdbc.core.JdbcTemplate               : Executing SQL query [EXEC dbo.spx_ObtenerPrivilegiosRoles]
2026-03-27 10:12:38.941 DEBUG 10280 --- [nio-8089-exec-8] o.s.jdbc.datasource.DataSourceUtils      : Fetching JDBC Connection from DataSource
2026-03-27 10:12:38.952 DEBUG 10280 --- [nio-8089-exec-8] o.s.jdbc.core.JdbcTemplate               : Executing prepared SQL query
2026-03-27 10:12:39.024 DEBUG 10280 --- [nio-8089-exec-8] o.s.jdbc.core.JdbcTemplate               : Executing prepared SQL statement [EXEC dbo.spx_ObtenerPrivilegiosRolDetalle ?]
2026-03-27 10:12:39.025 DEBUG 10280 --- [nio-8089-exec-8] o.s.jdbc.datasource.DataSourceUtils      : Fetching JDBC Connection from DataSource
2026-03-27 10:12:39.107 DEBUG 10280 --- [nio-8089-exec-8] o.s.w.s.m.m.a.HttpEntityMethodProcessor  : Using 'application/json', given [application/json, text/plain, */*] and supported [application/json, application/*+json, application/json, application/*+json]
2026-03-27 10:12:39.151 DEBUG 10280 --- [nio-8089-exec-8] o.s.w.s.m.m.a.HttpEntityMethodProcessor  : Writing [com.example.TigoStarSystem.common.ApiResponse@4537ee52]
2026-03-27 10:12:39.191 DEBUG 10280 --- [nio-8089-exec-8] o.s.web.servlet.DispatcherServlet        : Completed 200 OK
2026-03-27 10:12:39.193 DEBUG 10280 --- [nio-8089-exec-1] o.s.web.servlet.DispatcherServlet        : GET "/auth/permisos", parameters={}
2026-03-27 10:12:39.194 DEBUG 10280 --- [nio-8089-exec-1] s.w.s.m.m.a.RequestMappingHandlerMapping : Mapped to com.example.TigoStarSystem.auth.controller.AuthPermisosController#permisos(String)
2026-03-27 10:12:39.195 DEBUG 10280 --- [nio-8089-exec-1] o.s.jdbc.core.JdbcTemplate               : Executing SQL query [EXEC dbo.spx_ObtenerPrivilegiosRoles]
2026-03-27 10:12:39.196 DEBUG 10280 --- [nio-8089-exec-1] o.s.jdbc.datasource.DataSourceUtils      : Fetching JDBC Connection from DataSource
2026-03-27 10:12:39.208 DEBUG 10280 --- [nio-8089-exec-1] o.s.jdbc.core.JdbcTemplate               : Executing prepared SQL query
2026-03-27 10:12:39.209 DEBUG 10280 --- [nio-8089-exec-1] o.s.jdbc.core.JdbcTemplate               : Executing prepared SQL statement [EXEC dbo.spx_ObtenerPrivilegiosRolDetalle ?]
2026-03-27 10:12:39.210 DEBUG 10280 --- [nio-8089-exec-1] o.s.jdbc.datasource.DataSourceUtils      : Fetching JDBC Connection from DataSource
2026-03-27 10:12:39.218 DEBUG 10280 --- [nio-8089-exec-7] o.s.web.servlet.DispatcherServlet        : GET "/catalogos/tecnicos", parameters={}
2026-03-27 10:12:39.219 DEBUG 10280 --- [nio-8089-exec-7] s.w.s.m.m.a.RequestMappingHandlerMapping : Mapped to com.example.TigoStarSystem.catalogo.controller.CatalogoController#listarTecnicos()
2026-03-27 10:12:39.220 DEBUG 10280 --- [nio-8089-exec-6] o.s.web.servlet.DispatcherServlet        : GET "/catalogos/tipo-servicio", parameters={}
2026-03-27 10:12:39.220 DEBUG 10280 --- [io-8089-exec-10] o.s.web.servlet.DispatcherServlet        : GET "/catalogos/rutas?tecnicoId=97", parameters={masked}
2026-03-27 10:12:39.220 DEBUG 10280 --- [nio-8089-exec-7] o.s.jdbc.core.JdbcTemplate               : Executing SQL query [EXEC spx_ObtenerTecnicosEnRuta]
2026-03-27 10:12:39.221 DEBUG 10280 --- [nio-8089-exec-6] s.w.s.m.m.a.RequestMappingHandlerMapping : Mapped to com.example.TigoStarSystem.catalogo.controller.CatalogoController#listarTipoServicio()
2026-03-27 10:12:39.221 DEBUG 10280 --- [io-8089-exec-10] s.w.s.m.m.a.RequestMappingHandlerMapping : Mapped to com.example.TigoStarSystem.catalogo.controller.CatalogoController#listarRutas(Integer)
2026-03-27 10:12:39.222 DEBUG 10280 --- [nio-8089-exec-2] o.s.web.servlet.DispatcherServlet        : GET "/catalogos/estados", parameters={}
2026-03-27 10:12:39.222 DEBUG 10280 --- [nio-8089-exec-7] o.s.jdbc.datasource.DataSourceUtils      : Fetching JDBC Connection from DataSource
2026-03-27 10:12:39.223 DEBUG 10280 --- [nio-8089-exec-6] o.s.jdbc.core.JdbcTemplate               : Executing SQL query [EXEC spx_ObtenerTipoServicio]
2026-03-27 10:12:39.223 DEBUG 10280 --- [io-8089-exec-10] o.s.jdbc.core.JdbcTemplate               : Executing prepared SQL query
2026-03-27 10:12:39.224 DEBUG 10280 --- [nio-8089-exec-1] o.s.w.s.m.m.a.HttpEntityMethodProcessor  : Using 'application/json', given [application/json, text/plain, */*] and supported [application/json, application/*+json, application/json, application/*+json]
2026-03-27 10:12:39.226 DEBUG 10280 --- [nio-8089-exec-2] s.w.s.m.m.a.RequestMappingHandlerMapping : Mapped to com.example.TigoStarSystem.catalogo.controller.CatalogoController#listarEstados()
2026-03-27 10:12:39.227 DEBUG 10280 --- [nio-8089-exec-6] o.s.jdbc.datasource.DataSourceUtils      : Fetching JDBC Connection from DataSource
2026-03-27 10:12:39.229 DEBUG 10280 --- [io-8089-exec-10] o.s.jdbc.core.JdbcTemplate               : Executing prepared SQL statement [EXEC spx_ObtenerRutaXIdTecnico ?]
2026-03-27 10:12:39.230 DEBUG 10280 --- [nio-8089-exec-1] o.s.w.s.m.m.a.HttpEntityMethodProcessor  : Writing [com.example.TigoStarSystem.common.ApiResponse@3f8048]
2026-03-27 10:12:39.231 DEBUG 10280 --- [nio-8089-exec-2] o.s.jdbc.core.JdbcTemplate               : Executing SQL query [EXEC sp_ObtenerEstado]
2026-03-27 10:12:39.232 DEBUG 10280 --- [io-8089-exec-10] o.s.jdbc.datasource.DataSourceUtils      : Fetching JDBC Connection from DataSource
2026-03-27 10:12:39.233 DEBUG 10280 --- [nio-8089-exec-7] o.s.w.s.m.m.a.HttpEntityMethodProcessor  : Using 'application/json', given [application/json, text/plain, */*] and supported [application/json, application/*+json, application/json, application/*+json]
2026-03-27 10:12:39.234 DEBUG 10280 --- [nio-8089-exec-1] o.s.web.servlet.DispatcherServlet        : Completed 200 OK
2026-03-27 10:12:39.235 DEBUG 10280 --- [nio-8089-exec-2] o.s.jdbc.datasource.DataSourceUtils      : Fetching JDBC Connection from DataSource
2026-03-27 10:12:39.236 DEBUG 10280 --- [nio-8089-exec-6] o.s.w.s.m.m.a.HttpEntityMethodProcessor  : Using 'application/json', given [application/json, text/plain, */*] and supported [application/json, application/*+json, application/json, application/*+json]
2026-03-27 10:12:39.236 DEBUG 10280 --- [nio-8089-exec-7] o.s.w.s.m.m.a.HttpEntityMethodProcessor  : Writing [com.example.TigoStarSystem.common.ApiResponse@6f0f8bb7]
2026-03-27 10:12:39.238 DEBUG 10280 --- [nio-8089-exec-6] o.s.w.s.m.m.a.HttpEntityMethodProcessor  : Writing [com.example.TigoStarSystem.common.ApiResponse@217b7108]
2026-03-27 10:12:39.239 DEBUG 10280 --- [io-8089-exec-10] o.s.w.s.m.m.a.HttpEntityMethodProcessor  : Using 'application/json', given [application/json, text/plain, */*] and supported [application/json, application/*+json, application/json, application/*+json]
2026-03-27 10:12:39.240 DEBUG 10280 --- [nio-8089-exec-2] o.s.w.s.m.m.a.HttpEntityMethodProcessor  : Using 'application/json', given [application/json, text/plain, */*] and supported [application/json, application/*+json, application/json, application/*+json]
2026-03-27 10:12:39.240 DEBUG 10280 --- [nio-8089-exec-7] o.s.web.servlet.DispatcherServlet        : Completed 200 OK
2026-03-27 10:12:39.242 DEBUG 10280 --- [io-8089-exec-10] o.s.w.s.m.m.a.HttpEntityMethodProcessor  : Writing [com.example.TigoStarSystem.common.ApiResponse@447b97b]
2026-03-27 10:12:39.242 DEBUG 10280 --- [nio-8089-exec-6] o.s.web.servlet.DispatcherServlet        : Completed 200 OK
2026-03-27 10:12:39.244 DEBUG 10280 --- [nio-8089-exec-2] o.s.w.s.m.m.a.HttpEntityMethodProcessor  : Writing [com.example.TigoStarSystem.common.ApiResponse@6d08d120]
2026-03-27 10:12:39.245 DEBUG 10280 --- [io-8089-exec-10] o.s.web.servlet.DispatcherServlet        : Completed 200 OK
2026-03-27 10:12:39.247 DEBUG 10280 --- [nio-8089-exec-2] o.s.web.servlet.DispatcherServlet        : Completed 200 OK
2026-03-27 10:12:49.056 DEBUG 10280 --- [ool housekeeper] com.zaxxer.hikari.pool.HikariPool        : CentralHikariPool - Before cleanup stats (total=1, active=0, idle=1, waiting=0)
2026-03-27 10:12:49.057 DEBUG 10280 --- [ool housekeeper] com.zaxxer.hikari.pool.HikariPool        : CentralHikariPool - After cleanup  stats (total=1, active=0, idle=1, waiting=0)
2026-03-27 10:12:49.057 DEBUG 10280 --- [ool housekeeper] com.zaxxer.hikari.pool.HikariPool        : CentralHikariPool - Fill pool skipped, pool is at sufficient level.
2026-03-27 10:12:54.100 DEBUG 10280 --- [ruz housekeeper] com.zaxxer.hikari.pool.HikariPool        : ConnDb-Santa_Cruz - Before cleanup stats (total=0, active=0, idle=0, waiting=0)
2026-03-27 10:12:54.106 DEBUG 10280 --- [ruz housekeeper] com.zaxxer.hikari.pool.HikariPool        : ConnDb-Santa_Cruz - After cleanup  stats (total=0, active=0, idle=0, waiting=0)
2026-03-27 10:12:54.106 DEBUG 10280 --- [ruz housekeeper] com.zaxxer.hikari.pool.HikariPool        : ConnDb-Santa_Cruz - Fill pool skipped, pool is at sufficient level.
2026-03-27 10:12:55.909 DEBUG 10280 --- [l-1 housekeeper] com.zaxxer.hikari.pool.HikariPool        : HikariPool-1 - Before cleanup stats (total=3, active=0, idle=3, waiting=0)
2026-03-27 10:12:55.910 DEBUG 10280 --- [l-1 housekeeper] com.zaxxer.hikari.pool.HikariPool        : HikariPool-1 - After cleanup  stats (total=3, active=0, idle=3, waiting=0)
2026-03-27 10:12:55.911 DEBUG 10280 --- [l-1 housekeeper] com.zaxxer.hikari.pool.HikariPool        : HikariPool-1 - Fill pool skipped, pool is at sufficient level.
2026-03-27 10:13:09.245 DEBUG 10280 --- [l-1 housekeeper] com.zaxxer.hikari.pool.HikariPool        : HikariPool-1 - keepalive: connection ConnectionID:13 ClientConnectionId: f52b7f04-2bb5-43c2-9abc-0aaa8d561a7c is alive
2026-03-27 10:13:19.063 DEBUG 10280 --- [ool housekeeper] com.zaxxer.hikari.pool.HikariPool        : CentralHikariPool - Before cleanup stats (total=1, active=0, idle=1, waiting=0)
2026-03-27 10:13:19.063 DEBUG 10280 --- [ool housekeeper] com.zaxxer.hikari.pool.HikariPool        : CentralHikariPool - After cleanup  stats (total=1, active=0, idle=1, waiting=0)
2026-03-27 10:13:19.064 DEBUG 10280 --- [ool housekeeper] com.zaxxer.hikari.pool.HikariPool        : CentralHikariPool - Fill pool skipped, pool is at sufficient level.
2026-03-27 10:13:24.125 DEBUG 10280 --- [ruz housekeeper] com.zaxxer.hikari.pool.HikariPool        : ConnDb-Santa_Cruz - Before cleanup stats (total=0, active=0, idle=0, waiting=0)
2026-03-27 10:13:24.125 DEBUG 10280 --- [ruz housekeeper] com.zaxxer.hikari.pool.HikariPool        : ConnDb-Santa_Cruz - After cleanup  stats (total=0, active=0, idle=0, waiting=0)
2026-03-27 10:13:24.126 DEBUG 10280 --- [ruz housekeeper] com.zaxxer.hikari.pool.HikariPool        : ConnDb-Santa_Cruz - Fill pool skipped, pool is at sufficient level.
2026-03-27 10:13:25.921 DEBUG 10280 --- [l-1 housekeeper] com.zaxxer.hikari.pool.HikariPool        : HikariPool-1 - Before cleanup stats (total=3, active=0, idle=3, waiting=0)
2026-03-27 10:13:25.922 DEBUG 10280 --- [l-1 housekeeper] com.zaxxer.hikari.pool.HikariPool        : HikariPool-1 - After cleanup  stats (total=3, active=0, idle=3, waiting=0)
2026-03-27 10:13:25.922 DEBUG 10280 --- [l-1 housekeeper] com.zaxxer.hikari.pool.HikariPool        : HikariPool-1 - Fill pool skipped, pool is at sufficient level.
2026-03-27 10:13:40.305 DEBUG 10280 --- [nio-8089-exec-1] o.s.web.servlet.DispatcherServlet        : GET "/catalogos/tecnicos", parameters={}
2026-03-27 10:13:40.306 DEBUG 10280 --- [io-8089-exec-10] o.s.web.servlet.DispatcherServlet        : GET "/catalogos/estados", parameters={}
2026-03-27 10:13:40.306 DEBUG 10280 --- [nio-8089-exec-6] o.s.web.servlet.DispatcherServlet        : GET "/catalogos/tipo-servicio", parameters={}
2026-03-27 10:13:40.306 DEBUG 10280 --- [nio-8089-exec-7] o.s.web.servlet.DispatcherServlet        : GET "/catalogos/rutas?tecnicoId=97", parameters={masked}
2026-03-27 10:13:40.313 DEBUG 10280 --- [nio-8089-exec-1] s.w.s.m.m.a.RequestMappingHandlerMapping : Mapped to com.example.TigoStarSystem.catalogo.controller.CatalogoController#listarTecnicos()
2026-03-27 10:13:40.315 DEBUG 10280 --- [io-8089-exec-10] s.w.s.m.m.a.RequestMappingHandlerMapping : Mapped to com.example.TigoStarSystem.catalogo.controller.CatalogoController#listarEstados()
2026-03-27 10:13:40.317 DEBUG 10280 --- [nio-8089-exec-6] s.w.s.m.m.a.RequestMappingHandlerMapping : Mapped to com.example.TigoStarSystem.catalogo.controller.CatalogoController#listarTipoServicio()
2026-03-27 10:13:40.322 DEBUG 10280 --- [nio-8089-exec-7] s.w.s.m.m.a.RequestMappingHandlerMapping : Mapped to com.example.TigoStarSystem.catalogo.controller.CatalogoController#listarRutas(Integer)
2026-03-27 10:13:40.327 DEBUG 10280 --- [nio-8089-exec-1] o.s.jdbc.core.JdbcTemplate               : Executing SQL query [EXEC spx_ObtenerTecnicosEnRuta]
2026-03-27 10:13:40.328 DEBUG 10280 --- [io-8089-exec-10] o.s.jdbc.core.JdbcTemplate               : Executing SQL query [EXEC sp_ObtenerEstado]
2026-03-27 10:13:40.332 DEBUG 10280 --- [nio-8089-exec-6] o.s.jdbc.core.JdbcTemplate               : Executing SQL query [EXEC spx_ObtenerTipoServicio]
2026-03-27 10:13:40.337 DEBUG 10280 --- [nio-8089-exec-7] o.s.jdbc.core.JdbcTemplate               : Executing prepared SQL query
2026-03-27 10:13:40.351 DEBUG 10280 --- [nio-8089-exec-7] o.s.jdbc.core.JdbcTemplate               : Executing prepared SQL statement [EXEC spx_ObtenerRutaXIdTecnico ?]
2026-03-27 10:13:40.338 DEBUG 10280 --- [nio-8089-exec-1] o.s.jdbc.datasource.DataSourceUtils      : Fetching JDBC Connection from DataSource
2026-03-27 10:13:40.341 DEBUG 10280 --- [io-8089-exec-10] o.s.jdbc.datasource.DataSourceUtils      : Fetching JDBC Connection from DataSource
2026-03-27 10:13:40.343 DEBUG 10280 --- [nio-8089-exec-6] o.s.jdbc.datasource.DataSourceUtils      : Fetching JDBC Connection from DataSource
2026-03-27 10:13:40.352 DEBUG 10280 --- [nio-8089-exec-7] o.s.jdbc.datasource.DataSourceUtils      : Fetching JDBC Connection from DataSource
2026-03-27 10:13:40.368 DEBUG 10280 --- [nio-8089-exec-1] o.s.w.s.m.m.a.HttpEntityMethodProcessor  : Using 'application/json', given [application/json, text/plain, */*] and supported [application/json, application/*+json, application/json, application/*+json]
2026-03-27 10:13:40.368 DEBUG 10280 --- [io-8089-exec-10] o.s.w.s.m.m.a.HttpEntityMethodProcessor  : Using 'application/json', given [application/json, text/plain, */*] and supported [application/json, application/*+json, application/json, application/*+json]
2026-03-27 10:13:40.370 DEBUG 10280 --- [nio-8089-exec-6] o.s.w.s.m.m.a.HttpEntityMethodProcessor  : Using 'application/json', given [application/json, text/plain, */*] and supported [application/json, application/*+json, application/json, application/*+json]
2026-03-27 10:13:40.370 DEBUG 10280 --- [nio-8089-exec-1] o.s.w.s.m.m.a.HttpEntityMethodProcessor  : Writing [com.example.TigoStarSystem.common.ApiResponse@25a779a]
2026-03-27 10:13:40.371 DEBUG 10280 --- [nio-8089-exec-7] o.s.w.s.m.m.a.HttpEntityMethodProcessor  : Using 'application/json', given [application/json, text/plain, */*] and supported [application/json, application/*+json, application/json, application/*+json]
2026-03-27 10:13:40.373 DEBUG 10280 --- [io-8089-exec-10] o.s.w.s.m.m.a.HttpEntityMethodProcessor  : Writing [com.example.TigoStarSystem.common.ApiResponse@49975238]
2026-03-27 10:13:40.377 DEBUG 10280 --- [nio-8089-exec-6] o.s.w.s.m.m.a.HttpEntityMethodProcessor  : Writing [com.example.TigoStarSystem.common.ApiResponse@753c3d2e]
2026-03-27 10:13:40.382 DEBUG 10280 --- [nio-8089-exec-1] o.s.web.servlet.DispatcherServlet        : Completed 200 OK
2026-03-27 10:13:40.387 DEBUG 10280 --- [nio-8089-exec-7] o.s.w.s.m.m.a.HttpEntityMethodProcessor  : Writing [com.example.TigoStarSystem.common.ApiResponse@5c25920f]
2026-03-27 10:13:40.391 DEBUG 10280 --- [io-8089-exec-10] o.s.web.servlet.DispatcherServlet        : Completed 200 OK
2026-03-27 10:13:40.393 DEBUG 10280 --- [nio-8089-exec-6] o.s.web.servlet.DispatcherServlet        : Completed 200 OK
2026-03-27 10:13:40.417 DEBUG 10280 --- [nio-8089-exec-7] o.s.web.servlet.DispatcherServlet        : Completed 200 OK
2026-03-27 10:13:49.080 DEBUG 10280 --- [ool housekeeper] com.zaxxer.hikari.pool.HikariPool        : CentralHikariPool - Before cleanup stats (total=1, active=0, idle=1, waiting=0)
2026-03-27 10:13:49.081 DEBUG 10280 --- [ool housekeeper] com.zaxxer.hikari.pool.HikariPool        : CentralHikariPool - After cleanup  stats (total=1, active=0, idle=1, waiting=0)
2026-03-27 10:13:49.082 DEBUG 10280 --- [ool housekeeper] com.zaxxer.hikari.pool.HikariPool        : CentralHikariPool - Fill pool skipped, pool is at sufficient level.
2026-03-27 10:13:54.128 DEBUG 10280 --- [ruz housekeeper] com.zaxxer.hikari.pool.HikariPool        : ConnDb-Santa_Cruz - Before cleanup stats (total=0, active=0, idle=0, waiting=0)
2026-03-27 10:13:54.129 DEBUG 10280 --- [ruz housekeeper] com.zaxxer.hikari.pool.HikariPool        : ConnDb-Santa_Cruz - After cleanup  stats (total=0, active=0, idle=0, waiting=0)
2026-03-27 10:13:54.131 DEBUG 10280 --- [ruz housekeeper] com.zaxxer.hikari.pool.HikariPool        : ConnDb-Santa_Cruz - Fill pool skipped, pool is at sufficient level.
2026-03-27 10:13:55.930 DEBUG 10280 --- [l-1 housekeeper] com.zaxxer.hikari.pool.HikariPool        : HikariPool-1 - Before cleanup stats (total=3, active=0, idle=3, waiting=0)
2026-03-27 10:13:56.014 DEBUG 10280 --- [l-1 housekeeper] com.zaxxer.hikari.pool.HikariPool        : HikariPool-1 - After cleanup  stats (total=3, active=0, idle=3, waiting=0)
2026-03-27 10:13:56.015 DEBUG 10280 --- [l-1 housekeeper] com.zaxxer.hikari.pool.HikariPool        : HikariPool-1 - Fill pool skipped, pool is at sufficient level.
2026-03-27 10:14:03.835 DEBUG 10280 --- [nio-8089-exec-2] o.s.web.servlet.DispatcherServlet        : GET "/auth/permisos", parameters={}
2026-03-27 10:14:03.854 DEBUG 10280 --- [nio-8089-exec-2] s.w.s.m.m.a.RequestMappingHandlerMapping : Mapped to com.example.TigoStarSystem.auth.controller.AuthPermisosController#permisos(String)
2026-03-27 10:14:03.856 DEBUG 10280 --- [nio-8089-exec-2] o.s.jdbc.core.JdbcTemplate               : Executing SQL query [EXEC dbo.spx_ObtenerPrivilegiosRoles]
2026-03-27 10:14:03.993 DEBUG 10280 --- [nio-8089-exec-2] o.s.jdbc.datasource.DataSourceUtils      : Fetching JDBC Connection from DataSource
2026-03-27 10:14:04.057 DEBUG 10280 --- [nio-8089-exec-2] o.s.jdbc.core.JdbcTemplate               : Executing prepared SQL query
2026-03-27 10:14:04.057 DEBUG 10280 --- [nio-8089-exec-2] o.s.jdbc.core.JdbcTemplate               : Executing prepared SQL statement [EXEC dbo.spx_ObtenerPrivilegiosRolDetalle ?]
2026-03-27 10:14:04.058 DEBUG 10280 --- [nio-8089-exec-2] o.s.jdbc.datasource.DataSourceUtils      : Fetching JDBC Connection from DataSource
2026-03-27 10:14:04.064 DEBUG 10280 --- [nio-8089-exec-2] o.s.w.s.m.m.a.HttpEntityMethodProcessor  : Using 'application/json', given [application/json, text/plain, */*] and supported [application/json, application/*+json, application/json, application/*+json]
2026-03-27 10:14:04.065 DEBUG 10280 --- [nio-8089-exec-2] o.s.w.s.m.m.a.HttpEntityMethodProcessor  : Writing [com.example.TigoStarSystem.common.ApiResponse@2c3fc657]
2026-03-27 10:14:04.066 DEBUG 10280 --- [nio-8089-exec-2] o.s.web.servlet.DispatcherServlet        : Completed 200 OK
2026-03-27 10:14:04.067 DEBUG 10280 --- [nio-8089-exec-9] o.s.web.servlet.DispatcherServlet        : GET "/auth/permisos", parameters={}
2026-03-27 10:14:04.068 DEBUG 10280 --- [nio-8089-exec-9] s.w.s.m.m.a.RequestMappingHandlerMapping : Mapped to com.example.TigoStarSystem.auth.controller.AuthPermisosController#permisos(String)
2026-03-27 10:14:04.069 DEBUG 10280 --- [nio-8089-exec-9] o.s.jdbc.core.JdbcTemplate               : Executing SQL query [EXEC dbo.spx_ObtenerPrivilegiosRoles]
2026-03-27 10:14:04.069 DEBUG 10280 --- [nio-8089-exec-9] o.s.jdbc.datasource.DataSourceUtils      : Fetching JDBC Connection from DataSource
2026-03-27 10:14:04.073 DEBUG 10280 --- [nio-8089-exec-9] o.s.jdbc.core.JdbcTemplate               : Executing prepared SQL query
2026-03-27 10:14:04.096 DEBUG 10280 --- [nio-8089-exec-8] o.s.web.servlet.DispatcherServlet        : GET "/catalogos/tecnicos", parameters={}
2026-03-27 10:14:04.097 DEBUG 10280 --- [nio-8089-exec-3] o.s.web.servlet.DispatcherServlet        : GET "/catalogos/rutas?tecnicoId=97", parameters={masked}
2026-03-27 10:14:04.098 DEBUG 10280 --- [nio-8089-exec-5] o.s.web.servlet.DispatcherServlet        : GET "/catalogos/tipo-servicio", parameters={}
2026-03-27 10:14:04.099 DEBUG 10280 --- [nio-8089-exec-4] o.s.web.servlet.DispatcherServlet        : GET "/catalogos/estados", parameters={}
2026-03-27 10:14:04.225 DEBUG 10280 --- [nio-8089-exec-9] o.s.jdbc.core.JdbcTemplate               : Executing prepared SQL statement [EXEC dbo.spx_ObtenerPrivilegiosRolDetalle ?]
2026-03-27 10:14:04.313 DEBUG 10280 --- [nio-8089-exec-9] o.s.jdbc.datasource.DataSourceUtils      : Fetching JDBC Connection from DataSource
2026-03-27 10:14:04.226 DEBUG 10280 --- [nio-8089-exec-8] s.w.s.m.m.a.RequestMappingHandlerMapping : Mapped to com.example.TigoStarSystem.catalogo.controller.CatalogoController#listarTecnicos()
2026-03-27 10:14:04.311 DEBUG 10280 --- [nio-8089-exec-3] s.w.s.m.m.a.RequestMappingHandlerMapping : Mapped to com.example.TigoStarSystem.catalogo.controller.CatalogoController#listarRutas(Integer)
2026-03-27 10:14:04.312 DEBUG 10280 --- [nio-8089-exec-5] s.w.s.m.m.a.RequestMappingHandlerMapping : Mapped to com.example.TigoStarSystem.catalogo.controller.CatalogoController#listarTipoServicio()
2026-03-27 10:14:04.312 DEBUG 10280 --- [nio-8089-exec-4] s.w.s.m.m.a.RequestMappingHandlerMapping : Mapped to com.example.TigoStarSystem.catalogo.controller.CatalogoController#listarEstados()
2026-03-27 10:14:04.313 DEBUG 10280 --- [nio-8089-exec-8] o.s.jdbc.core.JdbcTemplate               : Executing SQL query [EXEC spx_ObtenerTecnicosEnRuta]
2026-03-27 10:14:04.314 DEBUG 10280 --- [nio-8089-exec-3] o.s.jdbc.core.JdbcTemplate               : Executing prepared SQL query
2026-03-27 10:14:04.320 DEBUG 10280 --- [nio-8089-exec-3] o.s.jdbc.core.JdbcTemplate               : Executing prepared SQL statement [EXEC spx_ObtenerRutaXIdTecnico ?]
2026-03-27 10:14:04.322 DEBUG 10280 --- [nio-8089-exec-3] o.s.jdbc.datasource.DataSourceUtils      : Fetching JDBC Connection from DataSource
2026-03-27 10:14:04.314 DEBUG 10280 --- [nio-8089-exec-5] o.s.jdbc.core.JdbcTemplate               : Executing SQL query [EXEC spx_ObtenerTipoServicio]
2026-03-27 10:14:04.315 DEBUG 10280 --- [nio-8089-exec-4] o.s.jdbc.core.JdbcTemplate               : Executing SQL query [EXEC sp_ObtenerEstado]
2026-03-27 10:14:04.322 DEBUG 10280 --- [nio-8089-exec-4] o.s.jdbc.datasource.DataSourceUtils      : Fetching JDBC Connection from DataSource
2026-03-27 10:14:04.316 DEBUG 10280 --- [nio-8089-exec-9] o.s.w.s.m.m.a.HttpEntityMethodProcessor  : Using 'application/json', given [application/json, text/plain, */*] and supported [application/json, application/*+json, application/json, application/*+json]
2026-03-27 10:14:04.320 DEBUG 10280 --- [nio-8089-exec-8] o.s.jdbc.datasource.DataSourceUtils      : Fetching JDBC Connection from DataSource
2026-03-27 10:14:04.322 DEBUG 10280 --- [nio-8089-exec-5] o.s.jdbc.datasource.DataSourceUtils      : Fetching JDBC Connection from DataSource
2026-03-27 10:14:04.324 DEBUG 10280 --- [nio-8089-exec-9] o.s.w.s.m.m.a.HttpEntityMethodProcessor  : Writing [com.example.TigoStarSystem.common.ApiResponse@18efae73]
2026-03-27 10:14:04.326 DEBUG 10280 --- [nio-8089-exec-9] o.s.web.servlet.DispatcherServlet        : Completed 200 OK
2026-03-27 10:14:04.362 DEBUG 10280 --- [nio-8089-exec-3] o.s.w.s.m.m.a.HttpEntityMethodProcessor  : Using 'application/json', given [application/json, text/plain, */*] and supported [application/json, application/*+json, application/json, application/*+json]
2026-03-27 10:14:04.365 DEBUG 10280 --- [nio-8089-exec-3] o.s.w.s.m.m.a.HttpEntityMethodProcessor  : Writing [com.example.TigoStarSystem.common.ApiResponse@732ebf44]
2026-03-27 10:14:04.367 DEBUG 10280 --- [nio-8089-exec-3] o.s.web.servlet.DispatcherServlet        : Completed 200 OK
2026-03-27 10:14:04.384 DEBUG 10280 --- [nio-8089-exec-4] o.s.w.s.m.m.a.HttpEntityMethodProcessor  : Using 'application/json', given [application/json, text/plain, */*] and supported [application/json, application/*+json, application/json, application/*+json]
2026-03-27 10:14:04.385 DEBUG 10280 --- [nio-8089-exec-8] o.s.w.s.m.m.a.HttpEntityMethodProcessor  : Using 'application/json', given [application/json, text/plain, */*] and supported [application/json, application/*+json, application/json, application/*+json]
2026-03-27 10:14:04.387 DEBUG 10280 --- [nio-8089-exec-4] o.s.w.s.m.m.a.HttpEntityMethodProcessor  : Writing [com.example.TigoStarSystem.common.ApiResponse@774eb371]
2026-03-27 10:14:04.387 DEBUG 10280 --- [nio-8089-exec-8] o.s.w.s.m.m.a.HttpEntityMethodProcessor  : Writing [com.example.TigoStarSystem.common.ApiResponse@42be35b1]
2026-03-27 10:14:04.388 DEBUG 10280 --- [nio-8089-exec-4] o.s.web.servlet.DispatcherServlet        : Completed 200 OK
2026-03-27 10:14:04.389 DEBUG 10280 --- [nio-8089-exec-8] o.s.web.servlet.DispatcherServlet        : Completed 200 OK
2026-03-27 10:14:04.413 DEBUG 10280 --- [nio-8089-exec-5] o.s.w.s.m.m.a.HttpEntityMethodProcessor  : Using 'application/json', given [application/json, text/plain, */*] and supported [application/json, application/*+json, application/json, application/*+json]
2026-03-27 10:14:04.419 DEBUG 10280 --- [nio-8089-exec-5] o.s.w.s.m.m.a.HttpEntityMethodProcessor  : Writing [com.example.TigoStarSystem.common.ApiResponse@56f3db58]
2026-03-27 10:14:04.421 DEBUG 10280 --- [nio-8089-exec-5] o.s.web.servlet.DispatcherServlet        : Completed 200 OK
2026-03-27 10:14:04.486 DEBUG 10280 --- [onnection adder] com.zaxxer.hikari.pool.HikariPool        : HikariPool-1 - Added connection ConnectionID:14 ClientConnectionId: e5c13979-70a6-4d74-b1ad-7101f0d9565d
2026-03-27 10:14:19.091 DEBUG 10280 --- [ool housekeeper] com.zaxxer.hikari.pool.HikariPool        : CentralHikariPool - Before cleanup stats (total=1, active=0, idle=1, waiting=0)
2026-03-27 10:14:19.091 DEBUG 10280 --- [ool housekeeper] com.zaxxer.hikari.pool.HikariPool        : CentralHikariPool - After cleanup  stats (total=1, active=0, idle=1, waiting=0)
2026-03-27 10:14:19.092 DEBUG 10280 --- [ool housekeeper] com.zaxxer.hikari.pool.HikariPool        : CentralHikariPool - Fill pool skipped, pool is at sufficient level.
2026-03-27 10:14:23.795 DEBUG 10280 --- [l-1 housekeeper] com.zaxxer.hikari.pool.HikariPool        : HikariPool-1 - keepalive: connection ConnectionID:12 ClientConnectionId: e46ff3b4-349e-4eaa-8ee4-820769df4688 is alive
2026-03-27 10:14:24.148 DEBUG 10280 --- [ruz housekeeper] com.zaxxer.hikari.pool.HikariPool        : ConnDb-Santa_Cruz - Before cleanup stats (total=0, active=0, idle=0, waiting=0)
2026-03-27 10:14:24.150 DEBUG 10280 --- [ruz housekeeper] com.zaxxer.hikari.pool.HikariPool        : ConnDb-Santa_Cruz - After cleanup  stats (total=0, active=0, idle=0, waiting=0)
2026-03-27 10:14:24.151 DEBUG 10280 --- [ruz housekeeper] com.zaxxer.hikari.pool.HikariPool        : ConnDb-Santa_Cruz - Fill pool skipped, pool is at sufficient level.
2026-03-27 10:14:26.022 DEBUG 10280 --- [l-1 housekeeper] com.zaxxer.hikari.pool.HikariPool        : HikariPool-1 - Before cleanup stats (total=4, active=0, idle=4, waiting=0)
2026-03-27 10:14:26.022 DEBUG 10280 --- [l-1 housekeeper] com.zaxxer.hikari.pool.HikariPool        : HikariPool-1 - After cleanup  stats (total=4, active=0, idle=4, waiting=0)
2026-03-27 10:14:26.023 DEBUG 10280 --- [l-1 housekeeper] com.zaxxer.hikari.pool.HikariPool        : HikariPool-1 - Fill pool skipped, pool is at sufficient level.
2026-03-27 10:14:26.164 DEBUG 10280 --- [ool housekeeper] com.zaxxer.hikari.pool.HikariPool        : CentralHikariPool - keepalive: connection ConnectionID:10 ClientConnectionId: 27fc58a1-3a1d-4301-9cc7-01140b23ff2d is alive
2026-03-27 10:14:28.175 DEBUG 10280 --- [l-1 housekeeper] com.zaxxer.hikari.pool.HikariPool        : HikariPool-1 - keepalive: connection ConnectionID:11 ClientConnectionId: b7378613-118f-4638-993f-fbc0cf300eec is alive
2026-03-27 10:14:49.099 DEBUG 10280 --- [ool housekeeper] com.zaxxer.hikari.pool.HikariPool        : CentralHikariPool - Before cleanup stats (total=1, active=0, idle=1, waiting=0)
2026-03-27 10:14:49.100 DEBUG 10280 --- [ool housekeeper] com.zaxxer.hikari.pool.HikariPool        : CentralHikariPool - After cleanup  stats (total=1, active=0, idle=1, waiting=0)
2026-03-27 10:14:49.101 DEBUG 10280 --- [ool housekeeper] com.zaxxer.hikari.pool.HikariPool        : CentralHikariPool - Fill pool skipped, pool is at sufficient level.
2026-03-27 10:14:54.157 DEBUG 10280 --- [ruz housekeeper] com.zaxxer.hikari.pool.HikariPool        : ConnDb-Santa_Cruz - Before cleanup stats (total=0, active=0, idle=0, waiting=0)
2026-03-27 10:14:54.167 DEBUG 10280 --- [ruz housekeeper] com.zaxxer.hikari.pool.HikariPool        : ConnDb-Santa_Cruz - After cleanup  stats (total=0, active=0, idle=0, waiting=0)
2026-03-27 10:14:54.168 DEBUG 10280 --- [ruz housekeeper] com.zaxxer.hikari.pool.HikariPool        : ConnDb-Santa_Cruz - Fill pool skipped, pool is at sufficient level.
2026-03-27 10:14:56.025 DEBUG 10280 --- [l-1 housekeeper] com.zaxxer.hikari.pool.HikariPool        : HikariPool-1 - Before cleanup stats (total=4, active=0, idle=4, waiting=0)
2026-03-27 10:14:56.025 DEBUG 10280 --- [l-1 housekeeper] com.zaxxer.hikari.pool.HikariPool        : HikariPool-1 - After cleanup  stats (total=4, active=0, idle=4, waiting=0)
2026-03-27 10:14:56.026 DEBUG 10280 --- [l-1 housekeeper] com.zaxxer.hikari.pool.HikariPool        : HikariPool-1 - Fill pool skipped, pool is at sufficient level.
2026-03-27 10:15:02.016 DEBUG 10280 --- [l-1 housekeeper] com.zaxxer.hikari.pool.HikariPool        : HikariPool-1 - keepalive: connection ConnectionID:13 ClientConnectionId: f52b7f04-2bb5-43c2-9abc-0aaa8d561a7c is alive
2026-03-27 10:15:19.114 DEBUG 10280 --- [ool housekeeper] com.zaxxer.hikari.pool.HikariPool        : CentralHikariPool - Before cleanup stats (total=1, active=0, idle=1, waiting=0)
2026-03-27 10:15:19.123 DEBUG 10280 --- [ool housekeeper] com.zaxxer.hikari.pool.HikariPool        : CentralHikariPool - After cleanup  stats (total=1, active=0, idle=1, waiting=0)
2026-03-27 10:15:19.124 DEBUG 10280 --- [ool housekeeper] com.zaxxer.hikari.pool.HikariPool        : CentralHikariPool - Fill pool skipped, pool is at sufficient level.
2026-03-27 10:15:24.176 DEBUG 10280 --- [ruz housekeeper] com.zaxxer.hikari.pool.HikariPool        : ConnDb-Santa_Cruz - Before cleanup stats (total=0, active=0, idle=0, waiting=0)
2026-03-27 10:15:24.177 DEBUG 10280 --- [ruz housekeeper] com.zaxxer.hikari.pool.HikariPool        : ConnDb-Santa_Cruz - After cleanup  stats (total=0, active=0, idle=0, waiting=0)
2026-03-27 10:15:24.178 DEBUG 10280 --- [ruz housekeeper] com.zaxxer.hikari.pool.HikariPool        : ConnDb-Santa_Cruz - Fill pool skipped, pool is at sufficient level.
2026-03-27 10:15:26.039 DEBUG 10280 --- [l-1 housekeeper] com.zaxxer.hikari.pool.HikariPool        : HikariPool-1 - Before cleanup stats (total=4, active=0, idle=4, waiting=0)
2026-03-27 10:15:26.039 DEBUG 10280 --- [l-1 housekeeper] com.zaxxer.hikari.pool.HikariPool        : HikariPool-1 - After cleanup  stats (total=4, active=0, idle=4, waiting=0)
2026-03-27 10:15:26.040 DEBUG 10280 --- [l-1 housekeeper] com.zaxxer.hikari.pool.HikariPool        : HikariPool-1 - Fill pool skipped, pool is at sufficient level.
2026-03-27 10:15:49.188 DEBUG 10280 --- [ool housekeeper] com.zaxxer.hikari.pool.HikariPool        : CentralHikariPool - Before cleanup stats (total=1, active=0, idle=1, waiting=0)
2026-03-27 10:15:49.189 DEBUG 10280 --- [ool housekeeper] com.zaxxer.hikari.pool.HikariPool        : CentralHikariPool - After cleanup  stats (total=1, active=0, idle=1, waiting=0)
2026-03-27 10:15:49.190 DEBUG 10280 --- [ool housekeeper] com.zaxxer.hikari.pool.HikariPool        : CentralHikariPool - Fill pool skipped, pool is at sufficient level.
2026-03-27 10:15:53.305 DEBUG 10280 --- [l-1 housekeeper] com.zaxxer.hikari.pool.HikariPool        : HikariPool-1 - keepalive: connection ConnectionID:14 ClientConnectionId: e5c13979-70a6-4d74-b1ad-7101f0d9565d is alive
2026-03-27 10:15:54.192 DEBUG 10280 --- [ruz housekeeper] com.zaxxer.hikari.pool.HikariPool        : ConnDb-Santa_Cruz - Before cleanup stats (total=0, active=0, idle=0, waiting=0)
2026-03-27 10:15:54.193 DEBUG 10280 --- [ruz housekeeper] com.zaxxer.hikari.pool.HikariPool        : ConnDb-Santa_Cruz - After cleanup  stats (total=0, active=0, idle=0, waiting=0)
2026-03-27 10:15:54.193 DEBUG 10280 --- [ruz housekeeper] com.zaxxer.hikari.pool.HikariPool        : ConnDb-Santa_Cruz - Fill pool skipped, pool is at sufficient level.
2026-03-27 10:15:56.044 DEBUG 10280 --- [l-1 housekeeper] com.zaxxer.hikari.pool.HikariPool        : HikariPool-1 - Before cleanup stats (total=4, active=0, idle=4, waiting=0)
2026-03-27 10:15:56.071 DEBUG 10280 --- [l-1 housekeeper] com.zaxxer.hikari.pool.HikariPool        : HikariPool-1 - After cleanup  stats (total=4, active=0, idle=4, waiting=0)
2026-03-27 10:15:56.071 DEBUG 10280 --- [l-1 housekeeper] com.zaxxer.hikari.pool.HikariPool        : HikariPool-1 - Fill pool skipped, pool is at sufficient level.
2026-03-27 10:15:57.321 DEBUG 10280 --- [nio-8089-exec-9] o.s.web.servlet.DispatcherServlet        : GET "/catalogos/tecnicos", parameters={}
2026-03-27 10:15:57.594 DEBUG 10280 --- [nio-8089-exec-9] s.w.s.m.m.a.RequestMappingHandlerMapping : Mapped to com.example.TigoStarSystem.catalogo.controller.CatalogoController#listarTecnicos()
2026-03-27 10:15:57.323 DEBUG 10280 --- [nio-8089-exec-4] o.s.web.servlet.DispatcherServlet        : GET "/catalogos/tipo-servicio", parameters={}
2026-03-27 10:15:57.605 DEBUG 10280 --- [nio-8089-exec-4] s.w.s.m.m.a.RequestMappingHandlerMapping : Mapped to com.example.TigoStarSystem.catalogo.controller.CatalogoController#listarTipoServicio()
2026-03-27 10:15:57.606 DEBUG 10280 --- [nio-8089-exec-4] o.s.jdbc.core.JdbcTemplate               : Executing SQL query [EXEC spx_ObtenerTipoServicio]
2026-03-27 10:15:57.607 DEBUG 10280 --- [nio-8089-exec-4] o.s.jdbc.datasource.DataSourceUtils      : Fetching JDBC Connection from DataSource
2026-03-27 10:15:57.323 DEBUG 10280 --- [nio-8089-exec-3] o.s.web.servlet.DispatcherServlet        : GET "/catalogos/rutas?tecnicoId=97", parameters={masked}
2026-03-27 10:15:57.608 DEBUG 10280 --- [nio-8089-exec-3] s.w.s.m.m.a.RequestMappingHandlerMapping : Mapped to com.example.TigoStarSystem.catalogo.controller.CatalogoController#listarRutas(Integer)
2026-03-27 10:15:57.611 DEBUG 10280 --- [nio-8089-exec-3] o.s.jdbc.core.JdbcTemplate               : Executing prepared SQL query
2026-03-27 10:15:57.612 DEBUG 10280 --- [nio-8089-exec-3] o.s.jdbc.core.JdbcTemplate               : Executing prepared SQL statement [EXEC spx_ObtenerRutaXIdTecnico ?]
2026-03-27 10:15:57.613 DEBUG 10280 --- [nio-8089-exec-3] o.s.jdbc.datasource.DataSourceUtils      : Fetching JDBC Connection from DataSource
2026-03-27 10:15:57.323 DEBUG 10280 --- [nio-8089-exec-8] o.s.web.servlet.DispatcherServlet        : GET "/catalogos/estados", parameters={}
2026-03-27 10:15:57.604 DEBUG 10280 --- [nio-8089-exec-9] o.s.jdbc.core.JdbcTemplate               : Executing SQL query [EXEC spx_ObtenerTecnicosEnRuta]
2026-03-27 10:15:57.615 DEBUG 10280 --- [nio-8089-exec-8] s.w.s.m.m.a.RequestMappingHandlerMapping : Mapped to com.example.TigoStarSystem.catalogo.controller.CatalogoController#listarEstados()
2026-03-27 10:15:57.615 DEBUG 10280 --- [nio-8089-exec-9] o.s.jdbc.datasource.DataSourceUtils      : Fetching JDBC Connection from DataSource
2026-03-27 10:15:57.617 DEBUG 10280 --- [nio-8089-exec-8] o.s.jdbc.core.JdbcTemplate               : Executing SQL query [EXEC sp_ObtenerEstado]
2026-03-27 10:15:57.619 DEBUG 10280 --- [nio-8089-exec-8] o.s.jdbc.datasource.DataSourceUtils      : Fetching JDBC Connection from DataSource
2026-03-27 10:15:57.620 DEBUG 10280 --- [nio-8089-exec-3] o.s.w.s.m.m.a.HttpEntityMethodProcessor  : Using 'application/json', given [application/json, text/plain, */*] and supported [application/json, application/*+json, application/json, application/*+json]
2026-03-27 10:15:57.621 DEBUG 10280 --- [nio-8089-exec-3] o.s.w.s.m.m.a.HttpEntityMethodProcessor  : Writing [com.example.TigoStarSystem.common.ApiResponse@357bf2e3]
2026-03-27 10:15:57.622 DEBUG 10280 --- [nio-8089-exec-3] o.s.web.servlet.DispatcherServlet        : Completed 200 OK
2026-03-27 10:15:57.623 DEBUG 10280 --- [nio-8089-exec-4] o.s.w.s.m.m.a.HttpEntityMethodProcessor  : Using 'application/json', given [application/json, text/plain, */*] and supported [application/json, application/*+json, application/json, application/*+json]
2026-03-27 10:15:57.625 DEBUG 10280 --- [nio-8089-exec-4] o.s.w.s.m.m.a.HttpEntityMethodProcessor  : Writing [com.example.TigoStarSystem.common.ApiResponse@642277eb]
2026-03-27 10:15:57.626 DEBUG 10280 --- [nio-8089-exec-8] o.s.w.s.m.m.a.HttpEntityMethodProcessor  : Using 'application/json', given [application/json, text/plain, */*] and supported [application/json, application/*+json, application/json, application/*+json]
2026-03-27 10:15:57.627 DEBUG 10280 --- [nio-8089-exec-8] o.s.w.s.m.m.a.HttpEntityMethodProcessor  : Writing [com.example.TigoStarSystem.common.ApiResponse@3b144db3]
2026-03-27 10:15:57.627 DEBUG 10280 --- [nio-8089-exec-9] o.s.w.s.m.m.a.HttpEntityMethodProcessor  : Using 'application/json', given [application/json, text/plain, */*] and supported [application/json, application/*+json, application/json, application/*+json]
2026-03-27 10:15:57.628 DEBUG 10280 --- [nio-8089-exec-4] o.s.web.servlet.DispatcherServlet        : Completed 200 OK
2026-03-27 10:15:57.629 DEBUG 10280 --- [nio-8089-exec-9] o.s.w.s.m.m.a.HttpEntityMethodProcessor  : Writing [com.example.TigoStarSystem.common.ApiResponse@2960624]
2026-03-27 10:15:57.629 DEBUG 10280 --- [nio-8089-exec-8] o.s.web.servlet.DispatcherServlet        : Completed 200 OK
2026-03-27 10:15:57.632 DEBUG 10280 --- [nio-8089-exec-9] o.s.web.servlet.DispatcherServlet        : Completed 200 OK
2026-03-27 10:16:12.866 DEBUG 10280 --- [l-1 housekeeper] com.zaxxer.hikari.pool.HikariPool        : HikariPool-1 - keepalive: connection ConnectionID:12 ClientConnectionId: e46ff3b4-349e-4eaa-8ee4-820769df4688 is alive
2026-03-27 10:16:16.529 DEBUG 10280 --- [ool housekeeper] com.zaxxer.hikari.pool.HikariPool        : CentralHikariPool - keepalive: connection ConnectionID:10 ClientConnectionId: 27fc58a1-3a1d-4301-9cc7-01140b23ff2d is alive
2026-03-27 10:16:19.201 DEBUG 10280 --- [ool housekeeper] com.zaxxer.hikari.pool.HikariPool        : CentralHikariPool - Before cleanup stats (total=1, active=0, idle=1, waiting=0)
2026-03-27 10:16:19.201 DEBUG 10280 --- [ool housekeeper] com.zaxxer.hikari.pool.HikariPool        : CentralHikariPool - After cleanup  stats (total=1, active=0, idle=1, waiting=0)
2026-03-27 10:16:19.202 DEBUG 10280 --- [ool housekeeper] com.zaxxer.hikari.pool.HikariPool        : CentralHikariPool - Fill pool skipped, pool is at sufficient level.
2026-03-27 10:16:19.470 DEBUG 10280 --- [l-1 housekeeper] com.zaxxer.hikari.pool.HikariPool        : HikariPool-1 - keepalive: connection ConnectionID:11 ClientConnectionId: b7378613-118f-4638-993f-fbc0cf300eec is alive
2026-03-27 10:16:24.201 DEBUG 10280 --- [ruz housekeeper] com.zaxxer.hikari.pool.HikariPool        : ConnDb-Santa_Cruz - Before cleanup stats (total=0, active=0, idle=0, waiting=0)
2026-03-27 10:16:24.246 DEBUG 10280 --- [ruz housekeeper] com.zaxxer.hikari.pool.HikariPool        : ConnDb-Santa_Cruz - After cleanup  stats (total=0, active=0, idle=0, waiting=0)
2026-03-27 10:16:24.349 DEBUG 10280 --- [ruz housekeeper] com.zaxxer.hikari.pool.HikariPool        : ConnDb-Santa_Cruz - Fill pool skipped, pool is at sufficient level.
2026-03-27 10:16:26.086 DEBUG 10280 --- [l-1 housekeeper] com.zaxxer.hikari.pool.HikariPool        : HikariPool-1 - Before cleanup stats (total=4, active=0, idle=4, waiting=0)
2026-03-27 10:16:26.087 DEBUG 10280 --- [l-1 housekeeper] com.zaxxer.hikari.pool.HikariPool        : HikariPool-1 - After cleanup  stats (total=4, active=0, idle=4, waiting=0)
2026-03-27 10:16:26.087 DEBUG 10280 --- [l-1 housekeeper] com.zaxxer.hikari.pool.HikariPool        : HikariPool-1 - Fill pool skipped, pool is at sufficient level.
2026-03-27 10:16:32.906 DEBUG 10280 --- [nio-8089-exec-5] o.s.web.servlet.DispatcherServlet        : GET "/auth/permisos", parameters={}
2026-03-27 10:16:32.934 DEBUG 10280 --- [nio-8089-exec-5] s.w.s.m.m.a.RequestMappingHandlerMapping : Mapped to com.example.TigoStarSystem.auth.controller.AuthPermisosController#permisos(String)
2026-03-27 10:16:33.070 DEBUG 10280 --- [nio-8089-exec-5] o.s.jdbc.core.JdbcTemplate               : Executing SQL query [EXEC dbo.spx_ObtenerPrivilegiosRoles]
2026-03-27 10:16:33.071 DEBUG 10280 --- [nio-8089-exec-5] o.s.jdbc.datasource.DataSourceUtils      : Fetching JDBC Connection from DataSource
2026-03-27 10:16:33.163 DEBUG 10280 --- [nio-8089-exec-5] o.s.jdbc.core.JdbcTemplate               : Executing prepared SQL query
2026-03-27 10:16:33.190 DEBUG 10280 --- [nio-8089-exec-5] o.s.jdbc.core.JdbcTemplate               : Executing prepared SQL statement [EXEC dbo.spx_ObtenerPrivilegiosRolDetalle ?]
2026-03-27 10:16:33.394 DEBUG 10280 --- [nio-8089-exec-5] o.s.jdbc.datasource.DataSourceUtils      : Fetching JDBC Connection from DataSource
2026-03-27 10:16:33.406 DEBUG 10280 --- [nio-8089-exec-5] o.s.w.s.m.m.a.HttpEntityMethodProcessor  : Using 'application/json', given [application/json, text/plain, */*] and supported [application/json, application/*+json, application/json, application/*+json]
2026-03-27 10:16:33.459 DEBUG 10280 --- [nio-8089-exec-5] o.s.w.s.m.m.a.HttpEntityMethodProcessor  : Writing [com.example.TigoStarSystem.common.ApiResponse@61de75d8]
2026-03-27 10:16:33.460 DEBUG 10280 --- [nio-8089-exec-5] o.s.web.servlet.DispatcherServlet        : Completed 200 OK
2026-03-27 10:16:33.462 DEBUG 10280 --- [nio-8089-exec-1] o.s.web.servlet.DispatcherServlet        : GET "/auth/permisos", parameters={}
2026-03-27 10:16:33.462 DEBUG 10280 --- [nio-8089-exec-1] s.w.s.m.m.a.RequestMappingHandlerMapping : Mapped to com.example.TigoStarSystem.auth.controller.AuthPermisosController#permisos(String)
2026-03-27 10:16:33.463 DEBUG 10280 --- [nio-8089-exec-1] o.s.jdbc.core.JdbcTemplate               : Executing SQL query [EXEC dbo.spx_ObtenerPrivilegiosRoles]
2026-03-27 10:16:33.464 DEBUG 10280 --- [nio-8089-exec-1] o.s.jdbc.datasource.DataSourceUtils      : Fetching JDBC Connection from DataSource
2026-03-27 10:16:33.467 DEBUG 10280 --- [nio-8089-exec-1] o.s.jdbc.core.JdbcTemplate               : Executing prepared SQL query
2026-03-27 10:16:33.488 DEBUG 10280 --- [nio-8089-exec-7] o.s.web.servlet.DispatcherServlet        : GET "/catalogos/tecnicos", parameters={}
2026-03-27 10:16:33.489 DEBUG 10280 --- [io-8089-exec-10] o.s.web.servlet.DispatcherServlet        : GET "/catalogos/rutas?tecnicoId=97", parameters={masked}
2026-03-27 10:16:33.670 DEBUG 10280 --- [io-8089-exec-10] s.w.s.m.m.a.RequestMappingHandlerMapping : Mapped to com.example.TigoStarSystem.catalogo.controller.CatalogoController#listarRutas(Integer)
2026-03-27 10:16:33.674 DEBUG 10280 --- [io-8089-exec-10] o.s.jdbc.core.JdbcTemplate               : Executing prepared SQL query
2026-03-27 10:16:33.678 DEBUG 10280 --- [io-8089-exec-10] o.s.jdbc.core.JdbcTemplate               : Executing prepared SQL statement [EXEC spx_ObtenerRutaXIdTecnico ?]
2026-03-27 10:16:33.489 DEBUG 10280 --- [nio-8089-exec-2] o.s.web.servlet.DispatcherServlet        : GET "/catalogos/tipo-servicio", parameters={}
2026-03-27 10:16:33.490 DEBUG 10280 --- [nio-8089-exec-6] o.s.web.servlet.DispatcherServlet        : GET "/catalogos/estados", parameters={}
2026-03-27 10:16:33.543 DEBUG 10280 --- [nio-8089-exec-1] o.s.jdbc.core.JdbcTemplate               : Executing prepared SQL statement [EXEC dbo.spx_ObtenerPrivilegiosRolDetalle ?]
2026-03-27 10:16:33.548 DEBUG 10280 --- [nio-8089-exec-7] s.w.s.m.m.a.RequestMappingHandlerMapping : Mapped to com.example.TigoStarSystem.catalogo.controller.CatalogoController#listarTecnicos()
2026-03-27 10:16:33.819 DEBUG 10280 --- [io-8089-exec-10] o.s.jdbc.datasource.DataSourceUtils      : Fetching JDBC Connection from DataSource
2026-03-27 10:16:33.820 DEBUG 10280 --- [nio-8089-exec-2] s.w.s.m.m.a.RequestMappingHandlerMapping : Mapped to com.example.TigoStarSystem.catalogo.controller.CatalogoController#listarTipoServicio()
2026-03-27 10:16:33.821 DEBUG 10280 --- [nio-8089-exec-6] s.w.s.m.m.a.RequestMappingHandlerMapping : Mapped to com.example.TigoStarSystem.catalogo.controller.CatalogoController#listarEstados()
2026-03-27 10:16:33.822 DEBUG 10280 --- [nio-8089-exec-1] o.s.jdbc.datasource.DataSourceUtils      : Fetching JDBC Connection from DataSource
2026-03-27 10:16:33.824 DEBUG 10280 --- [nio-8089-exec-7] o.s.jdbc.core.JdbcTemplate               : Executing SQL query [EXEC spx_ObtenerTecnicosEnRuta]
2026-03-27 10:16:33.824 DEBUG 10280 --- [nio-8089-exec-2] o.s.jdbc.core.JdbcTemplate               : Executing SQL query [EXEC spx_ObtenerTipoServicio]
2026-03-27 10:16:33.825 DEBUG 10280 --- [nio-8089-exec-6] o.s.jdbc.core.JdbcTemplate               : Executing SQL query [EXEC sp_ObtenerEstado]
2026-03-27 10:16:33.826 DEBUG 10280 --- [nio-8089-exec-7] o.s.jdbc.datasource.DataSourceUtils      : Fetching JDBC Connection from DataSource
2026-03-27 10:16:33.826 DEBUG 10280 --- [nio-8089-exec-2] o.s.jdbc.datasource.DataSourceUtils      : Fetching JDBC Connection from DataSource
2026-03-27 10:16:33.827 DEBUG 10280 --- [nio-8089-exec-6] o.s.jdbc.datasource.DataSourceUtils      : Fetching JDBC Connection from DataSource
2026-03-27 10:16:33.828 DEBUG 10280 --- [nio-8089-exec-1] o.s.w.s.m.m.a.HttpEntityMethodProcessor  : Using 'application/json', given [application/json, text/plain, */*] and supported [application/json, application/*+json, application/json, application/*+json]
2026-03-27 10:16:33.828 DEBUG 10280 --- [io-8089-exec-10] o.s.w.s.m.m.a.HttpEntityMethodProcessor  : Using 'application/json', given [application/json, text/plain, */*] and supported [application/json, application/*+json, application/json, application/*+json]
2026-03-27 10:16:33.831 DEBUG 10280 --- [nio-8089-exec-1] o.s.w.s.m.m.a.HttpEntityMethodProcessor  : Writing [com.example.TigoStarSystem.common.ApiResponse@7e1b8a59]
2026-03-27 10:16:33.832 DEBUG 10280 --- [io-8089-exec-10] o.s.w.s.m.m.a.HttpEntityMethodProcessor  : Writing [com.example.TigoStarSystem.common.ApiResponse@40a30dfd]
2026-03-27 10:16:33.833 DEBUG 10280 --- [nio-8089-exec-1] o.s.web.servlet.DispatcherServlet        : Completed 200 OK
2026-03-27 10:16:33.835 DEBUG 10280 --- [io-8089-exec-10] o.s.web.servlet.DispatcherServlet        : Completed 200 OK
2026-03-27 10:16:33.836 DEBUG 10280 --- [nio-8089-exec-7] o.s.w.s.m.m.a.HttpEntityMethodProcessor  : Using 'application/json', given [application/json, text/plain, */*] and supported [application/json, application/*+json, application/json, application/*+json]
2026-03-27 10:16:33.836 DEBUG 10280 --- [nio-8089-exec-2] o.s.w.s.m.m.a.HttpEntityMethodProcessor  : Using 'application/json', given [application/json, text/plain, */*] and supported [application/json, application/*+json, application/json, application/*+json]
2026-03-27 10:16:33.838 DEBUG 10280 --- [nio-8089-exec-7] o.s.w.s.m.m.a.HttpEntityMethodProcessor  : Writing [com.example.TigoStarSystem.common.ApiResponse@4ff1269]
2026-03-27 10:16:33.839 DEBUG 10280 --- [nio-8089-exec-2] o.s.w.s.m.m.a.HttpEntityMethodProcessor  : Writing [com.example.TigoStarSystem.common.ApiResponse@775e8bb]
2026-03-27 10:16:33.839 DEBUG 10280 --- [nio-8089-exec-6] o.s.w.s.m.m.a.HttpEntityMethodProcessor  : Using 'application/json', given [application/json, text/plain, */*] and supported [application/json, application/*+json, application/json, application/*+json]
2026-03-27 10:16:33.840 DEBUG 10280 --- [nio-8089-exec-2] o.s.web.servlet.DispatcherServlet        : Completed 200 OK
2026-03-27 10:16:33.840 DEBUG 10280 --- [nio-8089-exec-7] o.s.web.servlet.DispatcherServlet        : Completed 200 OK
2026-03-27 10:16:33.840 DEBUG 10280 --- [nio-8089-exec-6] o.s.w.s.m.m.a.HttpEntityMethodProcessor  : Writing [com.example.TigoStarSystem.common.ApiResponse@68f2f62b]
2026-03-27 10:16:33.843 DEBUG 10280 --- [nio-8089-exec-6] o.s.web.servlet.DispatcherServlet        : Completed 200 OK
2026-03-27 10:16:49.213 DEBUG 10280 --- [ool housekeeper] com.zaxxer.hikari.pool.HikariPool        : CentralHikariPool - Before cleanup stats (total=1, active=0, idle=1, waiting=0)
2026-03-27 10:16:49.214 DEBUG 10280 --- [ool housekeeper] com.zaxxer.hikari.pool.HikariPool        : CentralHikariPool - After cleanup  stats (total=1, active=0, idle=1, waiting=0)
2026-03-27 10:16:49.214 DEBUG 10280 --- [ool housekeeper] com.zaxxer.hikari.pool.HikariPool        : CentralHikariPool - Fill pool skipped, pool is at sufficient level.
2026-03-27 10:16:54.358 DEBUG 10280 --- [ruz housekeeper] com.zaxxer.hikari.pool.HikariPool        : ConnDb-Santa_Cruz - Before cleanup stats (total=0, active=0, idle=0, waiting=0)
2026-03-27 10:16:54.369 DEBUG 10280 --- [ruz housekeeper] com.zaxxer.hikari.pool.HikariPool        : ConnDb-Santa_Cruz - After cleanup  stats (total=0, active=0, idle=0, waiting=0)
2026-03-27 10:16:54.370 DEBUG 10280 --- [ruz housekeeper] com.zaxxer.hikari.pool.HikariPool        : ConnDb-Santa_Cruz - Fill pool skipped, pool is at sufficient level.
2026-03-27 10:16:54.810 DEBUG 10280 --- [l-1 housekeeper] com.zaxxer.hikari.pool.HikariPool        : HikariPool-1 - keepalive: connection ConnectionID:13 ClientConnectionId: f52b7f04-2bb5-43c2-9abc-0aaa8d561a7c is alive
2026-03-27 10:16:56.104 DEBUG 10280 --- [l-1 housekeeper] com.zaxxer.hikari.pool.HikariPool        : HikariPool-1 - Before cleanup stats (total=4, active=0, idle=4, waiting=0)
2026-03-27 10:16:56.105 DEBUG 10280 --- [l-1 housekeeper] com.zaxxer.hikari.pool.HikariPool        : HikariPool-1 - After cleanup  stats (total=4, active=0, idle=4, waiting=0)
2026-03-27 10:16:56.105 DEBUG 10280 --- [l-1 housekeeper] com.zaxxer.hikari.pool.HikariPool        : HikariPool-1 - Fill pool skipped, pool is at sufficient level.
2026-03-27 10:17:10.184 DEBUG 10280 --- [nio-8089-exec-3] o.s.web.servlet.DispatcherServlet        : GET "/catalogos/tecnicos", parameters={}
2026-03-27 10:17:10.184 DEBUG 10280 --- [nio-8089-exec-8] o.s.web.servlet.DispatcherServlet        : GET "/catalogos/tipo-servicio", parameters={}
2026-03-27 10:17:10.184 DEBUG 10280 --- [nio-8089-exec-4] o.s.web.servlet.DispatcherServlet        : GET "/catalogos/rutas?tecnicoId=97", parameters={masked}
2026-03-27 10:17:10.185 DEBUG 10280 --- [nio-8089-exec-9] o.s.web.servlet.DispatcherServlet        : GET "/catalogos/estados", parameters={}
2026-03-27 10:17:10.185 DEBUG 10280 --- [nio-8089-exec-3] s.w.s.m.m.a.RequestMappingHandlerMapping : Mapped to com.example.TigoStarSystem.catalogo.controller.CatalogoController#listarTecnicos()
2026-03-27 10:17:10.186 DEBUG 10280 --- [nio-8089-exec-8] s.w.s.m.m.a.RequestMappingHandlerMapping : Mapped to com.example.TigoStarSystem.catalogo.controller.CatalogoController#listarTipoServicio()
2026-03-27 10:17:10.187 DEBUG 10280 --- [nio-8089-exec-4] s.w.s.m.m.a.RequestMappingHandlerMapping : Mapped to com.example.TigoStarSystem.catalogo.controller.CatalogoController#listarRutas(Integer)
2026-03-27 10:17:10.189 DEBUG 10280 --- [nio-8089-exec-9] s.w.s.m.m.a.RequestMappingHandlerMapping : Mapped to com.example.TigoStarSystem.catalogo.controller.CatalogoController#listarEstados()
2026-03-27 10:17:10.191 DEBUG 10280 --- [nio-8089-exec-8] o.s.jdbc.core.JdbcTemplate               : Executing SQL query [EXEC spx_ObtenerTipoServicio]
2026-03-27 10:17:10.191 DEBUG 10280 --- [nio-8089-exec-3] o.s.jdbc.core.JdbcTemplate               : Executing SQL query [EXEC spx_ObtenerTecnicosEnRuta]
2026-03-27 10:17:10.191 DEBUG 10280 --- [nio-8089-exec-4] o.s.jdbc.core.JdbcTemplate               : Executing prepared SQL query
2026-03-27 10:17:10.192 DEBUG 10280 --- [nio-8089-exec-9] o.s.jdbc.core.JdbcTemplate               : Executing SQL query [EXEC sp_ObtenerEstado]
2026-03-27 10:17:10.192 DEBUG 10280 --- [nio-8089-exec-8] o.s.jdbc.datasource.DataSourceUtils      : Fetching JDBC Connection from DataSource
2026-03-27 10:17:10.193 DEBUG 10280 --- [nio-8089-exec-3] o.s.jdbc.datasource.DataSourceUtils      : Fetching JDBC Connection from DataSource
2026-03-27 10:17:10.193 DEBUG 10280 --- [nio-8089-exec-4] o.s.jdbc.core.JdbcTemplate               : Executing prepared SQL statement [EXEC spx_ObtenerRutaXIdTecnico ?]
2026-03-27 10:17:10.194 DEBUG 10280 --- [nio-8089-exec-9] o.s.jdbc.datasource.DataSourceUtils      : Fetching JDBC Connection from DataSource
2026-03-27 10:17:10.196 DEBUG 10280 --- [nio-8089-exec-4] o.s.jdbc.datasource.DataSourceUtils      : Fetching JDBC Connection from DataSource
2026-03-27 10:17:10.199 DEBUG 10280 --- [nio-8089-exec-8] o.s.w.s.m.m.a.HttpEntityMethodProcessor  : Using 'application/json', given [application/json, text/plain, */*] and supported [application/json, application/*+json, application/json, application/*+json]
2026-03-27 10:17:10.200 DEBUG 10280 --- [nio-8089-exec-8] o.s.w.s.m.m.a.HttpEntityMethodProcessor  : Writing [com.example.TigoStarSystem.common.ApiResponse@17f8d65a]
2026-03-27 10:17:10.201 DEBUG 10280 --- [nio-8089-exec-3] o.s.w.s.m.m.a.HttpEntityMethodProcessor  : Using 'application/json', given [application/json, text/plain, */*] and supported [application/json, application/*+json, application/json, application/*+json]
2026-03-27 10:17:10.202 DEBUG 10280 --- [nio-8089-exec-8] o.s.web.servlet.DispatcherServlet        : Completed 200 OK
2026-03-27 10:17:10.203 DEBUG 10280 --- [nio-8089-exec-3] o.s.w.s.m.m.a.HttpEntityMethodProcessor  : Writing [com.example.TigoStarSystem.common.ApiResponse@71388cb1]
2026-03-27 10:17:10.206 DEBUG 10280 --- [nio-8089-exec-9] o.s.w.s.m.m.a.HttpEntityMethodProcessor  : Using 'application/json', given [application/json, text/plain, */*] and supported [application/json, application/*+json, application/json, application/*+json]
2026-03-27 10:17:10.206 DEBUG 10280 --- [nio-8089-exec-4] o.s.w.s.m.m.a.HttpEntityMethodProcessor  : Using 'application/json', given [application/json, text/plain, */*] and supported [application/json, application/*+json, application/json, application/*+json]
2026-03-27 10:17:10.207 DEBUG 10280 --- [nio-8089-exec-3] o.s.web.servlet.DispatcherServlet        : Completed 200 OK
2026-03-27 10:17:10.207 DEBUG 10280 --- [nio-8089-exec-9] o.s.w.s.m.m.a.HttpEntityMethodProcessor  : Writing [com.example.TigoStarSystem.common.ApiResponse@17883cd5]
2026-03-27 10:17:10.208 DEBUG 10280 --- [nio-8089-exec-4] o.s.w.s.m.m.a.HttpEntityMethodProcessor  : Writing [com.example.TigoStarSystem.common.ApiResponse@18a01bcc]
2026-03-27 10:17:10.210 DEBUG 10280 --- [nio-8089-exec-9] o.s.web.servlet.DispatcherServlet        : Completed 200 OK
2026-03-27 10:17:10.210 DEBUG 10280 --- [nio-8089-exec-4] o.s.web.servlet.DispatcherServlet        : Completed 200 OK
2026-03-27 10:17:19.234 DEBUG 10280 --- [ool housekeeper] com.zaxxer.hikari.pool.HikariPool        : CentralHikariPool - Before cleanup stats (total=1, active=0, idle=1, waiting=0)
2026-03-27 10:17:19.256 DEBUG 10280 --- [ool housekeeper] com.zaxxer.hikari.pool.HikariPool        : CentralHikariPool - After cleanup  stats (total=1, active=0, idle=1, waiting=0)
2026-03-27 10:17:19.256 DEBUG 10280 --- [ool housekeeper] com.zaxxer.hikari.pool.HikariPool        : CentralHikariPool - Fill pool skipped, pool is at sufficient level.
2026-03-27 10:17:24.376 DEBUG 10280 --- [ruz housekeeper] com.zaxxer.hikari.pool.HikariPool        : ConnDb-Santa_Cruz - Before cleanup stats (total=0, active=0, idle=0, waiting=0)
2026-03-27 10:17:24.377 DEBUG 10280 --- [ruz housekeeper] com.zaxxer.hikari.pool.HikariPool        : ConnDb-Santa_Cruz - After cleanup  stats (total=0, active=0, idle=0, waiting=0)
2026-03-27 10:17:24.377 DEBUG 10280 --- [ruz housekeeper] com.zaxxer.hikari.pool.HikariPool        : ConnDb-Santa_Cruz - Fill pool skipped, pool is at sufficient level.
2026-03-27 10:17:26.109 DEBUG 10280 --- [l-1 housekeeper] com.zaxxer.hikari.pool.HikariPool        : HikariPool-1 - Before cleanup stats (total=4, active=0, idle=4, waiting=0)
2026-03-27 10:17:26.229 DEBUG 10280 --- [l-1 housekeeper] com.zaxxer.hikari.pool.HikariPool        : HikariPool-1 - After cleanup  stats (total=4, active=0, idle=4, waiting=0)
2026-03-27 10:17:26.229 DEBUG 10280 --- [l-1 housekeeper] com.zaxxer.hikari.pool.HikariPool        : HikariPool-1 - Fill pool skipped, pool is at sufficient level.
2026-03-27 10:17:42.121 DEBUG 10280 --- [l-1 housekeeper] com.zaxxer.hikari.pool.HikariPool        : HikariPool-1 - keepalive: connection ConnectionID:14 ClientConnectionId: e5c13979-70a6-4d74-b1ad-7101f0d9565d is alive
2026-03-27 10:17:49.259 DEBUG 10280 --- [ool housekeeper] com.zaxxer.hikari.pool.HikariPool        : CentralHikariPool - Before cleanup stats (total=1, active=0, idle=1, waiting=0)
2026-03-27 10:17:49.260 DEBUG 10280 --- [ool housekeeper] com.zaxxer.hikari.pool.HikariPool        : CentralHikariPool - After cleanup  stats (total=1, active=0, idle=1, waiting=0)
2026-03-27 10:17:49.261 DEBUG 10280 --- [ool housekeeper] com.zaxxer.hikari.pool.HikariPool        : CentralHikariPool - Fill pool skipped, pool is at sufficient level.
2026-03-27 10:17:54.381 DEBUG 10280 --- [ruz housekeeper] com.zaxxer.hikari.pool.HikariPool        : ConnDb-Santa_Cruz - Before cleanup stats (total=0, active=0, idle=0, waiting=0)
2026-03-27 10:17:54.382 DEBUG 10280 --- [ruz housekeeper] com.zaxxer.hikari.pool.HikariPool        : ConnDb-Santa_Cruz - After cleanup  stats (total=0, active=0, idle=0, waiting=0)
2026-03-27 10:17:54.382 DEBUG 10280 --- [ruz housekeeper] com.zaxxer.hikari.pool.HikariPool        : ConnDb-Santa_Cruz - Fill pool skipped, pool is at sufficient level.
2026-03-27 10:17:56.240 DEBUG 10280 --- [l-1 housekeeper] com.zaxxer.hikari.pool.HikariPool        : HikariPool-1 - Before cleanup stats (total=4, active=0, idle=4, waiting=0)
2026-03-27 10:17:56.430 DEBUG 10280 --- [l-1 housekeeper] com.zaxxer.hikari.pool.HikariPool        : HikariPool-1 - After cleanup  stats (total=4, active=0, idle=4, waiting=0)
2026-03-27 10:17:56.431 DEBUG 10280 --- [l-1 housekeeper] com.zaxxer.hikari.pool.HikariPool        : HikariPool-1 - Fill pool skipped, pool is at sufficient level.
2026-03-27 10:17:58.868 DEBUG 10280 --- [nio-8089-exec-1] o.s.web.servlet.DispatcherServlet        : GET "/catalogos/tecnicos", parameters={}
2026-03-27 10:17:58.869 DEBUG 10280 --- [nio-8089-exec-7] o.s.web.servlet.DispatcherServlet        : GET "/catalogos/estados", parameters={}
2026-03-27 10:17:58.870 DEBUG 10280 --- [io-8089-exec-10] o.s.web.servlet.DispatcherServlet        : GET "/catalogos/rutas?tecnicoId=97", parameters={masked}
2026-03-27 10:17:58.869 DEBUG 10280 --- [nio-8089-exec-2] o.s.web.servlet.DispatcherServlet        : GET "/catalogos/tipo-servicio", parameters={}
2026-03-27 10:17:58.875 DEBUG 10280 --- [nio-8089-exec-1] s.w.s.m.m.a.RequestMappingHandlerMapping : Mapped to com.example.TigoStarSystem.catalogo.controller.CatalogoController#listarTecnicos()
2026-03-27 10:17:58.876 DEBUG 10280 --- [nio-8089-exec-7] s.w.s.m.m.a.RequestMappingHandlerMapping : Mapped to com.example.TigoStarSystem.catalogo.controller.CatalogoController#listarEstados()
2026-03-27 10:17:58.876 DEBUG 10280 --- [io-8089-exec-10] s.w.s.m.m.a.RequestMappingHandlerMapping : Mapped to com.example.TigoStarSystem.catalogo.controller.CatalogoController#listarRutas(Integer)
2026-03-27 10:17:58.877 DEBUG 10280 --- [nio-8089-exec-2] s.w.s.m.m.a.RequestMappingHandlerMapping : Mapped to com.example.TigoStarSystem.catalogo.controller.CatalogoController#listarTipoServicio()
2026-03-27 10:17:58.878 DEBUG 10280 --- [nio-8089-exec-1] o.s.jdbc.core.JdbcTemplate               : Executing SQL query [EXEC spx_ObtenerTecnicosEnRuta]
2026-03-27 10:17:58.878 DEBUG 10280 --- [nio-8089-exec-7] o.s.jdbc.core.JdbcTemplate               : Executing SQL query [EXEC sp_ObtenerEstado]
2026-03-27 10:17:58.879 DEBUG 10280 --- [io-8089-exec-10] o.s.jdbc.core.JdbcTemplate               : Executing prepared SQL query
2026-03-27 10:17:58.879 DEBUG 10280 --- [nio-8089-exec-2] o.s.jdbc.core.JdbcTemplate               : Executing SQL query [EXEC spx_ObtenerTipoServicio]
2026-03-27 10:17:58.880 DEBUG 10280 --- [nio-8089-exec-1] o.s.jdbc.datasource.DataSourceUtils      : Fetching JDBC Connection from DataSource
2026-03-27 10:17:58.881 DEBUG 10280 --- [nio-8089-exec-7] o.s.jdbc.datasource.DataSourceUtils      : Fetching JDBC Connection from DataSource
2026-03-27 10:17:58.881 DEBUG 10280 --- [io-8089-exec-10] o.s.jdbc.core.JdbcTemplate               : Executing prepared SQL statement [EXEC spx_ObtenerRutaXIdTecnico ?]
2026-03-27 10:17:58.882 DEBUG 10280 --- [nio-8089-exec-2] o.s.jdbc.datasource.DataSourceUtils      : Fetching JDBC Connection from DataSource
2026-03-27 10:17:58.883 DEBUG 10280 --- [io-8089-exec-10] o.s.jdbc.datasource.DataSourceUtils      : Fetching JDBC Connection from DataSource
2026-03-27 10:17:58.886 DEBUG 10280 --- [nio-8089-exec-7] o.s.w.s.m.m.a.HttpEntityMethodProcessor  : Using 'application/json', given [application/json, text/plain, */*] and supported [application/json, application/*+json, application/json, application/*+json]
2026-03-27 10:17:58.886 DEBUG 10280 --- [nio-8089-exec-7] o.s.w.s.m.m.a.HttpEntityMethodProcessor  : Writing [com.example.TigoStarSystem.common.ApiResponse@16b2dbdc]
2026-03-27 10:17:58.887 DEBUG 10280 --- [nio-8089-exec-7] o.s.web.servlet.DispatcherServlet        : Completed 200 OK
2026-03-27 10:17:58.888 DEBUG 10280 --- [nio-8089-exec-1] o.s.w.s.m.m.a.HttpEntityMethodProcessor  : Using 'application/json', given [application/json, text/plain, */*] and supported [application/json, application/*+json, application/json, application/*+json]
2026-03-27 10:17:58.889 DEBUG 10280 --- [nio-8089-exec-1] o.s.w.s.m.m.a.HttpEntityMethodProcessor  : Writing [com.example.TigoStarSystem.common.ApiResponse@db01ebf]
2026-03-27 10:17:58.890 DEBUG 10280 --- [nio-8089-exec-1] o.s.web.servlet.DispatcherServlet        : Completed 200 OK
2026-03-27 10:17:58.890 DEBUG 10280 --- [nio-8089-exec-2] o.s.w.s.m.m.a.HttpEntityMethodProcessor  : Using 'application/json', given [application/json, text/plain, */*] and supported [application/json, application/*+json, application/json, application/*+json]
2026-03-27 10:17:58.892 DEBUG 10280 --- [io-8089-exec-10] o.s.w.s.m.m.a.HttpEntityMethodProcessor  : Using 'application/json', given [application/json, text/plain, */*] and supported [application/json, application/*+json, application/json, application/*+json]
2026-03-27 10:17:58.893 DEBUG 10280 --- [nio-8089-exec-2] o.s.w.s.m.m.a.HttpEntityMethodProcessor  : Writing [com.example.TigoStarSystem.common.ApiResponse@1c47b26c]
2026-03-27 10:17:58.893 DEBUG 10280 --- [io-8089-exec-10] o.s.w.s.m.m.a.HttpEntityMethodProcessor  : Writing [com.example.TigoStarSystem.common.ApiResponse@615dcfa4]
2026-03-27 10:17:58.894 DEBUG 10280 --- [nio-8089-exec-2] o.s.web.servlet.DispatcherServlet        : Completed 200 OK
2026-03-27 10:17:58.895 DEBUG 10280 --- [io-8089-exec-10] o.s.web.servlet.DispatcherServlet        : Completed 200 OK
2026-03-27 10:17:58.902 DEBUG 10280 --- [nio-8089-exec-8] o.s.web.servlet.DispatcherServlet        : GET "/catalogos/rutas", parameters={}
2026-03-27 10:17:58.903 DEBUG 10280 --- [nio-8089-exec-8] s.w.s.m.m.a.RequestMappingHandlerMapping : Mapped to com.example.TigoStarSystem.catalogo.controller.CatalogoController#listarRutas(Integer)
2026-03-27 10:17:58.904 DEBUG 10280 --- [nio-8089-exec-8] o.s.jdbc.core.JdbcTemplate               : Executing SQL query [SELECT Id_Ruta, Nombre, Id_Vendedor, E_Eliminado FROM dbo.tbl_Ruta WHERE E_Eliminado = 0]
2026-03-27 10:17:58.904 DEBUG 10280 --- [nio-8089-exec-8] o.s.jdbc.datasource.DataSourceUtils      : Fetching JDBC Connection from DataSource
2026-03-27 10:17:58.909 DEBUG 10280 --- [nio-8089-exec-8] o.s.w.s.m.m.a.HttpEntityMethodProcessor  : Using 'application/json', given [application/json, text/plain, */*] and supported [application/json, application/*+json, application/json, application/*+json]
2026-03-27 10:17:58.910 DEBUG 10280 --- [nio-8089-exec-8] o.s.w.s.m.m.a.HttpEntityMethodProcessor  : Writing [com.example.TigoStarSystem.common.ApiResponse@1835db4e]
2026-03-27 10:17:58.911 DEBUG 10280 --- [nio-8089-exec-8] o.s.web.servlet.DispatcherServlet        : Completed 200 OK
2026-03-27 10:18:01.995 DEBUG 10280 --- [l-1 housekeeper] com.zaxxer.hikari.pool.HikariPool        : HikariPool-1 - keepalive: connection ConnectionID:12 ClientConnectionId: e46ff3b4-349e-4eaa-8ee4-820769df4688 is alive
2026-03-27 10:18:06.891 DEBUG 10280 --- [ool housekeeper] com.zaxxer.hikari.pool.HikariPool        : CentralHikariPool - keepalive: connection ConnectionID:10 ClientConnectionId: 27fc58a1-3a1d-4301-9cc7-01140b23ff2d is alive
2026-03-27 10:18:10.771 DEBUG 10280 --- [l-1 housekeeper] com.zaxxer.hikari.pool.HikariPool        : HikariPool-1 - keepalive: connection ConnectionID:11 ClientConnectionId: b7378613-118f-4638-993f-fbc0cf300eec is alive
2026-03-27 10:18:19.266 DEBUG 10280 --- [ool housekeeper] com.zaxxer.hikari.pool.HikariPool        : CentralHikariPool - Before cleanup stats (total=1, active=0, idle=1, waiting=0)
2026-03-27 10:18:19.267 DEBUG 10280 --- [ool housekeeper] com.zaxxer.hikari.pool.HikariPool        : CentralHikariPool - After cleanup  stats (total=1, active=0, idle=1, waiting=0)
2026-03-27 10:18:19.267 DEBUG 10280 --- [ool housekeeper] com.zaxxer.hikari.pool.HikariPool        : CentralHikariPool - Fill pool skipped, pool is at sufficient level.
2026-03-27 10:18:24.401 DEBUG 10280 --- [ruz housekeeper] com.zaxxer.hikari.pool.HikariPool        : ConnDb-Santa_Cruz - Before cleanup stats (total=0, active=0, idle=0, waiting=0)
2026-03-27 10:18:24.402 DEBUG 10280 --- [ruz housekeeper] com.zaxxer.hikari.pool.HikariPool        : ConnDb-Santa_Cruz - After cleanup  stats (total=0, active=0, idle=0, waiting=0)
2026-03-27 10:18:24.403 DEBUG 10280 --- [ruz housekeeper] com.zaxxer.hikari.pool.HikariPool        : ConnDb-Santa_Cruz - Fill pool skipped, pool is at sufficient level.
2026-03-27 10:18:26.439 DEBUG 10280 --- [l-1 housekeeper] com.zaxxer.hikari.pool.HikariPool        : HikariPool-1 - Before cleanup stats (total=4, active=0, idle=4, waiting=0)
2026-03-27 10:18:26.591 DEBUG 10280 --- [l-1 housekeeper] com.zaxxer.hikari.pool.HikariPool        : HikariPool-1 - After cleanup  stats (total=4, active=0, idle=4, waiting=0)
2026-03-27 10:18:26.664 DEBUG 10280 --- [l-1 housekeeper] com.zaxxer.hikari.pool.HikariPool        : HikariPool-1 - Fill pool skipped, pool is at sufficient level.
2026-03-27 10:18:47.587 DEBUG 10280 --- [l-1 housekeeper] com.zaxxer.hikari.pool.HikariPool        : HikariPool-1 - keepalive: connection ConnectionID:13 ClientConnectionId: f52b7f04-2bb5-43c2-9abc-0aaa8d561a7c is alive
2026-03-27 10:18:49.278 DEBUG 10280 --- [ool housekeeper] com.zaxxer.hikari.pool.HikariPool        : CentralHikariPool - Before cleanup stats (total=1, active=0, idle=1, waiting=0)
2026-03-27 10:18:49.279 DEBUG 10280 --- [ool housekeeper] com.zaxxer.hikari.pool.HikariPool        : CentralHikariPool - After cleanup  stats (total=1, active=0, idle=1, waiting=0)
2026-03-27 10:18:49.279 DEBUG 10280 --- [ool housekeeper] com.zaxxer.hikari.pool.HikariPool        : CentralHikariPool - Fill pool skipped, pool is at sufficient level.
2026-03-27 10:18:54.409 DEBUG 10280 --- [ruz housekeeper] com.zaxxer.hikari.pool.HikariPool        : ConnDb-Santa_Cruz - Before cleanup stats (total=0, active=0, idle=0, waiting=0)
2026-03-27 10:18:54.410 DEBUG 10280 --- [ruz housekeeper] com.zaxxer.hikari.pool.HikariPool        : ConnDb-Santa_Cruz - After cleanup  stats (total=0, active=0, idle=0, waiting=0)
2026-03-27 10:18:54.411 DEBUG 10280 --- [ruz housekeeper] com.zaxxer.hikari.pool.HikariPool        : ConnDb-Santa_Cruz - Fill pool skipped, pool is at sufficient level.
2026-03-27 10:18:56.732 DEBUG 10280 --- [l-1 housekeeper] com.zaxxer.hikari.pool.HikariPool        : HikariPool-1 - Before cleanup stats (total=4, active=0, idle=4, waiting=0)
2026-03-27 10:18:56.733 DEBUG 10280 --- [l-1 housekeeper] com.zaxxer.hikari.pool.HikariPool        : HikariPool-1 - After cleanup  stats (total=4, active=0, idle=4, waiting=0)
2026-03-27 10:18:56.733 DEBUG 10280 --- [l-1 housekeeper] com.zaxxer.hikari.pool.HikariPool        : HikariPool-1 - Fill pool skipped, pool is at sufficient level.
2026-03-27 10:19:19.295 DEBUG 10280 --- [ool housekeeper] com.zaxxer.hikari.pool.HikariPool        : CentralHikariPool - Before cleanup stats (total=1, active=0, idle=1, waiting=0)
2026-03-27 10:19:19.296 DEBUG 10280 --- [ool housekeeper] com.zaxxer.hikari.pool.HikariPool        : CentralHikariPool - After cleanup  stats (total=1, active=0, idle=1, waiting=0)
2026-03-27 10:19:19.296 DEBUG 10280 --- [ool housekeeper] com.zaxxer.hikari.pool.HikariPool        : CentralHikariPool - Fill pool skipped, pool is at sufficient level.
2026-03-27 10:19:24.416 DEBUG 10280 --- [ruz housekeeper] com.zaxxer.hikari.pool.HikariPool        : ConnDb-Santa_Cruz - Before cleanup stats (total=0, active=0, idle=0, waiting=0)
2026-03-27 10:19:24.418 DEBUG 10280 --- [ruz housekeeper] com.zaxxer.hikari.pool.HikariPool        : ConnDb-Santa_Cruz - After cleanup  stats (total=0, active=0, idle=0, waiting=0)
2026-03-27 10:19:24.419 DEBUG 10280 --- [ruz housekeeper] com.zaxxer.hikari.pool.HikariPool        : ConnDb-Santa_Cruz - Fill pool skipped, pool is at sufficient level.
2026-03-27 10:19:26.737 DEBUG 10280 --- [l-1 housekeeper] com.zaxxer.hikari.pool.HikariPool        : HikariPool-1 - Before cleanup stats (total=4, active=0, idle=4, waiting=0)
2026-03-27 10:19:26.738 DEBUG 10280 --- [l-1 housekeeper] com.zaxxer.hikari.pool.HikariPool        : HikariPool-1 - After cleanup  stats (total=4, active=0, idle=4, waiting=0)
2026-03-27 10:19:26.738 DEBUG 10280 --- [l-1 housekeeper] com.zaxxer.hikari.pool.HikariPool        : HikariPool-1 - Fill pool skipped, pool is at sufficient level.
2026-03-27 10:19:30.934 DEBUG 10280 --- [l-1 housekeeper] com.zaxxer.hikari.pool.HikariPool        : HikariPool-1 - keepalive: connection ConnectionID:14 ClientConnectionId: e5c13979-70a6-4d74-b1ad-7101f0d9565d is alive
2026-03-27 10:19:49.301 DEBUG 10280 --- [ool housekeeper] com.zaxxer.hikari.pool.HikariPool        : CentralHikariPool - Before cleanup stats (total=1, active=0, idle=1, waiting=0)
2026-03-27 10:19:49.301 DEBUG 10280 --- [ool housekeeper] com.zaxxer.hikari.pool.HikariPool        : CentralHikariPool - After cleanup  stats (total=1, active=0, idle=1, waiting=0)
2026-03-27 10:19:49.303 DEBUG 10280 --- [ool housekeeper] com.zaxxer.hikari.pool.HikariPool        : CentralHikariPool - Fill pool skipped, pool is at sufficient level.
2026-03-27 10:19:51.060 DEBUG 10280 --- [l-1 housekeeper] com.zaxxer.hikari.pool.HikariPool        : HikariPool-1 - keepalive: connection ConnectionID:12 ClientConnectionId: e46ff3b4-349e-4eaa-8ee4-820769df4688 is alive
2026-03-27 10:19:54.425 DEBUG 10280 --- [ruz housekeeper] com.zaxxer.hikari.pool.HikariPool        : ConnDb-Santa_Cruz - Before cleanup stats (total=0, active=0, idle=0, waiting=0)
2026-03-27 10:19:54.437 DEBUG 10280 --- [ruz housekeeper] com.zaxxer.hikari.pool.HikariPool        : ConnDb-Santa_Cruz - After cleanup  stats (total=0, active=0, idle=0, waiting=0)
2026-03-27 10:19:54.438 DEBUG 10280 --- [ruz housekeeper] com.zaxxer.hikari.pool.HikariPool        : ConnDb-Santa_Cruz - Fill pool skipped, pool is at sufficient level.
2026-03-27 10:19:56.755 DEBUG 10280 --- [l-1 housekeeper] com.zaxxer.hikari.pool.HikariPool        : HikariPool-1 - Before cleanup stats (total=4, active=0, idle=4, waiting=0)
2026-03-27 10:19:56.781 DEBUG 10280 --- [l-1 housekeeper] com.zaxxer.hikari.pool.HikariPool        : HikariPool-1 - After cleanup  stats (total=4, active=0, idle=4, waiting=0)
2026-03-27 10:19:56.781 DEBUG 10280 --- [l-1 housekeeper] com.zaxxer.hikari.pool.HikariPool        : HikariPool-1 - Fill pool skipped, pool is at sufficient level.
2026-03-27 10:19:57.252 DEBUG 10280 --- [ool housekeeper] com.zaxxer.hikari.pool.HikariPool        : CentralHikariPool - keepalive: connection ConnectionID:10 ClientConnectionId: 27fc58a1-3a1d-4301-9cc7-01140b23ff2d is alive
2026-03-27 10:20:02.071 DEBUG 10280 --- [l-1 housekeeper] com.zaxxer.hikari.pool.HikariPool        : HikariPool-1 - keepalive: connection ConnectionID:11 ClientConnectionId: b7378613-118f-4638-993f-fbc0cf300eec is alive
2026-03-27 10:20:19.306 DEBUG 10280 --- [ool housekeeper] com.zaxxer.hikari.pool.HikariPool        : CentralHikariPool - Before cleanup stats (total=1, active=0, idle=1, waiting=0)
2026-03-27 10:20:19.315 DEBUG 10280 --- [ool housekeeper] com.zaxxer.hikari.pool.HikariPool        : CentralHikariPool - After cleanup  stats (total=1, active=0, idle=1, waiting=0)
2026-03-27 10:20:19.316 DEBUG 10280 --- [ool housekeeper] com.zaxxer.hikari.pool.HikariPool        : CentralHikariPool - Fill pool skipped, pool is at sufficient level.
2026-03-27 10:20:24.502 DEBUG 10280 --- [ruz housekeeper] com.zaxxer.hikari.pool.HikariPool        : ConnDb-Santa_Cruz - Before cleanup stats (total=0, active=0, idle=0, waiting=0)
2026-03-27 10:20:24.502 DEBUG 10280 --- [ruz housekeeper] com.zaxxer.hikari.pool.HikariPool        : ConnDb-Santa_Cruz - After cleanup  stats (total=0, active=0, idle=0, waiting=0)
2026-03-27 10:20:24.503 DEBUG 10280 --- [ruz housekeeper] com.zaxxer.hikari.pool.HikariPool        : ConnDb-Santa_Cruz - Fill pool skipped, pool is at sufficient level.
2026-03-27 10:20:26.791 DEBUG 10280 --- [l-1 housekeeper] com.zaxxer.hikari.pool.HikariPool        : HikariPool-1 - Before cleanup stats (total=4, active=0, idle=4, waiting=0)
2026-03-27 10:20:26.792 DEBUG 10280 --- [l-1 housekeeper] com.zaxxer.hikari.pool.HikariPool        : HikariPool-1 - After cleanup  stats (total=4, active=0, idle=4, waiting=0)
2026-03-27 10:20:26.793 DEBUG 10280 --- [l-1 housekeeper] com.zaxxer.hikari.pool.HikariPool        : HikariPool-1 - Fill pool skipped, pool is at sufficient level.
2026-03-27 10:20:30.634 DEBUG 10280 --- [nio-8089-exec-7] o.s.web.servlet.DispatcherServlet        : GET "/supervisor/spy_Ultimo_Estado_Dia_BO_CITA_MAKIRO?fecha=2026-03-27&idUsuario=97&tecnico=CLEIDER+SEAS+OSINAGA", parameters={masked}
2026-03-27 10:20:30.714 DEBUG 10280 --- [nio-8089-exec-7] s.w.s.m.m.a.RequestMappingHandlerMapping : Mapped to com.example.TigoStarSystem.supervisor.controller.EstadoDiaBoCitaController#obtenerUltimoEstadoDia(String, LocalDate, String)
2026-03-27 10:20:30.807 DEBUG 10280 --- [nio-8089-exec-7] o.s.jdbc.core.JdbcTemplate               : Executing prepared SQL query
2026-03-27 10:20:30.850 DEBUG 10280 --- [nio-8089-exec-7] o.s.jdbc.core.JdbcTemplate               : Executing prepared SQL statement [EXEC dbo.spy_Ultimo_Estado_Dia_BO_CITA_MAKIRO ?, ?]
2026-03-27 10:20:30.851 DEBUG 10280 --- [nio-8089-exec-7] o.s.jdbc.datasource.DataSourceUtils      : Fetching JDBC Connection from DataSource
2026-03-27 10:20:30.864 DEBUG 10280 --- [nio-8089-exec-7] o.s.w.s.m.m.a.HttpEntityMethodProcessor  : Using 'application/json', given [application/json, text/plain, */*] and supported [application/json, application/*+json, application/json, application/*+json]
2026-03-27 10:20:30.906 DEBUG 10280 --- [nio-8089-exec-7] o.s.w.s.m.m.a.HttpEntityMethodProcessor  : Writing [com.example.TigoStarSystem.common.ApiResponse@6aa2ef39]
2026-03-27 10:20:30.907 DEBUG 10280 --- [nio-8089-exec-7] o.s.web.servlet.DispatcherServlet        : Completed 200 OK
2026-03-27 10:20:33.368 DEBUG 10280 --- [nio-8089-exec-1] o.s.web.servlet.DispatcherServlet        : GET "/supervisor/spy_Ultimo_Estado_Dia_BO_CITA_MAKIRO?fecha=2026-03-02&idUsuario=97&tecnico=CLEIDER+SEAS+OSINAGA", parameters={masked}
2026-03-27 10:20:33.369 DEBUG 10280 --- [nio-8089-exec-1] s.w.s.m.m.a.RequestMappingHandlerMapping : Mapped to com.example.TigoStarSystem.supervisor.controller.EstadoDiaBoCitaController#obtenerUltimoEstadoDia(String, LocalDate, String)
2026-03-27 10:20:33.371 DEBUG 10280 --- [nio-8089-exec-1] o.s.jdbc.core.JdbcTemplate               : Executing prepared SQL query
2026-03-27 10:20:33.372 DEBUG 10280 --- [nio-8089-exec-1] o.s.jdbc.core.JdbcTemplate               : Executing prepared SQL statement [EXEC dbo.spy_Ultimo_Estado_Dia_BO_CITA_MAKIRO ?, ?]
2026-03-27 10:20:33.373 DEBUG 10280 --- [nio-8089-exec-1] o.s.jdbc.datasource.DataSourceUtils      : Fetching JDBC Connection from DataSource
2026-03-27 10:20:33.384 DEBUG 10280 --- [nio-8089-exec-1] o.s.w.s.m.m.a.HttpEntityMethodProcessor  : Using 'application/json', given [application/json, text/plain, */*] and supported [application/json, application/*+json, application/json, application/*+json]
2026-03-27 10:20:33.385 DEBUG 10280 --- [nio-8089-exec-1] o.s.w.s.m.m.a.HttpEntityMethodProcessor  : Writing [com.example.TigoStarSystem.common.ApiResponse@2f5b1412]
2026-03-27 10:20:33.386 DEBUG 10280 --- [nio-8089-exec-1] o.s.web.servlet.DispatcherServlet        : Completed 200 OK
2026-03-27 10:20:33.481 DEBUG 10280 --- [io-8089-exec-10] o.s.web.servlet.DispatcherServlet        : GET "/supervisor/spy_Ultimo_Estado_Dia_BO_CITA_MAKIRO?fecha=2026-03-26&idUsuario=97&tecnico=CLEIDER+SEAS+OSINAGA", parameters={masked}
2026-03-27 10:20:33.482 DEBUG 10280 --- [io-8089-exec-10] s.w.s.m.m.a.RequestMappingHandlerMapping : Mapped to com.example.TigoStarSystem.supervisor.controller.EstadoDiaBoCitaController#obtenerUltimoEstadoDia(String, LocalDate, String)
2026-03-27 10:20:33.483 DEBUG 10280 --- [io-8089-exec-10] o.s.jdbc.core.JdbcTemplate               : Executing prepared SQL query
2026-03-27 10:20:33.483 DEBUG 10280 --- [io-8089-exec-10] o.s.jdbc.core.JdbcTemplate               : Executing prepared SQL statement [EXEC dbo.spy_Ultimo_Estado_Dia_BO_CITA_MAKIRO ?, ?]
2026-03-27 10:20:33.484 DEBUG 10280 --- [io-8089-exec-10] o.s.jdbc.datasource.DataSourceUtils      : Fetching JDBC Connection from DataSource
2026-03-27 10:20:33.492 DEBUG 10280 --- [io-8089-exec-10] o.s.w.s.m.m.a.HttpEntityMethodProcessor  : Using 'application/json', given [application/json, text/plain, */*] and supported [application/json, application/*+json, application/json, application/*+json]
2026-03-27 10:20:33.493 DEBUG 10280 --- [io-8089-exec-10] o.s.w.s.m.m.a.HttpEntityMethodProcessor  : Writing [com.example.TigoStarSystem.common.ApiResponse@3949ea97]
2026-03-27 10:20:33.494 DEBUG 10280 --- [io-8089-exec-10] o.s.web.servlet.DispatcherServlet        : Completed 200 OK
2026-03-27 10:20:35.719 DEBUG 10280 --- [nio-8089-exec-6] o.s.web.servlet.DispatcherServlet        : GET "/supervisor/spy_Ultimo_Estado_Dia_BO_CITA_MAKIRO?fecha=2026-03-02&idUsuario=97&tecnico=CLEIDER+SEAS+OSINAGA", parameters={masked}
2026-03-27 10:20:35.720 DEBUG 10280 --- [nio-8089-exec-6] s.w.s.m.m.a.RequestMappingHandlerMapping : Mapped to com.example.TigoStarSystem.supervisor.controller.EstadoDiaBoCitaController#obtenerUltimoEstadoDia(String, LocalDate, String)
2026-03-27 10:20:35.721 DEBUG 10280 --- [nio-8089-exec-6] o.s.jdbc.core.JdbcTemplate               : Executing prepared SQL query
2026-03-27 10:20:35.722 DEBUG 10280 --- [nio-8089-exec-6] o.s.jdbc.core.JdbcTemplate               : Executing prepared SQL statement [EXEC dbo.spy_Ultimo_Estado_Dia_BO_CITA_MAKIRO ?, ?]
2026-03-27 10:20:35.723 DEBUG 10280 --- [nio-8089-exec-6] o.s.jdbc.datasource.DataSourceUtils      : Fetching JDBC Connection from DataSource
2026-03-27 10:20:35.733 DEBUG 10280 --- [nio-8089-exec-6] o.s.w.s.m.m.a.HttpEntityMethodProcessor  : Using 'application/json', given [application/json, text/plain, */*] and supported [application/json, application/*+json, application/json, application/*+json]
2026-03-27 10:20:35.734 DEBUG 10280 --- [nio-8089-exec-6] o.s.w.s.m.m.a.HttpEntityMethodProcessor  : Writing [com.example.TigoStarSystem.common.ApiResponse@7c336356]
2026-03-27 10:20:35.735 DEBUG 10280 --- [nio-8089-exec-6] o.s.web.servlet.DispatcherServlet        : Completed 200 OK
2026-03-27 10:20:35.840 DEBUG 10280 --- [nio-8089-exec-8] o.s.web.servlet.DispatcherServlet        : GET "/supervisor/spy_Ultimo_Estado_Dia_BO_CITA_MAKIRO?fecha=2026-03-23&idUsuario=97&tecnico=CLEIDER+SEAS+OSINAGA", parameters={masked}
2026-03-27 10:20:35.842 DEBUG 10280 --- [nio-8089-exec-8] s.w.s.m.m.a.RequestMappingHandlerMapping : Mapped to com.example.TigoStarSystem.supervisor.controller.EstadoDiaBoCitaController#obtenerUltimoEstadoDia(String, LocalDate, String)
2026-03-27 10:20:35.844 DEBUG 10280 --- [nio-8089-exec-8] o.s.jdbc.core.JdbcTemplate               : Executing prepared SQL query
2026-03-27 10:20:35.845 DEBUG 10280 --- [nio-8089-exec-8] o.s.jdbc.core.JdbcTemplate               : Executing prepared SQL statement [EXEC dbo.spy_Ultimo_Estado_Dia_BO_CITA_MAKIRO ?, ?]
2026-03-27 10:20:35.846 DEBUG 10280 --- [nio-8089-exec-8] o.s.jdbc.datasource.DataSourceUtils      : Fetching JDBC Connection from DataSource
2026-03-27 10:20:35.909 DEBUG 10280 --- [nio-8089-exec-8] o.s.w.s.m.m.a.HttpEntityMethodProcessor  : Using 'application/json', given [application/json, text/plain, */*] and supported [application/json, application/*+json, application/json, application/*+json]
2026-03-27 10:20:35.909 DEBUG 10280 --- [nio-8089-exec-8] o.s.w.s.m.m.a.HttpEntityMethodProcessor  : Writing [com.example.TigoStarSystem.common.ApiResponse@492e8414]
2026-03-27 10:20:35.910 DEBUG 10280 --- [nio-8089-exec-8] o.s.web.servlet.DispatcherServlet        : Completed 200 OK
2026-03-27 10:20:40.361 DEBUG 10280 --- [l-1 housekeeper] com.zaxxer.hikari.pool.HikariPool        : HikariPool-1 - keepalive: connection ConnectionID:13 ClientConnectionId: f52b7f04-2bb5-43c2-9abc-0aaa8d561a7c is alive
2026-03-27 10:20:49.330 DEBUG 10280 --- [ool housekeeper] com.zaxxer.hikari.pool.HikariPool        : CentralHikariPool - Before cleanup stats (total=1, active=0, idle=1, waiting=0)
2026-03-27 10:20:49.330 DEBUG 10280 --- [ool housekeeper] com.zaxxer.hikari.pool.HikariPool        : CentralHikariPool - After cleanup  stats (total=1, active=0, idle=1, waiting=0)
2026-03-27 10:20:49.331 DEBUG 10280 --- [ool housekeeper] com.zaxxer.hikari.pool.HikariPool        : CentralHikariPool - Fill pool skipped, pool is at sufficient level.
2026-03-27 10:20:54.518 DEBUG 10280 --- [ruz housekeeper] com.zaxxer.hikari.pool.HikariPool        : ConnDb-Santa_Cruz - Before cleanup stats (total=0, active=0, idle=0, waiting=0)
2026-03-27 10:20:54.519 DEBUG 10280 --- [ruz housekeeper] com.zaxxer.hikari.pool.HikariPool        : ConnDb-Santa_Cruz - After cleanup  stats (total=0, active=0, idle=0, waiting=0)
2026-03-27 10:20:54.520 DEBUG 10280 --- [ruz housekeeper] com.zaxxer.hikari.pool.HikariPool        : ConnDb-Santa_Cruz - Fill pool skipped, pool is at sufficient level.
2026-03-27 10:20:56.796 DEBUG 10280 --- [l-1 housekeeper] com.zaxxer.hikari.pool.HikariPool        : HikariPool-1 - Before cleanup stats (total=4, active=0, idle=4, waiting=0)
2026-03-27 10:20:56.797 DEBUG 10280 --- [l-1 housekeeper] com.zaxxer.hikari.pool.HikariPool        : HikariPool-1 - After cleanup  stats (total=4, active=0, idle=4, waiting=0)
2026-03-27 10:20:56.797 DEBUG 10280 --- [l-1 housekeeper] com.zaxxer.hikari.pool.HikariPool        : HikariPool-1 - Fill pool skipped, pool is at sufficient level.
2026-03-27 10:21:19.341 DEBUG 10280 --- [ool housekeeper] com.zaxxer.hikari.pool.HikariPool        : CentralHikariPool - Before cleanup stats (total=1, active=0, idle=1, waiting=0)
2026-03-27 10:21:19.341 DEBUG 10280 --- [ool housekeeper] com.zaxxer.hikari.pool.HikariPool        : CentralHikariPool - After cleanup  stats (total=1, active=0, idle=1, waiting=0)
2026-03-27 10:21:19.343 DEBUG 10280 --- [ool housekeeper] com.zaxxer.hikari.pool.HikariPool        : CentralHikariPool - Fill pool skipped, pool is at sufficient level.
2026-03-27 10:21:19.897 DEBUG 10280 --- [l-1 housekeeper] com.zaxxer.hikari.pool.HikariPool        : HikariPool-1 - keepalive: connection ConnectionID:14 ClientConnectionId: e5c13979-70a6-4d74-b1ad-7101f0d9565d is alive
2026-03-27 10:21:24.522 DEBUG 10280 --- [ruz housekeeper] com.zaxxer.hikari.pool.HikariPool        : ConnDb-Santa_Cruz - Before cleanup stats (total=0, active=0, idle=0, waiting=0)
2026-03-27 10:21:24.522 DEBUG 10280 --- [ruz housekeeper] com.zaxxer.hikari.pool.HikariPool        : ConnDb-Santa_Cruz - After cleanup  stats (total=0, active=0, idle=0, waiting=0)
2026-03-27 10:21:24.524 DEBUG 10280 --- [ruz housekeeper] com.zaxxer.hikari.pool.HikariPool        : ConnDb-Santa_Cruz - Fill pool skipped, pool is at sufficient level.
2026-03-27 10:21:26.802 DEBUG 10280 --- [l-1 housekeeper] com.zaxxer.hikari.pool.HikariPool        : HikariPool-1 - Before cleanup stats (total=4, active=0, idle=4, waiting=0)
2026-03-27 10:21:26.802 DEBUG 10280 --- [l-1 housekeeper] com.zaxxer.hikari.pool.HikariPool        : HikariPool-1 - After cleanup  stats (total=4, active=0, idle=4, waiting=0)
2026-03-27 10:21:26.803 DEBUG 10280 --- [l-1 housekeeper] com.zaxxer.hikari.pool.HikariPool        : HikariPool-1 - Fill pool skipped, pool is at sufficient level.
2026-03-27 10:21:40.248 DEBUG 10280 --- [l-1 housekeeper] com.zaxxer.hikari.pool.HikariPool        : HikariPool-1 - keepalive: connection ConnectionID:12 ClientConnectionId: e46ff3b4-349e-4eaa-8ee4-820769df4688 is alive
2026-03-27 10:21:47.640 DEBUG 10280 --- [ool housekeeper] com.zaxxer.hikari.pool.HikariPool        : CentralHikariPool - keepalive: connection ConnectionID:10 ClientConnectionId: 27fc58a1-3a1d-4301-9cc7-01140b23ff2d is alive
2026-03-27 10:21:49.357 DEBUG 10280 --- [ool housekeeper] com.zaxxer.hikari.pool.HikariPool        : CentralHikariPool - Before cleanup stats (total=1, active=0, idle=1, waiting=0)
2026-03-27 10:21:49.358 DEBUG 10280 --- [ool housekeeper] com.zaxxer.hikari.pool.HikariPool        : CentralHikariPool - After cleanup  stats (total=1, active=0, idle=1, waiting=0)
2026-03-27 10:21:49.358 DEBUG 10280 --- [ool housekeeper] com.zaxxer.hikari.pool.HikariPool        : CentralHikariPool - Fill pool skipped, pool is at sufficient level.
2026-03-27 10:21:53.374 DEBUG 10280 --- [l-1 housekeeper] com.zaxxer.hikari.pool.HikariPool        : HikariPool-1 - keepalive: connection ConnectionID:11 ClientConnectionId: b7378613-118f-4638-993f-fbc0cf300eec is alive
2026-03-27 10:21:54.534 DEBUG 10280 --- [ruz housekeeper] com.zaxxer.hikari.pool.HikariPool        : ConnDb-Santa_Cruz - Before cleanup stats (total=0, active=0, idle=0, waiting=0)
2026-03-27 10:21:54.535 DEBUG 10280 --- [ruz housekeeper] com.zaxxer.hikari.pool.HikariPool        : ConnDb-Santa_Cruz - After cleanup  stats (total=0, active=0, idle=0, waiting=0)
2026-03-27 10:21:54.535 DEBUG 10280 --- [ruz housekeeper] com.zaxxer.hikari.pool.HikariPool        : ConnDb-Santa_Cruz - Fill pool skipped, pool is at sufficient level.
2026-03-27 10:21:56.808 DEBUG 10280 --- [l-1 housekeeper] com.zaxxer.hikari.pool.HikariPool        : HikariPool-1 - Before cleanup stats (total=4, active=0, idle=4, waiting=0)
2026-03-27 10:21:56.808 DEBUG 10280 --- [l-1 housekeeper] com.zaxxer.hikari.pool.HikariPool        : HikariPool-1 - After cleanup  stats (total=4, active=0, idle=4, waiting=0)
2026-03-27 10:21:56.809 DEBUG 10280 --- [l-1 housekeeper] com.zaxxer.hikari.pool.HikariPool        : HikariPool-1 - Fill pool skipped, pool is at sufficient level.
2026-03-27 10:22:19.360 DEBUG 10280 --- [ool housekeeper] com.zaxxer.hikari.pool.HikariPool        : CentralHikariPool - Before cleanup stats (total=1, active=0, idle=1, waiting=0)
2026-03-27 10:22:19.361 DEBUG 10280 --- [ool housekeeper] com.zaxxer.hikari.pool.HikariPool        : CentralHikariPool - After cleanup  stats (total=1, active=0, idle=1, waiting=0)
2026-03-27 10:22:19.361 DEBUG 10280 --- [ool housekeeper] com.zaxxer.hikari.pool.HikariPool        : CentralHikariPool - Fill pool skipped, pool is at sufficient level.
2026-03-27 10:22:24.543 DEBUG 10280 --- [ruz housekeeper] com.zaxxer.hikari.pool.HikariPool        : ConnDb-Santa_Cruz - Before cleanup stats (total=0, active=0, idle=0, waiting=0)
2026-03-27 10:22:24.544 DEBUG 10280 --- [ruz housekeeper] com.zaxxer.hikari.pool.HikariPool        : ConnDb-Santa_Cruz - After cleanup  stats (total=0, active=0, idle=0, waiting=0)
2026-03-27 10:22:24.545 DEBUG 10280 --- [ruz housekeeper] com.zaxxer.hikari.pool.HikariPool        : ConnDb-Santa_Cruz - Fill pool skipped, pool is at sufficient level.
2026-03-27 10:22:26.820 DEBUG 10280 --- [l-1 housekeeper] com.zaxxer.hikari.pool.HikariPool        : HikariPool-1 - Before cleanup stats (total=4, active=0, idle=4, waiting=0)
2026-03-27 10:22:26.821 DEBUG 10280 --- [l-1 housekeeper] com.zaxxer.hikari.pool.HikariPool        : HikariPool-1 - After cleanup  stats (total=4, active=0, idle=4, waiting=0)
2026-03-27 10:22:26.822 DEBUG 10280 --- [l-1 housekeeper] com.zaxxer.hikari.pool.HikariPool        : HikariPool-1 - Fill pool skipped, pool is at sufficient level.
2026-03-27 10:22:33.140 DEBUG 10280 --- [l-1 housekeeper] com.zaxxer.hikari.pool.HikariPool        : HikariPool-1 - keepalive: connection ConnectionID:13 ClientConnectionId: f52b7f04-2bb5-43c2-9abc-0aaa8d561a7c is alive
2026-03-27 10:22:49.364 DEBUG 10280 --- [ool housekeeper] com.zaxxer.hikari.pool.HikariPool        : CentralHikariPool - Before cleanup stats (total=1, active=0, idle=1, waiting=0)
2026-03-27 10:22:49.365 DEBUG 10280 --- [ool housekeeper] com.zaxxer.hikari.pool.HikariPool        : CentralHikariPool - After cleanup  stats (total=1, active=0, idle=1, waiting=0)
2026-03-27 10:22:49.366 DEBUG 10280 --- [ool housekeeper] com.zaxxer.hikari.pool.HikariPool        : CentralHikariPool - Fill pool skipped, pool is at sufficient level.
2026-03-27 10:22:54.556 DEBUG 10280 --- [ruz housekeeper] com.zaxxer.hikari.pool.HikariPool        : ConnDb-Santa_Cruz - Before cleanup stats (total=0, active=0, idle=0, waiting=0)
2026-03-27 10:22:54.556 DEBUG 10280 --- [ruz housekeeper] com.zaxxer.hikari.pool.HikariPool        : ConnDb-Santa_Cruz - After cleanup  stats (total=0, active=0, idle=0, waiting=0)
2026-03-27 10:22:54.557 DEBUG 10280 --- [ruz housekeeper] com.zaxxer.hikari.pool.HikariPool        : ConnDb-Santa_Cruz - Fill pool skipped, pool is at sufficient level.
2026-03-27 10:22:56.832 DEBUG 10280 --- [l-1 housekeeper] com.zaxxer.hikari.pool.HikariPool        : HikariPool-1 - Before cleanup stats (total=4, active=0, idle=4, waiting=0)
2026-03-27 10:22:56.833 DEBUG 10280 --- [l-1 housekeeper] com.zaxxer.hikari.pool.HikariPool        : HikariPool-1 - After cleanup  stats (total=4, active=0, idle=4, waiting=0)
2026-03-27 10:22:56.833 DEBUG 10280 --- [l-1 housekeeper] com.zaxxer.hikari.pool.HikariPool        : HikariPool-1 - Fill pool skipped, pool is at sufficient level.
2026-03-27 10:23:08.715 DEBUG 10280 --- [l-1 housekeeper] com.zaxxer.hikari.pool.HikariPool        : HikariPool-1 - keepalive: connection ConnectionID:14 ClientConnectionId: e5c13979-70a6-4d74-b1ad-7101f0d9565d is alive
2026-03-27 10:23:19.371 DEBUG 10280 --- [ool housekeeper] com.zaxxer.hikari.pool.HikariPool        : CentralHikariPool - Before cleanup stats (total=1, active=0, idle=1, waiting=0)
2026-03-27 10:23:19.371 DEBUG 10280 --- [ool housekeeper] com.zaxxer.hikari.pool.HikariPool        : CentralHikariPool - After cleanup  stats (total=1, active=0, idle=1, waiting=0)
2026-03-27 10:23:19.372 DEBUG 10280 --- [ool housekeeper] com.zaxxer.hikari.pool.HikariPool        : CentralHikariPool - Fill pool skipped, pool is at sufficient level.
2026-03-27 10:23:24.560 DEBUG 10280 --- [ruz housekeeper] com.zaxxer.hikari.pool.HikariPool        : ConnDb-Santa_Cruz - Before cleanup stats (total=0, active=0, idle=0, waiting=0)
2026-03-27 10:23:24.560 DEBUG 10280 --- [ruz housekeeper] com.zaxxer.hikari.pool.HikariPool        : ConnDb-Santa_Cruz - After cleanup  stats (total=0, active=0, idle=0, waiting=0)
2026-03-27 10:23:24.561 DEBUG 10280 --- [ruz housekeeper] com.zaxxer.hikari.pool.HikariPool        : ConnDb-Santa_Cruz - Fill pool skipped, pool is at sufficient level.
2026-03-27 10:23:26.839 DEBUG 10280 --- [l-1 housekeeper] com.zaxxer.hikari.pool.HikariPool        : HikariPool-1 - Before cleanup stats (total=4, active=0, idle=4, waiting=0)
2026-03-27 10:23:26.840 DEBUG 10280 --- [l-1 housekeeper] com.zaxxer.hikari.pool.HikariPool        : HikariPool-1 - After cleanup  stats (total=0, active=0, idle=0, waiting=0)
2026-03-27 10:23:26.840 DEBUG 10280 --- [nnection closer] com.zaxxer.hikari.pool.PoolBase          : HikariPool-1 - Closing connection ConnectionID:14 ClientConnectionId: e5c13979-70a6-4d74-b1ad-7101f0d9565d: (connection has passed idleTimeout)
2026-03-27 10:23:26.841 DEBUG 10280 --- [l-1 housekeeper] com.zaxxer.hikari.pool.HikariPool        : HikariPool-1 - Fill pool skipped, pool is at sufficient level.
2026-03-27 10:23:26.842 DEBUG 10280 --- [nnection closer] com.zaxxer.hikari.pool.HikariPool        : HikariPool-1 - Fill pool skipped, pool is at sufficient level.
2026-03-27 10:23:26.843 DEBUG 10280 --- [nnection closer] com.zaxxer.hikari.pool.PoolBase          : HikariPool-1 - Closing connection ConnectionID:13 ClientConnectionId: f52b7f04-2bb5-43c2-9abc-0aaa8d561a7c: (connection has passed idleTimeout)
2026-03-27 10:23:26.843 DEBUG 10280 --- [nnection closer] com.zaxxer.hikari.pool.HikariPool        : HikariPool-1 - Fill pool skipped, pool is at sufficient level.
2026-03-27 10:23:26.845 DEBUG 10280 --- [nnection closer] com.zaxxer.hikari.pool.PoolBase          : HikariPool-1 - Closing connection ConnectionID:12 ClientConnectionId: e46ff3b4-349e-4eaa-8ee4-820769df4688: (connection has passed idleTimeout)
2026-03-27 10:23:26.846 DEBUG 10280 --- [nnection closer] com.zaxxer.hikari.pool.HikariPool        : HikariPool-1 - Fill pool skipped, pool is at sufficient level.
2026-03-27 10:23:26.846 DEBUG 10280 --- [nnection closer] com.zaxxer.hikari.pool.PoolBase          : HikariPool-1 - Closing connection ConnectionID:11 ClientConnectionId: b7378613-118f-4638-993f-fbc0cf300eec: (connection has passed idleTimeout)
2026-03-27 10:23:26.847 DEBUG 10280 --- [nnection closer] com.zaxxer.hikari.pool.HikariPool        : HikariPool-1 - Fill pool skipped, pool is at sufficient level.
2026-03-27 10:23:38.008 DEBUG 10280 --- [ool housekeeper] com.zaxxer.hikari.pool.HikariPool        : CentralHikariPool - keepalive: connection ConnectionID:10 ClientConnectionId: 27fc58a1-3a1d-4301-9cc7-01140b23ff2d is alive
2026-03-27 10:23:49.386 DEBUG 10280 --- [ool housekeeper] com.zaxxer.hikari.pool.HikariPool        : CentralHikariPool - Before cleanup stats (total=1, active=0, idle=1, waiting=0)
2026-03-27 10:23:49.387 DEBUG 10280 --- [ool housekeeper] com.zaxxer.hikari.pool.HikariPool        : CentralHikariPool - After cleanup  stats (total=1, active=0, idle=1, waiting=0)
2026-03-27 10:23:49.388 DEBUG 10280 --- [ool housekeeper] com.zaxxer.hikari.pool.HikariPool        : CentralHikariPool - Fill pool skipped, pool is at sufficient level.
2026-03-27 10:23:54.577 DEBUG 10280 --- [ruz housekeeper] com.zaxxer.hikari.pool.HikariPool        : ConnDb-Santa_Cruz - Before cleanup stats (total=0, active=0, idle=0, waiting=0)
2026-03-27 10:23:54.578 DEBUG 10280 --- [ruz housekeeper] com.zaxxer.hikari.pool.HikariPool        : ConnDb-Santa_Cruz - After cleanup  stats (total=0, active=0, idle=0, waiting=0)
2026-03-27 10:23:54.579 DEBUG 10280 --- [ruz housekeeper] com.zaxxer.hikari.pool.HikariPool        : ConnDb-Santa_Cruz - Fill pool skipped, pool is at sufficient level.
2026-03-27 10:23:56.848 DEBUG 10280 --- [l-1 housekeeper] com.zaxxer.hikari.pool.HikariPool        : HikariPool-1 - Before cleanup stats (total=0, active=0, idle=0, waiting=0)
2026-03-27 10:23:56.849 DEBUG 10280 --- [l-1 housekeeper] com.zaxxer.hikari.pool.HikariPool        : HikariPool-1 - After cleanup  stats (total=0, active=0, idle=0, waiting=0)
2026-03-27 10:23:56.850 DEBUG 10280 --- [l-1 housekeeper] com.zaxxer.hikari.pool.HikariPool        : HikariPool-1 - Fill pool skipped, pool is at sufficient level.
2026-03-27 10:24:19.401 DEBUG 10280 --- [ool housekeeper] com.zaxxer.hikari.pool.HikariPool        : CentralHikariPool - Before cleanup stats (total=1, active=0, idle=1, waiting=0)
2026-03-27 10:24:19.402 DEBUG 10280 --- [ool housekeeper] com.zaxxer.hikari.pool.HikariPool        : CentralHikariPool - After cleanup  stats (total=1, active=0, idle=1, waiting=0)
2026-03-27 10:24:19.403 DEBUG 10280 --- [ool housekeeper] com.zaxxer.hikari.pool.HikariPool        : CentralHikariPool - Fill pool skipped, pool is at sufficient level.
2026-03-27 10:24:24.584 DEBUG 10280 --- [ruz housekeeper] com.zaxxer.hikari.pool.HikariPool        : ConnDb-Santa_Cruz - Before cleanup stats (total=0, active=0, idle=0, waiting=0)
2026-03-27 10:24:24.585 DEBUG 10280 --- [ruz housekeeper] com.zaxxer.hikari.pool.HikariPool        : ConnDb-Santa_Cruz - After cleanup  stats (total=0, active=0, idle=0, waiting=0)
2026-03-27 10:24:24.586 DEBUG 10280 --- [ruz housekeeper] com.zaxxer.hikari.pool.HikariPool        : ConnDb-Santa_Cruz - Fill pool skipped, pool is at sufficient level.
2026-03-27 10:24:26.857 DEBUG 10280 --- [l-1 housekeeper] com.zaxxer.hikari.pool.HikariPool        : HikariPool-1 - Before cleanup stats (total=0, active=0, idle=0, waiting=0)
2026-03-27 10:24:26.866 DEBUG 10280 --- [l-1 housekeeper] com.zaxxer.hikari.pool.HikariPool        : HikariPool-1 - After cleanup  stats (total=0, active=0, idle=0, waiting=0)
2026-03-27 10:24:26.866 DEBUG 10280 --- [l-1 housekeeper] com.zaxxer.hikari.pool.HikariPool        : HikariPool-1 - Fill pool skipped, pool is at sufficient level.
2026-03-27 10:24:49.407 DEBUG 10280 --- [ool housekeeper] com.zaxxer.hikari.pool.HikariPool        : CentralHikariPool - Before cleanup stats (total=1, active=0, idle=1, waiting=0)
2026-03-27 10:24:49.408 DEBUG 10280 --- [ool housekeeper] com.zaxxer.hikari.pool.HikariPool        : CentralHikariPool - After cleanup  stats (total=1, active=0, idle=1, waiting=0)
2026-03-27 10:24:49.409 DEBUG 10280 --- [ool housekeeper] com.zaxxer.hikari.pool.HikariPool        : CentralHikariPool - Fill pool skipped, pool is at sufficient level.
2026-03-27 10:24:54.588 DEBUG 10280 --- [ruz housekeeper] com.zaxxer.hikari.pool.HikariPool        : ConnDb-Santa_Cruz - Before cleanup stats (total=0, active=0, idle=0, waiting=0)
2026-03-27 10:24:54.589 DEBUG 10280 --- [ruz housekeeper] com.zaxxer.hikari.pool.HikariPool        : ConnDb-Santa_Cruz - After cleanup  stats (total=0, active=0, idle=0, waiting=0)
2026-03-27 10:24:54.590 DEBUG 10280 --- [ruz housekeeper] com.zaxxer.hikari.pool.HikariPool        : ConnDb-Santa_Cruz - Fill pool skipped, pool is at sufficient level.
2026-03-27 10:24:56.878 DEBUG 10280 --- [l-1 housekeeper] com.zaxxer.hikari.pool.HikariPool        : HikariPool-1 - Before cleanup stats (total=0, active=0, idle=0, waiting=0)
2026-03-27 10:24:56.880 DEBUG 10280 --- [l-1 housekeeper] com.zaxxer.hikari.pool.HikariPool        : HikariPool-1 - After cleanup  stats (total=0, active=0, idle=0, waiting=0)
2026-03-27 10:24:56.880 DEBUG 10280 --- [l-1 housekeeper] com.zaxxer.hikari.pool.HikariPool        : HikariPool-1 - Fill pool skipped, pool is at sufficient level.
2026-03-27 10:25:19.413 DEBUG 10280 --- [ool housekeeper] com.zaxxer.hikari.pool.HikariPool        : CentralHikariPool - Before cleanup stats (total=1, active=0, idle=1, waiting=0)
2026-03-27 10:25:19.414 DEBUG 10280 --- [ool housekeeper] com.zaxxer.hikari.pool.HikariPool        : CentralHikariPool - After cleanup  stats (total=1, active=0, idle=1, waiting=0)
2026-03-27 10:25:19.414 DEBUG 10280 --- [ool housekeeper] com.zaxxer.hikari.pool.HikariPool        : CentralHikariPool - Fill pool skipped, pool is at sufficient level.
2026-03-27 10:25:24.593 DEBUG 10280 --- [ruz housekeeper] com.zaxxer.hikari.pool.HikariPool        : ConnDb-Santa_Cruz - Before cleanup stats (total=0, active=0, idle=0, waiting=0)
2026-03-27 10:25:24.594 DEBUG 10280 --- [ruz housekeeper] com.zaxxer.hikari.pool.HikariPool        : ConnDb-Santa_Cruz - After cleanup  stats (total=0, active=0, idle=0, waiting=0)
2026-03-27 10:25:24.595 DEBUG 10280 --- [ruz housekeeper] com.zaxxer.hikari.pool.HikariPool        : ConnDb-Santa_Cruz - Fill pool skipped, pool is at sufficient level.
2026-03-27 10:25:26.886 DEBUG 10280 --- [l-1 housekeeper] com.zaxxer.hikari.pool.HikariPool        : HikariPool-1 - Before cleanup stats (total=0, active=0, idle=0, waiting=0)
2026-03-27 10:25:26.887 DEBUG 10280 --- [l-1 housekeeper] com.zaxxer.hikari.pool.HikariPool        : HikariPool-1 - After cleanup  stats (total=0, active=0, idle=0, waiting=0)
2026-03-27 10:25:26.887 DEBUG 10280 --- [l-1 housekeeper] com.zaxxer.hikari.pool.HikariPool        : HikariPool-1 - Fill pool skipped, pool is at sufficient level.
2026-03-27 10:25:28.372 DEBUG 10280 --- [ool housekeeper] com.zaxxer.hikari.pool.HikariPool        : CentralHikariPool - keepalive: connection ConnectionID:10 ClientConnectionId: 27fc58a1-3a1d-4301-9cc7-01140b23ff2d is alive
2026-03-27 10:25:44.597 DEBUG 10280 --- [nnection closer] com.zaxxer.hikari.pool.PoolBase          : CentralHikariPool - Closing connection ConnectionID:10 ClientConnectionId: 27fc58a1-3a1d-4301-9cc7-01140b23ff2d: (connection has passed maxLifetime)
2026-03-27 10:25:44.598 DEBUG 10280 --- [nnection closer] com.zaxxer.hikari.pool.HikariPool        : CentralHikariPool - Fill pool skipped, pool is at sufficient level.
2026-03-27 10:25:49.421 DEBUG 10280 --- [ool housekeeper] com.zaxxer.hikari.pool.HikariPool        : CentralHikariPool - Before cleanup stats (total=0, active=0, idle=0, waiting=0)
2026-03-27 10:25:49.422 DEBUG 10280 --- [ool housekeeper] com.zaxxer.hikari.pool.HikariPool        : CentralHikariPool - After cleanup  stats (total=0, active=0, idle=0, waiting=0)
2026-03-27 10:25:49.422 DEBUG 10280 --- [ool housekeeper] com.zaxxer.hikari.pool.HikariPool        : CentralHikariPool - Fill pool skipped, pool is at sufficient level.
2026-03-27 10:25:54.607 DEBUG 10280 --- [ruz housekeeper] com.zaxxer.hikari.pool.HikariPool        : ConnDb-Santa_Cruz - Before cleanup stats (total=0, active=0, idle=0, waiting=0)
2026-03-27 10:25:54.608 DEBUG 10280 --- [ruz housekeeper] com.zaxxer.hikari.pool.HikariPool        : ConnDb-Santa_Cruz - After cleanup  stats (total=0, active=0, idle=0, waiting=0)
2026-03-27 10:25:54.608 DEBUG 10280 --- [ruz housekeeper] com.zaxxer.hikari.pool.HikariPool        : ConnDb-Santa_Cruz - Fill pool skipped, pool is at sufficient level.
2026-03-27 10:25:56.896 DEBUG 10280 --- [l-1 housekeeper] com.zaxxer.hikari.pool.HikariPool        : HikariPool-1 - Before cleanup stats (total=0, active=0, idle=0, waiting=0)
2026-03-27 10:25:56.945 DEBUG 10280 --- [l-1 housekeeper] com.zaxxer.hikari.pool.HikariPool        : HikariPool-1 - After cleanup  stats (total=0, active=0, idle=0, waiting=0)
2026-03-27 10:25:56.946 DEBUG 10280 --- [l-1 housekeeper] com.zaxxer.hikari.pool.HikariPool        : HikariPool-1 - Fill pool skipped, pool is at sufficient level.
2026-03-27 10:26:19.430 DEBUG 10280 --- [ool housekeeper] com.zaxxer.hikari.pool.HikariPool        : CentralHikariPool - Before cleanup stats (total=0, active=0, idle=0, waiting=0)
2026-03-27 10:26:19.436 DEBUG 10280 --- [ool housekeeper] com.zaxxer.hikari.pool.HikariPool        : CentralHikariPool - After cleanup  stats (total=0, active=0, idle=0, waiting=0)
2026-03-27 10:26:19.436 DEBUG 10280 --- [ool housekeeper] com.zaxxer.hikari.pool.HikariPool        : CentralHikariPool - Fill pool skipped, pool is at sufficient level.
2026-03-27 10:26:24.624 DEBUG 10280 --- [ruz housekeeper] com.zaxxer.hikari.pool.HikariPool        : ConnDb-Santa_Cruz - Before cleanup stats (total=0, active=0, idle=0, waiting=0)
2026-03-27 10:26:24.626 DEBUG 10280 --- [ruz housekeeper] com.zaxxer.hikari.pool.HikariPool        : ConnDb-Santa_Cruz - After cleanup  stats (total=0, active=0, idle=0, waiting=0)
2026-03-27 10:26:24.627 DEBUG 10280 --- [ruz housekeeper] com.zaxxer.hikari.pool.HikariPool        : ConnDb-Santa_Cruz - Fill pool skipped, pool is at sufficient level.
2026-03-27 10:26:26.960 DEBUG 10280 --- [l-1 housekeeper] com.zaxxer.hikari.pool.HikariPool        : HikariPool-1 - Before cleanup stats (total=0, active=0, idle=0, waiting=0)
2026-03-27 10:26:27.107 DEBUG 10280 --- [l-1 housekeeper] com.zaxxer.hikari.pool.HikariPool        : HikariPool-1 - After cleanup  stats (total=0, active=0, idle=0, waiting=0)
2026-03-27 10:26:27.111 DEBUG 10280 --- [l-1 housekeeper] com.zaxxer.hikari.pool.HikariPool        : HikariPool-1 - Fill pool skipped, pool is at sufficient level.
2026-03-27 10:26:49.444 DEBUG 10280 --- [ool housekeeper] com.zaxxer.hikari.pool.HikariPool        : CentralHikariPool - Before cleanup stats (total=0, active=0, idle=0, waiting=0)
2026-03-27 10:26:49.445 DEBUG 10280 --- [ool housekeeper] com.zaxxer.hikari.pool.HikariPool        : CentralHikariPool - After cleanup  stats (total=0, active=0, idle=0, waiting=0)
2026-03-27 10:26:49.446 DEBUG 10280 --- [ool housekeeper] com.zaxxer.hikari.pool.HikariPool        : CentralHikariPool - Fill pool skipped, pool is at sufficient level.
2026-03-27 10:26:54.633 DEBUG 10280 --- [ruz housekeeper] com.zaxxer.hikari.pool.HikariPool        : ConnDb-Santa_Cruz - Before cleanup stats (total=0, active=0, idle=0, waiting=0)
2026-03-27 10:26:54.634 DEBUG 10280 --- [ruz housekeeper] com.zaxxer.hikari.pool.HikariPool        : ConnDb-Santa_Cruz - After cleanup  stats (total=0, active=0, idle=0, waiting=0)
2026-03-27 10:26:54.634 DEBUG 10280 --- [ruz housekeeper] com.zaxxer.hikari.pool.HikariPool        : ConnDb-Santa_Cruz - Fill pool skipped, pool is at sufficient level.
2026-03-27 10:26:57.349 DEBUG 10280 --- [l-1 housekeeper] com.zaxxer.hikari.pool.HikariPool        : HikariPool-1 - Before cleanup stats (total=0, active=0, idle=0, waiting=0)
2026-03-27 10:26:57.349 DEBUG 10280 --- [l-1 housekeeper] com.zaxxer.hikari.pool.HikariPool        : HikariPool-1 - After cleanup  stats (total=0, active=0, idle=0, waiting=0)
2026-03-27 10:26:57.350 DEBUG 10280 --- [l-1 housekeeper] com.zaxxer.hikari.pool.HikariPool        : HikariPool-1 - Fill pool skipped, pool is at sufficient level.
2026-03-27 10:27:19.457 DEBUG 10280 --- [ool housekeeper] com.zaxxer.hikari.pool.HikariPool        : CentralHikariPool - Before cleanup stats (total=0, active=0, idle=0, waiting=0)
2026-03-27 10:27:19.458 DEBUG 10280 --- [ool housekeeper] com.zaxxer.hikari.pool.HikariPool        : CentralHikariPool - After cleanup  stats (total=0, active=0, idle=0, waiting=0)
2026-03-27 10:27:19.458 DEBUG 10280 --- [ool housekeeper] com.zaxxer.hikari.pool.HikariPool        : CentralHikariPool - Fill pool skipped, pool is at sufficient level.
2026-03-27 10:27:24.645 DEBUG 10280 --- [ruz housekeeper] com.zaxxer.hikari.pool.HikariPool        : ConnDb-Santa_Cruz - Before cleanup stats (total=0, active=0, idle=0, waiting=0)
2026-03-27 10:27:24.664 DEBUG 10280 --- [ruz housekeeper] com.zaxxer.hikari.pool.HikariPool        : ConnDb-Santa_Cruz - After cleanup  stats (total=0, active=0, idle=0, waiting=0)
2026-03-27 10:27:24.664 DEBUG 10280 --- [ruz housekeeper] com.zaxxer.hikari.pool.HikariPool        : ConnDb-Santa_Cruz - Fill pool skipped, pool is at sufficient level.
2026-03-27 10:27:27.357 DEBUG 10280 --- [l-1 housekeeper] com.zaxxer.hikari.pool.HikariPool        : HikariPool-1 - Before cleanup stats (total=0, active=0, idle=0, waiting=0)
2026-03-27 10:27:27.358 DEBUG 10280 --- [l-1 housekeeper] com.zaxxer.hikari.pool.HikariPool        : HikariPool-1 - After cleanup  stats (total=0, active=0, idle=0, waiting=0)
2026-03-27 10:27:27.359 DEBUG 10280 --- [l-1 housekeeper] com.zaxxer.hikari.pool.HikariPool        : HikariPool-1 - Fill pool skipped, pool is at sufficient level.
2026-03-27 10:27:49.462 DEBUG 10280 --- [ool housekeeper] com.zaxxer.hikari.pool.HikariPool        : CentralHikariPool - Before cleanup stats (total=0, active=0, idle=0, waiting=0)
2026-03-27 10:27:49.463 DEBUG 10280 --- [ool housekeeper] com.zaxxer.hikari.pool.HikariPool        : CentralHikariPool - After cleanup  stats (total=0, active=0, idle=0, waiting=0)
2026-03-27 10:27:49.463 DEBUG 10280 --- [ool housekeeper] com.zaxxer.hikari.pool.HikariPool        : CentralHikariPool - Fill pool skipped, pool is at sufficient level.
2026-03-27 10:27:54.673 DEBUG 10280 --- [ruz housekeeper] com.zaxxer.hikari.pool.HikariPool        : ConnDb-Santa_Cruz - Before cleanup stats (total=0, active=0, idle=0, waiting=0)
2026-03-27 10:27:54.674 DEBUG 10280 --- [ruz housekeeper] com.zaxxer.hikari.pool.HikariPool        : ConnDb-Santa_Cruz - After cleanup  stats (total=0, active=0, idle=0, waiting=0)
2026-03-27 10:27:54.674 DEBUG 10280 --- [ruz housekeeper] com.zaxxer.hikari.pool.HikariPool        : ConnDb-Santa_Cruz - Fill pool skipped, pool is at sufficient level.
2026-03-27 10:27:57.364 DEBUG 10280 --- [l-1 housekeeper] com.zaxxer.hikari.pool.HikariPool        : HikariPool-1 - Before cleanup stats (total=0, active=0, idle=0, waiting=0)
2026-03-27 10:27:57.364 DEBUG 10280 --- [l-1 housekeeper] com.zaxxer.hikari.pool.HikariPool        : HikariPool-1 - After cleanup  stats (total=0, active=0, idle=0, waiting=0)
2026-03-27 10:27:57.365 DEBUG 10280 --- [l-1 housekeeper] com.zaxxer.hikari.pool.HikariPool        : HikariPool-1 - Fill pool skipped, pool is at sufficient level.
2026-03-27 10:28:19.467 DEBUG 10280 --- [ool housekeeper] com.zaxxer.hikari.pool.HikariPool        : CentralHikariPool - Before cleanup stats (total=0, active=0, idle=0, waiting=0)
2026-03-27 10:28:19.468 DEBUG 10280 --- [ool housekeeper] com.zaxxer.hikari.pool.HikariPool        : CentralHikariPool - After cleanup  stats (total=0, active=0, idle=0, waiting=0)
2026-03-27 10:28:19.468 DEBUG 10280 --- [ool housekeeper] com.zaxxer.hikari.pool.HikariPool        : CentralHikariPool - Fill pool skipped, pool is at sufficient level.
2026-03-27 10:28:24.683 DEBUG 10280 --- [ruz housekeeper] com.zaxxer.hikari.pool.HikariPool        : ConnDb-Santa_Cruz - Before cleanup stats (total=0, active=0, idle=0, waiting=0)
2026-03-27 10:28:24.684 DEBUG 10280 --- [ruz housekeeper] com.zaxxer.hikari.pool.HikariPool        : ConnDb-Santa_Cruz - After cleanup  stats (total=0, active=0, idle=0, waiting=0)
2026-03-27 10:28:24.684 DEBUG 10280 --- [ruz housekeeper] com.zaxxer.hikari.pool.HikariPool        : ConnDb-Santa_Cruz - Fill pool skipped, pool is at sufficient level.
2026-03-27 10:28:27.377 DEBUG 10280 --- [l-1 housekeeper] com.zaxxer.hikari.pool.HikariPool        : HikariPool-1 - Before cleanup stats (total=0, active=0, idle=0, waiting=0)
2026-03-27 10:28:27.378 DEBUG 10280 --- [l-1 housekeeper] com.zaxxer.hikari.pool.HikariPool        : HikariPool-1 - After cleanup  stats (total=0, active=0, idle=0, waiting=0)
2026-03-27 10:28:27.378 DEBUG 10280 --- [l-1 housekeeper] com.zaxxer.hikari.pool.HikariPool        : HikariPool-1 - Fill pool skipped, pool is at sufficient level.
2026-03-27 10:28:49.471 DEBUG 10280 --- [ool housekeeper] com.zaxxer.hikari.pool.HikariPool        : CentralHikariPool - Before cleanup stats (total=0, active=0, idle=0, waiting=0)
2026-03-27 10:28:49.472 DEBUG 10280 --- [ool housekeeper] com.zaxxer.hikari.pool.HikariPool        : CentralHikariPool - After cleanup  stats (total=0, active=0, idle=0, waiting=0)
2026-03-27 10:28:49.472 DEBUG 10280 --- [ool housekeeper] com.zaxxer.hikari.pool.HikariPool        : CentralHikariPool - Fill pool skipped, pool is at sufficient level.
2026-03-27 10:28:54.696 DEBUG 10280 --- [ruz housekeeper] com.zaxxer.hikari.pool.HikariPool        : ConnDb-Santa_Cruz - Before cleanup stats (total=0, active=0, idle=0, waiting=0)
2026-03-27 10:28:54.696 DEBUG 10280 --- [ruz housekeeper] com.zaxxer.hikari.pool.HikariPool        : ConnDb-Santa_Cruz - After cleanup  stats (total=0, active=0, idle=0, waiting=0)
2026-03-27 10:28:54.697 DEBUG 10280 --- [ruz housekeeper] com.zaxxer.hikari.pool.HikariPool        : ConnDb-Santa_Cruz - Fill pool skipped, pool is at sufficient level.
2026-03-27 10:28:57.389 DEBUG 10280 --- [l-1 housekeeper] com.zaxxer.hikari.pool.HikariPool        : HikariPool-1 - Before cleanup stats (total=0, active=0, idle=0, waiting=0)
2026-03-27 10:28:57.389 DEBUG 10280 --- [l-1 housekeeper] com.zaxxer.hikari.pool.HikariPool        : HikariPool-1 - After cleanup  stats (total=0, active=0, idle=0, waiting=0)
2026-03-27 10:28:57.390 DEBUG 10280 --- [l-1 housekeeper] com.zaxxer.hikari.pool.HikariPool        : HikariPool-1 - Fill pool skipped, pool is at sufficient level.
2026-03-27 10:29:19.485 DEBUG 10280 --- [ool housekeeper] com.zaxxer.hikari.pool.HikariPool        : CentralHikariPool - Before cleanup stats (total=0, active=0, idle=0, waiting=0)
2026-03-27 10:29:19.486 DEBUG 10280 --- [ool housekeeper] com.zaxxer.hikari.pool.HikariPool        : CentralHikariPool - After cleanup  stats (total=0, active=0, idle=0, waiting=0)
2026-03-27 10:29:19.486 DEBUG 10280 --- [ool housekeeper] com.zaxxer.hikari.pool.HikariPool        : CentralHikariPool - Fill pool skipped, pool is at sufficient level.
2026-03-27 10:29:24.700 DEBUG 10280 --- [ruz housekeeper] com.zaxxer.hikari.pool.HikariPool        : ConnDb-Santa_Cruz - Before cleanup stats (total=0, active=0, idle=0, waiting=0)
2026-03-27 10:29:24.701 DEBUG 10280 --- [ruz housekeeper] com.zaxxer.hikari.pool.HikariPool        : ConnDb-Santa_Cruz - After cleanup  stats (total=0, active=0, idle=0, waiting=0)
2026-03-27 10:29:24.702 DEBUG 10280 --- [ruz housekeeper] com.zaxxer.hikari.pool.HikariPool        : ConnDb-Santa_Cruz - Fill pool skipped, pool is at sufficient level.
2026-03-27 10:29:27.401 DEBUG 10280 --- [l-1 housekeeper] com.zaxxer.hikari.pool.HikariPool        : HikariPool-1 - Before cleanup stats (total=0, active=0, idle=0, waiting=0)
2026-03-27 10:29:27.402 DEBUG 10280 --- [l-1 housekeeper] com.zaxxer.hikari.pool.HikariPool        : HikariPool-1 - After cleanup  stats (total=0, active=0, idle=0, waiting=0)
2026-03-27 10:29:27.404 DEBUG 10280 --- [l-1 housekeeper] com.zaxxer.hikari.pool.HikariPool        : HikariPool-1 - Fill pool skipped, pool is at sufficient level.
2026-03-27 10:29:49.491 DEBUG 10280 --- [ool housekeeper] com.zaxxer.hikari.pool.HikariPool        : CentralHikariPool - Before cleanup stats (total=0, active=0, idle=0, waiting=0)
2026-03-27 10:29:49.493 DEBUG 10280 --- [ool housekeeper] com.zaxxer.hikari.pool.HikariPool        : CentralHikariPool - After cleanup  stats (total=0, active=0, idle=0, waiting=0)
2026-03-27 10:29:49.493 DEBUG 10280 --- [ool housekeeper] com.zaxxer.hikari.pool.HikariPool        : CentralHikariPool - Fill pool skipped, pool is at sufficient level.
2026-03-27 10:29:54.709 DEBUG 10280 --- [ruz housekeeper] com.zaxxer.hikari.pool.HikariPool        : ConnDb-Santa_Cruz - Before cleanup stats (total=0, active=0, idle=0, waiting=0)
2026-03-27 10:29:54.709 DEBUG 10280 --- [ruz housekeeper] com.zaxxer.hikari.pool.HikariPool        : ConnDb-Santa_Cruz - After cleanup  stats (total=0, active=0, idle=0, waiting=0)
2026-03-27 10:29:54.710 DEBUG 10280 --- [ruz housekeeper] com.zaxxer.hikari.pool.HikariPool        : ConnDb-Santa_Cruz - Fill pool skipped, pool is at sufficient level.
2026-03-27 10:29:57.421 DEBUG 10280 --- [l-1 housekeeper] com.zaxxer.hikari.pool.HikariPool        : HikariPool-1 - Before cleanup stats (total=0, active=0, idle=0, waiting=0)
2026-03-27 10:29:57.422 DEBUG 10280 --- [l-1 housekeeper] com.zaxxer.hikari.pool.HikariPool        : HikariPool-1 - After cleanup  stats (total=0, active=0, idle=0, waiting=0)
2026-03-27 10:29:57.423 DEBUG 10280 --- [l-1 housekeeper] com.zaxxer.hikari.pool.HikariPool        : HikariPool-1 - Fill pool skipped, pool is at sufficient level.
2026-03-27 10:30:19.509 DEBUG 10280 --- [ool housekeeper] com.zaxxer.hikari.pool.HikariPool        : CentralHikariPool - Before cleanup stats (total=0, active=0, idle=0, waiting=0)
2026-03-27 10:30:19.510 DEBUG 10280 --- [ool housekeeper] com.zaxxer.hikari.pool.HikariPool        : CentralHikariPool - After cleanup  stats (total=0, active=0, idle=0, waiting=0)
2026-03-27 10:30:19.510 DEBUG 10280 --- [ool housekeeper] com.zaxxer.hikari.pool.HikariPool        : CentralHikariPool - Fill pool skipped, pool is at sufficient level.
2026-03-27 10:30:24.724 DEBUG 10280 --- [ruz housekeeper] com.zaxxer.hikari.pool.HikariPool        : ConnDb-Santa_Cruz - Before cleanup stats (total=0, active=0, idle=0, waiting=0)
2026-03-27 10:30:24.725 DEBUG 10280 --- [ruz housekeeper] com.zaxxer.hikari.pool.HikariPool        : ConnDb-Santa_Cruz - After cleanup  stats (total=0, active=0, idle=0, waiting=0)
2026-03-27 10:30:24.725 DEBUG 10280 --- [ruz housekeeper] com.zaxxer.hikari.pool.HikariPool        : ConnDb-Santa_Cruz - Fill pool skipped, pool is at sufficient level.
2026-03-27 10:30:27.426 DEBUG 10280 --- [l-1 housekeeper] com.zaxxer.hikari.pool.HikariPool        : HikariPool-1 - Before cleanup stats (total=0, active=0, idle=0, waiting=0)
2026-03-27 10:30:27.427 DEBUG 10280 --- [l-1 housekeeper] com.zaxxer.hikari.pool.HikariPool        : HikariPool-1 - After cleanup  stats (total=0, active=0, idle=0, waiting=0)
2026-03-27 10:30:27.427 DEBUG 10280 --- [l-1 housekeeper] com.zaxxer.hikari.pool.HikariPool        : HikariPool-1 - Fill pool skipped, pool is at sufficient level.
2026-03-27 10:30:49.513 DEBUG 10280 --- [ool housekeeper] com.zaxxer.hikari.pool.HikariPool        : CentralHikariPool - Before cleanup stats (total=0, active=0, idle=0, waiting=0)
2026-03-27 10:30:49.531 DEBUG 10280 --- [ool housekeeper] com.zaxxer.hikari.pool.HikariPool        : CentralHikariPool - After cleanup  stats (total=0, active=0, idle=0, waiting=0)
2026-03-27 10:30:49.579 DEBUG 10280 --- [ool housekeeper] com.zaxxer.hikari.pool.HikariPool        : CentralHikariPool - Fill pool skipped, pool is at sufficient level.
2026-03-27 10:30:54.740 DEBUG 10280 --- [ruz housekeeper] com.zaxxer.hikari.pool.HikariPool        : ConnDb-Santa_Cruz - Before cleanup stats (total=0, active=0, idle=0, waiting=0)
2026-03-27 10:30:54.752 DEBUG 10280 --- [ruz housekeeper] com.zaxxer.hikari.pool.HikariPool        : ConnDb-Santa_Cruz - After cleanup  stats (total=0, active=0, idle=0, waiting=0)
2026-03-27 10:30:54.752 DEBUG 10280 --- [ruz housekeeper] com.zaxxer.hikari.pool.HikariPool        : ConnDb-Santa_Cruz - Fill pool skipped, pool is at sufficient level.
2026-03-27 10:30:57.441 DEBUG 10280 --- [l-1 housekeeper] com.zaxxer.hikari.pool.HikariPool        : HikariPool-1 - Before cleanup stats (total=0, active=0, idle=0, waiting=0)
2026-03-27 10:30:57.442 DEBUG 10280 --- [l-1 housekeeper] com.zaxxer.hikari.pool.HikariPool        : HikariPool-1 - After cleanup  stats (total=0, active=0, idle=0, waiting=0)
2026-03-27 10:30:57.442 DEBUG 10280 --- [l-1 housekeeper] com.zaxxer.hikari.pool.HikariPool        : HikariPool-1 - Fill pool skipped, pool is at sufficient level.
2026-03-27 10:31:19.593 DEBUG 10280 --- [ool housekeeper] com.zaxxer.hikari.pool.HikariPool        : CentralHikariPool - Before cleanup stats (total=0, active=0, idle=0, waiting=0)
2026-03-27 10:31:19.594 DEBUG 10280 --- [ool housekeeper] com.zaxxer.hikari.pool.HikariPool        : CentralHikariPool - After cleanup  stats (total=0, active=0, idle=0, waiting=0)
2026-03-27 10:31:19.595 DEBUG 10280 --- [ool housekeeper] com.zaxxer.hikari.pool.HikariPool        : CentralHikariPool - Fill pool skipped, pool is at sufficient level.
2026-03-27 10:31:24.813 DEBUG 10280 --- [ruz housekeeper] com.zaxxer.hikari.pool.HikariPool        : ConnDb-Santa_Cruz - Before cleanup stats (total=0, active=0, idle=0, waiting=0)
2026-03-27 10:31:24.814 DEBUG 10280 --- [ruz housekeeper] com.zaxxer.hikari.pool.HikariPool        : ConnDb-Santa_Cruz - After cleanup  stats (total=0, active=0, idle=0, waiting=0)
2026-03-27 10:31:24.814 DEBUG 10280 --- [ruz housekeeper] com.zaxxer.hikari.pool.HikariPool        : ConnDb-Santa_Cruz - Fill pool skipped, pool is at sufficient level.
2026-03-27 10:31:27.448 DEBUG 10280 --- [l-1 housekeeper] com.zaxxer.hikari.pool.HikariPool        : HikariPool-1 - Before cleanup stats (total=0, active=0, idle=0, waiting=0)
2026-03-27 10:31:27.448 DEBUG 10280 --- [l-1 housekeeper] com.zaxxer.hikari.pool.HikariPool        : HikariPool-1 - After cleanup  stats (total=0, active=0, idle=0, waiting=0)
2026-03-27 10:31:27.449 DEBUG 10280 --- [l-1 housekeeper] com.zaxxer.hikari.pool.HikariPool        : HikariPool-1 - Fill pool skipped, pool is at sufficient level.
2026-03-27 10:31:49.610 DEBUG 10280 --- [ool housekeeper] com.zaxxer.hikari.pool.HikariPool        : CentralHikariPool - Before cleanup stats (total=0, active=0, idle=0, waiting=0)
2026-03-27 10:31:49.611 DEBUG 10280 --- [ool housekeeper] com.zaxxer.hikari.pool.HikariPool        : CentralHikariPool - After cleanup  stats (total=0, active=0, idle=0, waiting=0)
2026-03-27 10:31:49.611 DEBUG 10280 --- [ool housekeeper] com.zaxxer.hikari.pool.HikariPool        : CentralHikariPool - Fill pool skipped, pool is at sufficient level.
2026-03-27 10:31:54.827 DEBUG 10280 --- [ruz housekeeper] com.zaxxer.hikari.pool.HikariPool        : ConnDb-Santa_Cruz - Before cleanup stats (total=0, active=0, idle=0, waiting=0)
2026-03-27 10:31:54.828 DEBUG 10280 --- [ruz housekeeper] com.zaxxer.hikari.pool.HikariPool        : ConnDb-Santa_Cruz - After cleanup  stats (total=0, active=0, idle=0, waiting=0)
2026-03-27 10:31:54.829 DEBUG 10280 --- [ruz housekeeper] com.zaxxer.hikari.pool.HikariPool        : ConnDb-Santa_Cruz - Fill pool skipped, pool is at sufficient level.
2026-03-27 10:31:57.456 DEBUG 10280 --- [l-1 housekeeper] com.zaxxer.hikari.pool.HikariPool        : HikariPool-1 - Before cleanup stats (total=0, active=0, idle=0, waiting=0)
2026-03-27 10:31:57.457 DEBUG 10280 --- [l-1 housekeeper] com.zaxxer.hikari.pool.HikariPool        : HikariPool-1 - After cleanup  stats (total=0, active=0, idle=0, waiting=0)
2026-03-27 10:31:57.458 DEBUG 10280 --- [l-1 housekeeper] com.zaxxer.hikari.pool.HikariPool        : HikariPool-1 - Fill pool skipped, pool is at sufficient level.
2026-03-27 10:32:19.623 DEBUG 10280 --- [ool housekeeper] com.zaxxer.hikari.pool.HikariPool        : CentralHikariPool - Before cleanup stats (total=0, active=0, idle=0, waiting=0)
2026-03-27 10:32:19.623 DEBUG 10280 --- [ool housekeeper] com.zaxxer.hikari.pool.HikariPool        : CentralHikariPool - After cleanup  stats (total=0, active=0, idle=0, waiting=0)
2026-03-27 10:32:19.624 DEBUG 10280 --- [ool housekeeper] com.zaxxer.hikari.pool.HikariPool        : CentralHikariPool - Fill pool skipped, pool is at sufficient level.
2026-03-27 10:32:24.833 DEBUG 10280 --- [ruz housekeeper] com.zaxxer.hikari.pool.HikariPool        : ConnDb-Santa_Cruz - Before cleanup stats (total=0, active=0, idle=0, waiting=0)
2026-03-27 10:32:25.111 DEBUG 10280 --- [ruz housekeeper] com.zaxxer.hikari.pool.HikariPool        : ConnDb-Santa_Cruz - After cleanup  stats (total=0, active=0, idle=0, waiting=0)
2026-03-27 10:32:25.112 DEBUG 10280 --- [ruz housekeeper] com.zaxxer.hikari.pool.HikariPool        : ConnDb-Santa_Cruz - Fill pool skipped, pool is at sufficient level.
2026-03-27 10:32:27.469 DEBUG 10280 --- [l-1 housekeeper] com.zaxxer.hikari.pool.HikariPool        : HikariPool-1 - Before cleanup stats (total=0, active=0, idle=0, waiting=0)
2026-03-27 10:32:27.470 DEBUG 10280 --- [l-1 housekeeper] com.zaxxer.hikari.pool.HikariPool        : HikariPool-1 - After cleanup  stats (total=0, active=0, idle=0, waiting=0)
2026-03-27 10:32:27.471 DEBUG 10280 --- [l-1 housekeeper] com.zaxxer.hikari.pool.HikariPool        : HikariPool-1 - Fill pool skipped, pool is at sufficient level.
2026-03-27 10:32:49.640 DEBUG 10280 --- [ool housekeeper] com.zaxxer.hikari.pool.HikariPool        : CentralHikariPool - Before cleanup stats (total=0, active=0, idle=0, waiting=0)
2026-03-27 10:32:49.647 DEBUG 10280 --- [ool housekeeper] com.zaxxer.hikari.pool.HikariPool        : CentralHikariPool - After cleanup  stats (total=0, active=0, idle=0, waiting=0)
2026-03-27 10:32:49.647 DEBUG 10280 --- [ool housekeeper] com.zaxxer.hikari.pool.HikariPool        : CentralHikariPool - Fill pool skipped, pool is at sufficient level.
2026-03-27 10:32:55.125 DEBUG 10280 --- [ruz housekeeper] com.zaxxer.hikari.pool.HikariPool        : ConnDb-Santa_Cruz - Before cleanup stats (total=0, active=0, idle=0, waiting=0)
2026-03-27 10:32:55.125 DEBUG 10280 --- [ruz housekeeper] com.zaxxer.hikari.pool.HikariPool        : ConnDb-Santa_Cruz - After cleanup  stats (total=0, active=0, idle=0, waiting=0)
2026-03-27 10:32:55.126 DEBUG 10280 --- [ruz housekeeper] com.zaxxer.hikari.pool.HikariPool        : ConnDb-Santa_Cruz - Fill pool skipped, pool is at sufficient level.
2026-03-27 10:32:57.473 DEBUG 10280 --- [l-1 housekeeper] com.zaxxer.hikari.pool.HikariPool        : HikariPool-1 - Before cleanup stats (total=0, active=0, idle=0, waiting=0)
2026-03-27 10:32:57.474 DEBUG 10280 --- [l-1 housekeeper] com.zaxxer.hikari.pool.HikariPool        : HikariPool-1 - After cleanup  stats (total=0, active=0, idle=0, waiting=0)
2026-03-27 10:32:57.475 DEBUG 10280 --- [l-1 housekeeper] com.zaxxer.hikari.pool.HikariPool        : HikariPool-1 - Fill pool skipped, pool is at sufficient level.
2026-03-27 10:33:19.659 DEBUG 10280 --- [ool housekeeper] com.zaxxer.hikari.pool.HikariPool        : CentralHikariPool - Before cleanup stats (total=0, active=0, idle=0, waiting=0)
2026-03-27 10:33:19.659 DEBUG 10280 --- [ool housekeeper] com.zaxxer.hikari.pool.HikariPool        : CentralHikariPool - After cleanup  stats (total=0, active=0, idle=0, waiting=0)
2026-03-27 10:33:19.660 DEBUG 10280 --- [ool housekeeper] com.zaxxer.hikari.pool.HikariPool        : CentralHikariPool - Fill pool skipped, pool is at sufficient level.
2026-03-27 10:33:25.132 DEBUG 10280 --- [ruz housekeeper] com.zaxxer.hikari.pool.HikariPool        : ConnDb-Santa_Cruz - Before cleanup stats (total=0, active=0, idle=0, waiting=0)
2026-03-27 10:33:25.152 DEBUG 10280 --- [ruz housekeeper] com.zaxxer.hikari.pool.HikariPool        : ConnDb-Santa_Cruz - After cleanup  stats (total=0, active=0, idle=0, waiting=0)
2026-03-27 10:33:25.153 DEBUG 10280 --- [ruz housekeeper] com.zaxxer.hikari.pool.HikariPool        : ConnDb-Santa_Cruz - Fill pool skipped, pool is at sufficient level.
2026-03-27 10:33:27.487 DEBUG 10280 --- [l-1 housekeeper] com.zaxxer.hikari.pool.HikariPool        : HikariPool-1 - Before cleanup stats (total=0, active=0, idle=0, waiting=0)
2026-03-27 10:33:27.487 DEBUG 10280 --- [l-1 housekeeper] com.zaxxer.hikari.pool.HikariPool        : HikariPool-1 - After cleanup  stats (total=0, active=0, idle=0, waiting=0)
2026-03-27 10:33:27.488 DEBUG 10280 --- [l-1 housekeeper] com.zaxxer.hikari.pool.HikariPool        : HikariPool-1 - Fill pool skipped, pool is at sufficient level.
2026-03-27 10:33:49.666 DEBUG 10280 --- [ool housekeeper] com.zaxxer.hikari.pool.HikariPool        : CentralHikariPool - Before cleanup stats (total=0, active=0, idle=0, waiting=0)
2026-03-27 10:33:49.668 DEBUG 10280 --- [ool housekeeper] com.zaxxer.hikari.pool.HikariPool        : CentralHikariPool - After cleanup  stats (total=0, active=0, idle=0, waiting=0)
2026-03-27 10:33:49.669 DEBUG 10280 --- [ool housekeeper] com.zaxxer.hikari.pool.HikariPool        : CentralHikariPool - Fill pool skipped, pool is at sufficient level.
2026-03-27 10:33:55.156 DEBUG 10280 --- [ruz housekeeper] com.zaxxer.hikari.pool.HikariPool        : ConnDb-Santa_Cruz - Before cleanup stats (total=0, active=0, idle=0, waiting=0)
2026-03-27 10:33:55.157 DEBUG 10280 --- [ruz housekeeper] com.zaxxer.hikari.pool.HikariPool        : ConnDb-Santa_Cruz - After cleanup  stats (total=0, active=0, idle=0, waiting=0)
2026-03-27 10:33:55.158 DEBUG 10280 --- [ruz housekeeper] com.zaxxer.hikari.pool.HikariPool        : ConnDb-Santa_Cruz - Fill pool skipped, pool is at sufficient level.
2026-03-27 10:33:57.495 DEBUG 10280 --- [l-1 housekeeper] com.zaxxer.hikari.pool.HikariPool        : HikariPool-1 - Before cleanup stats (total=0, active=0, idle=0, waiting=0)
2026-03-27 10:33:57.495 DEBUG 10280 --- [l-1 housekeeper] com.zaxxer.hikari.pool.HikariPool        : HikariPool-1 - After cleanup  stats (total=0, active=0, idle=0, waiting=0)
2026-03-27 10:33:57.497 DEBUG 10280 --- [l-1 housekeeper] com.zaxxer.hikari.pool.HikariPool        : HikariPool-1 - Fill pool skipped, pool is at sufficient level.
2026-03-27 10:34:19.674 DEBUG 10280 --- [ool housekeeper] com.zaxxer.hikari.pool.HikariPool        : CentralHikariPool - Before cleanup stats (total=0, active=0, idle=0, waiting=0)
2026-03-27 10:34:19.675 DEBUG 10280 --- [ool housekeeper] com.zaxxer.hikari.pool.HikariPool        : CentralHikariPool - After cleanup  stats (total=0, active=0, idle=0, waiting=0)
2026-03-27 10:34:19.675 DEBUG 10280 --- [ool housekeeper] com.zaxxer.hikari.pool.HikariPool        : CentralHikariPool - Fill pool skipped, pool is at sufficient level.
2026-03-27 10:34:25.166 DEBUG 10280 --- [ruz housekeeper] com.zaxxer.hikari.pool.HikariPool        : ConnDb-Santa_Cruz - Before cleanup stats (total=0, active=0, idle=0, waiting=0)
2026-03-27 10:34:25.166 DEBUG 10280 --- [ruz housekeeper] com.zaxxer.hikari.pool.HikariPool        : ConnDb-Santa_Cruz - After cleanup  stats (total=0, active=0, idle=0, waiting=0)
2026-03-27 10:34:25.167 DEBUG 10280 --- [ruz housekeeper] com.zaxxer.hikari.pool.HikariPool        : ConnDb-Santa_Cruz - Fill pool skipped, pool is at sufficient level.
2026-03-27 10:34:27.501 DEBUG 10280 --- [l-1 housekeeper] com.zaxxer.hikari.pool.HikariPool        : HikariPool-1 - Before cleanup stats (total=0, active=0, idle=0, waiting=0)
2026-03-27 10:34:27.501 DEBUG 10280 --- [l-1 housekeeper] com.zaxxer.hikari.pool.HikariPool        : HikariPool-1 - After cleanup  stats (total=0, active=0, idle=0, waiting=0)
2026-03-27 10:34:27.502 DEBUG 10280 --- [l-1 housekeeper] com.zaxxer.hikari.pool.HikariPool        : HikariPool-1 - Fill pool skipped, pool is at sufficient level.
2026-03-27 10:34:49.688 DEBUG 10280 --- [ool housekeeper] com.zaxxer.hikari.pool.HikariPool        : CentralHikariPool - Before cleanup stats (total=0, active=0, idle=0, waiting=0)
2026-03-27 10:34:49.748 DEBUG 10280 --- [ool housekeeper] com.zaxxer.hikari.pool.HikariPool        : CentralHikariPool - After cleanup  stats (total=0, active=0, idle=0, waiting=0)
2026-03-27 10:34:49.807 DEBUG 10280 --- [ool housekeeper] com.zaxxer.hikari.pool.HikariPool        : CentralHikariPool - Fill pool skipped, pool is at sufficient level.
2026-03-27 10:34:55.182 DEBUG 10280 --- [ruz housekeeper] com.zaxxer.hikari.pool.HikariPool        : ConnDb-Santa_Cruz - Before cleanup stats (total=0, active=0, idle=0, waiting=0)
2026-03-27 10:34:55.182 DEBUG 10280 --- [ruz housekeeper] com.zaxxer.hikari.pool.HikariPool        : ConnDb-Santa_Cruz - After cleanup  stats (total=0, active=0, idle=0, waiting=0)
2026-03-27 10:34:55.183 DEBUG 10280 --- [ruz housekeeper] com.zaxxer.hikari.pool.HikariPool        : ConnDb-Santa_Cruz - Fill pool skipped, pool is at sufficient level.
2026-03-27 10:34:57.506 DEBUG 10280 --- [l-1 housekeeper] com.zaxxer.hikari.pool.HikariPool        : HikariPool-1 - Before cleanup stats (total=0, active=0, idle=0, waiting=0)
2026-03-27 10:34:57.578 DEBUG 10280 --- [l-1 housekeeper] com.zaxxer.hikari.pool.HikariPool        : HikariPool-1 - After cleanup  stats (total=0, active=0, idle=0, waiting=0)
2026-03-27 10:34:57.578 DEBUG 10280 --- [l-1 housekeeper] com.zaxxer.hikari.pool.HikariPool        : HikariPool-1 - Fill pool skipped, pool is at sufficient level.
2026-03-27 10:35:19.814 DEBUG 10280 --- [ool housekeeper] com.zaxxer.hikari.pool.HikariPool        : CentralHikariPool - Before cleanup stats (total=0, active=0, idle=0, waiting=0)
2026-03-27 10:35:19.823 DEBUG 10280 --- [ool housekeeper] com.zaxxer.hikari.pool.HikariPool        : CentralHikariPool - After cleanup  stats (total=0, active=0, idle=0, waiting=0)
2026-03-27 10:35:19.824 DEBUG 10280 --- [ool housekeeper] com.zaxxer.hikari.pool.HikariPool        : CentralHikariPool - Fill pool skipped, pool is at sufficient level.
2026-03-27 10:35:25.192 DEBUG 10280 --- [ruz housekeeper] com.zaxxer.hikari.pool.HikariPool        : ConnDb-Santa_Cruz - Before cleanup stats (total=0, active=0, idle=0, waiting=0)
2026-03-27 10:35:25.229 DEBUG 10280 --- [ruz housekeeper] com.zaxxer.hikari.pool.HikariPool        : ConnDb-Santa_Cruz - After cleanup  stats (total=0, active=0, idle=0, waiting=0)
2026-03-27 10:35:25.275 DEBUG 10280 --- [ruz housekeeper] com.zaxxer.hikari.pool.HikariPool        : ConnDb-Santa_Cruz - Fill pool skipped, pool is at sufficient level.
2026-03-27 10:35:27.595 DEBUG 10280 --- [l-1 housekeeper] com.zaxxer.hikari.pool.HikariPool        : HikariPool-1 - Before cleanup stats (total=0, active=0, idle=0, waiting=0)
2026-03-27 10:35:27.596 DEBUG 10280 --- [l-1 housekeeper] com.zaxxer.hikari.pool.HikariPool        : HikariPool-1 - After cleanup  stats (total=0, active=0, idle=0, waiting=0)
2026-03-27 10:35:27.597 DEBUG 10280 --- [l-1 housekeeper] com.zaxxer.hikari.pool.HikariPool        : HikariPool-1 - Fill pool skipped, pool is at sufficient level.
2026-03-27 10:35:49.829 DEBUG 10280 --- [ool housekeeper] com.zaxxer.hikari.pool.HikariPool        : CentralHikariPool - Before cleanup stats (total=0, active=0, idle=0, waiting=0)
2026-03-27 10:35:49.829 DEBUG 10280 --- [ool housekeeper] com.zaxxer.hikari.pool.HikariPool        : CentralHikariPool - After cleanup  stats (total=0, active=0, idle=0, waiting=0)
2026-03-27 10:35:49.830 DEBUG 10280 --- [ool housekeeper] com.zaxxer.hikari.pool.HikariPool        : CentralHikariPool - Fill pool skipped, pool is at sufficient level.
2026-03-27 10:35:52.016 DEBUG 10280 --- [nio-8089-exec-9] o.s.web.servlet.DispatcherServlet        : GET "/catalogos/tecnicos", parameters={}
2026-03-27 10:35:52.016 DEBUG 10280 --- [nio-8089-exec-5] o.s.web.servlet.DispatcherServlet        : GET "/catalogos/rutas?tecnicoId=97", parameters={masked}
2026-03-27 10:35:52.016 DEBUG 10280 --- [nio-8089-exec-4] o.s.web.servlet.DispatcherServlet        : GET "/catalogos/tipo-servicio", parameters={}
2026-03-27 10:35:52.018 DEBUG 10280 --- [nio-8089-exec-7] o.s.web.servlet.DispatcherServlet        : GET "/catalogos/estados", parameters={}
2026-03-27 10:35:52.026 DEBUG 10280 --- [nio-8089-exec-9] s.w.s.m.m.a.RequestMappingHandlerMapping : Mapped to com.example.TigoStarSystem.catalogo.controller.CatalogoController#listarTecnicos()
2026-03-27 10:35:52.026 DEBUG 10280 --- [nio-8089-exec-5] s.w.s.m.m.a.RequestMappingHandlerMapping : Mapped to com.example.TigoStarSystem.catalogo.controller.CatalogoController#listarRutas(Integer)
2026-03-27 10:35:52.027 DEBUG 10280 --- [nio-8089-exec-4] s.w.s.m.m.a.RequestMappingHandlerMapping : Mapped to com.example.TigoStarSystem.catalogo.controller.CatalogoController#listarTipoServicio()
2026-03-27 10:35:52.027 DEBUG 10280 --- [nio-8089-exec-7] s.w.s.m.m.a.RequestMappingHandlerMapping : Mapped to com.example.TigoStarSystem.catalogo.controller.CatalogoController#listarEstados()
2026-03-27 10:35:52.028 DEBUG 10280 --- [nio-8089-exec-9] o.s.jdbc.core.JdbcTemplate               : Executing SQL query [EXEC spx_ObtenerTecnicosEnRuta]
2026-03-27 10:35:52.030 DEBUG 10280 --- [nio-8089-exec-9] o.s.jdbc.datasource.DataSourceUtils      : Fetching JDBC Connection from DataSource
2026-03-27 10:35:52.029 DEBUG 10280 --- [nio-8089-exec-5] o.s.jdbc.core.JdbcTemplate               : Executing prepared SQL query
2026-03-27 10:35:52.029 DEBUG 10280 --- [nio-8089-exec-4] o.s.jdbc.core.JdbcTemplate               : Executing SQL query [EXEC spx_ObtenerTipoServicio]
2026-03-27 10:35:52.030 DEBUG 10280 --- [nio-8089-exec-7] o.s.jdbc.core.JdbcTemplate               : Executing SQL query [EXEC sp_ObtenerEstado]
2026-03-27 10:35:52.031 DEBUG 10280 --- [nio-8089-exec-5] o.s.jdbc.core.JdbcTemplate               : Executing prepared SQL statement [EXEC spx_ObtenerRutaXIdTecnico ?]
2026-03-27 10:35:52.032 DEBUG 10280 --- [nio-8089-exec-4] o.s.jdbc.datasource.DataSourceUtils      : Fetching JDBC Connection from DataSource
2026-03-27 10:35:52.033 DEBUG 10280 --- [nio-8089-exec-7] o.s.jdbc.datasource.DataSourceUtils      : Fetching JDBC Connection from DataSource
2026-03-27 10:35:52.034 DEBUG 10280 --- [nio-8089-exec-5] o.s.jdbc.datasource.DataSourceUtils      : Fetching JDBC Connection from DataSource
2026-03-27 10:35:52.061 DEBUG 10280 --- [onnection adder] com.zaxxer.hikari.pool.HikariPool        : HikariPool-1 - Added connection ConnectionID:15 ClientConnectionId: f4b48107-c74a-46d4-af06-44f6dbb9f183
2026-03-27 10:35:52.067 DEBUG 10280 --- [nio-8089-exec-9] o.s.w.s.m.m.a.HttpEntityMethodProcessor  : Using 'application/json', given [application/json, text/plain, */*] and supported [application/json, application/*+json, application/json, application/*+json]
2026-03-27 10:35:52.068 DEBUG 10280 --- [nio-8089-exec-9] o.s.w.s.m.m.a.HttpEntityMethodProcessor  : Writing [com.example.TigoStarSystem.common.ApiResponse@3af2e23d]
2026-03-27 10:35:52.070 DEBUG 10280 --- [nio-8089-exec-4] o.s.w.s.m.m.a.HttpEntityMethodProcessor  : Using 'application/json', given [application/json, text/plain, */*] and supported [application/json, application/*+json, application/json, application/*+json]
2026-03-27 10:35:52.070 DEBUG 10280 --- [nio-8089-exec-9] o.s.web.servlet.DispatcherServlet        : Completed 200 OK
2026-03-27 10:35:52.070 DEBUG 10280 --- [nio-8089-exec-4] o.s.w.s.m.m.a.HttpEntityMethodProcessor  : Writing [com.example.TigoStarSystem.common.ApiResponse@24427e77]
2026-03-27 10:35:52.073 DEBUG 10280 --- [nio-8089-exec-7] o.s.w.s.m.m.a.HttpEntityMethodProcessor  : Using 'application/json', given [application/json, text/plain, */*] and supported [application/json, application/*+json, application/json, application/*+json]
2026-03-27 10:35:52.073 DEBUG 10280 --- [nio-8089-exec-4] o.s.web.servlet.DispatcherServlet        : Completed 200 OK
2026-03-27 10:35:52.074 DEBUG 10280 --- [nio-8089-exec-7] o.s.w.s.m.m.a.HttpEntityMethodProcessor  : Writing [com.example.TigoStarSystem.common.ApiResponse@67df5614]
2026-03-27 10:35:52.076 DEBUG 10280 --- [nio-8089-exec-7] o.s.web.servlet.DispatcherServlet        : Completed 200 OK
2026-03-27 10:35:52.088 DEBUG 10280 --- [onnection adder] com.zaxxer.hikari.pool.HikariPool        : HikariPool-1 - Added connection ConnectionID:16 ClientConnectionId: c459611a-2c79-42db-94c8-994847579c1d
2026-03-27 10:35:52.173 DEBUG 10280 --- [nio-8089-exec-5] o.s.w.s.m.m.a.HttpEntityMethodProcessor  : Using 'application/json', given [application/json, text/plain, */*] and supported [application/json, application/*+json, application/json, application/*+json]
2026-03-27 10:35:52.173 DEBUG 10280 --- [nio-8089-exec-5] o.s.w.s.m.m.a.HttpEntityMethodProcessor  : Writing [com.example.TigoStarSystem.common.ApiResponse@4291e218]
2026-03-27 10:35:52.175 DEBUG 10280 --- [nio-8089-exec-5] o.s.web.servlet.DispatcherServlet        : Completed 200 OK
2026-03-27 10:35:52.178 DEBUG 10280 --- [nio-8089-exec-1] o.s.web.servlet.DispatcherServlet        : GET "/catalogos/rutas", parameters={}
2026-03-27 10:35:52.179 DEBUG 10280 --- [nio-8089-exec-1] s.w.s.m.m.a.RequestMappingHandlerMapping : Mapped to com.example.TigoStarSystem.catalogo.controller.CatalogoController#listarRutas(Integer)
2026-03-27 10:35:52.180 DEBUG 10280 --- [nio-8089-exec-1] o.s.jdbc.core.JdbcTemplate               : Executing SQL query [SELECT Id_Ruta, Nombre, Id_Vendedor, E_Eliminado FROM dbo.tbl_Ruta WHERE E_Eliminado = 0]
2026-03-27 10:35:52.180 DEBUG 10280 --- [nio-8089-exec-1] o.s.jdbc.datasource.DataSourceUtils      : Fetching JDBC Connection from DataSource
2026-03-27 10:35:52.206 DEBUG 10280 --- [nio-8089-exec-1] o.s.w.s.m.m.a.HttpEntityMethodProcessor  : Using 'application/json', given [application/json, text/plain, */*] and supported [application/json, application/*+json, application/json, application/*+json]
2026-03-27 10:35:52.207 DEBUG 10280 --- [nio-8089-exec-1] o.s.w.s.m.m.a.HttpEntityMethodProcessor  : Writing [com.example.TigoStarSystem.common.ApiResponse@482c3e3d]
2026-03-27 10:35:52.208 DEBUG 10280 --- [nio-8089-exec-1] o.s.web.servlet.DispatcherServlet        : Completed 200 OK
2026-03-27 10:35:55.327 DEBUG 10280 --- [ruz housekeeper] com.zaxxer.hikari.pool.HikariPool        : ConnDb-Santa_Cruz - Before cleanup stats (total=0, active=0, idle=0, waiting=0)
2026-03-27 10:35:55.328 DEBUG 10280 --- [ruz housekeeper] com.zaxxer.hikari.pool.HikariPool        : ConnDb-Santa_Cruz - After cleanup  stats (total=0, active=0, idle=0, waiting=0)
2026-03-27 10:35:55.329 DEBUG 10280 --- [ruz housekeeper] com.zaxxer.hikari.pool.HikariPool        : ConnDb-Santa_Cruz - Fill pool skipped, pool is at sufficient level.
2026-03-27 10:35:57.613 DEBUG 10280 --- [l-1 housekeeper] com.zaxxer.hikari.pool.HikariPool        : HikariPool-1 - Before cleanup stats (total=2, active=0, idle=2, waiting=0)
2026-03-27 10:35:57.614 DEBUG 10280 --- [l-1 housekeeper] com.zaxxer.hikari.pool.HikariPool        : HikariPool-1 - After cleanup  stats (total=2, active=0, idle=2, waiting=0)
2026-03-27 10:35:57.615 DEBUG 10280 --- [l-1 housekeeper] com.zaxxer.hikari.pool.HikariPool        : HikariPool-1 - Fill pool skipped, pool is at sufficient level.
2026-03-27 10:36:19.840 DEBUG 10280 --- [ool housekeeper] com.zaxxer.hikari.pool.HikariPool        : CentralHikariPool - Before cleanup stats (total=0, active=0, idle=0, waiting=0)
2026-03-27 10:36:19.841 DEBUG 10280 --- [ool housekeeper] com.zaxxer.hikari.pool.HikariPool        : CentralHikariPool - After cleanup  stats (total=0, active=0, idle=0, waiting=0)
2026-03-27 10:36:19.842 DEBUG 10280 --- [ool housekeeper] com.zaxxer.hikari.pool.HikariPool        : CentralHikariPool - Fill pool skipped, pool is at sufficient level.
2026-03-27 10:36:25.334 DEBUG 10280 --- [ruz housekeeper] com.zaxxer.hikari.pool.HikariPool        : ConnDb-Santa_Cruz - Before cleanup stats (total=0, active=0, idle=0, waiting=0)
2026-03-27 10:36:25.334 DEBUG 10280 --- [ruz housekeeper] com.zaxxer.hikari.pool.HikariPool        : ConnDb-Santa_Cruz - After cleanup  stats (total=0, active=0, idle=0, waiting=0)
2026-03-27 10:36:25.335 DEBUG 10280 --- [ruz housekeeper] com.zaxxer.hikari.pool.HikariPool        : ConnDb-Santa_Cruz - Fill pool skipped, pool is at sufficient level.
2026-03-27 10:36:27.631 DEBUG 10280 --- [l-1 housekeeper] com.zaxxer.hikari.pool.HikariPool        : HikariPool-1 - Before cleanup stats (total=2, active=0, idle=2, waiting=0)
2026-03-27 10:36:27.631 DEBUG 10280 --- [l-1 housekeeper] com.zaxxer.hikari.pool.HikariPool        : HikariPool-1 - After cleanup  stats (total=2, active=0, idle=2, waiting=0)
2026-03-27 10:36:27.632 DEBUG 10280 --- [l-1 housekeeper] com.zaxxer.hikari.pool.HikariPool        : HikariPool-1 - Fill pool skipped, pool is at sufficient level.
2026-03-27 10:36:49.856 DEBUG 10280 --- [ool housekeeper] com.zaxxer.hikari.pool.HikariPool        : CentralHikariPool - Before cleanup stats (total=0, active=0, idle=0, waiting=0)
2026-03-27 10:36:49.858 DEBUG 10280 --- [ool housekeeper] com.zaxxer.hikari.pool.HikariPool        : CentralHikariPool - After cleanup  stats (total=0, active=0, idle=0, waiting=0)
2026-03-27 10:36:49.912 DEBUG 10280 --- [ool housekeeper] com.zaxxer.hikari.pool.HikariPool        : CentralHikariPool - Fill pool skipped, pool is at sufficient level.
2026-03-27 10:36:54.363 DEBUG 10280 --- [nio-8089-exec-3] o.s.web.servlet.DispatcherServlet        : GET "/auth/sucursales", parameters={}
2026-03-27 10:36:54.381 DEBUG 10280 --- [nio-8089-exec-3] s.w.s.m.m.a.RequestMappingHandlerMapping : Mapped to com.example.TigoStarSystem.auth.controller.AuthController#listarSucursales()
2026-03-27 10:36:54.439  INFO 10280 --- [nio-8089-exec-3] c.e.T.auth.controller.AuthController     : Request GET /auth/sucursales
2026-03-27 10:36:54.440 DEBUG 10280 --- [nio-8089-exec-3] o.s.jdbc.core.JdbcTemplate               : Executing SQL query [EXEC dbo.spx_ObtenerSucursalesConexion]
2026-03-27 10:36:54.441 DEBUG 10280 --- [nio-8089-exec-3] o.s.jdbc.datasource.DataSourceUtils      : Fetching JDBC Connection from DataSource
2026-03-27 10:36:54.448 DEBUG 10280 --- [nio-8089-exec-3] o.s.w.s.m.m.a.HttpEntityMethodProcessor  : Using 'application/json', given [application/json, text/plain, */*] and supported [application/json, application/*+json, application/json, application/*+json]
2026-03-27 10:36:54.506 DEBUG 10280 --- [nio-8089-exec-3] o.s.w.s.m.m.a.HttpEntityMethodProcessor  : Writing [com.example.TigoStarSystem.common.ApiResponse@5071abdc]
2026-03-27 10:36:54.507 DEBUG 10280 --- [nio-8089-exec-3] o.s.web.servlet.DispatcherServlet        : Completed 200 OK
2026-03-27 10:36:55.339 DEBUG 10280 --- [ruz housekeeper] com.zaxxer.hikari.pool.HikariPool        : ConnDb-Santa_Cruz - Before cleanup stats (total=0, active=0, idle=0, waiting=0)
2026-03-27 10:36:55.339 DEBUG 10280 --- [ruz housekeeper] com.zaxxer.hikari.pool.HikariPool        : ConnDb-Santa_Cruz - After cleanup  stats (total=0, active=0, idle=0, waiting=0)
2026-03-27 10:36:55.340 DEBUG 10280 --- [ruz housekeeper] com.zaxxer.hikari.pool.HikariPool        : ConnDb-Santa_Cruz - Fill pool skipped, pool is at sufficient level.
2026-03-27 10:36:57.639 DEBUG 10280 --- [l-1 housekeeper] com.zaxxer.hikari.pool.HikariPool        : HikariPool-1 - Before cleanup stats (total=2, active=0, idle=2, waiting=0)
2026-03-27 10:36:57.639 DEBUG 10280 --- [l-1 housekeeper] com.zaxxer.hikari.pool.HikariPool        : HikariPool-1 - After cleanup  stats (total=2, active=0, idle=2, waiting=0)
2026-03-27 10:36:57.640 DEBUG 10280 --- [l-1 housekeeper] com.zaxxer.hikari.pool.HikariPool        : HikariPool-1 - Fill pool skipped, pool is at sufficient level.
2026-03-27 10:36:58.741 DEBUG 10280 --- [nio-8089-exec-9] o.s.web.servlet.DispatcherServlet        : POST "/auth/login", parameters={}
2026-03-27 10:36:58.742 DEBUG 10280 --- [nio-8089-exec-4] o.s.web.servlet.DispatcherServlet        : GET "/auth/sucursales", parameters={}
2026-03-27 10:36:58.742 DEBUG 10280 --- [nio-8089-exec-9] s.w.s.m.m.a.RequestMappingHandlerMapping : Mapped to com.example.TigoStarSystem.auth.controller.AuthController#login(AuthLoginRequest)
2026-03-27 10:36:58.743 DEBUG 10280 --- [nio-8089-exec-4] s.w.s.m.m.a.RequestMappingHandlerMapping : Mapped to com.example.TigoStarSystem.auth.controller.AuthController#listarSucursales()
2026-03-27 10:36:58.744  INFO 10280 --- [nio-8089-exec-4] c.e.T.auth.controller.AuthController     : Request GET /auth/sucursales
2026-03-27 10:36:58.745 DEBUG 10280 --- [nio-8089-exec-4] o.s.jdbc.core.JdbcTemplate               : Executing SQL query [EXEC dbo.spx_ObtenerSucursalesConexion]
2026-03-27 10:36:58.745 DEBUG 10280 --- [nio-8089-exec-4] o.s.jdbc.datasource.DataSourceUtils      : Fetching JDBC Connection from DataSource
2026-03-27 10:36:58.745 DEBUG 10280 --- [nio-8089-exec-9] m.m.a.RequestResponseBodyMethodProcessor : Read "application/json;charset=UTF-8" to [com.example.TigoStarSystem.auth.dto.AuthLoginRequest@79fcaf92]
2026-03-27 10:36:58.748  INFO 10280 --- [nio-8089-exec-9] c.e.T.auth.service.AuthService           : Login attempt usuario=stefany, idSucursal=9, validarSucursal=false
2026-03-27 10:36:58.749 DEBUG 10280 --- [nio-8089-exec-9] o.s.jdbc.core.JdbcTemplate               : Executing SQL query [EXEC dbo.spx_ObtenerSucursalesConexion]
2026-03-27 10:36:58.750 DEBUG 10280 --- [nio-8089-exec-9] o.s.jdbc.datasource.DataSourceUtils      : Fetching JDBC Connection from DataSource
2026-03-27 10:36:58.769 DEBUG 10280 --- [nio-8089-exec-4] o.s.w.s.m.m.a.HttpEntityMethodProcessor  : Using 'application/json', given [application/json, text/plain, */*] and supported [application/json, application/*+json, application/json, application/*+json]
2026-03-27 10:36:58.769 DEBUG 10280 --- [nio-8089-exec-4] o.s.w.s.m.m.a.HttpEntityMethodProcessor  : Writing [com.example.TigoStarSystem.common.ApiResponse@19a5a302]
2026-03-27 10:36:58.770 DEBUG 10280 --- [nio-8089-exec-4] o.s.web.servlet.DispatcherServlet        : Completed 200 OK
2026-03-27 10:36:58.794 DEBUG 10280 --- [nio-8089-exec-9] c.e.T.auth.service.AuthService           : Sucursal resolved idSucursal=9, host=tigo.makiro.com.bo, baseDeDatos=BDSistemaAntenaPM
2026-03-27 10:36:58.795 DEBUG 10280 --- [nio-8089-exec-9] c.e.T.auth.service.AuthService           : Login target resolved idSucursal=9, sucursal=Santa_Cruz, host=tigo.makiro.com.bo, baseDeDatos=BDSistemaAntenaUTecnico
2026-03-27 10:36:58.796 DEBUG 10280 --- [nio-8089-exec-9] c.e.T.auth.service.AuthService           : Creating JDBC connection for sucursal host=tigo.makiro.com.bo baseDeDatos=BDSistemaAntenaUTecnico
2026-03-27 10:36:58.796 DEBUG 10280 --- [nio-8089-exec-9] com.zaxxer.hikari.HikariConfig           : Driver class com.microsoft.sqlserver.jdbc.SQLServerDriver found in Thread context class loader TomcatEmbeddedWebappClassLoader
  context: ROOT
  delegate: true
----------> Parent Classloader:
sun.misc.Launcher$AppClassLoader@7506e922

2026-03-27 10:36:58.797 DEBUG 10280 --- [nio-8089-exec-9] com.zaxxer.hikari.HikariConfig           : ConnDb-Santa_Cruz - configuration:
2026-03-27 10:36:58.798 DEBUG 10280 --- [nio-8089-exec-9] com.zaxxer.hikari.HikariConfig           : allowPoolSuspension................................false
2026-03-27 10:36:58.799 DEBUG 10280 --- [nio-8089-exec-9] com.zaxxer.hikari.HikariConfig           : autoCommit................................true
2026-03-27 10:36:58.799 DEBUG 10280 --- [nio-8089-exec-9] com.zaxxer.hikari.HikariConfig           : catalog................................none
2026-03-27 10:36:58.800 DEBUG 10280 --- [nio-8089-exec-9] com.zaxxer.hikari.HikariConfig           : connectionInitSql................................none
2026-03-27 10:36:58.800 DEBUG 10280 --- [nio-8089-exec-9] com.zaxxer.hikari.HikariConfig           : connectionTestQuery................................"SELECT 1"
2026-03-27 10:36:58.801 DEBUG 10280 --- [nio-8089-exec-9] com.zaxxer.hikari.HikariConfig           : connectionTimeout................................30000
2026-03-27 10:36:58.801 DEBUG 10280 --- [nio-8089-exec-9] com.zaxxer.hikari.HikariConfig           : dataSource................................none
2026-03-27 10:36:58.802 DEBUG 10280 --- [nio-8089-exec-9] com.zaxxer.hikari.HikariConfig           : dataSourceClassName................................none
2026-03-27 10:36:58.803 DEBUG 10280 --- [nio-8089-exec-9] com.zaxxer.hikari.HikariConfig           : dataSourceJNDI................................none
2026-03-27 10:36:58.803 DEBUG 10280 --- [nio-8089-exec-9] com.zaxxer.hikari.HikariConfig           : dataSourceProperties................................{password=<masked>}
2026-03-27 10:36:58.804 DEBUG 10280 --- [nio-8089-exec-9] com.zaxxer.hikari.HikariConfig           : driverClassName................................"com.microsoft.sqlserver.jdbc.SQLServerDriver"
2026-03-27 10:36:58.804 DEBUG 10280 --- [nio-8089-exec-9] com.zaxxer.hikari.HikariConfig           : exceptionOverrideClassName................................none
2026-03-27 10:36:58.805 DEBUG 10280 --- [nio-8089-exec-9] com.zaxxer.hikari.HikariConfig           : healthCheckProperties................................{}
2026-03-27 10:36:58.807 DEBUG 10280 --- [nio-8089-exec-9] com.zaxxer.hikari.HikariConfig           : healthCheckRegistry................................none
2026-03-27 10:36:58.808 DEBUG 10280 --- [nio-8089-exec-9] com.zaxxer.hikari.HikariConfig           : idleTimeout................................600000
2026-03-27 10:36:58.809 DEBUG 10280 --- [nio-8089-exec-9] com.zaxxer.hikari.HikariConfig           : initializationFailTimeout................................-1
2026-03-27 10:36:58.809 DEBUG 10280 --- [nio-8089-exec-9] com.zaxxer.hikari.HikariConfig           : isolateInternalQueries................................false
2026-03-27 10:36:58.810 DEBUG 10280 --- [nio-8089-exec-9] com.zaxxer.hikari.HikariConfig           : jdbcUrl................................jdbc:sqlserver://tigo.makiro.com.bo;databaseName=BDSistemaAntenaUTecnico;encrypt=false;trustServerCertificate=true
2026-03-27 10:36:58.810 DEBUG 10280 --- [nio-8089-exec-9] com.zaxxer.hikari.HikariConfig           : keepaliveTime................................0
2026-03-27 10:36:58.811 DEBUG 10280 --- [nio-8089-exec-9] com.zaxxer.hikari.HikariConfig           : leakDetectionThreshold................................0
2026-03-27 10:36:58.811 DEBUG 10280 --- [nio-8089-exec-9] com.zaxxer.hikari.HikariConfig           : maxLifetime................................1800000
2026-03-27 10:36:58.812 DEBUG 10280 --- [nio-8089-exec-9] com.zaxxer.hikari.HikariConfig           : maximumPoolSize................................5
2026-03-27 10:36:58.813 DEBUG 10280 --- [nio-8089-exec-9] com.zaxxer.hikari.HikariConfig           : metricRegistry................................none
2026-03-27 10:36:58.813 DEBUG 10280 --- [nio-8089-exec-9] com.zaxxer.hikari.HikariConfig           : metricsTrackerFactory................................none
2026-03-27 10:36:58.816 DEBUG 10280 --- [nio-8089-exec-9] com.zaxxer.hikari.HikariConfig           : minimumIdle................................0
2026-03-27 10:36:58.816 DEBUG 10280 --- [nio-8089-exec-9] com.zaxxer.hikari.HikariConfig           : password................................<masked>
2026-03-27 10:36:58.817 DEBUG 10280 --- [nio-8089-exec-9] com.zaxxer.hikari.HikariConfig           : poolName................................"ConnDb-Santa_Cruz"
2026-03-27 10:36:58.818 DEBUG 10280 --- [nio-8089-exec-9] com.zaxxer.hikari.HikariConfig           : readOnly................................false
2026-03-27 10:36:58.818 DEBUG 10280 --- [nio-8089-exec-9] com.zaxxer.hikari.HikariConfig           : registerMbeans................................false
2026-03-27 10:36:58.819 DEBUG 10280 --- [nio-8089-exec-9] com.zaxxer.hikari.HikariConfig           : scheduledExecutor................................none
2026-03-27 10:36:58.819 DEBUG 10280 --- [nio-8089-exec-9] com.zaxxer.hikari.HikariConfig           : schema................................none
2026-03-27 10:36:58.820 DEBUG 10280 --- [nio-8089-exec-9] com.zaxxer.hikari.HikariConfig           : threadFactory................................internal
2026-03-27 10:36:58.820 DEBUG 10280 --- [nio-8089-exec-9] com.zaxxer.hikari.HikariConfig           : transactionIsolation................................default
2026-03-27 10:36:58.821 DEBUG 10280 --- [nio-8089-exec-9] com.zaxxer.hikari.HikariConfig           : username................................"sistemas"
2026-03-27 10:36:58.821 DEBUG 10280 --- [nio-8089-exec-9] com.zaxxer.hikari.HikariConfig           : validationTimeout................................5000
2026-03-27 10:36:58.823  INFO 10280 --- [nio-8089-exec-9] com.zaxxer.hikari.HikariDataSource       : ConnDb-Santa_Cruz - Starting...
2026-03-27 10:36:58.825  INFO 10280 --- [nio-8089-exec-9] com.zaxxer.hikari.HikariDataSource       : ConnDb-Santa_Cruz - Start completed.
2026-03-27 10:36:58.826 DEBUG 10280 --- [nio-8089-exec-9] c.e.T.auth.service.AuthService           : Calling SP dbo.spx_ValidarUsuario
2026-03-27 10:36:58.826 DEBUG 10280 --- [nio-8089-exec-9] o.s.jdbc.core.JdbcTemplate               : Executing prepared SQL query
2026-03-27 10:36:58.827 DEBUG 10280 --- [nio-8089-exec-9] o.s.jdbc.core.JdbcTemplate               : Executing prepared SQL statement [EXEC dbo.spx_ValidarUsuario ?, ?]
2026-03-27 10:36:58.827 DEBUG 10280 --- [nio-8089-exec-9] o.s.jdbc.datasource.DataSourceUtils      : Fetching JDBC Connection from DataSource
2026-03-27 10:36:58.849 DEBUG 10280 --- [onnection adder] com.zaxxer.hikari.pool.HikariPool        : ConnDb-Santa_Cruz - Added connection ConnectionID:17 ClientConnectionId: 4925c27e-d18d-4214-92bf-81556c8c8420
2026-03-27 10:36:58.871 DEBUG 10280 --- [nio-8089-exec-9] c.e.T.auth.service.AuthService           : Login SP returned 1 rows
2026-03-27 10:36:58.872  INFO 10280 --- [nio-8089-exec-9] c.e.T.auth.controller.AuthController     : User {} logged in successfully.
2026-03-27 10:36:58.873 DEBUG 10280 --- [nio-8089-exec-9] o.s.w.s.m.m.a.HttpEntityMethodProcessor  : Using 'application/json', given [application/json, text/plain, */*] and supported [application/json, application/*+json, application/json, application/*+json]
2026-03-27 10:36:58.875 DEBUG 10280 --- [nio-8089-exec-9] o.s.w.s.m.m.a.HttpEntityMethodProcessor  : Writing [com.example.TigoStarSystem.common.ApiResponse@20bce06a]
2026-03-27 10:36:58.876 DEBUG 10280 --- [nio-8089-exec-9] o.s.web.servlet.DispatcherServlet        : Completed 200 OK
2026-03-27 10:36:58.880 DEBUG 10280 --- [nio-8089-exec-7] o.s.web.servlet.DispatcherServlet        : GET "/auth/me", parameters={}
2026-03-27 10:36:58.880 DEBUG 10280 --- [nio-8089-exec-7] s.w.s.m.m.a.RequestMappingHandlerMapping : Mapped to com.example.TigoStarSystem.auth.controller.AuthController#me(String)
2026-03-27 10:36:58.881 DEBUG 10280 --- [nio-8089-exec-7] o.s.w.s.m.m.a.HttpEntityMethodProcessor  : Using 'application/json', given [application/json, text/plain, */*] and supported [application/json, application/*+json, application/json, application/*+json]
2026-03-27 10:36:58.883 DEBUG 10280 --- [nio-8089-exec-7] o.s.w.s.m.m.a.HttpEntityMethodProcessor  : Writing [com.example.TigoStarSystem.common.ApiResponse@1a5991b7]
2026-03-27 10:36:58.884 DEBUG 10280 --- [nio-8089-exec-7] o.s.web.servlet.DispatcherServlet        : Completed 200 OK
2026-03-27 10:36:58.887 DEBUG 10280 --- [nio-8089-exec-5] o.s.web.servlet.DispatcherServlet        : GET "/auth/permisos", parameters={}
2026-03-27 10:36:58.888 DEBUG 10280 --- [nio-8089-exec-5] s.w.s.m.m.a.RequestMappingHandlerMapping : Mapped to com.example.TigoStarSystem.auth.controller.AuthPermisosController#permisos(String)
2026-03-27 10:36:58.889 DEBUG 10280 --- [nio-8089-exec-5] o.s.jdbc.core.JdbcTemplate               : Executing SQL query [EXEC dbo.spx_ObtenerPrivilegiosRoles]
2026-03-27 10:36:58.890 DEBUG 10280 --- [nio-8089-exec-5] o.s.jdbc.datasource.DataSourceUtils      : Fetching JDBC Connection from DataSource
2026-03-27 10:36:58.923 DEBUG 10280 --- [onnection adder] com.zaxxer.hikari.pool.HikariPool        : CentralHikariPool - Added connection ConnectionID:18 ClientConnectionId: e264dd9c-e463-4bf2-becc-2b394824df7a
2026-03-27 10:36:58.926 DEBUG 10280 --- [nio-8089-exec-5] o.s.jdbc.core.JdbcTemplate               : Executing prepared SQL query
2026-03-27 10:36:58.926 DEBUG 10280 --- [nio-8089-exec-5] o.s.jdbc.core.JdbcTemplate               : Executing prepared SQL statement [EXEC dbo.spx_ObtenerPrivilegiosRolDetalle ?]
2026-03-27 10:36:58.927 DEBUG 10280 --- [nio-8089-exec-5] o.s.jdbc.datasource.DataSourceUtils      : Fetching JDBC Connection from DataSource
2026-03-27 10:36:58.931 DEBUG 10280 --- [nio-8089-exec-5] o.s.w.s.m.m.a.HttpEntityMethodProcessor  : Using 'application/json', given [application/json, text/plain, */*] and supported [application/json, application/*+json, application/json, application/*+json]
2026-03-27 10:36:58.932 DEBUG 10280 --- [nio-8089-exec-5] o.s.w.s.m.m.a.HttpEntityMethodProcessor  : Writing [com.example.TigoStarSystem.common.ApiResponse@7b045ae5]
2026-03-27 10:36:58.934 DEBUG 10280 --- [nio-8089-exec-5] o.s.web.servlet.DispatcherServlet        : Completed 200 OK
2026-03-27 10:36:58.938 DEBUG 10280 --- [ruz housekeeper] com.zaxxer.hikari.pool.HikariPool        : ConnDb-Santa_Cruz - Before cleanup stats (total=1, active=0, idle=1, waiting=0)
2026-03-27 10:36:58.938 DEBUG 10280 --- [ruz housekeeper] com.zaxxer.hikari.pool.HikariPool        : ConnDb-Santa_Cruz - After cleanup  stats (total=1, active=0, idle=1, waiting=0)
2026-03-27 10:36:58.939 DEBUG 10280 --- [ruz housekeeper] com.zaxxer.hikari.pool.HikariPool        : ConnDb-Santa_Cruz - Fill pool skipped, pool is at sufficient level.
2026-03-27 10:36:58.957 DEBUG 10280 --- [nio-8089-exec-6] o.s.web.servlet.DispatcherServlet        : GET "/supervisor/spy_Ultimo_Estado_Dia_BO_CITA_MAKIRO?fecha=2026-03-27&idUsuario=1&tecnico=ESTEFANIA+ROJAS+MALDONADO", parameters={masked}
2026-03-27 10:36:58.958 DEBUG 10280 --- [nio-8089-exec-6] s.w.s.m.m.a.RequestMappingHandlerMapping : Mapped to com.example.TigoStarSystem.supervisor.controller.EstadoDiaBoCitaController#obtenerUltimoEstadoDia(String, LocalDate, String)
2026-03-27 10:36:58.959 DEBUG 10280 --- [nio-8089-exec-6] o.s.jdbc.core.JdbcTemplate               : Executing prepared SQL query
2026-03-27 10:36:58.960 DEBUG 10280 --- [nio-8089-exec-6] o.s.jdbc.core.JdbcTemplate               : Executing prepared SQL statement [EXEC dbo.spy_Ultimo_Estado_Dia_BO_CITA_MAKIRO ?, ?]
2026-03-27 10:36:58.960 DEBUG 10280 --- [nio-8089-exec-6] o.s.jdbc.datasource.DataSourceUtils      : Fetching JDBC Connection from DataSource
2026-03-27 10:36:58.970 DEBUG 10280 --- [nio-8089-exec-6] o.s.w.s.m.m.a.HttpEntityMethodProcessor  : Using 'application/json', given [application/json, text/plain, */*] and supported [application/json, application/*+json, application/json, application/*+json]
2026-03-27 10:36:58.971 DEBUG 10280 --- [nio-8089-exec-6] o.s.w.s.m.m.a.HttpEntityMethodProcessor  : Writing [com.example.TigoStarSystem.common.ApiResponse@5cabb501]
2026-03-27 10:36:58.972 DEBUG 10280 --- [nio-8089-exec-6] o.s.web.servlet.DispatcherServlet        : Completed 200 OK
2026-03-27 10:37:01.176 DEBUG 10280 --- [nio-8089-exec-2] o.s.web.servlet.DispatcherServlet        : GET "/admin/privilegios/roles", parameters={}
2026-03-27 10:37:01.214 DEBUG 10280 --- [nio-8089-exec-2] s.w.s.m.m.a.RequestMappingHandlerMapping : Mapped to com.example.TigoStarSystem.privilegios.controller.PrivilegioAdminController#listarRoles(String)
2026-03-27 10:37:01.309 DEBUG 10280 --- [nio-8089-exec-2] o.s.jdbc.core.JdbcTemplate               : Executing SQL query [EXEC dbo.spx_ObtenerPrivilegiosRoles]
2026-03-27 10:37:01.352 DEBUG 10280 --- [nio-8089-exec-2] o.s.jdbc.datasource.DataSourceUtils      : Fetching JDBC Connection from DataSource
2026-03-27 10:37:01.372 DEBUG 10280 --- [nio-8089-exec-2] o.s.w.s.m.m.a.HttpEntityMethodProcessor  : Using 'application/json', given [application/json, text/plain, */*] and supported [application/json, application/*+json, application/json, application/*+json]
2026-03-27 10:37:01.373 DEBUG 10280 --- [nio-8089-exec-2] o.s.w.s.m.m.a.HttpEntityMethodProcessor  : Writing [com.example.TigoStarSystem.common.ApiResponse@6ced270f]
2026-03-27 10:37:01.375 DEBUG 10280 --- [nio-8089-exec-2] o.s.web.servlet.DispatcherServlet        : Completed 200 OK
2026-03-27 10:37:01.385 DEBUG 10280 --- [nio-8089-exec-3] o.s.web.servlet.DispatcherServlet        : GET "/admin/privilegios/roles/2/menu", parameters={}
2026-03-27 10:37:01.387 DEBUG 10280 --- [nio-8089-exec-3] s.w.s.m.m.a.RequestMappingHandlerMapping : Mapped to com.example.TigoStarSystem.privilegios.controller.PrivilegioAdminController#obtenerPrivilegiosPorRol(String, Integer)
2026-03-27 10:37:01.392 DEBUG 10280 --- [nio-8089-exec-3] o.s.jdbc.core.JdbcTemplate               : Executing SQL query [EXEC dbo.spx_ObtenerPrivilegiosRoles]
2026-03-27 10:37:01.392 DEBUG 10280 --- [nio-8089-exec-3] o.s.jdbc.datasource.DataSourceUtils      : Fetching JDBC Connection from DataSource
2026-03-27 10:37:01.401 DEBUG 10280 --- [nio-8089-exec-3] o.s.jdbc.core.JdbcTemplate               : Executing prepared SQL query
2026-03-27 10:37:01.401 DEBUG 10280 --- [nio-8089-exec-3] o.s.jdbc.core.JdbcTemplate               : Executing prepared SQL statement [EXEC dbo.spx_ObtenerPrivilegiosRolDetalle ?]
2026-03-27 10:37:01.402 DEBUG 10280 --- [nio-8089-exec-3] o.s.jdbc.datasource.DataSourceUtils      : Fetching JDBC Connection from DataSource
2026-03-27 10:37:01.406 DEBUG 10280 --- [nio-8089-exec-3] o.s.w.s.m.m.a.HttpEntityMethodProcessor  : Using 'application/json', given [application/json, text/plain, */*] and supported [application/json, application/*+json, application/json, application/*+json]
2026-03-27 10:37:01.407 DEBUG 10280 --- [nio-8089-exec-3] o.s.w.s.m.m.a.HttpEntityMethodProcessor  : Writing [com.example.TigoStarSystem.common.ApiResponse@b01e939]
2026-03-27 10:37:01.408 DEBUG 10280 --- [nio-8089-exec-3] o.s.web.servlet.DispatcherServlet        : Completed 200 OK
2026-03-27 10:37:01.621 DEBUG 10280 --- [nio-8089-exec-9] o.s.web.servlet.DispatcherServlet        : GET "/supervisor/conformacion-cuadrilla-web/catalogos/supervisores", parameters={}
2026-03-27 10:37:01.621 DEBUG 10280 --- [nio-8089-exec-4] o.s.web.servlet.DispatcherServlet        : GET "/supervisor/conformacion-cuadrilla-web/catalogos/digitadores", parameters={}
2026-03-27 10:37:01.622 DEBUG 10280 --- [nio-8089-exec-9] s.w.s.m.m.a.RequestMappingHandlerMapping : Mapped to com.example.TigoStarSystem.supervisor.controller.ConformacionCuadrillaWebController#listarSupervisores(String, String)
2026-03-27 10:37:01.623 DEBUG 10280 --- [nio-8089-exec-4] s.w.s.m.m.a.RequestMappingHandlerMapping : Mapped to com.example.TigoStarSystem.supervisor.controller.ConformacionCuadrillaWebController#listarDigitadores(String, String)
2026-03-27 10:37:01.623 DEBUG 10280 --- [nio-8089-exec-7] o.s.web.servlet.DispatcherServlet        : GET "/supervisor/conformacion-cuadrilla-web?fecha=2026-03-27&limit=200&limite=200", parameters={masked}
2026-03-27 10:37:01.623 DEBUG 10280 --- [nio-8089-exec-5] o.s.web.servlet.DispatcherServlet        : GET "/supervisor/conformacion-cuadrilla/confirmadas?fecha=2026-03-27&limit=200&limite=200", parameters={masked}
2026-03-27 10:37:01.623 DEBUG 10280 --- [nio-8089-exec-1] o.s.web.servlet.DispatcherServlet        : GET "/supervisor/conformacion-cuadrilla/eliminadas?fecha=2026-03-27&limit=200&limite=200", parameters={masked}
2026-03-27 10:37:01.624 DEBUG 10280 --- [nio-8089-exec-6] o.s.web.servlet.DispatcherServlet        : GET "/supervisor/conformacion-cuadrilla-web/catalogos/sucursales", parameters={}
2026-03-27 10:37:01.624 DEBUG 10280 --- [nio-8089-exec-9] o.s.jdbc.core.JdbcTemplate               : Executing SQL query [EXEC dbo.spx_ObtenerSucursalesConexion]
2026-03-27 10:37:01.624 DEBUG 10280 --- [nio-8089-exec-4] o.s.jdbc.core.JdbcTemplate               : Executing SQL query [EXEC dbo.spx_ObtenerSucursalesConexion]
2026-03-27 10:37:01.628 DEBUG 10280 --- [nio-8089-exec-4] o.s.jdbc.datasource.DataSourceUtils      : Fetching JDBC Connection from DataSource
2026-03-27 10:37:01.624 DEBUG 10280 --- [nio-8089-exec-7] s.w.s.m.m.a.RequestMappingHandlerMapping : Mapped to com.example.TigoStarSystem.supervisor.controller.ConformacionCuadrillaWebController#listar(String, LocalDate, String, Integer)
2026-03-27 10:37:01.626 DEBUG 10280 --- [nio-8089-exec-5] s.w.s.m.m.a.RequestMappingHandlerMapping : Mapped to com.example.TigoStarSystem.supervisor.controller.ConformacionCuadrillaController#listarConfirmadas(LocalDate, String, String, Integer)
2026-03-27 10:37:01.626 DEBUG 10280 --- [nio-8089-exec-1] s.w.s.m.m.a.RequestMappingHandlerMapping : Mapped to com.example.TigoStarSystem.supervisor.controller.ConformacionCuadrillaController#listarEliminadas(LocalDate, String, String, Integer)
2026-03-27 10:37:01.627 DEBUG 10280 --- [nio-8089-exec-6] s.w.s.m.m.a.RequestMappingHandlerMapping : Mapped to com.example.TigoStarSystem.supervisor.controller.ConformacionCuadrillaWebController#listarSucursales(String, String)
2026-03-27 10:37:01.627 DEBUG 10280 --- [nio-8089-exec-9] o.s.jdbc.datasource.DataSourceUtils      : Fetching JDBC Connection from DataSource
2026-03-27 10:37:01.634 DEBUG 10280 --- [nio-8089-exec-6] o.s.jdbc.core.JdbcTemplate               : Executing SQL query [EXEC dbo.spx_ObtenerSucursalesConexion]
2026-03-27 10:37:01.635 DEBUG 10280 --- [nio-8089-exec-6] o.s.jdbc.datasource.DataSourceUtils      : Fetching JDBC Connection from DataSource
2026-03-27 10:37:01.635 DEBUG 10280 --- [nio-8089-exec-7] o.s.jdbc.core.JdbcTemplate               : Executing SQL query [EXEC dbo.spx_ObtenerSucursalesConexion]
2026-03-27 10:37:01.637 DEBUG 10280 --- [nio-8089-exec-7] o.s.jdbc.datasource.DataSourceUtils      : Fetching JDBC Connection from DataSource
2026-03-27 10:37:01.640 DEBUG 10280 --- [nio-8089-exec-4] o.s.jdbc.core.JdbcTemplate               : Executing SQL query [EXEC dbo.spx_ObtenerSucursalesConexion]
2026-03-27 10:37:01.641 DEBUG 10280 --- [nio-8089-exec-4] o.s.jdbc.datasource.DataSourceUtils      : Fetching JDBC Connection from DataSource
2026-03-27 10:37:01.646 DEBUG 10280 --- [nio-8089-exec-6] o.s.jdbc.core.JdbcTemplate               : Executing SQL query [EXEC dbo.spx_ObtenerSucursalesConexion]
2026-03-27 10:37:01.647 DEBUG 10280 --- [nio-8089-exec-9] o.s.jdbc.core.JdbcTemplate               : Executing SQL query [EXEC dbo.spx_ObtenerSucursalesConexion]
2026-03-27 10:37:01.647 DEBUG 10280 --- [nio-8089-exec-6] o.s.jdbc.datasource.DataSourceUtils      : Fetching JDBC Connection from DataSource
2026-03-27 10:37:01.648 DEBUG 10280 --- [nio-8089-exec-9] o.s.jdbc.datasource.DataSourceUtils      : Fetching JDBC Connection from DataSource
2026-03-27 10:37:01.654 DEBUG 10280 --- [nio-8089-exec-4] o.s.j.d.DriverManagerDataSource          : Loaded JDBC driver: com.microsoft.sqlserver.jdbc.SQLServerDriver
2026-03-27 10:37:01.654 DEBUG 10280 --- [nio-8089-exec-6] o.s.j.d.DriverManagerDataSource          : Loaded JDBC driver: com.microsoft.sqlserver.jdbc.SQLServerDriver
2026-03-27 10:37:01.655 DEBUG 10280 --- [nio-8089-exec-4] o.s.jdbc.core.JdbcTemplate               : Executing SQL query [EXEC dbo.spx_ObtenerDigitadoresConformacionCuadrillaWeb]
2026-03-27 10:37:01.655 DEBUG 10280 --- [nio-8089-exec-6] o.s.jdbc.core.JdbcTemplate               : Executing SQL query [EXEC dbo.spx_ObtenerSucursalesConformacionCuadrillaWeb]
2026-03-27 10:37:01.656 DEBUG 10280 --- [nio-8089-exec-4] o.s.jdbc.datasource.DataSourceUtils      : Fetching JDBC Connection from DataSource
2026-03-27 10:37:01.656 DEBUG 10280 --- [nio-8089-exec-9] o.s.j.d.DriverManagerDataSource          : Loaded JDBC driver: com.microsoft.sqlserver.jdbc.SQLServerDriver
2026-03-27 10:37:01.656 DEBUG 10280 --- [nio-8089-exec-6] o.s.jdbc.datasource.DataSourceUtils      : Fetching JDBC Connection from DataSource
2026-03-27 10:37:01.657 DEBUG 10280 --- [nio-8089-exec-4] o.s.j.d.DriverManagerDataSource          : Creating new JDBC DriverManager Connection to [jdbc:sqlserver://tigo.makiro.com.bo;databaseName=BDSistemaAntenaUTecnico;encrypt=false;trustServerCertificate=true]
2026-03-27 10:37:01.657 DEBUG 10280 --- [nio-8089-exec-7] o.s.jdbc.core.JdbcTemplate               : Executing SQL query [EXEC dbo.spx_ObtenerSucursalesConexion]
2026-03-27 10:37:01.658 DEBUG 10280 --- [nio-8089-exec-9] o.s.jdbc.core.JdbcTemplate               : Executing SQL query [EXEC dbo.spx_ObtenerSupervisoresConformacionCuadrillaWeb]
2026-03-27 10:37:01.658 DEBUG 10280 --- [nio-8089-exec-6] o.s.j.d.DriverManagerDataSource          : Creating new JDBC DriverManager Connection to [jdbc:sqlserver://tigo.makiro.com.bo;databaseName=BDSistemaAntenaUTecnico;encrypt=false;trustServerCertificate=true]
2026-03-27 10:37:01.659 DEBUG 10280 --- [nio-8089-exec-7] o.s.jdbc.datasource.DataSourceUtils      : Fetching JDBC Connection from DataSource
2026-03-27 10:37:01.659 DEBUG 10280 --- [nio-8089-exec-9] o.s.jdbc.datasource.DataSourceUtils      : Fetching JDBC Connection from DataSource
2026-03-27 10:37:01.660 DEBUG 10280 --- [nio-8089-exec-1] o.s.jdbc.core.JdbcTemplate               : Executing prepared SQL query
2026-03-27 10:37:01.660 DEBUG 10280 --- [nio-8089-exec-5] o.s.jdbc.core.JdbcTemplate               : Executing prepared SQL query
2026-03-27 10:37:01.660 DEBUG 10280 --- [nio-8089-exec-9] o.s.j.d.DriverManagerDataSource          : Creating new JDBC DriverManager Connection to [jdbc:sqlserver://tigo.makiro.com.bo;databaseName=BDSistemaAntenaUTecnico;encrypt=false;trustServerCertificate=true]
2026-03-27 10:37:01.661 DEBUG 10280 --- [nio-8089-exec-1] o.s.jdbc.core.JdbcTemplate               : Executing prepared SQL statement [SELECT * FROM dbo.tbl_ConformacionCuadrillaDiario WHERE 1=1 AND fecha = ? ORDER BY fechaRegistro DESC, id DESC]
2026-03-27 10:37:01.661 DEBUG 10280 --- [nio-8089-exec-5] o.s.jdbc.core.JdbcTemplate               : Executing prepared SQL statement [EXEC dbo.spx_ObtenerConformacionCuadrillaBackOffice ?, ?, ?, ?]
2026-03-27 10:37:01.662 DEBUG 10280 --- [nio-8089-exec-1] o.s.jdbc.datasource.DataSourceUtils      : Fetching JDBC Connection from DataSource
2026-03-27 10:37:01.663 DEBUG 10280 --- [nio-8089-exec-5] o.s.jdbc.datasource.DataSourceUtils      : Fetching JDBC Connection from DataSource
2026-03-27 10:37:01.664 DEBUG 10280 --- [nio-8089-exec-7] o.s.j.d.DriverManagerDataSource          : Loaded JDBC driver: com.microsoft.sqlserver.jdbc.SQLServerDriver
2026-03-27 10:37:01.667 DEBUG 10280 --- [nio-8089-exec-7] o.s.jdbc.core.JdbcTemplate               : Executing SQL query [EXEC dbo.spx_ObtenerRutaXIdTecnico]
2026-03-27 10:37:01.668 DEBUG 10280 --- [nio-8089-exec-7] o.s.jdbc.datasource.DataSourceUtils      : Fetching JDBC Connection from DataSource
2026-03-27 10:37:01.668 DEBUG 10280 --- [nio-8089-exec-7] o.s.j.d.DriverManagerDataSource          : Creating new JDBC DriverManager Connection to [jdbc:sqlserver://tigo.makiro.com.bo;databaseName=BDSistemaAntenaUTecnico;encrypt=false;trustServerCertificate=true]
2026-03-27 10:37:01.670 DEBUG 10280 --- [onnection adder] com.zaxxer.hikari.pool.HikariPool        : HikariPool-1 - Added connection ConnectionID:19 ClientConnectionId: 0e3815ac-3f56-4ecc-b052-28cf1dc18ba9
2026-03-27 10:37:01.687 DEBUG 10280 --- [nio-8089-exec-4] o.s.w.s.m.m.a.HttpEntityMethodProcessor  : Using 'application/json', given [application/json, text/plain, */*] and supported [application/json, application/*+json, application/json, application/*+json]
2026-03-27 10:37:01.687 DEBUG 10280 --- [nio-8089-exec-9] o.s.w.s.m.m.a.HttpEntityMethodProcessor  : Using 'application/json', given [application/json, text/plain, */*] and supported [application/json, application/*+json, application/json, application/*+json]
2026-03-27 10:37:01.688 DEBUG 10280 --- [nio-8089-exec-4] o.s.w.s.m.m.a.HttpEntityMethodProcessor  : Writing [com.example.TigoStarSystem.common.ApiResponse@d09ad53]
2026-03-27 10:37:01.688 DEBUG 10280 --- [nio-8089-exec-9] o.s.w.s.m.m.a.HttpEntityMethodProcessor  : Writing [com.example.TigoStarSystem.common.ApiResponse@1c269f04]
2026-03-27 10:37:01.690 DEBUG 10280 --- [nio-8089-exec-9] o.s.web.servlet.DispatcherServlet        : Completed 200 OK
2026-03-27 10:37:01.690 DEBUG 10280 --- [nio-8089-exec-4] o.s.web.servlet.DispatcherServlet        : Completed 200 OK
2026-03-27 10:37:01.691 DEBUG 10280 --- [nio-8089-exec-8] o.s.web.servlet.DispatcherServlet        : GET "/supervisor/conformacion-cuadrilla-web?limit=200&limite=200", parameters={masked}
2026-03-27 10:37:01.692 DEBUG 10280 --- [nio-8089-exec-8] s.w.s.m.m.a.RequestMappingHandlerMapping : Mapped to com.example.TigoStarSystem.supervisor.controller.ConformacionCuadrillaWebController#listar(String, LocalDate, String, Integer)
2026-03-27 10:37:01.692 DEBUG 10280 --- [nio-8089-exec-7] o.s.w.s.m.m.a.HttpEntityMethodProcessor  : Using 'application/json', given [application/json, text/plain, */*] and supported [application/json, application/*+json, application/json, application/*+json]
2026-03-27 10:37:01.693 DEBUG 10280 --- [nio-8089-exec-8] o.s.jdbc.core.JdbcTemplate               : Executing SQL query [EXEC dbo.spx_ObtenerSucursalesConexion]
2026-03-27 10:37:01.693 DEBUG 10280 --- [nio-8089-exec-7] o.s.w.s.m.m.a.HttpEntityMethodProcessor  : Writing [com.example.TigoStarSystem.common.ApiResponse@f0846db]
2026-03-27 10:37:01.693 DEBUG 10280 --- [nio-8089-exec-8] o.s.jdbc.datasource.DataSourceUtils      : Fetching JDBC Connection from DataSource
2026-03-27 10:37:01.696 DEBUG 10280 --- [nio-8089-exec-7] o.s.web.servlet.DispatcherServlet        : Completed 200 OK
2026-03-27 10:37:01.698 DEBUG 10280 --- [nio-8089-exec-2] o.s.web.servlet.DispatcherServlet        : GET "/supervisor/conformacion-cuadrilla-web/catalogos/actividades", parameters={}
2026-03-27 10:37:01.698 DEBUG 10280 --- [io-8089-exec-10] o.s.web.servlet.DispatcherServlet        : GET "/supervisor/conformacion-cuadrilla-web/catalogos/auxiliares", parameters={}
2026-03-27 10:37:01.699 DEBUG 10280 --- [nio-8089-exec-2] s.w.s.m.m.a.RequestMappingHandlerMapping : Mapped to com.example.TigoStarSystem.supervisor.controller.ConformacionCuadrillaWebController#listarActividades(String, String)
2026-03-27 10:37:01.699 DEBUG 10280 --- [nio-8089-exec-8] o.s.jdbc.core.JdbcTemplate               : Executing SQL query [EXEC dbo.spx_ObtenerSucursalesConexion]
2026-03-27 10:37:01.700 DEBUG 10280 --- [io-8089-exec-10] s.w.s.m.m.a.RequestMappingHandlerMapping : Mapped to com.example.TigoStarSystem.supervisor.controller.ConformacionCuadrillaWebController#listarAuxiliares(String, String)
2026-03-27 10:37:01.701 DEBUG 10280 --- [nio-8089-exec-8] o.s.jdbc.datasource.DataSourceUtils      : Fetching JDBC Connection from DataSource
2026-03-27 10:37:01.701 DEBUG 10280 --- [nio-8089-exec-2] o.s.jdbc.core.JdbcTemplate               : Executing SQL query [EXEC dbo.spx_ObtenerSucursalesConexion]
2026-03-27 10:37:01.702 DEBUG 10280 --- [io-8089-exec-10] o.s.jdbc.core.JdbcTemplate               : Executing SQL query [EXEC dbo.spx_ObtenerSucursalesConexion]
2026-03-27 10:37:01.703 DEBUG 10280 --- [nio-8089-exec-2] o.s.jdbc.datasource.DataSourceUtils      : Fetching JDBC Connection from DataSource
2026-03-27 10:37:01.704 DEBUG 10280 --- [io-8089-exec-10] o.s.jdbc.datasource.DataSourceUtils      : Fetching JDBC Connection from DataSource
2026-03-27 10:37:01.706 DEBUG 10280 --- [nio-8089-exec-8] o.s.j.d.DriverManagerDataSource          : Loaded JDBC driver: com.microsoft.sqlserver.jdbc.SQLServerDriver
2026-03-27 10:37:01.707 DEBUG 10280 --- [nio-8089-exec-8] o.s.jdbc.core.JdbcTemplate               : Executing SQL query [EXEC dbo.spx_ObtenerRutaXIdTecnico]
2026-03-27 10:37:01.707 DEBUG 10280 --- [nio-8089-exec-8] o.s.jdbc.datasource.DataSourceUtils      : Fetching JDBC Connection from DataSource
2026-03-27 10:37:01.708 DEBUG 10280 --- [nio-8089-exec-8] o.s.j.d.DriverManagerDataSource          : Creating new JDBC DriverManager Connection to [jdbc:sqlserver://tigo.makiro.com.bo;databaseName=BDSistemaAntenaUTecnico;encrypt=false;trustServerCertificate=true]
2026-03-27 10:37:01.711 DEBUG 10280 --- [nio-8089-exec-2] o.s.jdbc.core.JdbcTemplate               : Executing SQL query [EXEC dbo.spx_ObtenerSucursalesConexion]
2026-03-27 10:37:01.711 DEBUG 10280 --- [nio-8089-exec-2] o.s.jdbc.datasource.DataSourceUtils      : Fetching JDBC Connection from DataSource
2026-03-27 10:37:01.714 DEBUG 10280 --- [io-8089-exec-10] o.s.jdbc.core.JdbcTemplate               : Executing SQL query [EXEC dbo.spx_ObtenerSucursalesConexion]
2026-03-27 10:37:01.714 DEBUG 10280 --- [io-8089-exec-10] o.s.jdbc.datasource.DataSourceUtils      : Fetching JDBC Connection from DataSource
2026-03-27 10:37:01.715 DEBUG 10280 --- [nio-8089-exec-2] o.s.j.d.DriverManagerDataSource          : Loaded JDBC driver: com.microsoft.sqlserver.jdbc.SQLServerDriver
2026-03-27 10:37:01.716 DEBUG 10280 --- [nio-8089-exec-2] o.s.jdbc.core.JdbcTemplate               : Executing SQL query [EXEC dbo.spx_ObtenerActividadesConformacionCuadrillaWeb]
2026-03-27 10:37:01.716 DEBUG 10280 --- [nio-8089-exec-2] o.s.jdbc.datasource.DataSourceUtils      : Fetching JDBC Connection from DataSource
2026-03-27 10:37:01.717 DEBUG 10280 --- [nio-8089-exec-2] o.s.j.d.DriverManagerDataSource          : Creating new JDBC DriverManager Connection to [jdbc:sqlserver://tigo.makiro.com.bo;databaseName=BDSistemaAntenaUTecnico;encrypt=false;trustServerCertificate=true]
2026-03-27 10:37:01.719 DEBUG 10280 --- [io-8089-exec-10] o.s.j.d.DriverManagerDataSource          : Loaded JDBC driver: com.microsoft.sqlserver.jdbc.SQLServerDriver
2026-03-27 10:37:01.720 DEBUG 10280 --- [io-8089-exec-10] o.s.jdbc.core.JdbcTemplate               : Executing SQL query [EXEC dbo.spx_ObtenerAuxiliaresConformacionCuadrillaWeb]
2026-03-27 10:37:01.720 DEBUG 10280 --- [io-8089-exec-10] o.s.jdbc.datasource.DataSourceUtils      : Fetching JDBC Connection from DataSource
2026-03-27 10:37:01.721 DEBUG 10280 --- [io-8089-exec-10] o.s.j.d.DriverManagerDataSource          : Creating new JDBC DriverManager Connection to [jdbc:sqlserver://tigo.makiro.com.bo;databaseName=BDSistemaAntenaUTecnico;encrypt=false;trustServerCertificate=true]
2026-03-27 10:37:01.726 DEBUG 10280 --- [onnection adder] com.zaxxer.hikari.pool.HikariPool        : HikariPool-1 - Added connection ConnectionID:24 ClientConnectionId: db68fc04-a253-4396-8e1c-7917fc9f22d3
2026-03-27 10:37:01.730 DEBUG 10280 --- [nio-8089-exec-6] o.s.w.s.m.m.a.HttpEntityMethodProcessor  : Using 'application/json', given [application/json, text/plain, */*] and supported [application/json, application/*+json, application/json, application/*+json]
2026-03-27 10:37:01.731 DEBUG 10280 --- [nio-8089-exec-6] o.s.w.s.m.m.a.HttpEntityMethodProcessor  : Writing [com.example.TigoStarSystem.common.ApiResponse@67f5884f]
2026-03-27 10:37:01.732 DEBUG 10280 --- [nio-8089-exec-6] o.s.web.servlet.DispatcherServlet        : Completed 200 OK
2026-03-27 10:37:01.734 DEBUG 10280 --- [nio-8089-exec-3] o.s.web.servlet.DispatcherServlet        : GET "/supervisor/conformacion-cuadrilla-web/catalogos/tecnicos", parameters={}
2026-03-27 10:37:01.735 DEBUG 10280 --- [nio-8089-exec-3] s.w.s.m.m.a.RequestMappingHandlerMapping : Mapped to com.example.TigoStarSystem.supervisor.controller.ConformacionCuadrillaWebController#listarTecnicos(String, String, Integer, String)
2026-03-27 10:37:01.736 DEBUG 10280 --- [nio-8089-exec-8] o.s.w.s.m.m.a.HttpEntityMethodProcessor  : Using 'application/json', given [application/json, text/plain, */*] and supported [application/json, application/*+json, application/json, application/*+json]
2026-03-27 10:37:01.737 DEBUG 10280 --- [nio-8089-exec-8] o.s.w.s.m.m.a.HttpEntityMethodProcessor  : Writing [com.example.TigoStarSystem.common.ApiResponse@43f1cf63]
2026-03-27 10:37:01.737 DEBUG 10280 --- [nio-8089-exec-3] o.s.jdbc.core.JdbcTemplate               : Executing SQL query [EXEC dbo.spx_ObtenerSucursalesConexion]
2026-03-27 10:37:01.738 DEBUG 10280 --- [nio-8089-exec-8] o.s.web.servlet.DispatcherServlet        : Completed 200 OK
2026-03-27 10:37:01.738 DEBUG 10280 --- [nio-8089-exec-3] o.s.jdbc.datasource.DataSourceUtils      : Fetching JDBC Connection from DataSource
2026-03-27 10:37:01.740 DEBUG 10280 --- [nio-8089-exec-9] o.s.web.servlet.DispatcherServlet        : GET "/supervisor/conformacion-cuadrilla-web?fecha=2026-03-27&limit=200&limite=200", parameters={masked}
2026-03-27 10:37:01.741 DEBUG 10280 --- [nio-8089-exec-9] s.w.s.m.m.a.RequestMappingHandlerMapping : Mapped to com.example.TigoStarSystem.supervisor.controller.ConformacionCuadrillaWebController#listar(String, LocalDate, String, Integer)
2026-03-27 10:37:01.742 DEBUG 10280 --- [nio-8089-exec-9] o.s.jdbc.core.JdbcTemplate               : Executing SQL query [EXEC dbo.spx_ObtenerSucursalesConexion]
2026-03-27 10:37:01.743 DEBUG 10280 --- [nio-8089-exec-9] o.s.jdbc.datasource.DataSourceUtils      : Fetching JDBC Connection from DataSource
2026-03-27 10:37:01.747 DEBUG 10280 --- [nio-8089-exec-2] o.s.w.s.m.m.a.HttpEntityMethodProcessor  : Using 'application/json', given [application/json, text/plain, */*] and supported [application/json, application/*+json, application/json, application/*+json]
2026-03-27 10:37:01.748 DEBUG 10280 --- [nio-8089-exec-2] o.s.w.s.m.m.a.HttpEntityMethodProcessor  : Writing [com.example.TigoStarSystem.common.ApiResponse@67bbf70]
2026-03-27 10:37:01.749 DEBUG 10280 --- [nio-8089-exec-2] o.s.web.servlet.DispatcherServlet        : Completed 200 OK
2026-03-27 10:37:01.749 DEBUG 10280 --- [nio-8089-exec-3] o.s.jdbc.core.JdbcTemplate               : Executing SQL query [EXEC dbo.spx_ObtenerSucursalesConexion]
2026-03-27 10:37:01.750 DEBUG 10280 --- [nio-8089-exec-3] o.s.jdbc.datasource.DataSourceUtils      : Fetching JDBC Connection from DataSource
2026-03-27 10:37:01.750 DEBUG 10280 --- [nio-8089-exec-9] o.s.jdbc.core.JdbcTemplate               : Executing SQL query [EXEC dbo.spx_ObtenerSucursalesConexion]
2026-03-27 10:37:01.751 DEBUG 10280 --- [nio-8089-exec-9] o.s.jdbc.datasource.DataSourceUtils      : Fetching JDBC Connection from DataSource
2026-03-27 10:37:01.754 DEBUG 10280 --- [nio-8089-exec-3] o.s.j.d.DriverManagerDataSource          : Loaded JDBC driver: com.microsoft.sqlserver.jdbc.SQLServerDriver
2026-03-27 10:37:01.754 DEBUG 10280 --- [nio-8089-exec-3] o.s.jdbc.core.JdbcTemplate               : Executing SQL query [EXEC dbo.spx_ObtenerTecnicosConformacionCuadrillaWeb]
2026-03-27 10:37:01.755 DEBUG 10280 --- [nio-8089-exec-3] o.s.jdbc.datasource.DataSourceUtils      : Fetching JDBC Connection from DataSource
2026-03-27 10:37:01.755 DEBUG 10280 --- [nio-8089-exec-9] o.s.j.d.DriverManagerDataSource          : Loaded JDBC driver: com.microsoft.sqlserver.jdbc.SQLServerDriver
2026-03-27 10:37:01.756 DEBUG 10280 --- [nio-8089-exec-3] o.s.j.d.DriverManagerDataSource          : Creating new JDBC DriverManager Connection to [jdbc:sqlserver://tigo.makiro.com.bo;databaseName=BDSistemaAntenaUTecnico;encrypt=false;trustServerCertificate=true]
2026-03-27 10:37:01.756 DEBUG 10280 --- [nio-8089-exec-9] o.s.jdbc.core.JdbcTemplate               : Executing SQL query [EXEC dbo.spx_ObtenerRutaXIdTecnico]
2026-03-27 10:37:01.757 DEBUG 10280 --- [nio-8089-exec-9] o.s.jdbc.datasource.DataSourceUtils      : Fetching JDBC Connection from DataSource
2026-03-27 10:37:01.758 DEBUG 10280 --- [nio-8089-exec-9] o.s.j.d.DriverManagerDataSource          : Creating new JDBC DriverManager Connection to [jdbc:sqlserver://tigo.makiro.com.bo;databaseName=BDSistemaAntenaUTecnico;encrypt=false;trustServerCertificate=true]
2026-03-27 10:37:01.763 DEBUG 10280 --- [nio-8089-exec-6] o.s.web.servlet.DispatcherServlet        : GET "/supervisor/conformacion-cuadrilla-web/catalogos/digitadores?sucursal=Santa_Cruz", parameters={masked}
2026-03-27 10:37:01.764 DEBUG 10280 --- [nio-8089-exec-6] s.w.s.m.m.a.RequestMappingHandlerMapping : Mapped to com.example.TigoStarSystem.supervisor.controller.ConformacionCuadrillaWebController#listarDigitadores(String, String)
2026-03-27 10:37:01.765 DEBUG 10280 --- [nio-8089-exec-6] o.s.jdbc.core.JdbcTemplate               : Executing SQL query [EXEC dbo.spx_ObtenerSucursalesConexion]
2026-03-27 10:37:01.775 DEBUG 10280 --- [nio-8089-exec-6] o.s.jdbc.datasource.DataSourceUtils      : Fetching JDBC Connection from DataSource
2026-03-27 10:37:01.782 DEBUG 10280 --- [nio-8089-exec-9] o.s.w.s.m.m.a.HttpEntityMethodProcessor  : Using 'application/json', given [application/json, text/plain, */*] and supported [application/json, application/*+json, application/json, application/*+json]
2026-03-27 10:37:01.783 DEBUG 10280 --- [nio-8089-exec-6] o.s.j.d.DriverManagerDataSource          : Loaded JDBC driver: com.microsoft.sqlserver.jdbc.SQLServerDriver
2026-03-27 10:37:01.784 DEBUG 10280 --- [nio-8089-exec-9] o.s.w.s.m.m.a.HttpEntityMethodProcessor  : Writing [com.example.TigoStarSystem.common.ApiResponse@10febc50]
2026-03-27 10:37:01.784 DEBUG 10280 --- [nio-8089-exec-6] o.s.jdbc.core.JdbcTemplate               : Executing SQL query [EXEC dbo.spx_ObtenerDigitadoresConformacionCuadrillaWeb]
2026-03-27 10:37:01.785 DEBUG 10280 --- [nio-8089-exec-6] o.s.jdbc.datasource.DataSourceUtils      : Fetching JDBC Connection from DataSource
2026-03-27 10:37:01.786 DEBUG 10280 --- [nio-8089-exec-6] o.s.j.d.DriverManagerDataSource          : Creating new JDBC DriverManager Connection to [jdbc:sqlserver://tigo.makiro.com.bo;databaseName=BDSistemaAntenaUTecnico;encrypt=false;trustServerCertificate=true]
2026-03-27 10:37:01.788 DEBUG 10280 --- [nio-8089-exec-9] o.s.web.servlet.DispatcherServlet        : Completed 200 OK
2026-03-27 10:37:01.790 DEBUG 10280 --- [nio-8089-exec-8] o.s.web.servlet.DispatcherServlet        : GET "/supervisor/conformacion-cuadrilla-web/catalogos/supervisores?sucursal=Santa_Cruz", parameters={masked}
2026-03-27 10:37:01.791 DEBUG 10280 --- [nio-8089-exec-8] s.w.s.m.m.a.RequestMappingHandlerMapping : Mapped to com.example.TigoStarSystem.supervisor.controller.ConformacionCuadrillaWebController#listarSupervisores(String, String)
2026-03-27 10:37:01.793 DEBUG 10280 --- [nio-8089-exec-8] o.s.jdbc.core.JdbcTemplate               : Executing SQL query [EXEC dbo.spx_ObtenerSucursalesConexion]
2026-03-27 10:37:01.795 DEBUG 10280 --- [nio-8089-exec-8] o.s.jdbc.datasource.DataSourceUtils      : Fetching JDBC Connection from DataSource
2026-03-27 10:37:01.798 DEBUG 10280 --- [nio-8089-exec-3] o.s.w.s.m.m.a.HttpEntityMethodProcessor  : Using 'application/json', given [application/json, text/plain, */*] and supported [application/json, application/*+json, application/json, application/*+json]
2026-03-27 10:37:01.798 DEBUG 10280 --- [nio-8089-exec-3] o.s.w.s.m.m.a.HttpEntityMethodProcessor  : Writing [com.example.TigoStarSystem.common.ApiResponse@581c8189]
2026-03-27 10:37:01.799 DEBUG 10280 --- [nio-8089-exec-8] o.s.j.d.DriverManagerDataSource          : Loaded JDBC driver: com.microsoft.sqlserver.jdbc.SQLServerDriver
2026-03-27 10:37:01.800 DEBUG 10280 --- [nio-8089-exec-8] o.s.jdbc.core.JdbcTemplate               : Executing SQL query [EXEC dbo.spx_ObtenerSupervisoresConformacionCuadrillaWeb]
2026-03-27 10:37:01.800 DEBUG 10280 --- [nio-8089-exec-3] o.s.web.servlet.DispatcherServlet        : Completed 200 OK
2026-03-27 10:37:01.800 DEBUG 10280 --- [nio-8089-exec-8] o.s.jdbc.datasource.DataSourceUtils      : Fetching JDBC Connection from DataSource
2026-03-27 10:37:01.802 DEBUG 10280 --- [nio-8089-exec-8] o.s.j.d.DriverManagerDataSource          : Creating new JDBC DriverManager Connection to [jdbc:sqlserver://tigo.makiro.com.bo;databaseName=BDSistemaAntenaUTecnico;encrypt=false;trustServerCertificate=true]
2026-03-27 10:37:01.803 DEBUG 10280 --- [nio-8089-exec-2] o.s.web.servlet.DispatcherServlet        : GET "/supervisor/conformacion-cuadrilla-web?sucursal=Santa_Cruz&limit=200&limite=200", parameters={masked}
2026-03-27 10:37:01.803 DEBUG 10280 --- [nio-8089-exec-2] s.w.s.m.m.a.RequestMappingHandlerMapping : Mapped to com.example.TigoStarSystem.supervisor.controller.ConformacionCuadrillaWebController#listar(String, LocalDate, String, Integer)
2026-03-27 10:37:01.806 DEBUG 10280 --- [nio-8089-exec-2] o.s.jdbc.core.JdbcTemplate               : Executing SQL query [EXEC dbo.spx_ObtenerSucursalesConexion]
2026-03-27 10:37:01.807 DEBUG 10280 --- [nio-8089-exec-2] o.s.jdbc.datasource.DataSourceUtils      : Fetching JDBC Connection from DataSource
2026-03-27 10:37:01.811 DEBUG 10280 --- [nio-8089-exec-2] o.s.j.d.DriverManagerDataSource          : Loaded JDBC driver: com.microsoft.sqlserver.jdbc.SQLServerDriver
2026-03-27 10:37:01.812 DEBUG 10280 --- [nio-8089-exec-2] o.s.jdbc.core.JdbcTemplate               : Executing SQL query [EXEC dbo.spx_ObtenerRutaXIdTecnico]
2026-03-27 10:37:01.812 DEBUG 10280 --- [nio-8089-exec-2] o.s.jdbc.datasource.DataSourceUtils      : Fetching JDBC Connection from DataSource
2026-03-27 10:37:01.812 DEBUG 10280 --- [nio-8089-exec-2] o.s.j.d.DriverManagerDataSource          : Creating new JDBC DriverManager Connection to [jdbc:sqlserver://tigo.makiro.com.bo;databaseName=BDSistemaAntenaUTecnico;encrypt=false;trustServerCertificate=true]
2026-03-27 10:37:01.813 DEBUG 10280 --- [nio-8089-exec-6] o.s.w.s.m.m.a.HttpEntityMethodProcessor  : Using 'application/json', given [application/json, text/plain, */*] and supported [application/json, application/*+json, application/json, application/*+json]
2026-03-27 10:37:01.813 DEBUG 10280 --- [nio-8089-exec-6] o.s.w.s.m.m.a.HttpEntityMethodProcessor  : Writing [com.example.TigoStarSystem.common.ApiResponse@6bc64e87]
2026-03-27 10:37:01.815 DEBUG 10280 --- [nio-8089-exec-6] o.s.web.servlet.DispatcherServlet        : Completed 200 OK
2026-03-27 10:37:01.818 DEBUG 10280 --- [nio-8089-exec-4] o.s.web.servlet.DispatcherServlet        : GET "/supervisor/conformacion-cuadrilla-web/catalogos/actividades?sucursal=Santa_Cruz", parameters={masked}
2026-03-27 10:37:01.819 DEBUG 10280 --- [nio-8089-exec-4] s.w.s.m.m.a.RequestMappingHandlerMapping : Mapped to com.example.TigoStarSystem.supervisor.controller.ConformacionCuadrillaWebController#listarActividades(String, String)
2026-03-27 10:37:01.820 DEBUG 10280 --- [nio-8089-exec-4] o.s.jdbc.core.JdbcTemplate               : Executing SQL query [EXEC dbo.spx_ObtenerSucursalesConexion]
2026-03-27 10:37:01.820 DEBUG 10280 --- [nio-8089-exec-4] o.s.jdbc.datasource.DataSourceUtils      : Fetching JDBC Connection from DataSource
2026-03-27 10:37:01.838 DEBUG 10280 --- [nio-8089-exec-4] o.s.j.d.DriverManagerDataSource          : Loaded JDBC driver: com.microsoft.sqlserver.jdbc.SQLServerDriver
2026-03-27 10:37:01.839 DEBUG 10280 --- [nio-8089-exec-4] o.s.jdbc.core.JdbcTemplate               : Executing SQL query [EXEC dbo.spx_ObtenerActividadesConformacionCuadrillaWeb]
2026-03-27 10:37:01.840 DEBUG 10280 --- [nio-8089-exec-4] o.s.jdbc.datasource.DataSourceUtils      : Fetching JDBC Connection from DataSource
2026-03-27 10:37:01.840 DEBUG 10280 --- [nio-8089-exec-4] o.s.j.d.DriverManagerDataSource          : Creating new JDBC DriverManager Connection to [jdbc:sqlserver://tigo.makiro.com.bo;databaseName=BDSistemaAntenaUTecnico;encrypt=false;trustServerCertificate=true]
2026-03-27 10:37:01.842 DEBUG 10280 --- [nio-8089-exec-8] o.s.w.s.m.m.a.HttpEntityMethodProcessor  : Using 'application/json', given [application/json, text/plain, */*] and supported [application/json, application/*+json, application/json, application/*+json]
2026-03-27 10:37:01.843 DEBUG 10280 --- [nio-8089-exec-8] o.s.w.s.m.m.a.HttpEntityMethodProcessor  : Writing [com.example.TigoStarSystem.common.ApiResponse@27de28d]
2026-03-27 10:37:01.845 DEBUG 10280 --- [nio-8089-exec-8] o.s.web.servlet.DispatcherServlet        : Completed 200 OK
2026-03-27 10:37:01.848 DEBUG 10280 --- [nio-8089-exec-7] o.s.web.servlet.DispatcherServlet        : GET "/supervisor/conformacion-cuadrilla-web/catalogos/auxiliares?sucursal=Santa_Cruz", parameters={masked}
2026-03-27 10:37:01.850 DEBUG 10280 --- [nio-8089-exec-7] s.w.s.m.m.a.RequestMappingHandlerMapping : Mapped to com.example.TigoStarSystem.supervisor.controller.ConformacionCuadrillaWebController#listarAuxiliares(String, String)
2026-03-27 10:37:01.851 DEBUG 10280 --- [nio-8089-exec-7] o.s.jdbc.core.JdbcTemplate               : Executing SQL query [EXEC dbo.spx_ObtenerSucursalesConexion]
2026-03-27 10:37:01.852 DEBUG 10280 --- [nio-8089-exec-7] o.s.jdbc.datasource.DataSourceUtils      : Fetching JDBC Connection from DataSource
2026-03-27 10:37:01.856 DEBUG 10280 --- [io-8089-exec-10] o.s.w.s.m.m.a.HttpEntityMethodProcessor  : Using 'application/json', given [application/json, text/plain, */*] and supported [application/json, application/*+json, application/json, application/*+json]
2026-03-27 10:37:01.857 DEBUG 10280 --- [io-8089-exec-10] o.s.w.s.m.m.a.HttpEntityMethodProcessor  : Writing [com.example.TigoStarSystem.common.ApiResponse@1cb4dc19]
2026-03-27 10:37:01.859 DEBUG 10280 --- [io-8089-exec-10] o.s.web.servlet.DispatcherServlet        : Completed 200 OK
2026-03-27 10:37:01.860 DEBUG 10280 --- [nio-8089-exec-1] o.s.jdbc.core.JdbcTemplate               : Executing prepared SQL query
2026-03-27 10:37:01.861 DEBUG 10280 --- [nio-8089-exec-1] o.s.jdbc.core.JdbcTemplate               : Executing prepared SQL statement [SELECT * FROM dbo.tbl_ConformacionCuadrillaDiario WHERE 1=1 AND fecha = ? ORDER BY fechaRegistro DESC, id DESC]
2026-03-27 10:37:01.862 DEBUG 10280 --- [nio-8089-exec-1] o.s.jdbc.datasource.DataSourceUtils      : Fetching JDBC Connection from DataSource
2026-03-27 10:37:01.862 DEBUG 10280 --- [nio-8089-exec-7] o.s.j.d.DriverManagerDataSource          : Loaded JDBC driver: com.microsoft.sqlserver.jdbc.SQLServerDriver
2026-03-27 10:37:01.864 DEBUG 10280 --- [nio-8089-exec-7] o.s.jdbc.core.JdbcTemplate               : Executing SQL query [EXEC dbo.spx_ObtenerAuxiliaresConformacionCuadrillaWeb]
2026-03-27 10:37:01.864 DEBUG 10280 --- [nio-8089-exec-7] o.s.jdbc.datasource.DataSourceUtils      : Fetching JDBC Connection from DataSource
2026-03-27 10:37:01.865 DEBUG 10280 --- [nio-8089-exec-7] o.s.j.d.DriverManagerDataSource          : Creating new JDBC DriverManager Connection to [jdbc:sqlserver://tigo.makiro.com.bo;databaseName=BDSistemaAntenaUTecnico;encrypt=false;trustServerCertificate=true]
2026-03-27 10:37:01.865 DEBUG 10280 --- [nio-8089-exec-2] o.s.w.s.m.m.a.HttpEntityMethodProcessor  : Using 'application/json', given [application/json, text/plain, */*] and supported [application/json, application/*+json, application/json, application/*+json]
2026-03-27 10:37:01.865 DEBUG 10280 --- [nio-8089-exec-2] o.s.w.s.m.m.a.HttpEntityMethodProcessor  : Writing [com.example.TigoStarSystem.common.ApiResponse@6769b264]
2026-03-27 10:37:01.866 DEBUG 10280 --- [nio-8089-exec-2] o.s.web.servlet.DispatcherServlet        : Completed 200 OK
2026-03-27 10:37:01.877 DEBUG 10280 --- [nio-8089-exec-9] o.s.web.servlet.DispatcherServlet        : GET "/supervisor/conformacion-cuadrilla-web/catalogos/tecnicos?sucursal=Santa_Cruz", parameters={masked}
2026-03-27 10:37:01.878 DEBUG 10280 --- [nio-8089-exec-9] s.w.s.m.m.a.RequestMappingHandlerMapping : Mapped to com.example.TigoStarSystem.supervisor.controller.ConformacionCuadrillaWebController#listarTecnicos(String, String, Integer, String)
2026-03-27 10:37:01.878 DEBUG 10280 --- [nio-8089-exec-3] o.s.web.servlet.DispatcherServlet        : GET "/supervisor/conformacion-cuadrilla-web?fecha=2026-03-27&sucursal=Santa_Cruz&limit=200&limite=200", parameters={masked}
2026-03-27 10:37:01.879 DEBUG 10280 --- [nio-8089-exec-9] o.s.jdbc.core.JdbcTemplate               : Executing SQL query [EXEC dbo.spx_ObtenerSucursalesConexion]
2026-03-27 10:37:01.879 DEBUG 10280 --- [nio-8089-exec-3] s.w.s.m.m.a.RequestMappingHandlerMapping : Mapped to com.example.TigoStarSystem.supervisor.controller.ConformacionCuadrillaWebController#listar(String, LocalDate, String, Integer)
2026-03-27 10:37:01.880 DEBUG 10280 --- [nio-8089-exec-9] o.s.jdbc.datasource.DataSourceUtils      : Fetching JDBC Connection from DataSource
2026-03-27 10:37:01.882 DEBUG 10280 --- [nio-8089-exec-3] o.s.jdbc.core.JdbcTemplate               : Executing SQL query [EXEC dbo.spx_ObtenerSucursalesConexion]
2026-03-27 10:37:01.882 DEBUG 10280 --- [nio-8089-exec-3] o.s.jdbc.datasource.DataSourceUtils      : Fetching JDBC Connection from DataSource
2026-03-27 10:37:01.897 DEBUG 10280 --- [nio-8089-exec-9] o.s.j.d.DriverManagerDataSource          : Loaded JDBC driver: com.microsoft.sqlserver.jdbc.SQLServerDriver
2026-03-27 10:37:01.897 DEBUG 10280 --- [nio-8089-exec-3] o.s.j.d.DriverManagerDataSource          : Loaded JDBC driver: com.microsoft.sqlserver.jdbc.SQLServerDriver
2026-03-27 10:37:01.898 DEBUG 10280 --- [nio-8089-exec-9] o.s.jdbc.core.JdbcTemplate               : Executing SQL query [EXEC dbo.spx_ObtenerTecnicosConformacionCuadrillaWeb]
2026-03-27 10:37:01.898 DEBUG 10280 --- [nio-8089-exec-1] o.s.w.s.m.m.a.HttpEntityMethodProcessor  : Using 'application/json', given [application/json, text/plain, */*] and supported [application/json, application/*+json, application/json, application/*+json]
2026-03-27 10:37:01.898 DEBUG 10280 --- [nio-8089-exec-4] o.s.w.s.m.m.a.HttpEntityMethodProcessor  : Using 'application/json', given [application/json, text/plain, */*] and supported [application/json, application/*+json, application/json, application/*+json]
2026-03-27 10:37:01.899 DEBUG 10280 --- [nio-8089-exec-3] o.s.jdbc.core.JdbcTemplate               : Executing SQL query [EXEC dbo.spx_ObtenerRutaXIdTecnico]
2026-03-27 10:37:01.901 DEBUG 10280 --- [nio-8089-exec-9] o.s.jdbc.datasource.DataSourceUtils      : Fetching JDBC Connection from DataSource
2026-03-27 10:37:01.901 DEBUG 10280 --- [nio-8089-exec-1] o.s.w.s.m.m.a.HttpEntityMethodProcessor  : Writing [com.example.TigoStarSystem.common.ApiResponse@2ace1f6e]
2026-03-27 10:37:01.902 DEBUG 10280 --- [nio-8089-exec-4] o.s.w.s.m.m.a.HttpEntityMethodProcessor  : Writing [com.example.TigoStarSystem.common.ApiResponse@6f546a37]
2026-03-27 10:37:01.903 DEBUG 10280 --- [nio-8089-exec-3] o.s.jdbc.datasource.DataSourceUtils      : Fetching JDBC Connection from DataSource
2026-03-27 10:37:01.903 DEBUG 10280 --- [nio-8089-exec-9] o.s.j.d.DriverManagerDataSource          : Creating new JDBC DriverManager Connection to [jdbc:sqlserver://tigo.makiro.com.bo;databaseName=BDSistemaAntenaUTecnico;encrypt=false;trustServerCertificate=true]
2026-03-27 10:37:01.904 DEBUG 10280 --- [nio-8089-exec-1] o.s.web.servlet.DispatcherServlet        : Completed 200 OK
2026-03-27 10:37:01.907 DEBUG 10280 --- [nio-8089-exec-4] o.s.web.servlet.DispatcherServlet        : Completed 200 OK
2026-03-27 10:37:01.907 DEBUG 10280 --- [nio-8089-exec-3] o.s.j.d.DriverManagerDataSource          : Creating new JDBC DriverManager Connection to [jdbc:sqlserver://tigo.makiro.com.bo;databaseName=BDSistemaAntenaUTecnico;encrypt=false;trustServerCertificate=true]
2026-03-27 10:37:01.910 DEBUG 10280 --- [nio-8089-exec-4] o.s.web.servlet.DispatcherServlet        : GET "/supervisor/conformacion-cuadrilla/confirmadas?fecha=2026-03-27&sucursal=Santa_Cruz&limit=200&limite=200", parameters={masked}
2026-03-27 10:37:01.910 DEBUG 10280 --- [nio-8089-exec-8] o.s.web.servlet.DispatcherServlet        : GET "/supervisor/conformacion-cuadrilla/eliminadas?fecha=2026-03-27&sucursal=Santa_Cruz&limit=200&limite=200", parameters={masked}
2026-03-27 10:37:01.911 DEBUG 10280 --- [nio-8089-exec-4] s.w.s.m.m.a.RequestMappingHandlerMapping : Mapped to com.example.TigoStarSystem.supervisor.controller.ConformacionCuadrillaController#listarConfirmadas(LocalDate, String, String, Integer)
2026-03-27 10:37:01.912 DEBUG 10280 --- [nio-8089-exec-8] s.w.s.m.m.a.RequestMappingHandlerMapping : Mapped to com.example.TigoStarSystem.supervisor.controller.ConformacionCuadrillaController#listarEliminadas(LocalDate, String, String, Integer)
2026-03-27 10:37:01.913 DEBUG 10280 --- [nio-8089-exec-4] o.s.jdbc.core.JdbcTemplate               : Executing SQL query [EXEC dbo.spx_ObtenerSucursalesConexion]
2026-03-27 10:37:01.914 DEBUG 10280 --- [nio-8089-exec-8] o.s.jdbc.core.JdbcTemplate               : Executing SQL query [EXEC dbo.spx_ObtenerSucursalesConexion]
2026-03-27 10:37:01.916 DEBUG 10280 --- [nio-8089-exec-8] o.s.jdbc.datasource.DataSourceUtils      : Fetching JDBC Connection from DataSource
2026-03-27 10:37:01.915 DEBUG 10280 --- [nio-8089-exec-4] o.s.jdbc.datasource.DataSourceUtils      : Fetching JDBC Connection from DataSource
2026-03-27 10:37:01.921 DEBUG 10280 --- [nio-8089-exec-8] o.s.jdbc.core.JdbcTemplate               : Executing SQL query [EXEC dbo.spx_ObtenerSucursalesConexion]
2026-03-27 10:37:01.922 DEBUG 10280 --- [nio-8089-exec-8] o.s.jdbc.datasource.DataSourceUtils      : Fetching JDBC Connection from DataSource
2026-03-27 10:37:01.922 DEBUG 10280 --- [nio-8089-exec-4] o.s.jdbc.core.JdbcTemplate               : Executing SQL query [EXEC dbo.spx_ObtenerSucursalesConexion]
2026-03-27 10:37:01.923 DEBUG 10280 --- [nio-8089-exec-4] o.s.jdbc.datasource.DataSourceUtils      : Fetching JDBC Connection from DataSource
2026-03-27 10:37:01.929 DEBUG 10280 --- [nio-8089-exec-8] o.s.j.d.DriverManagerDataSource          : Loaded JDBC driver: com.microsoft.sqlserver.jdbc.SQLServerDriver
2026-03-27 10:37:01.930 DEBUG 10280 --- [nio-8089-exec-8] o.s.jdbc.core.JdbcTemplate               : Executing prepared SQL query
2026-03-27 10:37:01.930 DEBUG 10280 --- [nio-8089-exec-8] o.s.jdbc.core.JdbcTemplate               : Executing prepared SQL statement [SELECT * FROM dbo.tbl_ConformacionCuadrillaDiario WHERE 1=1 AND fecha = ? AND sucursal = ? ORDER BY fechaRegistro DESC, id DESC]
2026-03-27 10:37:01.931 DEBUG 10280 --- [nio-8089-exec-8] o.s.jdbc.datasource.DataSourceUtils      : Fetching JDBC Connection from DataSource
2026-03-27 10:37:01.931 DEBUG 10280 --- [nio-8089-exec-8] o.s.j.d.DriverManagerDataSource          : Creating new JDBC DriverManager Connection to [jdbc:sqlserver://tigo.makiro.com.bo;databaseName=BDSistemaAntenaUTecnico;encrypt=false;trustServerCertificate=true]
2026-03-27 10:37:01.933 DEBUG 10280 --- [nio-8089-exec-4] o.s.j.d.DriverManagerDataSource          : Loaded JDBC driver: com.microsoft.sqlserver.jdbc.SQLServerDriver
2026-03-27 10:37:01.935 DEBUG 10280 --- [nio-8089-exec-4] o.s.jdbc.core.JdbcTemplate               : Executing prepared SQL query
2026-03-27 10:37:01.935 DEBUG 10280 --- [nio-8089-exec-4] o.s.jdbc.core.JdbcTemplate               : Executing prepared SQL statement [EXEC dbo.spx_ObtenerConformacionCuadrillaBackOffice ?, ?, ?, ?]
2026-03-27 10:37:01.936 DEBUG 10280 --- [nio-8089-exec-4] o.s.jdbc.datasource.DataSourceUtils      : Fetching JDBC Connection from DataSource
2026-03-27 10:37:01.936 DEBUG 10280 --- [nio-8089-exec-4] o.s.j.d.DriverManagerDataSource          : Creating new JDBC DriverManager Connection to [jdbc:sqlserver://tigo.makiro.com.bo;databaseName=BDSistemaAntenaUTecnico;encrypt=false;trustServerCertificate=true]
2026-03-27 10:37:01.967 DEBUG 10280 --- [nio-8089-exec-7] o.s.w.s.m.m.a.HttpEntityMethodProcessor  : Using 'application/json', given [application/json, text/plain, */*] and supported [application/json, application/*+json, application/json, application/*+json]
2026-03-27 10:37:01.969 DEBUG 10280 --- [nio-8089-exec-7] o.s.w.s.m.m.a.HttpEntityMethodProcessor  : Writing [com.example.TigoStarSystem.common.ApiResponse@1ea6e6c1]
2026-03-27 10:37:01.971 DEBUG 10280 --- [nio-8089-exec-7] o.s.web.servlet.DispatcherServlet        : Completed 200 OK
2026-03-27 10:37:02.002 DEBUG 10280 --- [nio-8089-exec-3] o.s.w.s.m.m.a.HttpEntityMethodProcessor  : Using 'application/json', given [application/json, text/plain, */*] and supported [application/json, application/*+json, application/json, application/*+json]
2026-03-27 10:37:02.003 DEBUG 10280 --- [nio-8089-exec-3] o.s.w.s.m.m.a.HttpEntityMethodProcessor  : Writing [com.example.TigoStarSystem.common.ApiResponse@2af18cb3]
2026-03-27 10:37:02.004 DEBUG 10280 --- [nio-8089-exec-3] o.s.web.servlet.DispatcherServlet        : Completed 200 OK
2026-03-27 10:37:02.008 DEBUG 10280 --- [io-8089-exec-10] o.s.web.servlet.DispatcherServlet        : GET "/supervisor/conformacion-cuadrilla-web?fecha=2026-03-27&sucursal=Santa_Cruz&limit=200&limite=200", parameters={masked}
2026-03-27 10:37:02.009 DEBUG 10280 --- [io-8089-exec-10] s.w.s.m.m.a.RequestMappingHandlerMapping : Mapped to com.example.TigoStarSystem.supervisor.controller.ConformacionCuadrillaWebController#listar(String, LocalDate, String, Integer)
2026-03-27 10:37:02.010 DEBUG 10280 --- [io-8089-exec-10] o.s.jdbc.core.JdbcTemplate               : Executing SQL query [EXEC dbo.spx_ObtenerSucursalesConexion]
2026-03-27 10:37:02.011 DEBUG 10280 --- [io-8089-exec-10] o.s.jdbc.datasource.DataSourceUtils      : Fetching JDBC Connection from DataSource
2026-03-27 10:37:02.018 DEBUG 10280 --- [io-8089-exec-10] o.s.j.d.DriverManagerDataSource          : Loaded JDBC driver: com.microsoft.sqlserver.jdbc.SQLServerDriver
2026-03-27 10:37:02.019 DEBUG 10280 --- [io-8089-exec-10] o.s.jdbc.core.JdbcTemplate               : Executing SQL query [EXEC dbo.spx_ObtenerRutaXIdTecnico]
2026-03-27 10:37:02.020 DEBUG 10280 --- [io-8089-exec-10] o.s.jdbc.datasource.DataSourceUtils      : Fetching JDBC Connection from DataSource
2026-03-27 10:37:02.020 DEBUG 10280 --- [io-8089-exec-10] o.s.j.d.DriverManagerDataSource          : Creating new JDBC DriverManager Connection to [jdbc:sqlserver://tigo.makiro.com.bo;databaseName=BDSistemaAntenaUTecnico;encrypt=false;trustServerCertificate=true]
2026-03-27 10:37:02.027 DEBUG 10280 --- [nio-8089-exec-9] o.s.w.s.m.m.a.HttpEntityMethodProcessor  : Using 'application/json', given [application/json, text/plain, */*] and supported [application/json, application/*+json, application/json, application/*+json]
2026-03-27 10:37:02.028 DEBUG 10280 --- [nio-8089-exec-9] o.s.w.s.m.m.a.HttpEntityMethodProcessor  : Writing [com.example.TigoStarSystem.common.ApiResponse@179fa71e]
2026-03-27 10:37:02.029 DEBUG 10280 --- [nio-8089-exec-9] o.s.web.servlet.DispatcherServlet        : Completed 200 OK
2026-03-27 10:37:02.030 DEBUG 10280 --- [nio-8089-exec-8] o.s.jdbc.core.JdbcTemplate               : Executing prepared SQL query
2026-03-27 10:37:02.030 DEBUG 10280 --- [nio-8089-exec-8] o.s.jdbc.core.JdbcTemplate               : Executing prepared SQL statement [SELECT * FROM dbo.tbl_ConformacionCuadrillaDiario WHERE 1=1 AND fecha = ? AND sucursal = ? ORDER BY fechaRegistro DESC, id DESC]
2026-03-27 10:37:02.031 DEBUG 10280 --- [nio-8089-exec-8] o.s.jdbc.datasource.DataSourceUtils      : Fetching JDBC Connection from DataSource
2026-03-27 10:37:02.031 DEBUG 10280 --- [nio-8089-exec-8] o.s.j.d.DriverManagerDataSource          : Creating new JDBC DriverManager Connection to [jdbc:sqlserver://tigo.makiro.com.bo;databaseName=BDSistemaAntenaUTecnico;encrypt=false;trustServerCertificate=true]
2026-03-27 10:37:02.087 DEBUG 10280 --- [io-8089-exec-10] o.s.w.s.m.m.a.HttpEntityMethodProcessor  : Using 'application/json', given [application/json, text/plain, */*] and supported [application/json, application/*+json, application/json, application/*+json]
2026-03-27 10:37:02.088 DEBUG 10280 --- [io-8089-exec-10] o.s.w.s.m.m.a.HttpEntityMethodProcessor  : Writing [com.example.TigoStarSystem.common.ApiResponse@7c6109ce]
2026-03-27 10:37:02.089 DEBUG 10280 --- [io-8089-exec-10] o.s.web.servlet.DispatcherServlet        : Completed 200 OK
2026-03-27 10:37:02.094 DEBUG 10280 --- [nio-8089-exec-8] o.s.jdbc.core.JdbcTemplate               : Executing prepared SQL query
2026-03-27 10:37:02.095 DEBUG 10280 --- [nio-8089-exec-8] o.s.jdbc.core.JdbcTemplate               : Executing prepared SQL statement [SELECT * FROM dbo.tbl_ConformacionCuadrillaDiario WHERE 1=1 AND fecha = ? AND sucursal = ? ORDER BY fechaRegistro DESC, id DESC]
2026-03-27 10:37:02.096 DEBUG 10280 --- [nio-8089-exec-8] o.s.jdbc.datasource.DataSourceUtils      : Fetching JDBC Connection from DataSource
2026-03-27 10:37:02.103 DEBUG 10280 --- [nio-8089-exec-8] o.s.jdbc.core.JdbcTemplate               : Executing prepared SQL query
2026-03-27 10:37:02.104 DEBUG 10280 --- [nio-8089-exec-8] o.s.jdbc.core.JdbcTemplate               : Executing prepared SQL statement [SELECT * FROM dbo.tbl_ConformacionCuadrillaDiario WHERE 1=1 AND fecha = ? AND sucursal = ? ORDER BY fechaRegistro DESC, id DESC]
2026-03-27 10:37:02.104 DEBUG 10280 --- [nio-8089-exec-8] o.s.jdbc.datasource.DataSourceUtils      : Fetching JDBC Connection from DataSource
2026-03-27 10:37:02.131 DEBUG 10280 --- [nio-8089-exec-8] o.s.jdbc.core.JdbcTemplate               : Executing prepared SQL query
2026-03-27 10:37:02.132 DEBUG 10280 --- [nio-8089-exec-8] o.s.jdbc.core.JdbcTemplate               : Executing prepared SQL statement [SELECT * FROM dbo.tbl_ConformacionCuadrillaDiario WHERE 1=1 AND fecha = ? AND sucursal = ? ORDER BY fechaRegistro DESC, id DESC]
2026-03-27 10:37:02.133 DEBUG 10280 --- [nio-8089-exec-8] o.s.jdbc.datasource.DataSourceUtils      : Fetching JDBC Connection from DataSource
2026-03-27 10:37:02.171 DEBUG 10280 --- [nio-8089-exec-8] o.s.jdbc.core.JdbcTemplate               : Executing prepared SQL query
2026-03-27 10:37:02.172 DEBUG 10280 --- [nio-8089-exec-8] o.s.jdbc.core.JdbcTemplate               : Executing prepared SQL statement [SELECT * FROM dbo.tbl_ConformacionCuadrillaDiario WHERE 1=1 AND fecha = ? AND sucursal = ? ORDER BY fechaRegistro DESC, id DESC]
2026-03-27 10:37:02.173 DEBUG 10280 --- [nio-8089-exec-8] o.s.jdbc.datasource.DataSourceUtils      : Fetching JDBC Connection from DataSource
2026-03-27 10:37:02.182 DEBUG 10280 --- [nio-8089-exec-8] o.s.w.s.m.m.a.HttpEntityMethodProcessor  : Using 'application/json', given [application/json, text/plain, */*] and supported [application/json, application/*+json, application/json, application/*+json]
2026-03-27 10:37:02.184 DEBUG 10280 --- [nio-8089-exec-8] o.s.w.s.m.m.a.HttpEntityMethodProcessor  : Writing [com.example.TigoStarSystem.common.ApiResponse@6dbcbb1f]
2026-03-27 10:37:02.185 DEBUG 10280 --- [nio-8089-exec-8] o.s.web.servlet.DispatcherServlet        : Completed 200 OK
2026-03-27 10:37:02.585 DEBUG 10280 --- [nio-8089-exec-4] o.s.jdbc.core.StatementCreatorUtils      : JDBC getParameterType call failed - using fallback method instead: com.microsoft.sqlserver.jdbc.SQLServerException: El número de parámetro 4 no es válido.
2026-03-27 10:37:02.614 DEBUG 10280 --- [nio-8089-exec-5] o.s.jdbc.core.StatementCreatorUtils      : JDBC getParameterType call failed - using fallback method instead: com.microsoft.sqlserver.jdbc.SQLServerException: El número de parámetro 4 no es válido.
2026-03-27 10:37:02.847 DEBUG 10280 --- [nio-8089-exec-4] o.s.jdbc.datasource.DataSourceUtils      : Fetching JDBC Connection from DataSource
2026-03-27 10:37:02.849 DEBUG 10280 --- [nio-8089-exec-4] o.s.j.d.DriverManagerDataSource          : Creating new JDBC DriverManager Connection to [jdbc:sqlserver://tigo.makiro.com.bo;databaseName=BDSistemaAntenaUTecnico;encrypt=false;trustServerCertificate=true]
2026-03-27 10:37:02.868 DEBUG 10280 --- [nio-8089-exec-5] o.s.jdbc.datasource.DataSourceUtils      : Fetching JDBC Connection from DataSource
2026-03-27 10:37:02.869 DEBUG 10280 --- [nio-8089-exec-4] o.s.jdbc.core.JdbcTemplate               : Executing prepared SQL query
2026-03-27 10:37:02.869 DEBUG 10280 --- [nio-8089-exec-5] o.s.jdbc.core.JdbcTemplate               : Executing prepared SQL query
2026-03-27 10:37:02.870 DEBUG 10280 --- [nio-8089-exec-5] o.s.jdbc.core.JdbcTemplate               : Executing prepared SQL statement [EXEC dbo.spx_ObtenerConformacionCuadrillaBackOffice ?, ?, ?]
2026-03-27 10:37:02.869 DEBUG 10280 --- [nio-8089-exec-4] o.s.jdbc.core.JdbcTemplate               : Executing prepared SQL statement [EXEC dbo.spx_ObtenerConformacionCuadrillaBackOffice ?, ?, ?]
2026-03-27 10:37:02.871 DEBUG 10280 --- [nio-8089-exec-5] o.s.jdbc.datasource.DataSourceUtils      : Fetching JDBC Connection from DataSource
2026-03-27 10:37:02.871 DEBUG 10280 --- [nio-8089-exec-4] o.s.jdbc.datasource.DataSourceUtils      : Fetching JDBC Connection from DataSource
2026-03-27 10:37:02.872 DEBUG 10280 --- [nio-8089-exec-4] o.s.j.d.DriverManagerDataSource          : Creating new JDBC DriverManager Connection to [jdbc:sqlserver://tigo.makiro.com.bo;databaseName=BDSistemaAntenaUTecnico;encrypt=false;trustServerCertificate=true]
2026-03-27 10:37:02.887 DEBUG 10280 --- [nio-8089-exec-5] o.s.jdbc.core.JdbcTemplate               : Executing prepared SQL query
2026-03-27 10:37:02.889 DEBUG 10280 --- [nio-8089-exec-5] o.s.jdbc.core.JdbcTemplate               : Executing prepared SQL statement [EXEC dbo.spx_ObtenerConformacionCuadrillaBackOffice ?, ?, ?, ?]
2026-03-27 10:37:02.890 DEBUG 10280 --- [nio-8089-exec-5] o.s.jdbc.datasource.DataSourceUtils      : Fetching JDBC Connection from DataSource
2026-03-27 10:37:02.897 DEBUG 10280 --- [nio-8089-exec-4] o.s.jdbc.core.JdbcTemplate               : Executing prepared SQL query
2026-03-27 10:37:02.897 DEBUG 10280 --- [nio-8089-exec-4] o.s.jdbc.core.JdbcTemplate               : Executing prepared SQL statement [EXEC dbo.spx_ObtenerConformacionCuadrillaBackOffice ?, ?, ?, ?]
2026-03-27 10:37:02.898 DEBUG 10280 --- [nio-8089-exec-4] o.s.jdbc.datasource.DataSourceUtils      : Fetching JDBC Connection from DataSource
2026-03-27 10:37:02.899 DEBUG 10280 --- [nio-8089-exec-4] o.s.j.d.DriverManagerDataSource          : Creating new JDBC DriverManager Connection to [jdbc:sqlserver://tigo.makiro.com.bo;databaseName=BDSistemaAntenaUTecnico;encrypt=false;trustServerCertificate=true]
2026-03-27 10:37:02.926 DEBUG 10280 --- [nio-8089-exec-4] o.s.jdbc.core.StatementCreatorUtils      : JDBC getParameterType call failed - using fallback method instead: com.microsoft.sqlserver.jdbc.SQLServerException: El número de parámetro 4 no es válido.
2026-03-27 10:37:02.929 DEBUG 10280 --- [nio-8089-exec-4] o.s.jdbc.core.JdbcTemplate               : Executing prepared SQL query
2026-03-27 10:37:02.931 DEBUG 10280 --- [nio-8089-exec-4] o.s.jdbc.core.JdbcTemplate               : Executing prepared SQL statement [EXEC dbo.spx_ObtenerConformacionCuadrillaBackOffice ?, ?, ?]
2026-03-27 10:37:02.932 DEBUG 10280 --- [nio-8089-exec-4] o.s.jdbc.datasource.DataSourceUtils      : Fetching JDBC Connection from DataSource
2026-03-27 10:37:02.933 DEBUG 10280 --- [nio-8089-exec-4] o.s.j.d.DriverManagerDataSource          : Creating new JDBC DriverManager Connection to [jdbc:sqlserver://tigo.makiro.com.bo;databaseName=BDSistemaAntenaUTecnico;encrypt=false;trustServerCertificate=true]
2026-03-27 10:37:02.957 DEBUG 10280 --- [nio-8089-exec-4] o.s.jdbc.core.JdbcTemplate               : Executing prepared SQL query
2026-03-27 10:37:02.958 DEBUG 10280 --- [nio-8089-exec-4] o.s.jdbc.core.JdbcTemplate               : Executing prepared SQL statement [EXEC dbo.spx_ObtenerConformacionCuadrillaBackOffice ?, ?, ?, ?]
2026-03-27 10:37:02.958 DEBUG 10280 --- [nio-8089-exec-4] o.s.jdbc.datasource.DataSourceUtils      : Fetching JDBC Connection from DataSource
2026-03-27 10:37:02.968 DEBUG 10280 --- [nio-8089-exec-4] o.s.jdbc.core.StatementCreatorUtils      : JDBC getParameterType call failed - using fallback method instead: com.microsoft.sqlserver.jdbc.SQLServerException: El número de parámetro 4 no es válido.
2026-03-27 10:37:02.971 DEBUG 10280 --- [nio-8089-exec-4] o.s.jdbc.core.JdbcTemplate               : Executing prepared SQL query
2026-03-27 10:37:02.971 DEBUG 10280 --- [nio-8089-exec-4] o.s.jdbc.core.JdbcTemplate               : Executing prepared SQL statement [EXEC dbo.spx_ObtenerConformacionCuadrillaBackOffice ?, ?, ?]
2026-03-27 10:37:02.972 DEBUG 10280 --- [nio-8089-exec-4] o.s.jdbc.datasource.DataSourceUtils      : Fetching JDBC Connection from DataSource
2026-03-27 10:37:02.978 DEBUG 10280 --- [nio-8089-exec-4] o.s.jdbc.core.JdbcTemplate               : Executing prepared SQL query
2026-03-27 10:37:02.979 DEBUG 10280 --- [nio-8089-exec-4] o.s.jdbc.core.JdbcTemplate               : Executing prepared SQL statement [EXEC dbo.spx_ObtenerConformacionCuadrillaBackOffice ?, ?, ?, ?]
2026-03-27 10:37:02.979 DEBUG 10280 --- [nio-8089-exec-4] o.s.jdbc.datasource.DataSourceUtils      : Fetching JDBC Connection from DataSource
2026-03-27 10:37:02.989 DEBUG 10280 --- [nio-8089-exec-4] o.s.jdbc.core.StatementCreatorUtils      : JDBC getParameterType call failed - using fallback method instead: com.microsoft.sqlserver.jdbc.SQLServerException: El número de parámetro 4 no es válido.
2026-03-27 10:37:02.991 DEBUG 10280 --- [nio-8089-exec-4] o.s.jdbc.core.JdbcTemplate               : Executing prepared SQL query
2026-03-27 10:37:02.993 DEBUG 10280 --- [nio-8089-exec-4] o.s.jdbc.core.JdbcTemplate               : Executing prepared SQL statement [EXEC dbo.spx_ObtenerConformacionCuadrillaBackOffice ?, ?, ?]
2026-03-27 10:37:02.994 DEBUG 10280 --- [nio-8089-exec-4] o.s.jdbc.datasource.DataSourceUtils      : Fetching JDBC Connection from DataSource
2026-03-27 10:37:03.000 DEBUG 10280 --- [nio-8089-exec-4] o.s.jdbc.core.JdbcTemplate               : Executing prepared SQL query
2026-03-27 10:37:03.001 DEBUG 10280 --- [nio-8089-exec-4] o.s.jdbc.core.JdbcTemplate               : Executing prepared SQL statement [EXEC dbo.spx_ObtenerConformacionCuadrillaBackOffice ?, ?, ?, ?]
2026-03-27 10:37:03.002 DEBUG 10280 --- [nio-8089-exec-4] o.s.jdbc.datasource.DataSourceUtils      : Fetching JDBC Connection from DataSource
2026-03-27 10:37:03.029 DEBUG 10280 --- [onnection adder] com.zaxxer.hikari.pool.HikariPool        : CentralHikariPool - Added connection ConnectionID:45 ClientConnectionId: 7ba8864f-fa6d-45cc-8a3a-86c6dbe303df
2026-03-27 10:37:03.513 DEBUG 10280 --- [nio-8089-exec-4] o.s.jdbc.core.StatementCreatorUtils      : JDBC getParameterType call failed - using fallback method instead: com.microsoft.sqlserver.jdbc.SQLServerException: El número de parámetro 4 no es válido.
2026-03-27 10:37:03.519 DEBUG 10280 --- [nio-8089-exec-5] o.s.jdbc.core.StatementCreatorUtils      : JDBC getParameterType call failed - using fallback method instead: com.microsoft.sqlserver.jdbc.SQLServerException: El número de parámetro 4 no es válido.
2026-03-27 10:37:03.536 DEBUG 10280 --- [nio-8089-exec-4] o.s.jdbc.datasource.DataSourceUtils      : Fetching JDBC Connection from DataSource
2026-03-27 10:37:03.537 DEBUG 10280 --- [nio-8089-exec-5] o.s.jdbc.core.JdbcTemplate               : Executing prepared SQL query
2026-03-27 10:37:03.537 DEBUG 10280 --- [nio-8089-exec-4] o.s.jdbc.core.JdbcTemplate               : Executing prepared SQL query
2026-03-27 10:37:03.538 DEBUG 10280 --- [nio-8089-exec-4] o.s.jdbc.core.JdbcTemplate               : Executing prepared SQL statement [EXEC dbo.spx_ObtenerConformacionCuadrillaBackOffice ?, ?, ?]
2026-03-27 10:37:03.539 DEBUG 10280 --- [nio-8089-exec-4] o.s.jdbc.datasource.DataSourceUtils      : Fetching JDBC Connection from DataSource
2026-03-27 10:37:03.538 DEBUG 10280 --- [nio-8089-exec-5] o.s.jdbc.core.JdbcTemplate               : Executing prepared SQL statement [EXEC dbo.spx_ObtenerConformacionCuadrillaBackOffice ?, ?, ?]
2026-03-27 10:37:03.540 DEBUG 10280 --- [nio-8089-exec-5] o.s.jdbc.datasource.DataSourceUtils      : Fetching JDBC Connection from DataSource
2026-03-27 10:37:03.550 DEBUG 10280 --- [nio-8089-exec-4] o.s.jdbc.core.JdbcTemplate               : Executing prepared SQL query
2026-03-27 10:37:03.551 DEBUG 10280 --- [nio-8089-exec-4] o.s.jdbc.core.JdbcTemplate               : Executing prepared SQL statement [EXEC dbo.spx_ObtenerConformacionCuadrillaBackOffice ?, ?, ?, ?]
2026-03-27 10:37:03.551 DEBUG 10280 --- [nio-8089-exec-4] o.s.jdbc.datasource.DataSourceUtils      : Fetching JDBC Connection from DataSource
2026-03-27 10:37:03.555 DEBUG 10280 --- [nio-8089-exec-5] o.s.w.s.m.m.a.HttpEntityMethodProcessor  : Using 'application/json', given [application/json, text/plain, */*] and supported [application/json, application/*+json, application/json, application/*+json]
2026-03-27 10:37:03.556 DEBUG 10280 --- [nio-8089-exec-5] o.s.w.s.m.m.a.HttpEntityMethodProcessor  : Writing [com.example.TigoStarSystem.common.ApiResponse@383ca816]
2026-03-27 10:37:03.557 DEBUG 10280 --- [nio-8089-exec-5] o.s.web.servlet.DispatcherServlet        : Completed 200 OK
2026-03-27 10:37:03.559 DEBUG 10280 --- [nio-8089-exec-2] o.s.web.servlet.DispatcherServlet        : GET "/supervisor/conformacion-cuadrilla/confirmadas?fecha=2026-03-27&limit=200&limite=200", parameters={masked}
2026-03-27 10:37:03.560 DEBUG 10280 --- [nio-8089-exec-2] s.w.s.m.m.a.RequestMappingHandlerMapping : Mapped to com.example.TigoStarSystem.supervisor.controller.ConformacionCuadrillaController#listarConfirmadas(LocalDate, String, String, Integer)
2026-03-27 10:37:03.562 DEBUG 10280 --- [nio-8089-exec-2] o.s.jdbc.core.JdbcTemplate               : Executing prepared SQL query
2026-03-27 10:37:03.562 DEBUG 10280 --- [nio-8089-exec-4] o.s.jdbc.core.StatementCreatorUtils      : JDBC getParameterType call failed - using fallback method instead: com.microsoft.sqlserver.jdbc.SQLServerException: El número de parámetro 4 no es válido.
2026-03-27 10:37:03.563 DEBUG 10280 --- [nio-8089-exec-2] o.s.jdbc.core.JdbcTemplate               : Executing prepared SQL statement [EXEC dbo.spx_ObtenerConformacionCuadrillaBackOffice ?, ?, ?, ?]
2026-03-27 10:37:03.564 DEBUG 10280 --- [nio-8089-exec-2] o.s.jdbc.datasource.DataSourceUtils      : Fetching JDBC Connection from DataSource
2026-03-27 10:37:03.565 DEBUG 10280 --- [nio-8089-exec-4] o.s.jdbc.core.JdbcTemplate               : Executing prepared SQL query
2026-03-27 10:37:03.566 DEBUG 10280 --- [nio-8089-exec-4] o.s.jdbc.core.JdbcTemplate               : Executing prepared SQL statement [EXEC dbo.spx_ObtenerConformacionCuadrillaBackOffice ?, ?, ?]
2026-03-27 10:37:03.567 DEBUG 10280 --- [nio-8089-exec-4] o.s.jdbc.datasource.DataSourceUtils      : Fetching JDBC Connection from DataSource
2026-03-27 10:37:03.576 DEBUG 10280 --- [nio-8089-exec-4] o.s.w.s.m.m.a.HttpEntityMethodProcessor  : Using 'application/json', given [application/json, text/plain, */*] and supported [application/json, application/*+json, application/json, application/*+json]
2026-03-27 10:37:03.578 DEBUG 10280 --- [nio-8089-exec-4] o.s.w.s.m.m.a.HttpEntityMethodProcessor  : Writing [com.example.TigoStarSystem.common.ApiResponse@791d1721]
2026-03-27 10:37:03.579 DEBUG 10280 --- [nio-8089-exec-4] o.s.web.servlet.DispatcherServlet        : Completed 200 OK
2026-03-27 10:37:03.581 DEBUG 10280 --- [nio-8089-exec-1] o.s.web.servlet.DispatcherServlet        : GET "/supervisor/conformacion-cuadrilla/confirmadas?fecha=2026-03-27&sucursal=Santa_Cruz&limit=200&limite=200", parameters={masked}
2026-03-27 10:37:03.581 DEBUG 10280 --- [nio-8089-exec-1] s.w.s.m.m.a.RequestMappingHandlerMapping : Mapped to com.example.TigoStarSystem.supervisor.controller.ConformacionCuadrillaController#listarConfirmadas(LocalDate, String, String, Integer)
2026-03-27 10:37:03.583 DEBUG 10280 --- [nio-8089-exec-1] o.s.jdbc.core.JdbcTemplate               : Executing SQL query [EXEC dbo.spx_ObtenerSucursalesConexion]
2026-03-27 10:37:03.583 DEBUG 10280 --- [nio-8089-exec-1] o.s.jdbc.datasource.DataSourceUtils      : Fetching JDBC Connection from DataSource
2026-03-27 10:37:03.584 DEBUG 10280 --- [nio-8089-exec-2] o.s.jdbc.core.StatementCreatorUtils      : JDBC getParameterType call failed - using fallback method instead: com.microsoft.sqlserver.jdbc.SQLServerException: El número de parámetro 4 no es válido.
2026-03-27 10:37:03.588 DEBUG 10280 --- [nio-8089-exec-1] o.s.jdbc.core.JdbcTemplate               : Executing SQL query [EXEC dbo.spx_ObtenerSucursalesConexion]
2026-03-27 10:37:03.588 DEBUG 10280 --- [nio-8089-exec-2] o.s.jdbc.core.JdbcTemplate               : Executing prepared SQL query
2026-03-27 10:37:03.588 DEBUG 10280 --- [nio-8089-exec-1] o.s.jdbc.datasource.DataSourceUtils      : Fetching JDBC Connection from DataSource
2026-03-27 10:37:03.589 DEBUG 10280 --- [nio-8089-exec-2] o.s.jdbc.core.JdbcTemplate               : Executing prepared SQL statement [EXEC dbo.spx_ObtenerConformacionCuadrillaBackOffice ?, ?, ?]
2026-03-27 10:37:03.590 DEBUG 10280 --- [nio-8089-exec-2] o.s.jdbc.datasource.DataSourceUtils      : Fetching JDBC Connection from DataSource
2026-03-27 10:37:03.592 DEBUG 10280 --- [nio-8089-exec-1] o.s.j.d.DriverManagerDataSource          : Loaded JDBC driver: com.microsoft.sqlserver.jdbc.SQLServerDriver
2026-03-27 10:37:03.593 DEBUG 10280 --- [nio-8089-exec-1] o.s.jdbc.core.JdbcTemplate               : Executing prepared SQL query
2026-03-27 10:37:03.593 DEBUG 10280 --- [nio-8089-exec-1] o.s.jdbc.core.JdbcTemplate               : Executing prepared SQL statement [EXEC dbo.spx_ObtenerConformacionCuadrillaBackOffice ?, ?, ?, ?]
2026-03-27 10:37:03.594 DEBUG 10280 --- [nio-8089-exec-1] o.s.jdbc.datasource.DataSourceUtils      : Fetching JDBC Connection from DataSource
2026-03-27 10:37:03.595 DEBUG 10280 --- [nio-8089-exec-1] o.s.j.d.DriverManagerDataSource          : Creating new JDBC DriverManager Connection to [jdbc:sqlserver://tigo.makiro.com.bo;databaseName=BDSistemaAntenaUTecnico;encrypt=false;trustServerCertificate=true]
2026-03-27 10:37:03.605 DEBUG 10280 --- [nio-8089-exec-2] o.s.jdbc.core.JdbcTemplate               : Executing prepared SQL query
2026-03-27 10:37:03.605 DEBUG 10280 --- [nio-8089-exec-2] o.s.jdbc.core.JdbcTemplate               : Executing prepared SQL statement [EXEC dbo.spx_ObtenerConformacionCuadrillaBackOffice ?, ?, ?, ?]
2026-03-27 10:37:03.606 DEBUG 10280 --- [nio-8089-exec-2] o.s.jdbc.datasource.DataSourceUtils      : Fetching JDBC Connection from DataSource
2026-03-27 10:37:03.633 DEBUG 10280 --- [nio-8089-exec-2] o.s.jdbc.core.StatementCreatorUtils      : JDBC getParameterType call failed - using fallback method instead: com.microsoft.sqlserver.jdbc.SQLServerException: El número de parámetro 4 no es válido.
2026-03-27 10:37:03.639 DEBUG 10280 --- [nio-8089-exec-1] o.s.jdbc.core.StatementCreatorUtils      : JDBC getParameterType call failed - using fallback method instead: com.microsoft.sqlserver.jdbc.SQLServerException: El número de parámetro 4 no es válido.
2026-03-27 10:37:03.645 DEBUG 10280 --- [nio-8089-exec-2] o.s.jdbc.core.JdbcTemplate               : Executing prepared SQL query
2026-03-27 10:37:03.645 DEBUG 10280 --- [nio-8089-exec-1] o.s.jdbc.datasource.DataSourceUtils      : Fetching JDBC Connection from DataSource
2026-03-27 10:37:03.645 DEBUG 10280 --- [nio-8089-exec-2] o.s.jdbc.core.JdbcTemplate               : Executing prepared SQL statement [EXEC dbo.spx_ObtenerConformacionCuadrillaBackOffice ?, ?, ?]
2026-03-27 10:37:03.646 DEBUG 10280 --- [nio-8089-exec-1] o.s.j.d.DriverManagerDataSource          : Creating new JDBC DriverManager Connection to [jdbc:sqlserver://tigo.makiro.com.bo;databaseName=BDSistemaAntenaUTecnico;encrypt=false;trustServerCertificate=true]
2026-03-27 10:37:03.646 DEBUG 10280 --- [nio-8089-exec-2] o.s.jdbc.datasource.DataSourceUtils      : Fetching JDBC Connection from DataSource
2026-03-27 10:37:03.675 DEBUG 10280 --- [nio-8089-exec-2] o.s.w.s.m.m.a.HttpEntityMethodProcessor  : Using 'application/json', given [application/json, text/plain, */*] and supported [application/json, application/*+json, application/json, application/*+json]
2026-03-27 10:37:03.676 DEBUG 10280 --- [nio-8089-exec-2] o.s.w.s.m.m.a.HttpEntityMethodProcessor  : Writing [com.example.TigoStarSystem.common.ApiResponse@465b580f]
2026-03-27 10:37:03.677 DEBUG 10280 --- [nio-8089-exec-2] o.s.web.servlet.DispatcherServlet        : Completed 200 OK
2026-03-27 10:37:03.678 DEBUG 10280 --- [nio-8089-exec-6] o.s.web.servlet.DispatcherServlet        : GET "/supervisor/conformacion-cuadrilla/confirmadas?fecha=2026-03-27&limit=200&limite=200", parameters={masked}
2026-03-27 10:37:03.679 DEBUG 10280 --- [nio-8089-exec-6] s.w.s.m.m.a.RequestMappingHandlerMapping : Mapped to com.example.TigoStarSystem.supervisor.controller.ConformacionCuadrillaController#listarConfirmadas(LocalDate, String, String, Integer)
2026-03-27 10:37:03.680 DEBUG 10280 --- [nio-8089-exec-6] o.s.jdbc.core.JdbcTemplate               : Executing prepared SQL query
2026-03-27 10:37:03.680 DEBUG 10280 --- [nio-8089-exec-6] o.s.jdbc.core.JdbcTemplate               : Executing prepared SQL statement [EXEC dbo.spx_ObtenerConformacionCuadrillaBackOffice ?, ?, ?, ?]
2026-03-27 10:37:03.681 DEBUG 10280 --- [nio-8089-exec-6] o.s.jdbc.datasource.DataSourceUtils      : Fetching JDBC Connection from DataSource
2026-03-27 10:37:03.754 DEBUG 10280 --- [nio-8089-exec-1] o.s.jdbc.core.JdbcTemplate               : Executing prepared SQL query
2026-03-27 10:37:03.754 DEBUG 10280 --- [nio-8089-exec-1] o.s.jdbc.core.JdbcTemplate               : Executing prepared SQL statement [EXEC dbo.spx_ObtenerConformacionCuadrillaBackOffice ?, ?, ?]
2026-03-27 10:37:03.755 DEBUG 10280 --- [nio-8089-exec-1] o.s.jdbc.datasource.DataSourceUtils      : Fetching JDBC Connection from DataSource
2026-03-27 10:37:03.755 DEBUG 10280 --- [nio-8089-exec-1] o.s.j.d.DriverManagerDataSource          : Creating new JDBC DriverManager Connection to [jdbc:sqlserver://tigo.makiro.com.bo;databaseName=BDSistemaAntenaUTecnico;encrypt=false;trustServerCertificate=true]
2026-03-27 10:37:03.774 DEBUG 10280 --- [nio-8089-exec-6] o.s.jdbc.core.StatementCreatorUtils      : JDBC getParameterType call failed - using fallback method instead: com.microsoft.sqlserver.jdbc.SQLServerException: El número de parámetro 4 no es válido.
2026-03-27 10:37:03.820 DEBUG 10280 --- [nio-8089-exec-6] o.s.jdbc.core.JdbcTemplate               : Executing prepared SQL query
2026-03-27 10:37:03.820 DEBUG 10280 --- [nio-8089-exec-6] o.s.jdbc.core.JdbcTemplate               : Executing prepared SQL statement [EXEC dbo.spx_ObtenerConformacionCuadrillaBackOffice ?, ?, ?]
2026-03-27 10:37:03.821 DEBUG 10280 --- [nio-8089-exec-6] o.s.jdbc.datasource.DataSourceUtils      : Fetching JDBC Connection from DataSource
2026-03-27 10:37:03.874 DEBUG 10280 --- [nio-8089-exec-6] o.s.jdbc.core.JdbcTemplate               : Executing prepared SQL query
2026-03-27 10:37:03.874 DEBUG 10280 --- [nio-8089-exec-6] o.s.jdbc.core.JdbcTemplate               : Executing prepared SQL statement [EXEC dbo.spx_ObtenerConformacionCuadrillaBackOffice ?, ?, ?, ?]
2026-03-27 10:37:03.876 DEBUG 10280 --- [nio-8089-exec-6] o.s.jdbc.datasource.DataSourceUtils      : Fetching JDBC Connection from DataSource
2026-03-27 10:37:03.882 DEBUG 10280 --- [nio-8089-exec-1] o.s.jdbc.core.JdbcTemplate               : Executing prepared SQL query
2026-03-27 10:37:03.884 DEBUG 10280 --- [nio-8089-exec-1] o.s.jdbc.core.JdbcTemplate               : Executing prepared SQL statement [EXEC dbo.spx_ObtenerConformacionCuadrillaBackOffice ?, ?, ?, ?]
2026-03-27 10:37:03.884 DEBUG 10280 --- [nio-8089-exec-1] o.s.jdbc.datasource.DataSourceUtils      : Fetching JDBC Connection from DataSource
2026-03-27 10:37:03.885 DEBUG 10280 --- [nio-8089-exec-1] o.s.j.d.DriverManagerDataSource          : Creating new JDBC DriverManager Connection to [jdbc:sqlserver://tigo.makiro.com.bo;databaseName=BDSistemaAntenaUTecnico;encrypt=false;trustServerCertificate=true]
2026-03-27 10:37:03.891 DEBUG 10280 --- [nio-8089-exec-6] o.s.jdbc.core.StatementCreatorUtils      : JDBC getParameterType call failed - using fallback method instead: com.microsoft.sqlserver.jdbc.SQLServerException: El número de parámetro 4 no es válido.
2026-03-27 10:37:03.895 DEBUG 10280 --- [nio-8089-exec-6] o.s.jdbc.core.JdbcTemplate               : Executing prepared SQL query
2026-03-27 10:37:03.896 DEBUG 10280 --- [nio-8089-exec-6] o.s.jdbc.core.JdbcTemplate               : Executing prepared SQL statement [EXEC dbo.spx_ObtenerConformacionCuadrillaBackOffice ?, ?, ?]
2026-03-27 10:37:03.896 DEBUG 10280 --- [nio-8089-exec-6] o.s.jdbc.datasource.DataSourceUtils      : Fetching JDBC Connection from DataSource
2026-03-27 10:37:03.908 DEBUG 10280 --- [nio-8089-exec-6] o.s.w.s.m.m.a.HttpEntityMethodProcessor  : Using 'application/json', given [application/json, text/plain, */*] and supported [application/json, application/*+json, application/json, application/*+json]
2026-03-27 10:37:03.910 DEBUG 10280 --- [nio-8089-exec-6] o.s.w.s.m.m.a.HttpEntityMethodProcessor  : Writing [com.example.TigoStarSystem.common.ApiResponse@44d1098d]
2026-03-27 10:37:03.911 DEBUG 10280 --- [nio-8089-exec-6] o.s.web.servlet.DispatcherServlet        : Completed 200 OK
2026-03-27 10:37:03.912 DEBUG 10280 --- [nio-8089-exec-1] o.s.jdbc.core.StatementCreatorUtils      : JDBC getParameterType call failed - using fallback method instead: com.microsoft.sqlserver.jdbc.SQLServerException: El número de parámetro 4 no es válido.
2026-03-27 10:37:03.915 DEBUG 10280 --- [nio-8089-exec-1] o.s.jdbc.core.JdbcTemplate               : Executing prepared SQL query
2026-03-27 10:37:03.915 DEBUG 10280 --- [nio-8089-exec-1] o.s.jdbc.core.JdbcTemplate               : Executing prepared SQL statement [EXEC dbo.spx_ObtenerConformacionCuadrillaBackOffice ?, ?, ?]
2026-03-27 10:37:03.916 DEBUG 10280 --- [nio-8089-exec-1] o.s.jdbc.datasource.DataSourceUtils      : Fetching JDBC Connection from DataSource
2026-03-27 10:37:03.916 DEBUG 10280 --- [nio-8089-exec-1] o.s.j.d.DriverManagerDataSource          : Creating new JDBC DriverManager Connection to [jdbc:sqlserver://tigo.makiro.com.bo;databaseName=BDSistemaAntenaUTecnico;encrypt=false;trustServerCertificate=true]
2026-03-27 10:37:03.941 DEBUG 10280 --- [nio-8089-exec-1] o.s.jdbc.core.JdbcTemplate               : Executing prepared SQL query
2026-03-27 10:37:03.941 DEBUG 10280 --- [nio-8089-exec-1] o.s.jdbc.core.JdbcTemplate               : Executing prepared SQL statement [EXEC dbo.spx_ObtenerConformacionCuadrillaBackOffice ?, ?, ?, ?]
2026-03-27 10:37:03.942 DEBUG 10280 --- [nio-8089-exec-1] o.s.jdbc.datasource.DataSourceUtils      : Fetching JDBC Connection from DataSource
2026-03-27 10:37:03.951 DEBUG 10280 --- [nio-8089-exec-1] o.s.jdbc.core.StatementCreatorUtils      : JDBC getParameterType call failed - using fallback method instead: com.microsoft.sqlserver.jdbc.SQLServerException: El número de parámetro 4 no es válido.
2026-03-27 10:37:03.969 DEBUG 10280 --- [nio-8089-exec-1] o.s.jdbc.core.JdbcTemplate               : Executing prepared SQL query
2026-03-27 10:37:03.970 DEBUG 10280 --- [nio-8089-exec-1] o.s.jdbc.core.JdbcTemplate               : Executing prepared SQL statement [EXEC dbo.spx_ObtenerConformacionCuadrillaBackOffice ?, ?, ?]
2026-03-27 10:37:03.970 DEBUG 10280 --- [nio-8089-exec-1] o.s.jdbc.datasource.DataSourceUtils      : Fetching JDBC Connection from DataSource
2026-03-27 10:37:03.977 DEBUG 10280 --- [nio-8089-exec-1] o.s.jdbc.core.JdbcTemplate               : Executing prepared SQL query
2026-03-27 10:37:03.977 DEBUG 10280 --- [nio-8089-exec-1] o.s.jdbc.core.JdbcTemplate               : Executing prepared SQL statement [EXEC dbo.spx_ObtenerConformacionCuadrillaBackOffice ?, ?, ?, ?]
2026-03-27 10:37:03.978 DEBUG 10280 --- [nio-8089-exec-1] o.s.jdbc.datasource.DataSourceUtils      : Fetching JDBC Connection from DataSource
2026-03-27 10:37:03.989 DEBUG 10280 --- [nio-8089-exec-1] o.s.jdbc.core.StatementCreatorUtils      : JDBC getParameterType call failed - using fallback method instead: com.microsoft.sqlserver.jdbc.SQLServerException: El número de parámetro 4 no es válido.
2026-03-27 10:37:03.992 DEBUG 10280 --- [nio-8089-exec-1] o.s.jdbc.core.JdbcTemplate               : Executing prepared SQL query
2026-03-27 10:37:03.992 DEBUG 10280 --- [nio-8089-exec-1] o.s.jdbc.core.JdbcTemplate               : Executing prepared SQL statement [EXEC dbo.spx_ObtenerConformacionCuadrillaBackOffice ?, ?, ?]
2026-03-27 10:37:03.993 DEBUG 10280 --- [nio-8089-exec-1] o.s.jdbc.datasource.DataSourceUtils      : Fetching JDBC Connection from DataSource
2026-03-27 10:37:03.999 DEBUG 10280 --- [nio-8089-exec-1] o.s.jdbc.core.JdbcTemplate               : Executing prepared SQL query
2026-03-27 10:37:04.000 DEBUG 10280 --- [nio-8089-exec-1] o.s.jdbc.core.JdbcTemplate               : Executing prepared SQL statement [EXEC dbo.spx_ObtenerConformacionCuadrillaBackOffice ?, ?, ?, ?]
2026-03-27 10:37:04.001 DEBUG 10280 --- [nio-8089-exec-1] o.s.jdbc.datasource.DataSourceUtils      : Fetching JDBC Connection from DataSource
2026-03-27 10:37:04.020 DEBUG 10280 --- [nio-8089-exec-1] o.s.jdbc.core.StatementCreatorUtils      : JDBC getParameterType call failed - using fallback method instead: com.microsoft.sqlserver.jdbc.SQLServerException: El número de parámetro 4 no es válido.
2026-03-27 10:37:04.022 DEBUG 10280 --- [nio-8089-exec-1] o.s.jdbc.core.JdbcTemplate               : Executing prepared SQL query
2026-03-27 10:37:04.023 DEBUG 10280 --- [nio-8089-exec-1] o.s.jdbc.core.JdbcTemplate               : Executing prepared SQL statement [EXEC dbo.spx_ObtenerConformacionCuadrillaBackOffice ?, ?, ?]
2026-03-27 10:37:04.023 DEBUG 10280 --- [nio-8089-exec-1] o.s.jdbc.datasource.DataSourceUtils      : Fetching JDBC Connection from DataSource
2026-03-27 10:37:04.036 DEBUG 10280 --- [nio-8089-exec-1] o.s.jdbc.core.JdbcTemplate               : Executing prepared SQL query
2026-03-27 10:37:04.036 DEBUG 10280 --- [nio-8089-exec-1] o.s.jdbc.core.JdbcTemplate               : Executing prepared SQL statement [EXEC dbo.spx_ObtenerConformacionCuadrillaBackOffice ?, ?, ?, ?]
2026-03-27 10:37:04.037 DEBUG 10280 --- [nio-8089-exec-1] o.s.jdbc.datasource.DataSourceUtils      : Fetching JDBC Connection from DataSource
2026-03-27 10:37:04.053 DEBUG 10280 --- [nio-8089-exec-1] o.s.jdbc.core.StatementCreatorUtils      : JDBC getParameterType call failed - using fallback method instead: com.microsoft.sqlserver.jdbc.SQLServerException: El número de parámetro 4 no es válido.
2026-03-27 10:37:04.056 DEBUG 10280 --- [nio-8089-exec-1] o.s.jdbc.core.JdbcTemplate               : Executing prepared SQL query
2026-03-27 10:37:04.057 DEBUG 10280 --- [nio-8089-exec-1] o.s.jdbc.core.JdbcTemplate               : Executing prepared SQL statement [EXEC dbo.spx_ObtenerConformacionCuadrillaBackOffice ?, ?, ?]
2026-03-27 10:37:04.057 DEBUG 10280 --- [nio-8089-exec-1] o.s.jdbc.datasource.DataSourceUtils      : Fetching JDBC Connection from DataSource
2026-03-27 10:37:04.067 DEBUG 10280 --- [nio-8089-exec-1] o.s.w.s.m.m.a.HttpEntityMethodProcessor  : Using 'application/json', given [application/json, text/plain, */*] and supported [application/json, application/*+json, application/json, application/*+json]
2026-03-27 10:37:04.068 DEBUG 10280 --- [nio-8089-exec-1] o.s.w.s.m.m.a.HttpEntityMethodProcessor  : Writing [com.example.TigoStarSystem.common.ApiResponse@31953aec]
2026-03-27 10:37:04.068 DEBUG 10280 --- [nio-8089-exec-1] o.s.web.servlet.DispatcherServlet        : Completed 200 OK
2026-03-27 10:37:04.070 DEBUG 10280 --- [nio-8089-exec-1] o.s.web.servlet.DispatcherServlet        : GET "/supervisor/conformacion-cuadrilla/confirmadas?fecha=2026-03-27&sucursal=Santa_Cruz&limit=200&limite=200", parameters={masked}
2026-03-27 10:37:04.070 DEBUG 10280 --- [nio-8089-exec-1] s.w.s.m.m.a.RequestMappingHandlerMapping : Mapped to com.example.TigoStarSystem.supervisor.controller.ConformacionCuadrillaController#listarConfirmadas(LocalDate, String, String, Integer)
2026-03-27 10:37:04.072 DEBUG 10280 --- [nio-8089-exec-1] o.s.jdbc.core.JdbcTemplate               : Executing SQL query [EXEC dbo.spx_ObtenerSucursalesConexion]
2026-03-27 10:37:04.073 DEBUG 10280 --- [nio-8089-exec-1] o.s.jdbc.datasource.DataSourceUtils      : Fetching JDBC Connection from DataSource
2026-03-27 10:37:04.076 DEBUG 10280 --- [nio-8089-exec-1] o.s.jdbc.core.JdbcTemplate               : Executing SQL query [EXEC dbo.spx_ObtenerSucursalesConexion]
2026-03-27 10:37:04.077 DEBUG 10280 --- [nio-8089-exec-1] o.s.jdbc.datasource.DataSourceUtils      : Fetching JDBC Connection from DataSource
2026-03-27 10:37:04.085 DEBUG 10280 --- [nio-8089-exec-1] o.s.j.d.DriverManagerDataSource          : Loaded JDBC driver: com.microsoft.sqlserver.jdbc.SQLServerDriver
2026-03-27 10:37:04.086 DEBUG 10280 --- [nio-8089-exec-1] o.s.jdbc.core.JdbcTemplate               : Executing prepared SQL query
2026-03-27 10:37:04.086 DEBUG 10280 --- [nio-8089-exec-1] o.s.jdbc.core.JdbcTemplate               : Executing prepared SQL statement [EXEC dbo.spx_ObtenerConformacionCuadrillaBackOffice ?, ?, ?, ?]
2026-03-27 10:37:04.087 DEBUG 10280 --- [nio-8089-exec-1] o.s.jdbc.datasource.DataSourceUtils      : Fetching JDBC Connection from DataSource
2026-03-27 10:37:04.087 DEBUG 10280 --- [nio-8089-exec-1] o.s.j.d.DriverManagerDataSource          : Creating new JDBC DriverManager Connection to [jdbc:sqlserver://tigo.makiro.com.bo;databaseName=BDSistemaAntenaUTecnico;encrypt=false;trustServerCertificate=true]
2026-03-27 10:37:04.171 DEBUG 10280 --- [nio-8089-exec-1] o.s.jdbc.core.StatementCreatorUtils      : JDBC getParameterType call failed - using fallback method instead: com.microsoft.sqlserver.jdbc.SQLServerException: El número de parámetro 4 no es válido.
2026-03-27 10:37:04.205 DEBUG 10280 --- [nio-8089-exec-1] o.s.jdbc.datasource.DataSourceUtils      : Fetching JDBC Connection from DataSource
2026-03-27 10:37:04.207 DEBUG 10280 --- [nio-8089-exec-1] o.s.j.d.DriverManagerDataSource          : Creating new JDBC DriverManager Connection to [jdbc:sqlserver://tigo.makiro.com.bo;databaseName=BDSistemaAntenaUTecnico;encrypt=false;trustServerCertificate=true]
2026-03-27 10:37:04.381 DEBUG 10280 --- [nio-8089-exec-1] o.s.jdbc.core.JdbcTemplate               : Executing prepared SQL query
2026-03-27 10:37:04.398 DEBUG 10280 --- [nio-8089-exec-1] o.s.jdbc.core.JdbcTemplate               : Executing prepared SQL statement [EXEC dbo.spx_ObtenerConformacionCuadrillaBackOffice ?, ?, ?]
2026-03-27 10:37:04.448 DEBUG 10280 --- [nio-8089-exec-1] o.s.jdbc.datasource.DataSourceUtils      : Fetching JDBC Connection from DataSource
2026-03-27 10:37:04.449 DEBUG 10280 --- [nio-8089-exec-1] o.s.j.d.DriverManagerDataSource          : Creating new JDBC DriverManager Connection to [jdbc:sqlserver://tigo.makiro.com.bo;databaseName=BDSistemaAntenaUTecnico;encrypt=false;trustServerCertificate=true]
2026-03-27 10:37:04.536 DEBUG 10280 --- [nio-8089-exec-1] o.s.jdbc.core.JdbcTemplate               : Executing prepared SQL query
2026-03-27 10:37:04.599 DEBUG 10280 --- [nio-8089-exec-1] o.s.jdbc.core.JdbcTemplate               : Executing prepared SQL statement [EXEC dbo.spx_ObtenerConformacionCuadrillaBackOffice ?, ?, ?, ?]
2026-03-27 10:37:04.638 DEBUG 10280 --- [nio-8089-exec-1] o.s.jdbc.datasource.DataSourceUtils      : Fetching JDBC Connection from DataSource
2026-03-27 10:37:04.638 DEBUG 10280 --- [nio-8089-exec-1] o.s.j.d.DriverManagerDataSource          : Creating new JDBC DriverManager Connection to [jdbc:sqlserver://tigo.makiro.com.bo;databaseName=BDSistemaAntenaUTecnico;encrypt=false;trustServerCertificate=true]
2026-03-27 10:37:04.665 DEBUG 10280 --- [nio-8089-exec-1] o.s.jdbc.core.StatementCreatorUtils      : JDBC getParameterType call failed - using fallback method instead: com.microsoft.sqlserver.jdbc.SQLServerException: El número de parámetro 4 no es válido.
2026-03-27 10:37:04.668 DEBUG 10280 --- [nio-8089-exec-1] o.s.jdbc.core.JdbcTemplate               : Executing prepared SQL query
2026-03-27 10:37:04.668 DEBUG 10280 --- [nio-8089-exec-1] o.s.jdbc.core.JdbcTemplate               : Executing prepared SQL statement [EXEC dbo.spx_ObtenerConformacionCuadrillaBackOffice ?, ?, ?]
2026-03-27 10:37:04.669 DEBUG 10280 --- [nio-8089-exec-1] o.s.jdbc.datasource.DataSourceUtils      : Fetching JDBC Connection from DataSource
2026-03-27 10:37:04.670 DEBUG 10280 --- [nio-8089-exec-1] o.s.j.d.DriverManagerDataSource          : Creating new JDBC DriverManager Connection to [jdbc:sqlserver://tigo.makiro.com.bo;databaseName=BDSistemaAntenaUTecnico;encrypt=false;trustServerCertificate=true]
2026-03-27 10:37:04.693 DEBUG 10280 --- [nio-8089-exec-1] o.s.jdbc.core.JdbcTemplate               : Executing prepared SQL query
2026-03-27 10:37:04.695 DEBUG 10280 --- [nio-8089-exec-1] o.s.jdbc.core.JdbcTemplate               : Executing prepared SQL statement [EXEC dbo.spx_ObtenerConformacionCuadrillaBackOffice ?, ?, ?, ?]
2026-03-27 10:37:04.696 DEBUG 10280 --- [nio-8089-exec-1] o.s.jdbc.datasource.DataSourceUtils      : Fetching JDBC Connection from DataSource
2026-03-27 10:37:04.709 DEBUG 10280 --- [nio-8089-exec-1] o.s.jdbc.core.StatementCreatorUtils      : JDBC getParameterType call failed - using fallback method instead: com.microsoft.sqlserver.jdbc.SQLServerException: El número de parámetro 4 no es válido.
2026-03-27 10:37:04.712 DEBUG 10280 --- [nio-8089-exec-1] o.s.jdbc.core.JdbcTemplate               : Executing prepared SQL query
2026-03-27 10:37:04.712 DEBUG 10280 --- [nio-8089-exec-1] o.s.jdbc.core.JdbcTemplate               : Executing prepared SQL statement [EXEC dbo.spx_ObtenerConformacionCuadrillaBackOffice ?, ?, ?]
2026-03-27 10:37:04.714 DEBUG 10280 --- [nio-8089-exec-1] o.s.jdbc.datasource.DataSourceUtils      : Fetching JDBC Connection from DataSource
2026-03-27 10:37:04.721 DEBUG 10280 --- [nio-8089-exec-1] o.s.jdbc.core.JdbcTemplate               : Executing prepared SQL query
2026-03-27 10:37:04.721 DEBUG 10280 --- [nio-8089-exec-1] o.s.jdbc.core.JdbcTemplate               : Executing prepared SQL statement [EXEC dbo.spx_ObtenerConformacionCuadrillaBackOffice ?, ?, ?, ?]
2026-03-27 10:37:04.722 DEBUG 10280 --- [nio-8089-exec-1] o.s.jdbc.datasource.DataSourceUtils      : Fetching JDBC Connection from DataSource
2026-03-27 10:37:04.732 DEBUG 10280 --- [nio-8089-exec-1] o.s.jdbc.core.StatementCreatorUtils      : JDBC getParameterType call failed - using fallback method instead: com.microsoft.sqlserver.jdbc.SQLServerException: El número de parámetro 4 no es válido.
2026-03-27 10:37:04.735 DEBUG 10280 --- [nio-8089-exec-1] o.s.jdbc.core.JdbcTemplate               : Executing prepared SQL query
2026-03-27 10:37:04.735 DEBUG 10280 --- [nio-8089-exec-1] o.s.jdbc.core.JdbcTemplate               : Executing prepared SQL statement [EXEC dbo.spx_ObtenerConformacionCuadrillaBackOffice ?, ?, ?]
2026-03-27 10:37:04.736 DEBUG 10280 --- [nio-8089-exec-1] o.s.jdbc.datasource.DataSourceUtils      : Fetching JDBC Connection from DataSource
2026-03-27 10:37:04.744 DEBUG 10280 --- [nio-8089-exec-1] o.s.jdbc.core.JdbcTemplate               : Executing prepared SQL query
2026-03-27 10:37:04.745 DEBUG 10280 --- [nio-8089-exec-1] o.s.jdbc.core.JdbcTemplate               : Executing prepared SQL statement [EXEC dbo.spx_ObtenerConformacionCuadrillaBackOffice ?, ?, ?, ?]
2026-03-27 10:37:04.746 DEBUG 10280 --- [nio-8089-exec-1] o.s.jdbc.datasource.DataSourceUtils      : Fetching JDBC Connection from DataSource
2026-03-27 10:37:04.761 DEBUG 10280 --- [nio-8089-exec-1] o.s.jdbc.core.StatementCreatorUtils      : JDBC getParameterType call failed - using fallback method instead: com.microsoft.sqlserver.jdbc.SQLServerException: El número de parámetro 4 no es válido.
2026-03-27 10:37:04.764 DEBUG 10280 --- [nio-8089-exec-1] o.s.jdbc.core.JdbcTemplate               : Executing prepared SQL query
2026-03-27 10:37:04.765 DEBUG 10280 --- [nio-8089-exec-1] o.s.jdbc.core.JdbcTemplate               : Executing prepared SQL statement [EXEC dbo.spx_ObtenerConformacionCuadrillaBackOffice ?, ?, ?]
2026-03-27 10:37:04.765 DEBUG 10280 --- [nio-8089-exec-1] o.s.jdbc.datasource.DataSourceUtils      : Fetching JDBC Connection from DataSource
2026-03-27 10:37:04.772 DEBUG 10280 --- [nio-8089-exec-1] o.s.jdbc.core.JdbcTemplate               : Executing prepared SQL query
2026-03-27 10:37:04.773 DEBUG 10280 --- [nio-8089-exec-1] o.s.jdbc.core.JdbcTemplate               : Executing prepared SQL statement [EXEC dbo.spx_ObtenerConformacionCuadrillaBackOffice ?, ?, ?, ?]
2026-03-27 10:37:04.773 DEBUG 10280 --- [nio-8089-exec-1] o.s.jdbc.datasource.DataSourceUtils      : Fetching JDBC Connection from DataSource
2026-03-27 10:37:04.783 DEBUG 10280 --- [nio-8089-exec-1] o.s.jdbc.core.StatementCreatorUtils      : JDBC getParameterType call failed - using fallback method instead: com.microsoft.sqlserver.jdbc.SQLServerException: El número de parámetro 4 no es válido.
2026-03-27 10:37:04.786 DEBUG 10280 --- [nio-8089-exec-1] o.s.jdbc.core.JdbcTemplate               : Executing prepared SQL query
2026-03-27 10:37:04.786 DEBUG 10280 --- [nio-8089-exec-1] o.s.jdbc.core.JdbcTemplate               : Executing prepared SQL statement [EXEC dbo.spx_ObtenerConformacionCuadrillaBackOffice ?, ?, ?]
2026-03-27 10:37:04.787 DEBUG 10280 --- [nio-8089-exec-1] o.s.jdbc.datasource.DataSourceUtils      : Fetching JDBC Connection from DataSource
2026-03-27 10:37:04.795 DEBUG 10280 --- [nio-8089-exec-1] o.s.w.s.m.m.a.HttpEntityMethodProcessor  : Using 'application/json', given [application/json, text/plain, */*] and supported [application/json, application/*+json, application/json, application/*+json]
2026-03-27 10:37:04.795 DEBUG 10280 --- [nio-8089-exec-1] o.s.w.s.m.m.a.HttpEntityMethodProcessor  : Writing [com.example.TigoStarSystem.common.ApiResponse@7700ef24]
2026-03-27 10:37:04.796 DEBUG 10280 --- [nio-8089-exec-1] o.s.web.servlet.DispatcherServlet        : Completed 200 OK
2026-03-27 10:37:19.917 DEBUG 10280 --- [ool housekeeper] com.zaxxer.hikari.pool.HikariPool        : CentralHikariPool - Before cleanup stats (total=2, active=0, idle=2, waiting=0)
2026-03-27 10:37:19.918 DEBUG 10280 --- [ool housekeeper] com.zaxxer.hikari.pool.HikariPool        : CentralHikariPool - After cleanup  stats (total=2, active=0, idle=2, waiting=0)
2026-03-27 10:37:19.919 DEBUG 10280 --- [ool housekeeper] com.zaxxer.hikari.pool.HikariPool        : CentralHikariPool - Fill pool skipped, pool is at sufficient level.
2026-03-27 10:37:25.353 DEBUG 10280 --- [ruz housekeeper] com.zaxxer.hikari.pool.HikariPool        : ConnDb-Santa_Cruz - Before cleanup stats (total=0, active=0, idle=0, waiting=0)
2026-03-27 10:37:25.353 DEBUG 10280 --- [ruz housekeeper] com.zaxxer.hikari.pool.HikariPool        : ConnDb-Santa_Cruz - After cleanup  stats (total=0, active=0, idle=0, waiting=0)
2026-03-27 10:37:25.354 DEBUG 10280 --- [ruz housekeeper] com.zaxxer.hikari.pool.HikariPool        : ConnDb-Santa_Cruz - Fill pool skipped, pool is at sufficient level.
2026-03-27 10:37:25.787 DEBUG 10280 --- [nio-8089-exec-8] o.s.web.servlet.DispatcherServlet        : GET "/supervisor/conformacion-cuadrilla-web/catalogos/vehiculos?sucursal=Santa_Cruz", parameters={masked}
2026-03-27 10:37:25.787 DEBUG 10280 --- [io-8089-exec-10] o.s.web.servlet.DispatcherServlet        : GET "/supervisor/conformacion-cuadrilla-web/catalogos/tecnicos/407?sucursal=Santa_Cruz", parameters={masked}
2026-03-27 10:37:25.788 DEBUG 10280 --- [nio-8089-exec-8] s.w.s.m.m.a.RequestMappingHandlerMapping : Mapped to com.example.TigoStarSystem.supervisor.controller.ConformacionCuadrillaWebController#listarVehiculos(String, String, String)
2026-03-27 10:37:25.789 DEBUG 10280 --- [io-8089-exec-10] s.w.s.m.m.a.RequestMappingHandlerMapping : Mapped to com.example.TigoStarSystem.supervisor.controller.ConformacionCuadrillaWebController#obtenerTecnicoDetalle(String, Integer, String)
2026-03-27 10:37:25.790 DEBUG 10280 --- [nio-8089-exec-8] o.s.jdbc.core.JdbcTemplate               : Executing SQL query [EXEC dbo.spx_ObtenerSucursalesConexion]
2026-03-27 10:37:25.791 DEBUG 10280 --- [nio-8089-exec-8] o.s.jdbc.datasource.DataSourceUtils      : Fetching JDBC Connection from DataSource
2026-03-27 10:37:25.791 DEBUG 10280 --- [io-8089-exec-10] o.s.jdbc.core.JdbcTemplate               : Executing SQL query [EXEC dbo.spx_ObtenerSucursalesConexion]
2026-03-27 10:37:25.792 DEBUG 10280 --- [io-8089-exec-10] o.s.jdbc.datasource.DataSourceUtils      : Fetching JDBC Connection from DataSource
2026-03-27 10:37:25.846 DEBUG 10280 --- [nio-8089-exec-8] o.s.j.d.DriverManagerDataSource          : Loaded JDBC driver: com.microsoft.sqlserver.jdbc.SQLServerDriver
2026-03-27 10:37:25.847 DEBUG 10280 --- [nio-8089-exec-8] o.s.jdbc.core.JdbcTemplate               : Executing prepared SQL query
2026-03-27 10:37:25.848 DEBUG 10280 --- [nio-8089-exec-8] o.s.jdbc.core.JdbcTemplate               : Executing prepared SQL statement [EXEC dbo.spx_ObtenerVehiculosConformacionCuadrillaWeb ?]
2026-03-27 10:37:25.849 DEBUG 10280 --- [nio-8089-exec-8] o.s.jdbc.datasource.DataSourceUtils      : Fetching JDBC Connection from DataSource
2026-03-27 10:37:25.850 DEBUG 10280 --- [nio-8089-exec-8] o.s.j.d.DriverManagerDataSource          : Creating new JDBC DriverManager Connection to [jdbc:sqlserver://tigo.makiro.com.bo;databaseName=BDSistemaAntenaUTecnico;encrypt=false;trustServerCertificate=true]
2026-03-27 10:37:25.856 DEBUG 10280 --- [io-8089-exec-10] o.s.j.d.DriverManagerDataSource          : Loaded JDBC driver: com.microsoft.sqlserver.jdbc.SQLServerDriver
2026-03-27 10:37:25.857 DEBUG 10280 --- [io-8089-exec-10] o.s.jdbc.core.JdbcTemplate               : Executing prepared SQL query
2026-03-27 10:37:25.858 DEBUG 10280 --- [io-8089-exec-10] o.s.jdbc.core.JdbcTemplate               : Executing prepared SQL statement [EXEC dbo.spx_ObtenerDatosTecnicoConformacionCuadrillaWeb ?]
2026-03-27 10:37:25.858 DEBUG 10280 --- [io-8089-exec-10] o.s.jdbc.datasource.DataSourceUtils      : Fetching JDBC Connection from DataSource
2026-03-27 10:37:25.859 DEBUG 10280 --- [io-8089-exec-10] o.s.j.d.DriverManagerDataSource          : Creating new JDBC DriverManager Connection to [jdbc:sqlserver://tigo.makiro.com.bo;databaseName=BDSistemaAntenaUTecnico;encrypt=false;trustServerCertificate=true]
2026-03-27 10:37:26.046 DEBUG 10280 --- [io-8089-exec-10] o.s.w.s.m.m.a.HttpEntityMethodProcessor  : Using 'application/json', given [application/json, text/plain, */*] and supported [application/json, application/*+json, application/json, application/*+json]
2026-03-27 10:37:26.047 DEBUG 10280 --- [io-8089-exec-10] o.s.w.s.m.m.a.HttpEntityMethodProcessor  : Writing [com.example.TigoStarSystem.common.ApiResponse@35fa8c6c]
2026-03-27 10:37:26.051 DEBUG 10280 --- [io-8089-exec-10] o.s.web.servlet.DispatcherServlet        : Completed 200 OK
2026-03-27 10:37:26.104 DEBUG 10280 --- [nio-8089-exec-8] o.s.w.s.m.m.a.HttpEntityMethodProcessor  : Using 'application/json', given [application/json, text/plain, */*] and supported [application/json, application/*+json, application/json, application/*+json]
2026-03-27 10:37:26.105 DEBUG 10280 --- [nio-8089-exec-8] o.s.w.s.m.m.a.HttpEntityMethodProcessor  : Writing [com.example.TigoStarSystem.common.ApiResponse@53562993]
2026-03-27 10:37:26.106 DEBUG 10280 --- [nio-8089-exec-8] o.s.web.servlet.DispatcherServlet        : Completed 200 OK
2026-03-27 10:37:27.653 DEBUG 10280 --- [l-1 housekeeper] com.zaxxer.hikari.pool.HikariPool        : HikariPool-1 - Before cleanup stats (total=4, active=0, idle=4, waiting=0)
2026-03-27 10:37:27.654 DEBUG 10280 --- [l-1 housekeeper] com.zaxxer.hikari.pool.HikariPool        : HikariPool-1 - After cleanup  stats (total=4, active=0, idle=4, waiting=0)
2026-03-27 10:37:27.656 DEBUG 10280 --- [l-1 housekeeper] com.zaxxer.hikari.pool.HikariPool        : HikariPool-1 - Fill pool skipped, pool is at sufficient level.
2026-03-27 10:37:28.944 DEBUG 10280 --- [ruz housekeeper] com.zaxxer.hikari.pool.HikariPool        : ConnDb-Santa_Cruz - Before cleanup stats (total=1, active=0, idle=1, waiting=0)
2026-03-27 10:37:28.944 DEBUG 10280 --- [ruz housekeeper] com.zaxxer.hikari.pool.HikariPool        : ConnDb-Santa_Cruz - After cleanup  stats (total=1, active=0, idle=1, waiting=0)
2026-03-27 10:37:28.945 DEBUG 10280 --- [ruz housekeeper] com.zaxxer.hikari.pool.HikariPool        : ConnDb-Santa_Cruz - Fill pool skipped, pool is at sufficient level.
2026-03-27 10:37:44.942 DEBUG 10280 --- [nio-8089-exec-5] o.s.web.servlet.DispatcherServlet        : GET "/supervisor/conformacion-cuadrilla/confirmadas?fecha=2026-03-27&sucursal=Santa_Cruz&limit=200&limite=200", parameters={masked}
2026-03-27 10:37:44.943 DEBUG 10280 --- [nio-8089-exec-5] s.w.s.m.m.a.RequestMappingHandlerMapping : Mapped to com.example.TigoStarSystem.supervisor.controller.ConformacionCuadrillaController#listarConfirmadas(LocalDate, String, String, Integer)
2026-03-27 10:37:44.945 DEBUG 10280 --- [nio-8089-exec-5] o.s.jdbc.core.JdbcTemplate               : Executing SQL query [EXEC dbo.spx_ObtenerSucursalesConexion]
2026-03-27 10:37:44.946 DEBUG 10280 --- [nio-8089-exec-5] o.s.jdbc.datasource.DataSourceUtils      : Fetching JDBC Connection from DataSource
2026-03-27 10:37:44.953 DEBUG 10280 --- [nio-8089-exec-5] o.s.jdbc.core.JdbcTemplate               : Executing SQL query [EXEC dbo.spx_ObtenerSucursalesConexion]
2026-03-27 10:37:44.954 DEBUG 10280 --- [nio-8089-exec-5] o.s.jdbc.datasource.DataSourceUtils      : Fetching JDBC Connection from DataSource
2026-03-27 10:37:44.968 DEBUG 10280 --- [nio-8089-exec-5] o.s.j.d.DriverManagerDataSource          : Loaded JDBC driver: com.microsoft.sqlserver.jdbc.SQLServerDriver
2026-03-27 10:37:44.968 DEBUG 10280 --- [nio-8089-exec-5] o.s.jdbc.core.JdbcTemplate               : Executing prepared SQL query
2026-03-27 10:37:44.969 DEBUG 10280 --- [nio-8089-exec-5] o.s.jdbc.core.JdbcTemplate               : Executing prepared SQL statement [EXEC dbo.spx_ObtenerConformacionCuadrillaBackOffice ?, ?, ?, ?]
2026-03-27 10:37:44.970 DEBUG 10280 --- [nio-8089-exec-5] o.s.jdbc.datasource.DataSourceUtils      : Fetching JDBC Connection from DataSource
2026-03-27 10:37:44.970 DEBUG 10280 --- [nio-8089-exec-5] o.s.j.d.DriverManagerDataSource          : Creating new JDBC DriverManager Connection to [jdbc:sqlserver://tigo.makiro.com.bo;databaseName=BDSistemaAntenaUTecnico;encrypt=false;trustServerCertificate=true]
2026-03-27 10:37:44.999 DEBUG 10280 --- [nio-8089-exec-5] o.s.jdbc.core.StatementCreatorUtils      : JDBC getParameterType call failed - using fallback method instead: com.microsoft.sqlserver.jdbc.SQLServerException: El número de parámetro 4 no es válido.
2026-03-27 10:37:45.002 DEBUG 10280 --- [nio-8089-exec-5] o.s.jdbc.datasource.DataSourceUtils      : Fetching JDBC Connection from DataSource
2026-03-27 10:37:45.002 DEBUG 10280 --- [nio-8089-exec-5] o.s.j.d.DriverManagerDataSource          : Creating new JDBC DriverManager Connection to [jdbc:sqlserver://tigo.makiro.com.bo;databaseName=BDSistemaAntenaUTecnico;encrypt=false;trustServerCertificate=true]
2026-03-27 10:37:45.020 DEBUG 10280 --- [nio-8089-exec-5] o.s.jdbc.core.JdbcTemplate               : Executing prepared SQL query
2026-03-27 10:37:45.021 DEBUG 10280 --- [nio-8089-exec-5] o.s.jdbc.core.JdbcTemplate               : Executing prepared SQL statement [EXEC dbo.spx_ObtenerConformacionCuadrillaBackOffice ?, ?, ?]
2026-03-27 10:37:45.021 DEBUG 10280 --- [nio-8089-exec-5] o.s.jdbc.datasource.DataSourceUtils      : Fetching JDBC Connection from DataSource
2026-03-27 10:37:45.022 DEBUG 10280 --- [nio-8089-exec-5] o.s.j.d.DriverManagerDataSource          : Creating new JDBC DriverManager Connection to [jdbc:sqlserver://tigo.makiro.com.bo;databaseName=BDSistemaAntenaUTecnico;encrypt=false;trustServerCertificate=true]
2026-03-27 10:37:45.046 DEBUG 10280 --- [nio-8089-exec-5] o.s.jdbc.core.JdbcTemplate               : Executing prepared SQL query
2026-03-27 10:37:45.046 DEBUG 10280 --- [nio-8089-exec-5] o.s.jdbc.core.JdbcTemplate               : Executing prepared SQL statement [EXEC dbo.spx_ObtenerConformacionCuadrillaBackOffice ?, ?, ?, ?]
2026-03-27 10:37:45.047 DEBUG 10280 --- [nio-8089-exec-5] o.s.jdbc.datasource.DataSourceUtils      : Fetching JDBC Connection from DataSource
2026-03-27 10:37:45.047 DEBUG 10280 --- [nio-8089-exec-5] o.s.j.d.DriverManagerDataSource          : Creating new JDBC DriverManager Connection to [jdbc:sqlserver://tigo.makiro.com.bo;databaseName=BDSistemaAntenaUTecnico;encrypt=false;trustServerCertificate=true]
2026-03-27 10:37:45.074 DEBUG 10280 --- [nio-8089-exec-5] o.s.jdbc.core.StatementCreatorUtils      : JDBC getParameterType call failed - using fallback method instead: com.microsoft.sqlserver.jdbc.SQLServerException: El número de parámetro 4 no es válido.
2026-03-27 10:37:45.077 DEBUG 10280 --- [nio-8089-exec-5] o.s.jdbc.core.JdbcTemplate               : Executing prepared SQL query
2026-03-27 10:37:45.078 DEBUG 10280 --- [nio-8089-exec-5] o.s.jdbc.core.JdbcTemplate               : Executing prepared SQL statement [EXEC dbo.spx_ObtenerConformacionCuadrillaBackOffice ?, ?, ?]
2026-03-27 10:37:45.079 DEBUG 10280 --- [nio-8089-exec-5] o.s.jdbc.datasource.DataSourceUtils      : Fetching JDBC Connection from DataSource
2026-03-27 10:37:45.079 DEBUG 10280 --- [nio-8089-exec-5] o.s.j.d.DriverManagerDataSource          : Creating new JDBC DriverManager Connection to [jdbc:sqlserver://tigo.makiro.com.bo;databaseName=BDSistemaAntenaUTecnico;encrypt=false;trustServerCertificate=true]
2026-03-27 10:37:45.146 DEBUG 10280 --- [nio-8089-exec-5] o.s.jdbc.core.JdbcTemplate               : Executing prepared SQL query
2026-03-27 10:37:45.146 DEBUG 10280 --- [nio-8089-exec-5] o.s.jdbc.core.JdbcTemplate               : Executing prepared SQL statement [EXEC dbo.spx_ObtenerConformacionCuadrillaBackOffice ?, ?, ?, ?]
2026-03-27 10:37:45.147 DEBUG 10280 --- [nio-8089-exec-5] o.s.jdbc.datasource.DataSourceUtils      : Fetching JDBC Connection from DataSource
2026-03-27 10:37:45.186 DEBUG 10280 --- [nio-8089-exec-5] o.s.jdbc.core.StatementCreatorUtils      : JDBC getParameterType call failed - using fallback method instead: com.microsoft.sqlserver.jdbc.SQLServerException: El número de parámetro 4 no es válido.
2026-03-27 10:37:45.189 DEBUG 10280 --- [nio-8089-exec-5] o.s.jdbc.core.JdbcTemplate               : Executing prepared SQL query
2026-03-27 10:37:45.189 DEBUG 10280 --- [nio-8089-exec-5] o.s.jdbc.core.JdbcTemplate               : Executing prepared SQL statement [EXEC dbo.spx_ObtenerConformacionCuadrillaBackOffice ?, ?, ?]
2026-03-27 10:37:45.190 DEBUG 10280 --- [nio-8089-exec-5] o.s.jdbc.datasource.DataSourceUtils      : Fetching JDBC Connection from DataSource
2026-03-27 10:37:45.197 DEBUG 10280 --- [nio-8089-exec-5] o.s.jdbc.core.JdbcTemplate               : Executing prepared SQL query
2026-03-27 10:37:45.198 DEBUG 10280 --- [nio-8089-exec-5] o.s.jdbc.core.JdbcTemplate               : Executing prepared SQL statement [EXEC dbo.spx_ObtenerConformacionCuadrillaBackOffice ?, ?, ?, ?]
2026-03-27 10:37:45.198 DEBUG 10280 --- [nio-8089-exec-5] o.s.jdbc.datasource.DataSourceUtils      : Fetching JDBC Connection from DataSource
2026-03-27 10:37:45.209 DEBUG 10280 --- [nio-8089-exec-5] o.s.jdbc.core.StatementCreatorUtils      : JDBC getParameterType call failed - using fallback method instead: com.microsoft.sqlserver.jdbc.SQLServerException: El número de parámetro 4 no es válido.
2026-03-27 10:37:45.211 DEBUG 10280 --- [nio-8089-exec-5] o.s.jdbc.core.JdbcTemplate               : Executing prepared SQL query
2026-03-27 10:37:45.212 DEBUG 10280 --- [nio-8089-exec-5] o.s.jdbc.core.JdbcTemplate               : Executing prepared SQL statement [EXEC dbo.spx_ObtenerConformacionCuadrillaBackOffice ?, ?, ?]
2026-03-27 10:37:45.212 DEBUG 10280 --- [nio-8089-exec-5] o.s.jdbc.datasource.DataSourceUtils      : Fetching JDBC Connection from DataSource
2026-03-27 10:37:45.220 DEBUG 10280 --- [nio-8089-exec-5] o.s.jdbc.core.JdbcTemplate               : Executing prepared SQL query
2026-03-27 10:37:45.220 DEBUG 10280 --- [nio-8089-exec-5] o.s.jdbc.core.JdbcTemplate               : Executing prepared SQL statement [EXEC dbo.spx_ObtenerConformacionCuadrillaBackOffice ?, ?, ?, ?]
2026-03-27 10:37:45.221 DEBUG 10280 --- [nio-8089-exec-5] o.s.jdbc.datasource.DataSourceUtils      : Fetching JDBC Connection from DataSource
2026-03-27 10:37:45.237 DEBUG 10280 --- [nio-8089-exec-5] o.s.jdbc.core.StatementCreatorUtils      : JDBC getParameterType call failed - using fallback method instead: com.microsoft.sqlserver.jdbc.SQLServerException: El número de parámetro 4 no es válido.
2026-03-27 10:37:45.240 DEBUG 10280 --- [nio-8089-exec-5] o.s.jdbc.core.JdbcTemplate               : Executing prepared SQL query
2026-03-27 10:37:45.241 DEBUG 10280 --- [nio-8089-exec-5] o.s.jdbc.core.JdbcTemplate               : Executing prepared SQL statement [EXEC dbo.spx_ObtenerConformacionCuadrillaBackOffice ?, ?, ?]
2026-03-27 10:37:45.242 DEBUG 10280 --- [nio-8089-exec-5] o.s.jdbc.datasource.DataSourceUtils      : Fetching JDBC Connection from DataSource
2026-03-27 10:37:45.249 DEBUG 10280 --- [nio-8089-exec-5] o.s.jdbc.core.JdbcTemplate               : Executing prepared SQL query
2026-03-27 10:37:45.250 DEBUG 10280 --- [nio-8089-exec-5] o.s.jdbc.core.JdbcTemplate               : Executing prepared SQL statement [EXEC dbo.spx_ObtenerConformacionCuadrillaBackOffice ?, ?, ?, ?]
2026-03-27 10:37:45.250 DEBUG 10280 --- [nio-8089-exec-5] o.s.jdbc.datasource.DataSourceUtils      : Fetching JDBC Connection from DataSource
2026-03-27 10:37:45.260 DEBUG 10280 --- [nio-8089-exec-5] o.s.jdbc.core.StatementCreatorUtils      : JDBC getParameterType call failed - using fallback method instead: com.microsoft.sqlserver.jdbc.SQLServerException: El número de parámetro 4 no es válido.
2026-03-27 10:37:45.263 DEBUG 10280 --- [nio-8089-exec-5] o.s.jdbc.core.JdbcTemplate               : Executing prepared SQL query
2026-03-27 10:37:45.264 DEBUG 10280 --- [nio-8089-exec-5] o.s.jdbc.core.JdbcTemplate               : Executing prepared SQL statement [EXEC dbo.spx_ObtenerConformacionCuadrillaBackOffice ?, ?, ?]
2026-03-27 10:37:45.265 DEBUG 10280 --- [nio-8089-exec-5] o.s.jdbc.datasource.DataSourceUtils      : Fetching JDBC Connection from DataSource
2026-03-27 10:37:45.272 DEBUG 10280 --- [nio-8089-exec-5] o.s.w.s.m.m.a.HttpEntityMethodProcessor  : Using 'application/json', given [application/json, text/plain, */*] and supported [application/json, application/*+json, application/json, application/*+json]
2026-03-27 10:37:45.274 DEBUG 10280 --- [nio-8089-exec-5] o.s.w.s.m.m.a.HttpEntityMethodProcessor  : Writing [com.example.TigoStarSystem.common.ApiResponse@3836dc98]
2026-03-27 10:37:45.275 DEBUG 10280 --- [nio-8089-exec-5] o.s.web.servlet.DispatcherServlet        : Completed 200 OK
2026-03-27 10:37:45.877 DEBUG 10280 --- [nio-8089-exec-4] o.s.web.servlet.DispatcherServlet        : GET "/supervisor/conformacion-cuadrilla/eliminadas?fecha=2026-03-27&sucursal=Santa_Cruz&limit=200&limite=200", parameters={masked}
2026-03-27 10:37:45.878 DEBUG 10280 --- [nio-8089-exec-4] s.w.s.m.m.a.RequestMappingHandlerMapping : Mapped to com.example.TigoStarSystem.supervisor.controller.ConformacionCuadrillaController#listarEliminadas(LocalDate, String, String, Integer)
2026-03-27 10:37:45.880 DEBUG 10280 --- [nio-8089-exec-4] o.s.jdbc.core.JdbcTemplate               : Executing SQL query [EXEC dbo.spx_ObtenerSucursalesConexion]
2026-03-27 10:37:45.880 DEBUG 10280 --- [nio-8089-exec-4] o.s.jdbc.datasource.DataSourceUtils      : Fetching JDBC Connection from DataSource
2026-03-27 10:37:45.886 DEBUG 10280 --- [nio-8089-exec-4] o.s.jdbc.core.JdbcTemplate               : Executing SQL query [EXEC dbo.spx_ObtenerSucursalesConexion]
2026-03-27 10:37:45.887 DEBUG 10280 --- [nio-8089-exec-4] o.s.jdbc.datasource.DataSourceUtils      : Fetching JDBC Connection from DataSource
2026-03-27 10:37:45.891 DEBUG 10280 --- [nio-8089-exec-4] o.s.j.d.DriverManagerDataSource          : Loaded JDBC driver: com.microsoft.sqlserver.jdbc.SQLServerDriver
2026-03-27 10:37:45.947 DEBUG 10280 --- [nio-8089-exec-4] o.s.jdbc.core.JdbcTemplate               : Executing prepared SQL query
2026-03-27 10:37:45.948 DEBUG 10280 --- [nio-8089-exec-4] o.s.jdbc.core.JdbcTemplate               : Executing prepared SQL statement [SELECT * FROM dbo.tbl_ConformacionCuadrillaDiario WHERE 1=1 AND fecha = ? AND sucursal = ? ORDER BY fechaRegistro DESC, id DESC]
2026-03-27 10:37:45.948 DEBUG 10280 --- [nio-8089-exec-4] o.s.jdbc.datasource.DataSourceUtils      : Fetching JDBC Connection from DataSource
2026-03-27 10:37:45.949 DEBUG 10280 --- [nio-8089-exec-4] o.s.j.d.DriverManagerDataSource          : Creating new JDBC DriverManager Connection to [jdbc:sqlserver://tigo.makiro.com.bo;databaseName=BDSistemaAntenaUTecnico;encrypt=false;trustServerCertificate=true]
2026-03-27 10:37:45.975 DEBUG 10280 --- [nio-8089-exec-4] o.s.jdbc.core.JdbcTemplate               : Executing prepared SQL query
2026-03-27 10:37:45.976 DEBUG 10280 --- [nio-8089-exec-4] o.s.jdbc.core.JdbcTemplate               : Executing prepared SQL statement [SELECT * FROM dbo.tbl_ConformacionCuadrillaDiario WHERE 1=1 AND fecha = ? AND sucursal = ? ORDER BY fechaRegistro DESC, id DESC]
2026-03-27 10:37:45.977 DEBUG 10280 --- [nio-8089-exec-4] o.s.jdbc.datasource.DataSourceUtils      : Fetching JDBC Connection from DataSource
2026-03-27 10:37:45.977 DEBUG 10280 --- [nio-8089-exec-4] o.s.j.d.DriverManagerDataSource          : Creating new JDBC DriverManager Connection to [jdbc:sqlserver://tigo.makiro.com.bo;databaseName=BDSistemaAntenaUTecnico;encrypt=false;trustServerCertificate=true]
2026-03-27 10:37:46.005 DEBUG 10280 --- [nio-8089-exec-4] o.s.jdbc.core.JdbcTemplate               : Executing prepared SQL query
2026-03-27 10:37:46.006 DEBUG 10280 --- [nio-8089-exec-4] o.s.jdbc.core.JdbcTemplate               : Executing prepared SQL statement [SELECT * FROM dbo.tbl_ConformacionCuadrillaDiario WHERE 1=1 AND fecha = ? AND sucursal = ? ORDER BY fechaRegistro DESC, id DESC]
2026-03-27 10:37:46.007 DEBUG 10280 --- [nio-8089-exec-4] o.s.jdbc.datasource.DataSourceUtils      : Fetching JDBC Connection from DataSource
2026-03-27 10:37:46.009 DEBUG 10280 --- [nio-8089-exec-4] o.s.jdbc.core.JdbcTemplate               : Executing prepared SQL query
2026-03-27 10:37:46.010 DEBUG 10280 --- [nio-8089-exec-4] o.s.jdbc.core.JdbcTemplate               : Executing prepared SQL statement [SELECT * FROM dbo.tbl_ConformacionCuadrillaDiario WHERE 1=1 AND fecha = ? AND sucursal = ? ORDER BY fechaRegistro DESC, id DESC]
2026-03-27 10:37:46.010 DEBUG 10280 --- [nio-8089-exec-4] o.s.jdbc.datasource.DataSourceUtils      : Fetching JDBC Connection from DataSource
2026-03-27 10:37:46.013 DEBUG 10280 --- [nio-8089-exec-4] o.s.jdbc.core.JdbcTemplate               : Executing prepared SQL query
2026-03-27 10:37:46.014 DEBUG 10280 --- [nio-8089-exec-4] o.s.jdbc.core.JdbcTemplate               : Executing prepared SQL statement [SELECT * FROM dbo.tbl_ConformacionCuadrillaDiario WHERE 1=1 AND fecha = ? AND sucursal = ? ORDER BY fechaRegistro DESC, id DESC]
2026-03-27 10:37:46.014 DEBUG 10280 --- [nio-8089-exec-4] o.s.jdbc.datasource.DataSourceUtils      : Fetching JDBC Connection from DataSource
2026-03-27 10:37:46.020 DEBUG 10280 --- [nio-8089-exec-4] o.s.jdbc.core.JdbcTemplate               : Executing prepared SQL query
2026-03-27 10:37:46.020 DEBUG 10280 --- [nio-8089-exec-4] o.s.jdbc.core.JdbcTemplate               : Executing prepared SQL statement [SELECT * FROM dbo.tbl_ConformacionCuadrillaDiario WHERE 1=1 AND fecha = ? AND sucursal = ? ORDER BY fechaRegistro DESC, id DESC]
2026-03-27 10:37:46.021 DEBUG 10280 --- [nio-8089-exec-4] o.s.jdbc.datasource.DataSourceUtils      : Fetching JDBC Connection from DataSource
2026-03-27 10:37:46.027 DEBUG 10280 --- [nio-8089-exec-4] o.s.w.s.m.m.a.HttpEntityMethodProcessor  : Using 'application/json', given [application/json, text/plain, */*] and supported [application/json, application/*+json, application/json, application/*+json]
2026-03-27 10:37:46.028 DEBUG 10280 --- [nio-8089-exec-4] o.s.w.s.m.m.a.HttpEntityMethodProcessor  : Writing [com.example.TigoStarSystem.common.ApiResponse@3130872]
2026-03-27 10:37:46.028 DEBUG 10280 --- [nio-8089-exec-4] o.s.web.servlet.DispatcherServlet        : Completed 200 OK
2026-03-27 10:37:46.497 DEBUG 10280 --- [nio-8089-exec-2] o.s.web.servlet.DispatcherServlet        : GET "/supervisor/conformacion-cuadrilla-web?fecha=2026-03-27&sucursal=Santa_Cruz&limit=200&limite=200", parameters={masked}
2026-03-27 10:37:46.497 DEBUG 10280 --- [nio-8089-exec-6] o.s.web.servlet.DispatcherServlet        : GET "/supervisor/conformacion-cuadrilla/confirmadas?fecha=2026-03-27&sucursal=Santa_Cruz&limit=200&limite=200", parameters={masked}
2026-03-27 10:37:46.499 DEBUG 10280 --- [nio-8089-exec-2] s.w.s.m.m.a.RequestMappingHandlerMapping : Mapped to com.example.TigoStarSystem.supervisor.controller.ConformacionCuadrillaWebController#listar(String, LocalDate, String, Integer)
2026-03-27 10:37:46.499 DEBUG 10280 --- [nio-8089-exec-6] s.w.s.m.m.a.RequestMappingHandlerMapping : Mapped to com.example.TigoStarSystem.supervisor.controller.ConformacionCuadrillaController#listarConfirmadas(LocalDate, String, String, Integer)
2026-03-27 10:37:46.500 DEBUG 10280 --- [nio-8089-exec-2] o.s.jdbc.core.JdbcTemplate               : Executing SQL query [EXEC dbo.spx_ObtenerSucursalesConexion]
2026-03-27 10:37:46.501 DEBUG 10280 --- [nio-8089-exec-6] o.s.jdbc.core.JdbcTemplate               : Executing SQL query [EXEC dbo.spx_ObtenerSucursalesConexion]
2026-03-27 10:37:46.501 DEBUG 10280 --- [nio-8089-exec-2] o.s.jdbc.datasource.DataSourceUtils      : Fetching JDBC Connection from DataSource
2026-03-27 10:37:46.502 DEBUG 10280 --- [nio-8089-exec-6] o.s.jdbc.datasource.DataSourceUtils      : Fetching JDBC Connection from DataSource
2026-03-27 10:37:46.508 DEBUG 10280 --- [nio-8089-exec-2] o.s.j.d.DriverManagerDataSource          : Loaded JDBC driver: com.microsoft.sqlserver.jdbc.SQLServerDriver
2026-03-27 10:37:46.509 DEBUG 10280 --- [nio-8089-exec-2] o.s.jdbc.core.JdbcTemplate               : Executing SQL query [EXEC dbo.spx_ObtenerRutaXIdTecnico]
2026-03-27 10:37:46.509 DEBUG 10280 --- [nio-8089-exec-2] o.s.jdbc.datasource.DataSourceUtils      : Fetching JDBC Connection from DataSource
2026-03-27 10:37:46.510 DEBUG 10280 --- [nio-8089-exec-2] o.s.j.d.DriverManagerDataSource          : Creating new JDBC DriverManager Connection to [jdbc:sqlserver://tigo.makiro.com.bo;databaseName=BDSistemaAntenaUTecnico;encrypt=false;trustServerCertificate=true]
2026-03-27 10:37:46.517 DEBUG 10280 --- [nio-8089-exec-6] o.s.jdbc.core.JdbcTemplate               : Executing SQL query [EXEC dbo.spx_ObtenerSucursalesConexion]
2026-03-27 10:37:46.519 DEBUG 10280 --- [nio-8089-exec-6] o.s.jdbc.datasource.DataSourceUtils      : Fetching JDBC Connection from DataSource
2026-03-27 10:37:46.531 DEBUG 10280 --- [nio-8089-exec-6] o.s.j.d.DriverManagerDataSource          : Loaded JDBC driver: com.microsoft.sqlserver.jdbc.SQLServerDriver
2026-03-27 10:37:46.532 DEBUG 10280 --- [nio-8089-exec-6] o.s.jdbc.core.JdbcTemplate               : Executing prepared SQL query
2026-03-27 10:37:46.533 DEBUG 10280 --- [nio-8089-exec-6] o.s.jdbc.core.JdbcTemplate               : Executing prepared SQL statement [EXEC dbo.spx_ObtenerConformacionCuadrillaBackOffice ?, ?, ?, ?]
2026-03-27 10:37:46.533 DEBUG 10280 --- [nio-8089-exec-6] o.s.jdbc.datasource.DataSourceUtils      : Fetching JDBC Connection from DataSource
2026-03-27 10:37:46.535 DEBUG 10280 --- [nio-8089-exec-6] o.s.j.d.DriverManagerDataSource          : Creating new JDBC DriverManager Connection to [jdbc:sqlserver://tigo.makiro.com.bo;databaseName=BDSistemaAntenaUTecnico;encrypt=false;trustServerCertificate=true]
2026-03-27 10:37:46.566 DEBUG 10280 --- [nio-8089-exec-2] o.s.w.s.m.m.a.HttpEntityMethodProcessor  : Using 'application/json', given [application/json, text/plain, */*] and supported [application/json, application/*+json, application/json, application/*+json]
2026-03-27 10:37:46.567 DEBUG 10280 --- [nio-8089-exec-2] o.s.w.s.m.m.a.HttpEntityMethodProcessor  : Writing [com.example.TigoStarSystem.common.ApiResponse@4970ac0b]
2026-03-27 10:37:46.568 DEBUG 10280 --- [nio-8089-exec-2] o.s.web.servlet.DispatcherServlet        : Completed 200 OK
2026-03-27 10:37:46.572 DEBUG 10280 --- [nio-8089-exec-6] o.s.jdbc.core.StatementCreatorUtils      : JDBC getParameterType call failed - using fallback method instead: com.microsoft.sqlserver.jdbc.SQLServerException: El número de parámetro 4 no es válido.
2026-03-27 10:37:46.576 DEBUG 10280 --- [nio-8089-exec-6] o.s.jdbc.datasource.DataSourceUtils      : Fetching JDBC Connection from DataSource
2026-03-27 10:37:46.577 DEBUG 10280 --- [nio-8089-exec-6] o.s.j.d.DriverManagerDataSource          : Creating new JDBC DriverManager Connection to [jdbc:sqlserver://tigo.makiro.com.bo;databaseName=BDSistemaAntenaUTecnico;encrypt=false;trustServerCertificate=true]
2026-03-27 10:37:46.595 DEBUG 10280 --- [nio-8089-exec-6] o.s.jdbc.core.JdbcTemplate               : Executing prepared SQL query
2026-03-27 10:37:46.595 DEBUG 10280 --- [nio-8089-exec-6] o.s.jdbc.core.JdbcTemplate               : Executing prepared SQL statement [EXEC dbo.spx_ObtenerConformacionCuadrillaBackOffice ?, ?, ?]
2026-03-27 10:37:46.596 DEBUG 10280 --- [nio-8089-exec-6] o.s.jdbc.datasource.DataSourceUtils      : Fetching JDBC Connection from DataSource
2026-03-27 10:37:46.596 DEBUG 10280 --- [nio-8089-exec-6] o.s.j.d.DriverManagerDataSource          : Creating new JDBC DriverManager Connection to [jdbc:sqlserver://tigo.makiro.com.bo;databaseName=BDSistemaAntenaUTecnico;encrypt=false;trustServerCertificate=true]
2026-03-27 10:37:46.621 DEBUG 10280 --- [nio-8089-exec-6] o.s.jdbc.core.JdbcTemplate               : Executing prepared SQL query
2026-03-27 10:37:46.622 DEBUG 10280 --- [nio-8089-exec-6] o.s.jdbc.core.JdbcTemplate               : Executing prepared SQL statement [EXEC dbo.spx_ObtenerConformacionCuadrillaBackOffice ?, ?, ?, ?]
2026-03-27 10:37:46.622 DEBUG 10280 --- [nio-8089-exec-6] o.s.jdbc.datasource.DataSourceUtils      : Fetching JDBC Connection from DataSource
2026-03-27 10:37:46.623 DEBUG 10280 --- [nio-8089-exec-6] o.s.j.d.DriverManagerDataSource          : Creating new JDBC DriverManager Connection to [jdbc:sqlserver://tigo.makiro.com.bo;databaseName=BDSistemaAntenaUTecnico;encrypt=false;trustServerCertificate=true]
2026-03-27 10:37:46.653 DEBUG 10280 --- [nio-8089-exec-6] o.s.jdbc.core.StatementCreatorUtils      : JDBC getParameterType call failed - using fallback method instead: com.microsoft.sqlserver.jdbc.SQLServerException: El número de parámetro 4 no es válido.
2026-03-27 10:37:46.656 DEBUG 10280 --- [nio-8089-exec-6] o.s.jdbc.core.JdbcTemplate               : Executing prepared SQL query
2026-03-27 10:37:46.656 DEBUG 10280 --- [nio-8089-exec-6] o.s.jdbc.core.JdbcTemplate               : Executing prepared SQL statement [EXEC dbo.spx_ObtenerConformacionCuadrillaBackOffice ?, ?, ?]
2026-03-27 10:37:46.657 DEBUG 10280 --- [nio-8089-exec-6] o.s.jdbc.datasource.DataSourceUtils      : Fetching JDBC Connection from DataSource
2026-03-27 10:37:46.657 DEBUG 10280 --- [nio-8089-exec-6] o.s.j.d.DriverManagerDataSource          : Creating new JDBC DriverManager Connection to [jdbc:sqlserver://tigo.makiro.com.bo;databaseName=BDSistemaAntenaUTecnico;encrypt=false;trustServerCertificate=true]
2026-03-27 10:37:46.682 DEBUG 10280 --- [nio-8089-exec-6] o.s.jdbc.core.JdbcTemplate               : Executing prepared SQL query
2026-03-27 10:37:46.682 DEBUG 10280 --- [nio-8089-exec-6] o.s.jdbc.core.JdbcTemplate               : Executing prepared SQL statement [EXEC dbo.spx_ObtenerConformacionCuadrillaBackOffice ?, ?, ?, ?]
2026-03-27 10:37:46.683 DEBUG 10280 --- [nio-8089-exec-6] o.s.jdbc.datasource.DataSourceUtils      : Fetching JDBC Connection from DataSource
2026-03-27 10:37:46.693 DEBUG 10280 --- [nio-8089-exec-6] o.s.jdbc.core.StatementCreatorUtils      : JDBC getParameterType call failed - using fallback method instead: com.microsoft.sqlserver.jdbc.SQLServerException: El número de parámetro 4 no es válido.
2026-03-27 10:37:46.695 DEBUG 10280 --- [nio-8089-exec-6] o.s.jdbc.core.JdbcTemplate               : Executing prepared SQL query
2026-03-27 10:37:46.696 DEBUG 10280 --- [nio-8089-exec-6] o.s.jdbc.core.JdbcTemplate               : Executing prepared SQL statement [EXEC dbo.spx_ObtenerConformacionCuadrillaBackOffice ?, ?, ?]
2026-03-27 10:37:46.697 DEBUG 10280 --- [nio-8089-exec-6] o.s.jdbc.datasource.DataSourceUtils      : Fetching JDBC Connection from DataSource
2026-03-27 10:37:46.705 DEBUG 10280 --- [nio-8089-exec-6] o.s.jdbc.core.JdbcTemplate               : Executing prepared SQL query
2026-03-27 10:37:46.706 DEBUG 10280 --- [nio-8089-exec-6] o.s.jdbc.core.JdbcTemplate               : Executing prepared SQL statement [EXEC dbo.spx_ObtenerConformacionCuadrillaBackOffice ?, ?, ?, ?]
2026-03-27 10:37:46.707 DEBUG 10280 --- [nio-8089-exec-6] o.s.jdbc.datasource.DataSourceUtils      : Fetching JDBC Connection from DataSource
2026-03-27 10:37:46.717 DEBUG 10280 --- [nio-8089-exec-6] o.s.jdbc.core.StatementCreatorUtils      : JDBC getParameterType call failed - using fallback method instead: com.microsoft.sqlserver.jdbc.SQLServerException: El número de parámetro 4 no es válido.
2026-03-27 10:37:46.719 DEBUG 10280 --- [nio-8089-exec-6] o.s.jdbc.core.JdbcTemplate               : Executing prepared SQL query
2026-03-27 10:37:46.720 DEBUG 10280 --- [nio-8089-exec-6] o.s.jdbc.core.JdbcTemplate               : Executing prepared SQL statement [EXEC dbo.spx_ObtenerConformacionCuadrillaBackOffice ?, ?, ?]
2026-03-27 10:37:46.721 DEBUG 10280 --- [nio-8089-exec-6] o.s.jdbc.datasource.DataSourceUtils      : Fetching JDBC Connection from DataSource
2026-03-27 10:37:46.729 DEBUG 10280 --- [nio-8089-exec-6] o.s.jdbc.core.JdbcTemplate               : Executing prepared SQL query
2026-03-27 10:37:46.729 DEBUG 10280 --- [nio-8089-exec-6] o.s.jdbc.core.JdbcTemplate               : Executing prepared SQL statement [EXEC dbo.spx_ObtenerConformacionCuadrillaBackOffice ?, ?, ?, ?]
2026-03-27 10:37:46.732 DEBUG 10280 --- [nio-8089-exec-6] o.s.jdbc.datasource.DataSourceUtils      : Fetching JDBC Connection from DataSource
2026-03-27 10:37:46.752 DEBUG 10280 --- [nio-8089-exec-6] o.s.jdbc.core.StatementCreatorUtils      : JDBC getParameterType call failed - using fallback method instead: com.microsoft.sqlserver.jdbc.SQLServerException: El número de parámetro 4 no es válido.
2026-03-27 10:37:46.754 DEBUG 10280 --- [nio-8089-exec-6] o.s.jdbc.core.JdbcTemplate               : Executing prepared SQL query
2026-03-27 10:37:46.755 DEBUG 10280 --- [nio-8089-exec-6] o.s.jdbc.core.JdbcTemplate               : Executing prepared SQL statement [EXEC dbo.spx_ObtenerConformacionCuadrillaBackOffice ?, ?, ?]
2026-03-27 10:37:46.756 DEBUG 10280 --- [nio-8089-exec-6] o.s.jdbc.datasource.DataSourceUtils      : Fetching JDBC Connection from DataSource
2026-03-27 10:37:46.763 DEBUG 10280 --- [nio-8089-exec-6] o.s.jdbc.core.JdbcTemplate               : Executing prepared SQL query
2026-03-27 10:37:46.764 DEBUG 10280 --- [nio-8089-exec-6] o.s.jdbc.core.JdbcTemplate               : Executing prepared SQL statement [EXEC dbo.spx_ObtenerConformacionCuadrillaBackOffice ?, ?, ?, ?]
2026-03-27 10:37:46.765 DEBUG 10280 --- [nio-8089-exec-6] o.s.jdbc.datasource.DataSourceUtils      : Fetching JDBC Connection from DataSource
2026-03-27 10:37:46.778 DEBUG 10280 --- [nio-8089-exec-6] o.s.jdbc.core.StatementCreatorUtils      : JDBC getParameterType call failed - using fallback method instead: com.microsoft.sqlserver.jdbc.SQLServerException: El número de parámetro 4 no es válido.
2026-03-27 10:37:46.781 DEBUG 10280 --- [nio-8089-exec-6] o.s.jdbc.core.JdbcTemplate               : Executing prepared SQL query
2026-03-27 10:37:46.783 DEBUG 10280 --- [nio-8089-exec-6] o.s.jdbc.core.JdbcTemplate               : Executing prepared SQL statement [EXEC dbo.spx_ObtenerConformacionCuadrillaBackOffice ?, ?, ?]
2026-03-27 10:37:46.783 DEBUG 10280 --- [nio-8089-exec-6] o.s.jdbc.datasource.DataSourceUtils      : Fetching JDBC Connection from DataSource
2026-03-27 10:37:46.794 DEBUG 10280 --- [nio-8089-exec-6] o.s.w.s.m.m.a.HttpEntityMethodProcessor  : Using 'application/json', given [application/json, text/plain, */*] and supported [application/json, application/*+json, application/json, application/*+json]
2026-03-27 10:37:46.796 DEBUG 10280 --- [nio-8089-exec-6] o.s.w.s.m.m.a.HttpEntityMethodProcessor  : Writing [com.example.TigoStarSystem.common.ApiResponse@1f35a481]
2026-03-27 10:37:46.797 DEBUG 10280 --- [nio-8089-exec-6] o.s.web.servlet.DispatcherServlet        : Completed 200 OK
2026-03-27 10:37:47.025 DEBUG 10280 --- [l-1 housekeeper] com.zaxxer.hikari.pool.HikariPool        : HikariPool-1 - keepalive: connection ConnectionID:16 ClientConnectionId: c459611a-2c79-42db-94c8-994847579c1d is alive
2026-03-27 10:37:49.504 DEBUG 10280 --- [l-1 housekeeper] com.zaxxer.hikari.pool.HikariPool        : HikariPool-1 - keepalive: connection ConnectionID:15 ClientConnectionId: f4b48107-c74a-46d4-af06-44f6dbb9f183 is alive
2026-03-27 10:37:49.929 DEBUG 10280 --- [ool housekeeper] com.zaxxer.hikari.pool.HikariPool        : CentralHikariPool - Before cleanup stats (total=2, active=0, idle=2, waiting=0)
2026-03-27 10:37:49.930 DEBUG 10280 --- [ool housekeeper] com.zaxxer.hikari.pool.HikariPool        : CentralHikariPool - After cleanup  stats (total=2, active=0, idle=2, waiting=0)
2026-03-27 10:37:49.934 DEBUG 10280 --- [ool housekeeper] com.zaxxer.hikari.pool.HikariPool        : CentralHikariPool - Fill pool skipped, pool is at sufficient level.
2026-03-27 10:37:55.359 DEBUG 10280 --- [ruz housekeeper] com.zaxxer.hikari.pool.HikariPool        : ConnDb-Santa_Cruz - Before cleanup stats (total=0, active=0, idle=0, waiting=0)
2026-03-27 10:37:55.360 DEBUG 10280 --- [ruz housekeeper] com.zaxxer.hikari.pool.HikariPool        : ConnDb-Santa_Cruz - After cleanup  stats (total=0, active=0, idle=0, waiting=0)
2026-03-27 10:37:55.361 DEBUG 10280 --- [ruz housekeeper] com.zaxxer.hikari.pool.HikariPool        : ConnDb-Santa_Cruz - Fill pool skipped, pool is at sufficient level.
2026-03-27 10:37:57.672 DEBUG 10280 --- [l-1 housekeeper] com.zaxxer.hikari.pool.HikariPool        : HikariPool-1 - Before cleanup stats (total=4, active=0, idle=4, waiting=0)
2026-03-27 10:37:57.672 DEBUG 10280 --- [l-1 housekeeper] com.zaxxer.hikari.pool.HikariPool        : HikariPool-1 - After cleanup  stats (total=4, active=0, idle=4, waiting=0)
2026-03-27 10:37:57.673 DEBUG 10280 --- [l-1 housekeeper] com.zaxxer.hikari.pool.HikariPool        : HikariPool-1 - Fill pool skipped, pool is at sufficient level.
2026-03-27 10:37:58.961 DEBUG 10280 --- [ruz housekeeper] com.zaxxer.hikari.pool.HikariPool        : ConnDb-Santa_Cruz - Before cleanup stats (total=1, active=0, idle=1, waiting=0)
2026-03-27 10:37:58.962 DEBUG 10280 --- [ruz housekeeper] com.zaxxer.hikari.pool.HikariPool        : ConnDb-Santa_Cruz - After cleanup  stats (total=1, active=0, idle=1, waiting=0)
2026-03-27 10:37:58.962 DEBUG 10280 --- [ruz housekeeper] com.zaxxer.hikari.pool.HikariPool        : ConnDb-Santa_Cruz - Fill pool skipped, pool is at sufficient level.
2026-03-27 10:38:19.942 DEBUG 10280 --- [ool housekeeper] com.zaxxer.hikari.pool.HikariPool        : CentralHikariPool - Before cleanup stats (total=2, active=0, idle=2, waiting=0)
2026-03-27 10:38:19.942 DEBUG 10280 --- [ool housekeeper] com.zaxxer.hikari.pool.HikariPool        : CentralHikariPool - After cleanup  stats (total=2, active=0, idle=2, waiting=0)
2026-03-27 10:38:19.943 DEBUG 10280 --- [ool housekeeper] com.zaxxer.hikari.pool.HikariPool        : CentralHikariPool - Fill pool skipped, pool is at sufficient level.
2026-03-27 10:38:25.371 DEBUG 10280 --- [ruz housekeeper] com.zaxxer.hikari.pool.HikariPool        : ConnDb-Santa_Cruz - Before cleanup stats (total=0, active=0, idle=0, waiting=0)
2026-03-27 10:38:25.372 DEBUG 10280 --- [ruz housekeeper] com.zaxxer.hikari.pool.HikariPool        : ConnDb-Santa_Cruz - After cleanup  stats (total=0, active=0, idle=0, waiting=0)
2026-03-27 10:38:25.372 DEBUG 10280 --- [ruz housekeeper] com.zaxxer.hikari.pool.HikariPool        : ConnDb-Santa_Cruz - Fill pool skipped, pool is at sufficient level.
2026-03-27 10:38:27.679 DEBUG 10280 --- [l-1 housekeeper] com.zaxxer.hikari.pool.HikariPool        : HikariPool-1 - Before cleanup stats (total=4, active=0, idle=4, waiting=0)
2026-03-27 10:38:27.679 DEBUG 10280 --- [l-1 housekeeper] com.zaxxer.hikari.pool.HikariPool        : HikariPool-1 - After cleanup  stats (total=4, active=0, idle=4, waiting=0)
2026-03-27 10:38:27.680 DEBUG 10280 --- [l-1 housekeeper] com.zaxxer.hikari.pool.HikariPool        : HikariPool-1 - Fill pool skipped, pool is at sufficient level.
2026-03-27 10:38:28.978 DEBUG 10280 --- [ruz housekeeper] com.zaxxer.hikari.pool.HikariPool        : ConnDb-Santa_Cruz - Before cleanup stats (total=1, active=0, idle=1, waiting=0)
2026-03-27 10:38:28.979 DEBUG 10280 --- [ruz housekeeper] com.zaxxer.hikari.pool.HikariPool        : ConnDb-Santa_Cruz - After cleanup  stats (total=1, active=0, idle=1, waiting=0)
2026-03-27 10:38:28.981 DEBUG 10280 --- [ruz housekeeper] com.zaxxer.hikari.pool.HikariPool        : ConnDb-Santa_Cruz - Fill pool skipped, pool is at sufficient level.
2026-03-27 10:38:49.343 DEBUG 10280 --- [ool housekeeper] com.zaxxer.hikari.pool.HikariPool        : CentralHikariPool - keepalive: connection ConnectionID:18 ClientConnectionId: e264dd9c-e463-4bf2-becc-2b394824df7a is alive
2026-03-27 10:38:49.957 DEBUG 10280 --- [ool housekeeper] com.zaxxer.hikari.pool.HikariPool        : CentralHikariPool - Before cleanup stats (total=2, active=0, idle=2, waiting=0)
2026-03-27 10:38:49.957 DEBUG 10280 --- [ool housekeeper] com.zaxxer.hikari.pool.HikariPool        : CentralHikariPool - After cleanup  stats (total=2, active=0, idle=2, waiting=0)
2026-03-27 10:38:49.958 DEBUG 10280 --- [ool housekeeper] com.zaxxer.hikari.pool.HikariPool        : CentralHikariPool - Fill pool skipped, pool is at sufficient level.
2026-03-27 10:38:50.521 DEBUG 10280 --- [l-1 housekeeper] com.zaxxer.hikari.pool.HikariPool        : HikariPool-1 - keepalive: connection ConnectionID:24 ClientConnectionId: db68fc04-a253-4396-8e1c-7917fc9f22d3 is alive
2026-03-27 10:38:54.222 DEBUG 10280 --- [ool housekeeper] com.zaxxer.hikari.pool.HikariPool        : CentralHikariPool - keepalive: connection ConnectionID:45 ClientConnectionId: 7ba8864f-fa6d-45cc-8a3a-86c6dbe303df is alive
2026-03-27 10:38:55.377 DEBUG 10280 --- [ruz housekeeper] com.zaxxer.hikari.pool.HikariPool        : ConnDb-Santa_Cruz - Before cleanup stats (total=0, active=0, idle=0, waiting=0)
2026-03-27 10:38:55.377 DEBUG 10280 --- [ruz housekeeper] com.zaxxer.hikari.pool.HikariPool        : ConnDb-Santa_Cruz - After cleanup  stats (total=0, active=0, idle=0, waiting=0)
2026-03-27 10:38:55.378 DEBUG 10280 --- [ruz housekeeper] com.zaxxer.hikari.pool.HikariPool        : ConnDb-Santa_Cruz - Fill pool skipped, pool is at sufficient level.
2026-03-27 10:38:57.698 DEBUG 10280 --- [l-1 housekeeper] com.zaxxer.hikari.pool.HikariPool        : HikariPool-1 - Before cleanup stats (total=4, active=0, idle=4, waiting=0)
2026-03-27 10:38:57.698 DEBUG 10280 --- [l-1 housekeeper] com.zaxxer.hikari.pool.HikariPool        : HikariPool-1 - After cleanup  stats (total=4, active=0, idle=4, waiting=0)
2026-03-27 10:38:57.699 DEBUG 10280 --- [l-1 housekeeper] com.zaxxer.hikari.pool.HikariPool        : HikariPool-1 - Fill pool skipped, pool is at sufficient level.
2026-03-27 10:38:58.996 DEBUG 10280 --- [ruz housekeeper] com.zaxxer.hikari.pool.HikariPool        : ConnDb-Santa_Cruz - Before cleanup stats (total=1, active=0, idle=1, waiting=0)
2026-03-27 10:38:58.997 DEBUG 10280 --- [ruz housekeeper] com.zaxxer.hikari.pool.HikariPool        : ConnDb-Santa_Cruz - After cleanup  stats (total=1, active=0, idle=1, waiting=0)
2026-03-27 10:38:58.998 DEBUG 10280 --- [ruz housekeeper] com.zaxxer.hikari.pool.HikariPool        : ConnDb-Santa_Cruz - Fill pool skipped, pool is at sufficient level.
2026-03-27 10:38:59.932 DEBUG 10280 --- [l-1 housekeeper] com.zaxxer.hikari.pool.HikariPool        : HikariPool-1 - keepalive: connection ConnectionID:19 ClientConnectionId: 0e3815ac-3f56-4ecc-b052-28cf1dc18ba9 is alive
2026-03-27 10:39:19.961 DEBUG 10280 --- [ool housekeeper] com.zaxxer.hikari.pool.HikariPool        : CentralHikariPool - Before cleanup stats (total=2, active=0, idle=2, waiting=0)
2026-03-27 10:39:19.961 DEBUG 10280 --- [ool housekeeper] com.zaxxer.hikari.pool.HikariPool        : CentralHikariPool - After cleanup  stats (total=2, active=0, idle=2, waiting=0)
2026-03-27 10:39:19.962 DEBUG 10280 --- [ool housekeeper] com.zaxxer.hikari.pool.HikariPool        : CentralHikariPool - Fill pool skipped, pool is at sufficient level.
2026-03-27 10:39:25.384 DEBUG 10280 --- [ruz housekeeper] com.zaxxer.hikari.pool.HikariPool        : ConnDb-Santa_Cruz - Before cleanup stats (total=0, active=0, idle=0, waiting=0)
2026-03-27 10:39:25.385 DEBUG 10280 --- [ruz housekeeper] com.zaxxer.hikari.pool.HikariPool        : ConnDb-Santa_Cruz - After cleanup  stats (total=0, active=0, idle=0, waiting=0)
2026-03-27 10:39:25.386 DEBUG 10280 --- [ruz housekeeper] com.zaxxer.hikari.pool.HikariPool        : ConnDb-Santa_Cruz - Fill pool skipped, pool is at sufficient level.
2026-03-27 10:39:27.710 DEBUG 10280 --- [l-1 housekeeper] com.zaxxer.hikari.pool.HikariPool        : HikariPool-1 - Before cleanup stats (total=4, active=0, idle=4, waiting=0)
2026-03-27 10:39:27.711 DEBUG 10280 --- [l-1 housekeeper] com.zaxxer.hikari.pool.HikariPool        : HikariPool-1 - After cleanup  stats (total=4, active=0, idle=4, waiting=0)
2026-03-27 10:39:27.711 DEBUG 10280 --- [l-1 housekeeper] com.zaxxer.hikari.pool.HikariPool        : HikariPool-1 - Fill pool skipped, pool is at sufficient level.
2026-03-27 10:39:29.010 DEBUG 10280 --- [ruz housekeeper] com.zaxxer.hikari.pool.HikariPool        : ConnDb-Santa_Cruz - Before cleanup stats (total=1, active=0, idle=1, waiting=0)
2026-03-27 10:39:29.011 DEBUG 10280 --- [ruz housekeeper] com.zaxxer.hikari.pool.HikariPool        : ConnDb-Santa_Cruz - After cleanup  stats (total=1, active=0, idle=1, waiting=0)
2026-03-27 10:39:29.011 DEBUG 10280 --- [ruz housekeeper] com.zaxxer.hikari.pool.HikariPool        : ConnDb-Santa_Cruz - Fill pool skipped, pool is at sufficient level.
2026-03-27 10:39:41.951 DEBUG 10280 --- [l-1 housekeeper] com.zaxxer.hikari.pool.HikariPool        : HikariPool-1 - keepalive: connection ConnectionID:16 ClientConnectionId: c459611a-2c79-42db-94c8-994847579c1d is alive
2026-03-27 10:39:46.974 DEBUG 10280 --- [l-1 housekeeper] com.zaxxer.hikari.pool.HikariPool        : HikariPool-1 - keepalive: connection ConnectionID:15 ClientConnectionId: f4b48107-c74a-46d4-af06-44f6dbb9f183 is alive
2026-03-27 10:39:49.964 DEBUG 10280 --- [ool housekeeper] com.zaxxer.hikari.pool.HikariPool        : CentralHikariPool - Before cleanup stats (total=2, active=0, idle=2, waiting=0)
2026-03-27 10:39:49.964 DEBUG 10280 --- [ool housekeeper] com.zaxxer.hikari.pool.HikariPool        : CentralHikariPool - After cleanup  stats (total=2, active=0, idle=2, waiting=0)
2026-03-27 10:39:49.965 DEBUG 10280 --- [ool housekeeper] com.zaxxer.hikari.pool.HikariPool        : CentralHikariPool - Fill pool skipped, pool is at sufficient level.
2026-03-27 10:39:55.399 DEBUG 10280 --- [ruz housekeeper] com.zaxxer.hikari.pool.HikariPool        : ConnDb-Santa_Cruz - Before cleanup stats (total=0, active=0, idle=0, waiting=0)
2026-03-27 10:39:55.399 DEBUG 10280 --- [ruz housekeeper] com.zaxxer.hikari.pool.HikariPool        : ConnDb-Santa_Cruz - After cleanup  stats (total=0, active=0, idle=0, waiting=0)
2026-03-27 10:39:55.400 DEBUG 10280 --- [ruz housekeeper] com.zaxxer.hikari.pool.HikariPool        : ConnDb-Santa_Cruz - Fill pool skipped, pool is at sufficient level.
2026-03-27 10:39:57.725 DEBUG 10280 --- [l-1 housekeeper] com.zaxxer.hikari.pool.HikariPool        : HikariPool-1 - Before cleanup stats (total=4, active=0, idle=4, waiting=0)
2026-03-27 10:39:57.725 DEBUG 10280 --- [l-1 housekeeper] com.zaxxer.hikari.pool.HikariPool        : HikariPool-1 - After cleanup  stats (total=4, active=0, idle=4, waiting=0)
2026-03-27 10:39:57.726 DEBUG 10280 --- [l-1 housekeeper] com.zaxxer.hikari.pool.HikariPool        : HikariPool-1 - Fill pool skipped, pool is at sufficient level.
2026-03-27 10:39:59.021 DEBUG 10280 --- [ruz housekeeper] com.zaxxer.hikari.pool.HikariPool        : ConnDb-Santa_Cruz - Before cleanup stats (total=1, active=0, idle=1, waiting=0)
2026-03-27 10:39:59.021 DEBUG 10280 --- [ruz housekeeper] com.zaxxer.hikari.pool.HikariPool        : ConnDb-Santa_Cruz - After cleanup  stats (total=1, active=0, idle=1, waiting=0)
2026-03-27 10:39:59.022 DEBUG 10280 --- [ruz housekeeper] com.zaxxer.hikari.pool.HikariPool        : ConnDb-Santa_Cruz - Fill pool skipped, pool is at sufficient level.
2026-03-27 10:40:19.970 DEBUG 10280 --- [ool housekeeper] com.zaxxer.hikari.pool.HikariPool        : CentralHikariPool - Before cleanup stats (total=2, active=0, idle=2, waiting=0)
2026-03-27 10:40:19.970 DEBUG 10280 --- [ool housekeeper] com.zaxxer.hikari.pool.HikariPool        : CentralHikariPool - After cleanup  stats (total=2, active=0, idle=2, waiting=0)
2026-03-27 10:40:19.971 DEBUG 10280 --- [ool housekeeper] com.zaxxer.hikari.pool.HikariPool        : CentralHikariPool - Fill pool skipped, pool is at sufficient level.
2026-03-27 10:40:25.417 DEBUG 10280 --- [ruz housekeeper] com.zaxxer.hikari.pool.HikariPool        : ConnDb-Santa_Cruz - Before cleanup stats (total=0, active=0, idle=0, waiting=0)
2026-03-27 10:40:25.417 DEBUG 10280 --- [ruz housekeeper] com.zaxxer.hikari.pool.HikariPool        : ConnDb-Santa_Cruz - After cleanup  stats (total=0, active=0, idle=0, waiting=0)
2026-03-27 10:40:25.418 DEBUG 10280 --- [ruz housekeeper] com.zaxxer.hikari.pool.HikariPool        : ConnDb-Santa_Cruz - Fill pool skipped, pool is at sufficient level.
2026-03-27 10:40:27.740 DEBUG 10280 --- [l-1 housekeeper] com.zaxxer.hikari.pool.HikariPool        : HikariPool-1 - Before cleanup stats (total=4, active=0, idle=4, waiting=0)
2026-03-27 10:40:27.740 DEBUG 10280 --- [l-1 housekeeper] com.zaxxer.hikari.pool.HikariPool        : HikariPool-1 - After cleanup  stats (total=4, active=0, idle=4, waiting=0)
2026-03-27 10:40:27.741 DEBUG 10280 --- [l-1 housekeeper] com.zaxxer.hikari.pool.HikariPool        : HikariPool-1 - Fill pool skipped, pool is at sufficient level.
2026-03-27 10:40:29.024 DEBUG 10280 --- [ruz housekeeper] com.zaxxer.hikari.pool.HikariPool        : ConnDb-Santa_Cruz - Before cleanup stats (total=1, active=0, idle=1, waiting=0)
2026-03-27 10:40:29.024 DEBUG 10280 --- [ruz housekeeper] com.zaxxer.hikari.pool.HikariPool        : ConnDb-Santa_Cruz - After cleanup  stats (total=1, active=0, idle=1, waiting=0)
2026-03-27 10:40:29.025 DEBUG 10280 --- [ruz housekeeper] com.zaxxer.hikari.pool.HikariPool        : ConnDb-Santa_Cruz - Fill pool skipped, pool is at sufficient level.
2026-03-27 10:40:39.318 DEBUG 10280 --- [l-1 housekeeper] com.zaxxer.hikari.pool.HikariPool        : HikariPool-1 - keepalive: connection ConnectionID:24 ClientConnectionId: db68fc04-a253-4396-8e1c-7917fc9f22d3 is alive
2026-03-27 10:40:39.764 DEBUG 10280 --- [ool housekeeper] com.zaxxer.hikari.pool.HikariPool        : CentralHikariPool - keepalive: connection ConnectionID:18 ClientConnectionId: e264dd9c-e463-4bf2-becc-2b394824df7a is alive
2026-03-27 10:40:45.407 DEBUG 10280 --- [ool housekeeper] com.zaxxer.hikari.pool.HikariPool        : CentralHikariPool - keepalive: connection ConnectionID:45 ClientConnectionId: 7ba8864f-fa6d-45cc-8a3a-86c6dbe303df is alive
2026-03-27 10:40:49.981 DEBUG 10280 --- [ool housekeeper] com.zaxxer.hikari.pool.HikariPool        : CentralHikariPool - Before cleanup stats (total=2, active=0, idle=2, waiting=0)
2026-03-27 10:40:49.981 DEBUG 10280 --- [ool housekeeper] com.zaxxer.hikari.pool.HikariPool        : CentralHikariPool - After cleanup  stats (total=2, active=0, idle=2, waiting=0)
2026-03-27 10:40:49.982 DEBUG 10280 --- [ool housekeeper] com.zaxxer.hikari.pool.HikariPool        : CentralHikariPool - Fill pool skipped, pool is at sufficient level.
2026-03-27 10:40:55.427 DEBUG 10280 --- [ruz housekeeper] com.zaxxer.hikari.pool.HikariPool        : ConnDb-Santa_Cruz - Before cleanup stats (total=0, active=0, idle=0, waiting=0)
2026-03-27 10:40:55.428 DEBUG 10280 --- [ruz housekeeper] com.zaxxer.hikari.pool.HikariPool        : ConnDb-Santa_Cruz - After cleanup  stats (total=0, active=0, idle=0, waiting=0)
2026-03-27 10:40:55.428 DEBUG 10280 --- [ruz housekeeper] com.zaxxer.hikari.pool.HikariPool        : ConnDb-Santa_Cruz - Fill pool skipped, pool is at sufficient level.
2026-03-27 10:40:57.744 DEBUG 10280 --- [l-1 housekeeper] com.zaxxer.hikari.pool.HikariPool        : HikariPool-1 - Before cleanup stats (total=4, active=0, idle=4, waiting=0)
2026-03-27 10:40:57.744 DEBUG 10280 --- [l-1 housekeeper] com.zaxxer.hikari.pool.HikariPool        : HikariPool-1 - After cleanup  stats (total=4, active=0, idle=4, waiting=0)
2026-03-27 10:40:57.745 DEBUG 10280 --- [l-1 housekeeper] com.zaxxer.hikari.pool.HikariPool        : HikariPool-1 - Fill pool skipped, pool is at sufficient level.
2026-03-27 10:40:58.187 DEBUG 10280 --- [l-1 housekeeper] com.zaxxer.hikari.pool.HikariPool        : HikariPool-1 - keepalive: connection ConnectionID:19 ClientConnectionId: 0e3815ac-3f56-4ecc-b052-28cf1dc18ba9 is alive
2026-03-27 10:40:59.038 DEBUG 10280 --- [ruz housekeeper] com.zaxxer.hikari.pool.HikariPool        : ConnDb-Santa_Cruz - Before cleanup stats (total=1, active=0, idle=1, waiting=0)
2026-03-27 10:40:59.038 DEBUG 10280 --- [ruz housekeeper] com.zaxxer.hikari.pool.HikariPool        : ConnDb-Santa_Cruz - After cleanup  stats (total=1, active=0, idle=1, waiting=0)
2026-03-27 10:40:59.039 DEBUG 10280 --- [ruz housekeeper] com.zaxxer.hikari.pool.HikariPool        : ConnDb-Santa_Cruz - Fill pool skipped, pool is at sufficient level.
2026-03-27 10:41:19.996 DEBUG 10280 --- [ool housekeeper] com.zaxxer.hikari.pool.HikariPool        : CentralHikariPool - Before cleanup stats (total=2, active=0, idle=2, waiting=0)
2026-03-27 10:41:19.996 DEBUG 10280 --- [ool housekeeper] com.zaxxer.hikari.pool.HikariPool        : CentralHikariPool - After cleanup  stats (total=2, active=0, idle=2, waiting=0)
2026-03-27 10:41:19.997 DEBUG 10280 --- [ool housekeeper] com.zaxxer.hikari.pool.HikariPool        : CentralHikariPool - Fill pool skipped, pool is at sufficient level.
2026-03-27 10:41:25.430 DEBUG 10280 --- [ruz housekeeper] com.zaxxer.hikari.pool.HikariPool        : ConnDb-Santa_Cruz - Before cleanup stats (total=0, active=0, idle=0, waiting=0)
2026-03-27 10:41:25.431 DEBUG 10280 --- [ruz housekeeper] com.zaxxer.hikari.pool.HikariPool        : ConnDb-Santa_Cruz - After cleanup  stats (total=0, active=0, idle=0, waiting=0)
2026-03-27 10:41:25.432 DEBUG 10280 --- [ruz housekeeper] com.zaxxer.hikari.pool.HikariPool        : ConnDb-Santa_Cruz - Fill pool skipped, pool is at sufficient level.
2026-03-27 10:41:27.747 DEBUG 10280 --- [l-1 housekeeper] com.zaxxer.hikari.pool.HikariPool        : HikariPool-1 - Before cleanup stats (total=4, active=0, idle=4, waiting=0)
2026-03-27 10:41:27.747 DEBUG 10280 --- [l-1 housekeeper] com.zaxxer.hikari.pool.HikariPool        : HikariPool-1 - After cleanup  stats (total=4, active=0, idle=4, waiting=0)
2026-03-27 10:41:27.748 DEBUG 10280 --- [l-1 housekeeper] com.zaxxer.hikari.pool.HikariPool        : HikariPool-1 - Fill pool skipped, pool is at sufficient level.
2026-03-27 10:41:29.049 DEBUG 10280 --- [ruz housekeeper] com.zaxxer.hikari.pool.HikariPool        : ConnDb-Santa_Cruz - Before cleanup stats (total=1, active=0, idle=1, waiting=0)
2026-03-27 10:41:29.049 DEBUG 10280 --- [ruz housekeeper] com.zaxxer.hikari.pool.HikariPool        : ConnDb-Santa_Cruz - After cleanup  stats (total=1, active=0, idle=1, waiting=0)
2026-03-27 10:41:29.050 DEBUG 10280 --- [ruz housekeeper] com.zaxxer.hikari.pool.HikariPool        : ConnDb-Santa_Cruz - Fill pool skipped, pool is at sufficient level.
2026-03-27 10:41:36.875 DEBUG 10280 --- [l-1 housekeeper] com.zaxxer.hikari.pool.HikariPool        : HikariPool-1 - keepalive: connection ConnectionID:16 ClientConnectionId: c459611a-2c79-42db-94c8-994847579c1d is alive
2026-03-27 10:41:44.366 DEBUG 10280 --- [l-1 housekeeper] com.zaxxer.hikari.pool.HikariPool        : HikariPool-1 - keepalive: connection ConnectionID:15 ClientConnectionId: f4b48107-c74a-46d4-af06-44f6dbb9f183 is alive
2026-03-27 10:41:50.013 DEBUG 10280 --- [ool housekeeper] com.zaxxer.hikari.pool.HikariPool        : CentralHikariPool - Before cleanup stats (total=2, active=0, idle=2, waiting=0)
2026-03-27 10:41:50.014 DEBUG 10280 --- [ool housekeeper] com.zaxxer.hikari.pool.HikariPool        : CentralHikariPool - After cleanup  stats (total=2, active=0, idle=2, waiting=0)
2026-03-27 10:41:50.014 DEBUG 10280 --- [ool housekeeper] com.zaxxer.hikari.pool.HikariPool        : CentralHikariPool - Fill pool skipped, pool is at sufficient level.
2026-03-27 10:41:55.436 DEBUG 10280 --- [ruz housekeeper] com.zaxxer.hikari.pool.HikariPool        : ConnDb-Santa_Cruz - Before cleanup stats (total=0, active=0, idle=0, waiting=0)
2026-03-27 10:41:55.437 DEBUG 10280 --- [ruz housekeeper] com.zaxxer.hikari.pool.HikariPool        : ConnDb-Santa_Cruz - After cleanup  stats (total=0, active=0, idle=0, waiting=0)
2026-03-27 10:41:55.437 DEBUG 10280 --- [ruz housekeeper] com.zaxxer.hikari.pool.HikariPool        : ConnDb-Santa_Cruz - Fill pool skipped, pool is at sufficient level.
2026-03-27 10:41:57.755 DEBUG 10280 --- [l-1 housekeeper] com.zaxxer.hikari.pool.HikariPool        : HikariPool-1 - Before cleanup stats (total=4, active=0, idle=4, waiting=0)
2026-03-27 10:41:57.755 DEBUG 10280 --- [l-1 housekeeper] com.zaxxer.hikari.pool.HikariPool        : HikariPool-1 - After cleanup  stats (total=4, active=0, idle=4, waiting=0)
2026-03-27 10:41:57.756 DEBUG 10280 --- [l-1 housekeeper] com.zaxxer.hikari.pool.HikariPool        : HikariPool-1 - Fill pool skipped, pool is at sufficient level.
2026-03-27 10:41:59.058 DEBUG 10280 --- [ruz housekeeper] com.zaxxer.hikari.pool.HikariPool        : ConnDb-Santa_Cruz - Before cleanup stats (total=1, active=0, idle=1, waiting=0)
2026-03-27 10:41:59.058 DEBUG 10280 --- [ruz housekeeper] com.zaxxer.hikari.pool.HikariPool        : ConnDb-Santa_Cruz - After cleanup  stats (total=1, active=0, idle=1, waiting=0)
2026-03-27 10:41:59.059 DEBUG 10280 --- [ruz housekeeper] com.zaxxer.hikari.pool.HikariPool        : ConnDb-Santa_Cruz - Fill pool skipped, pool is at sufficient level.
2026-03-27 10:42:20.027 DEBUG 10280 --- [ool housekeeper] com.zaxxer.hikari.pool.HikariPool        : CentralHikariPool - Before cleanup stats (total=2, active=0, idle=2, waiting=0)
2026-03-27 10:42:20.028 DEBUG 10280 --- [ool housekeeper] com.zaxxer.hikari.pool.HikariPool        : CentralHikariPool - After cleanup  stats (total=2, active=0, idle=2, waiting=0)
2026-03-27 10:42:20.028 DEBUG 10280 --- [ool housekeeper] com.zaxxer.hikari.pool.HikariPool        : CentralHikariPool - Fill pool skipped, pool is at sufficient level.
2026-03-27 10:42:25.442 DEBUG 10280 --- [ruz housekeeper] com.zaxxer.hikari.pool.HikariPool        : ConnDb-Santa_Cruz - Before cleanup stats (total=0, active=0, idle=0, waiting=0)
2026-03-27 10:42:25.442 DEBUG 10280 --- [ruz housekeeper] com.zaxxer.hikari.pool.HikariPool        : ConnDb-Santa_Cruz - After cleanup  stats (total=0, active=0, idle=0, waiting=0)
2026-03-27 10:42:25.443 DEBUG 10280 --- [ruz housekeeper] com.zaxxer.hikari.pool.HikariPool        : ConnDb-Santa_Cruz - Fill pool skipped, pool is at sufficient level.
2026-03-27 10:42:27.762 DEBUG 10280 --- [l-1 housekeeper] com.zaxxer.hikari.pool.HikariPool        : HikariPool-1 - Before cleanup stats (total=4, active=0, idle=4, waiting=0)
2026-03-27 10:42:27.764 DEBUG 10280 --- [l-1 housekeeper] com.zaxxer.hikari.pool.HikariPool        : HikariPool-1 - After cleanup  stats (total=3, active=0, idle=3, waiting=0)
2026-03-27 10:42:27.765 DEBUG 10280 --- [l-1 housekeeper] com.zaxxer.hikari.pool.HikariPool        : HikariPool-1 - Fill pool skipped, pool is at sufficient level.
2026-03-27 10:42:27.764 DEBUG 10280 --- [nnection closer] com.zaxxer.hikari.pool.PoolBase          : HikariPool-1 - Closing connection ConnectionID:24 ClientConnectionId: db68fc04-a253-4396-8e1c-7917fc9f22d3: (connection has passed idleTimeout)
2026-03-27 10:42:27.766 DEBUG 10280 --- [nnection closer] com.zaxxer.hikari.pool.HikariPool        : HikariPool-1 - Fill pool skipped, pool is at sufficient level.
2026-03-27 10:42:29.062 DEBUG 10280 --- [ruz housekeeper] com.zaxxer.hikari.pool.HikariPool        : ConnDb-Santa_Cruz - Before cleanup stats (total=1, active=0, idle=1, waiting=0)
2026-03-27 10:42:29.063 DEBUG 10280 --- [ruz housekeeper] com.zaxxer.hikari.pool.HikariPool        : ConnDb-Santa_Cruz - After cleanup  stats (total=1, active=0, idle=1, waiting=0)
2026-03-27 10:42:29.063 DEBUG 10280 --- [ruz housekeeper] com.zaxxer.hikari.pool.HikariPool        : ConnDb-Santa_Cruz - Fill pool skipped, pool is at sufficient level.
2026-03-27 10:42:30.194 DEBUG 10280 --- [ool housekeeper] com.zaxxer.hikari.pool.HikariPool        : CentralHikariPool - keepalive: connection ConnectionID:18 ClientConnectionId: e264dd9c-e463-4bf2-becc-2b394824df7a is alive
2026-03-27 10:42:36.593 DEBUG 10280 --- [ool housekeeper] com.zaxxer.hikari.pool.HikariPool        : CentralHikariPool - keepalive: connection ConnectionID:45 ClientConnectionId: 7ba8864f-fa6d-45cc-8a3a-86c6dbe303df is alive
2026-03-27 10:42:50.034 DEBUG 10280 --- [ool housekeeper] com.zaxxer.hikari.pool.HikariPool        : CentralHikariPool - Before cleanup stats (total=2, active=0, idle=2, waiting=0)
2026-03-27 10:42:50.035 DEBUG 10280 --- [ool housekeeper] com.zaxxer.hikari.pool.HikariPool        : CentralHikariPool - After cleanup  stats (total=0, active=0, idle=0, waiting=0)
2026-03-27 10:42:50.035 DEBUG 10280 --- [nnection closer] com.zaxxer.hikari.pool.PoolBase          : CentralHikariPool - Closing connection ConnectionID:45 ClientConnectionId: 7ba8864f-fa6d-45cc-8a3a-86c6dbe303df: (connection has passed idleTimeout)
2026-03-27 10:42:50.035 DEBUG 10280 --- [ool housekeeper] com.zaxxer.hikari.pool.HikariPool        : CentralHikariPool - Fill pool skipped, pool is at sufficient level.
2026-03-27 10:42:50.036 DEBUG 10280 --- [nnection closer] com.zaxxer.hikari.pool.HikariPool        : CentralHikariPool - Fill pool skipped, pool is at sufficient level.
2026-03-27 10:42:50.037 DEBUG 10280 --- [nnection closer] com.zaxxer.hikari.pool.PoolBase          : CentralHikariPool - Closing connection ConnectionID:18 ClientConnectionId: e264dd9c-e463-4bf2-becc-2b394824df7a: (connection has passed idleTimeout)
2026-03-27 10:42:50.037 DEBUG 10280 --- [nnection closer] com.zaxxer.hikari.pool.HikariPool        : CentralHikariPool - Fill pool skipped, pool is at sufficient level.
2026-03-27 10:42:55.449 DEBUG 10280 --- [ruz housekeeper] com.zaxxer.hikari.pool.HikariPool        : ConnDb-Santa_Cruz - Before cleanup stats (total=0, active=0, idle=0, waiting=0)
2026-03-27 10:42:55.451 DEBUG 10280 --- [ruz housekeeper] com.zaxxer.hikari.pool.HikariPool        : ConnDb-Santa_Cruz - After cleanup  stats (total=0, active=0, idle=0, waiting=0)
2026-03-27 10:42:55.452 DEBUG 10280 --- [ruz housekeeper] com.zaxxer.hikari.pool.HikariPool        : ConnDb-Santa_Cruz - Fill pool skipped, pool is at sufficient level.
2026-03-27 10:42:56.448 DEBUG 10280 --- [l-1 housekeeper] com.zaxxer.hikari.pool.HikariPool        : HikariPool-1 - keepalive: connection ConnectionID:19 ClientConnectionId: 0e3815ac-3f56-4ecc-b052-28cf1dc18ba9 is alive
2026-03-27 10:42:57.768 DEBUG 10280 --- [l-1 housekeeper] com.zaxxer.hikari.pool.HikariPool        : HikariPool-1 - Before cleanup stats (total=3, active=0, idle=3, waiting=0)
2026-03-27 10:42:57.769 DEBUG 10280 --- [l-1 housekeeper] com.zaxxer.hikari.pool.HikariPool        : HikariPool-1 - After cleanup  stats (total=0, active=0, idle=0, waiting=0)
2026-03-27 10:42:57.769 DEBUG 10280 --- [l-1 housekeeper] com.zaxxer.hikari.pool.HikariPool        : HikariPool-1 - Fill pool skipped, pool is at sufficient level.
2026-03-27 10:42:57.769 DEBUG 10280 --- [nnection closer] com.zaxxer.hikari.pool.PoolBase          : HikariPool-1 - Closing connection ConnectionID:19 ClientConnectionId: 0e3815ac-3f56-4ecc-b052-28cf1dc18ba9: (connection has passed idleTimeout)
2026-03-27 10:42:57.770 DEBUG 10280 --- [nnection closer] com.zaxxer.hikari.pool.HikariPool        : HikariPool-1 - Fill pool skipped, pool is at sufficient level.
2026-03-27 10:42:57.771 DEBUG 10280 --- [nnection closer] com.zaxxer.hikari.pool.PoolBase          : HikariPool-1 - Closing connection ConnectionID:16 ClientConnectionId: c459611a-2c79-42db-94c8-994847579c1d: (connection has passed idleTimeout)
2026-03-27 10:42:57.772 DEBUG 10280 --- [nnection closer] com.zaxxer.hikari.pool.HikariPool        : HikariPool-1 - Fill pool skipped, pool is at sufficient level.
2026-03-27 10:42:57.773 DEBUG 10280 --- [nnection closer] com.zaxxer.hikari.pool.PoolBase          : HikariPool-1 - Closing connection ConnectionID:15 ClientConnectionId: f4b48107-c74a-46d4-af06-44f6dbb9f183: (connection has passed idleTimeout)
2026-03-27 10:42:57.773 DEBUG 10280 --- [nnection closer] com.zaxxer.hikari.pool.HikariPool        : HikariPool-1 - Fill pool skipped, pool is at sufficient level.
2026-03-27 10:42:59.079 DEBUG 10280 --- [ruz housekeeper] com.zaxxer.hikari.pool.HikariPool        : ConnDb-Santa_Cruz - Before cleanup stats (total=1, active=0, idle=1, waiting=0)
2026-03-27 10:42:59.089 DEBUG 10280 --- [ruz housekeeper] com.zaxxer.hikari.pool.HikariPool        : ConnDb-Santa_Cruz - After cleanup  stats (total=1, active=0, idle=1, waiting=0)
2026-03-27 10:42:59.144 DEBUG 10280 --- [ruz housekeeper] com.zaxxer.hikari.pool.HikariPool        : ConnDb-Santa_Cruz - Fill pool skipped, pool is at sufficient level.
2026-03-27 10:43:20.047 DEBUG 10280 --- [ool housekeeper] com.zaxxer.hikari.pool.HikariPool        : CentralHikariPool - Before cleanup stats (total=0, active=0, idle=0, waiting=0)
2026-03-27 10:43:20.048 DEBUG 10280 --- [ool housekeeper] com.zaxxer.hikari.pool.HikariPool        : CentralHikariPool - After cleanup  stats (total=0, active=0, idle=0, waiting=0)
2026-03-27 10:43:20.048 DEBUG 10280 --- [ool housekeeper] com.zaxxer.hikari.pool.HikariPool        : CentralHikariPool - Fill pool skipped, pool is at sufficient level.
2026-03-27 10:43:25.468 DEBUG 10280 --- [ruz housekeeper] com.zaxxer.hikari.pool.HikariPool        : ConnDb-Santa_Cruz - Before cleanup stats (total=0, active=0, idle=0, waiting=0)
2026-03-27 10:43:25.469 DEBUG 10280 --- [ruz housekeeper] com.zaxxer.hikari.pool.HikariPool        : ConnDb-Santa_Cruz - After cleanup  stats (total=0, active=0, idle=0, waiting=0)
2026-03-27 10:43:25.469 DEBUG 10280 --- [ruz housekeeper] com.zaxxer.hikari.pool.HikariPool        : ConnDb-Santa_Cruz - Fill pool skipped, pool is at sufficient level.
2026-03-27 10:43:27.785 DEBUG 10280 --- [l-1 housekeeper] com.zaxxer.hikari.pool.HikariPool        : HikariPool-1 - Before cleanup stats (total=0, active=0, idle=0, waiting=0)
2026-03-27 10:43:27.786 DEBUG 10280 --- [l-1 housekeeper] com.zaxxer.hikari.pool.HikariPool        : HikariPool-1 - After cleanup  stats (total=0, active=0, idle=0, waiting=0)
2026-03-27 10:43:27.786 DEBUG 10280 --- [l-1 housekeeper] com.zaxxer.hikari.pool.HikariPool        : HikariPool-1 - Fill pool skipped, pool is at sufficient level.
2026-03-27 10:43:29.200 DEBUG 10280 --- [ruz housekeeper] com.zaxxer.hikari.pool.HikariPool        : ConnDb-Santa_Cruz - Before cleanup stats (total=1, active=0, idle=1, waiting=0)
2026-03-27 10:43:29.200 DEBUG 10280 --- [ruz housekeeper] com.zaxxer.hikari.pool.HikariPool        : ConnDb-Santa_Cruz - After cleanup  stats (total=1, active=0, idle=1, waiting=0)
2026-03-27 10:43:29.201 DEBUG 10280 --- [ruz housekeeper] com.zaxxer.hikari.pool.HikariPool        : ConnDb-Santa_Cruz - Fill pool skipped, pool is at sufficient level.
2026-03-27 10:43:50.050 DEBUG 10280 --- [ool housekeeper] com.zaxxer.hikari.pool.HikariPool        : CentralHikariPool - Before cleanup stats (total=0, active=0, idle=0, waiting=0)
2026-03-27 10:43:50.051 DEBUG 10280 --- [ool housekeeper] com.zaxxer.hikari.pool.HikariPool        : CentralHikariPool - After cleanup  stats (total=0, active=0, idle=0, waiting=0)
2026-03-27 10:43:50.051 DEBUG 10280 --- [ool housekeeper] com.zaxxer.hikari.pool.HikariPool        : CentralHikariPool - Fill pool skipped, pool is at sufficient level.
2026-03-27 10:43:55.478 DEBUG 10280 --- [ruz housekeeper] com.zaxxer.hikari.pool.HikariPool        : ConnDb-Santa_Cruz - Before cleanup stats (total=0, active=0, idle=0, waiting=0)
2026-03-27 10:43:55.478 DEBUG 10280 --- [ruz housekeeper] com.zaxxer.hikari.pool.HikariPool        : ConnDb-Santa_Cruz - After cleanup  stats (total=0, active=0, idle=0, waiting=0)
2026-03-27 10:43:55.479 DEBUG 10280 --- [ruz housekeeper] com.zaxxer.hikari.pool.HikariPool        : ConnDb-Santa_Cruz - Fill pool skipped, pool is at sufficient level.
2026-03-27 10:43:57.798 DEBUG 10280 --- [l-1 housekeeper] com.zaxxer.hikari.pool.HikariPool        : HikariPool-1 - Before cleanup stats (total=0, active=0, idle=0, waiting=0)
2026-03-27 10:43:57.798 DEBUG 10280 --- [l-1 housekeeper] com.zaxxer.hikari.pool.HikariPool        : HikariPool-1 - After cleanup  stats (total=0, active=0, idle=0, waiting=0)
2026-03-27 10:43:57.799 DEBUG 10280 --- [l-1 housekeeper] com.zaxxer.hikari.pool.HikariPool        : HikariPool-1 - Fill pool skipped, pool is at sufficient level.
2026-03-27 10:43:59.208 DEBUG 10280 --- [ruz housekeeper] com.zaxxer.hikari.pool.HikariPool        : ConnDb-Santa_Cruz - Before cleanup stats (total=1, active=0, idle=1, waiting=0)
2026-03-27 10:43:59.209 DEBUG 10280 --- [ruz housekeeper] com.zaxxer.hikari.pool.HikariPool        : ConnDb-Santa_Cruz - After cleanup  stats (total=1, active=0, idle=1, waiting=0)
2026-03-27 10:43:59.209 DEBUG 10280 --- [ruz housekeeper] com.zaxxer.hikari.pool.HikariPool        : ConnDb-Santa_Cruz - Fill pool skipped, pool is at sufficient level.
2026-03-27 10:44:20.056 DEBUG 10280 --- [ool housekeeper] com.zaxxer.hikari.pool.HikariPool        : CentralHikariPool - Before cleanup stats (total=0, active=0, idle=0, waiting=0)
2026-03-27 10:44:20.056 DEBUG 10280 --- [ool housekeeper] com.zaxxer.hikari.pool.HikariPool        : CentralHikariPool - After cleanup  stats (total=0, active=0, idle=0, waiting=0)
2026-03-27 10:44:20.059 DEBUG 10280 --- [ool housekeeper] com.zaxxer.hikari.pool.HikariPool        : CentralHikariPool - Fill pool skipped, pool is at sufficient level.
2026-03-27 10:44:25.486 DEBUG 10280 --- [ruz housekeeper] com.zaxxer.hikari.pool.HikariPool        : ConnDb-Santa_Cruz - Before cleanup stats (total=0, active=0, idle=0, waiting=0)
2026-03-27 10:44:25.486 DEBUG 10280 --- [ruz housekeeper] com.zaxxer.hikari.pool.HikariPool        : ConnDb-Santa_Cruz - After cleanup  stats (total=0, active=0, idle=0, waiting=0)
2026-03-27 10:44:25.487 DEBUG 10280 --- [ruz housekeeper] com.zaxxer.hikari.pool.HikariPool        : ConnDb-Santa_Cruz - Fill pool skipped, pool is at sufficient level.
2026-03-27 10:44:27.805 DEBUG 10280 --- [l-1 housekeeper] com.zaxxer.hikari.pool.HikariPool        : HikariPool-1 - Before cleanup stats (total=0, active=0, idle=0, waiting=0)
2026-03-27 10:44:27.806 DEBUG 10280 --- [l-1 housekeeper] com.zaxxer.hikari.pool.HikariPool        : HikariPool-1 - After cleanup  stats (total=0, active=0, idle=0, waiting=0)
2026-03-27 10:44:27.807 DEBUG 10280 --- [l-1 housekeeper] com.zaxxer.hikari.pool.HikariPool        : HikariPool-1 - Fill pool skipped, pool is at sufficient level.
2026-03-27 10:44:29.216 DEBUG 10280 --- [ruz housekeeper] com.zaxxer.hikari.pool.HikariPool        : ConnDb-Santa_Cruz - Before cleanup stats (total=1, active=0, idle=1, waiting=0)
2026-03-27 10:44:29.236 DEBUG 10280 --- [ruz housekeeper] com.zaxxer.hikari.pool.HikariPool        : ConnDb-Santa_Cruz - After cleanup  stats (total=1, active=0, idle=1, waiting=0)
2026-03-27 10:44:29.295 DEBUG 10280 --- [ruz housekeeper] com.zaxxer.hikari.pool.HikariPool        : ConnDb-Santa_Cruz - Fill pool skipped, pool is at sufficient level.
2026-03-27 10:44:50.070 DEBUG 10280 --- [ool housekeeper] com.zaxxer.hikari.pool.HikariPool        : CentralHikariPool - Before cleanup stats (total=0, active=0, idle=0, waiting=0)
2026-03-27 10:44:50.071 DEBUG 10280 --- [ool housekeeper] com.zaxxer.hikari.pool.HikariPool        : CentralHikariPool - After cleanup  stats (total=0, active=0, idle=0, waiting=0)
2026-03-27 10:44:50.072 DEBUG 10280 --- [ool housekeeper] com.zaxxer.hikari.pool.HikariPool        : CentralHikariPool - Fill pool skipped, pool is at sufficient level.
2026-03-27 10:44:55.500 DEBUG 10280 --- [ruz housekeeper] com.zaxxer.hikari.pool.HikariPool        : ConnDb-Santa_Cruz - Before cleanup stats (total=0, active=0, idle=0, waiting=0)
2026-03-27 10:44:55.501 DEBUG 10280 --- [ruz housekeeper] com.zaxxer.hikari.pool.HikariPool        : ConnDb-Santa_Cruz - After cleanup  stats (total=0, active=0, idle=0, waiting=0)
2026-03-27 10:44:55.501 DEBUG 10280 --- [ruz housekeeper] com.zaxxer.hikari.pool.HikariPool        : ConnDb-Santa_Cruz - Fill pool skipped, pool is at sufficient level.
2026-03-27 10:44:57.817 DEBUG 10280 --- [l-1 housekeeper] com.zaxxer.hikari.pool.HikariPool        : HikariPool-1 - Before cleanup stats (total=0, active=0, idle=0, waiting=0)
2026-03-27 10:44:57.817 DEBUG 10280 --- [l-1 housekeeper] com.zaxxer.hikari.pool.HikariPool        : HikariPool-1 - After cleanup  stats (total=0, active=0, idle=0, waiting=0)
2026-03-27 10:44:57.818 DEBUG 10280 --- [l-1 housekeeper] com.zaxxer.hikari.pool.HikariPool        : HikariPool-1 - Fill pool skipped, pool is at sufficient level.
2026-03-27 10:44:59.365 DEBUG 10280 --- [ruz housekeeper] com.zaxxer.hikari.pool.HikariPool        : ConnDb-Santa_Cruz - Before cleanup stats (total=1, active=0, idle=1, waiting=0)
2026-03-27 10:44:59.365 DEBUG 10280 --- [ruz housekeeper] com.zaxxer.hikari.pool.HikariPool        : ConnDb-Santa_Cruz - After cleanup  stats (total=1, active=0, idle=1, waiting=0)
2026-03-27 10:44:59.366 DEBUG 10280 --- [ruz housekeeper] com.zaxxer.hikari.pool.HikariPool        : ConnDb-Santa_Cruz - Fill pool skipped, pool is at sufficient level.
2026-03-27 10:45:20.087 DEBUG 10280 --- [ool housekeeper] com.zaxxer.hikari.pool.HikariPool        : CentralHikariPool - Before cleanup stats (total=0, active=0, idle=0, waiting=0)
2026-03-27 10:45:20.089 DEBUG 10280 --- [ool housekeeper] com.zaxxer.hikari.pool.HikariPool        : CentralHikariPool - After cleanup  stats (total=0, active=0, idle=0, waiting=0)
2026-03-27 10:45:20.090 DEBUG 10280 --- [ool housekeeper] com.zaxxer.hikari.pool.HikariPool        : CentralHikariPool - Fill pool skipped, pool is at sufficient level.
2026-03-27 10:45:25.509 DEBUG 10280 --- [ruz housekeeper] com.zaxxer.hikari.pool.HikariPool        : ConnDb-Santa_Cruz - Before cleanup stats (total=0, active=0, idle=0, waiting=0)
2026-03-27 10:45:25.509 DEBUG 10280 --- [ruz housekeeper] com.zaxxer.hikari.pool.HikariPool        : ConnDb-Santa_Cruz - After cleanup  stats (total=0, active=0, idle=0, waiting=0)
2026-03-27 10:45:25.510 DEBUG 10280 --- [ruz housekeeper] com.zaxxer.hikari.pool.HikariPool        : ConnDb-Santa_Cruz - Fill pool skipped, pool is at sufficient level.
2026-03-27 10:45:27.833 DEBUG 10280 --- [l-1 housekeeper] com.zaxxer.hikari.pool.HikariPool        : HikariPool-1 - Before cleanup stats (total=0, active=0, idle=0, waiting=0)
2026-03-27 10:45:27.833 DEBUG 10280 --- [l-1 housekeeper] com.zaxxer.hikari.pool.HikariPool        : HikariPool-1 - After cleanup  stats (total=0, active=0, idle=0, waiting=0)
2026-03-27 10:45:27.834 DEBUG 10280 --- [l-1 housekeeper] com.zaxxer.hikari.pool.HikariPool        : HikariPool-1 - Fill pool skipped, pool is at sufficient level.
2026-03-27 10:45:29.371 DEBUG 10280 --- [ruz housekeeper] com.zaxxer.hikari.pool.HikariPool        : ConnDb-Santa_Cruz - Before cleanup stats (total=1, active=0, idle=1, waiting=0)
2026-03-27 10:45:29.371 DEBUG 10280 --- [ruz housekeeper] com.zaxxer.hikari.pool.HikariPool        : ConnDb-Santa_Cruz - After cleanup  stats (total=1, active=0, idle=1, waiting=0)
2026-03-27 10:45:29.373 DEBUG 10280 --- [ruz housekeeper] com.zaxxer.hikari.pool.HikariPool        : ConnDb-Santa_Cruz - Fill pool skipped, pool is at sufficient level.
2026-03-27 10:45:50.107 DEBUG 10280 --- [ool housekeeper] com.zaxxer.hikari.pool.HikariPool        : CentralHikariPool - Before cleanup stats (total=0, active=0, idle=0, waiting=0)
2026-03-27 10:45:50.107 DEBUG 10280 --- [ool housekeeper] com.zaxxer.hikari.pool.HikariPool        : CentralHikariPool - After cleanup  stats (total=0, active=0, idle=0, waiting=0)
2026-03-27 10:45:50.108 DEBUG 10280 --- [ool housekeeper] com.zaxxer.hikari.pool.HikariPool        : CentralHikariPool - Fill pool skipped, pool is at sufficient level.
2026-03-27 10:45:55.521 DEBUG 10280 --- [ruz housekeeper] com.zaxxer.hikari.pool.HikariPool        : ConnDb-Santa_Cruz - Before cleanup stats (total=0, active=0, idle=0, waiting=0)
2026-03-27 10:45:55.537 DEBUG 10280 --- [ruz housekeeper] com.zaxxer.hikari.pool.HikariPool        : ConnDb-Santa_Cruz - After cleanup  stats (total=0, active=0, idle=0, waiting=0)
2026-03-27 10:45:55.538 DEBUG 10280 --- [ruz housekeeper] com.zaxxer.hikari.pool.HikariPool        : ConnDb-Santa_Cruz - Fill pool skipped, pool is at sufficient level.
2026-03-27 10:45:57.848 DEBUG 10280 --- [l-1 housekeeper] com.zaxxer.hikari.pool.HikariPool        : HikariPool-1 - Before cleanup stats (total=0, active=0, idle=0, waiting=0)
2026-03-27 10:45:57.849 DEBUG 10280 --- [l-1 housekeeper] com.zaxxer.hikari.pool.HikariPool        : HikariPool-1 - After cleanup  stats (total=0, active=0, idle=0, waiting=0)
2026-03-27 10:45:57.850 DEBUG 10280 --- [l-1 housekeeper] com.zaxxer.hikari.pool.HikariPool        : HikariPool-1 - Fill pool skipped, pool is at sufficient level.
2026-03-27 10:45:59.377 DEBUG 10280 --- [ruz housekeeper] com.zaxxer.hikari.pool.HikariPool        : ConnDb-Santa_Cruz - Before cleanup stats (total=1, active=0, idle=1, waiting=0)
2026-03-27 10:45:59.378 DEBUG 10280 --- [ruz housekeeper] com.zaxxer.hikari.pool.HikariPool        : ConnDb-Santa_Cruz - After cleanup  stats (total=1, active=0, idle=1, waiting=0)
2026-03-27 10:45:59.378 DEBUG 10280 --- [ruz housekeeper] com.zaxxer.hikari.pool.HikariPool        : ConnDb-Santa_Cruz - Fill pool skipped, pool is at sufficient level.
2026-03-27 10:46:20.121 DEBUG 10280 --- [ool housekeeper] com.zaxxer.hikari.pool.HikariPool        : CentralHikariPool - Before cleanup stats (total=0, active=0, idle=0, waiting=0)
2026-03-27 10:46:20.123 DEBUG 10280 --- [ool housekeeper] com.zaxxer.hikari.pool.HikariPool        : CentralHikariPool - After cleanup  stats (total=0, active=0, idle=0, waiting=0)
2026-03-27 10:46:20.124 DEBUG 10280 --- [ool housekeeper] com.zaxxer.hikari.pool.HikariPool        : CentralHikariPool - Fill pool skipped, pool is at sufficient level.
2026-03-27 10:46:25.556 DEBUG 10280 --- [ruz housekeeper] com.zaxxer.hikari.pool.HikariPool        : ConnDb-Santa_Cruz - Before cleanup stats (total=0, active=0, idle=0, waiting=0)
2026-03-27 10:46:25.556 DEBUG 10280 --- [ruz housekeeper] com.zaxxer.hikari.pool.HikariPool        : ConnDb-Santa_Cruz - After cleanup  stats (total=0, active=0, idle=0, waiting=0)
2026-03-27 10:46:25.557 DEBUG 10280 --- [ruz housekeeper] com.zaxxer.hikari.pool.HikariPool        : ConnDb-Santa_Cruz - Fill pool skipped, pool is at sufficient level.
2026-03-27 10:46:27.851 DEBUG 10280 --- [l-1 housekeeper] com.zaxxer.hikari.pool.HikariPool        : HikariPool-1 - Before cleanup stats (total=0, active=0, idle=0, waiting=0)
2026-03-27 10:46:27.851 DEBUG 10280 --- [l-1 housekeeper] com.zaxxer.hikari.pool.HikariPool        : HikariPool-1 - After cleanup  stats (total=0, active=0, idle=0, waiting=0)
2026-03-27 10:46:27.852 DEBUG 10280 --- [l-1 housekeeper] com.zaxxer.hikari.pool.HikariPool        : HikariPool-1 - Fill pool skipped, pool is at sufficient level.
2026-03-27 10:46:29.394 DEBUG 10280 --- [ruz housekeeper] com.zaxxer.hikari.pool.HikariPool        : ConnDb-Santa_Cruz - Before cleanup stats (total=1, active=0, idle=1, waiting=0)
2026-03-27 10:46:29.395 DEBUG 10280 --- [ruz housekeeper] com.zaxxer.hikari.pool.HikariPool        : ConnDb-Santa_Cruz - After cleanup  stats (total=1, active=0, idle=1, waiting=0)
2026-03-27 10:46:29.395 DEBUG 10280 --- [ruz housekeeper] com.zaxxer.hikari.pool.HikariPool        : ConnDb-Santa_Cruz - Fill pool skipped, pool is at sufficient level.
2026-03-27 10:46:50.130 DEBUG 10280 --- [ool housekeeper] com.zaxxer.hikari.pool.HikariPool        : CentralHikariPool - Before cleanup stats (total=0, active=0, idle=0, waiting=0)
2026-03-27 10:46:50.131 DEBUG 10280 --- [ool housekeeper] com.zaxxer.hikari.pool.HikariPool        : CentralHikariPool - After cleanup  stats (total=0, active=0, idle=0, waiting=0)
2026-03-27 10:46:50.131 DEBUG 10280 --- [ool housekeeper] com.zaxxer.hikari.pool.HikariPool        : CentralHikariPool - Fill pool skipped, pool is at sufficient level.
2026-03-27 10:46:55.564 DEBUG 10280 --- [ruz housekeeper] com.zaxxer.hikari.pool.HikariPool        : ConnDb-Santa_Cruz - Before cleanup stats (total=0, active=0, idle=0, waiting=0)
2026-03-27 10:46:55.565 DEBUG 10280 --- [ruz housekeeper] com.zaxxer.hikari.pool.HikariPool        : ConnDb-Santa_Cruz - After cleanup  stats (total=0, active=0, idle=0, waiting=0)
2026-03-27 10:46:55.565 DEBUG 10280 --- [ruz housekeeper] com.zaxxer.hikari.pool.HikariPool        : ConnDb-Santa_Cruz - Fill pool skipped, pool is at sufficient level.
2026-03-27 10:46:57.858 DEBUG 10280 --- [l-1 housekeeper] com.zaxxer.hikari.pool.HikariPool        : HikariPool-1 - Before cleanup stats (total=0, active=0, idle=0, waiting=0)
2026-03-27 10:46:57.859 DEBUG 10280 --- [l-1 housekeeper] com.zaxxer.hikari.pool.HikariPool        : HikariPool-1 - After cleanup  stats (total=0, active=0, idle=0, waiting=0)
2026-03-27 10:46:57.861 DEBUG 10280 --- [l-1 housekeeper] com.zaxxer.hikari.pool.HikariPool        : HikariPool-1 - Fill pool skipped, pool is at sufficient level.
2026-03-27 10:46:59.408 DEBUG 10280 --- [ruz housekeeper] com.zaxxer.hikari.pool.HikariPool        : ConnDb-Santa_Cruz - Before cleanup stats (total=1, active=0, idle=1, waiting=0)
2026-03-27 10:46:59.409 DEBUG 10280 --- [ruz housekeeper] com.zaxxer.hikari.pool.HikariPool        : ConnDb-Santa_Cruz - After cleanup  stats (total=0, active=0, idle=0, waiting=0)
2026-03-27 10:46:59.409 DEBUG 10280 --- [ruz housekeeper] com.zaxxer.hikari.pool.HikariPool        : ConnDb-Santa_Cruz - Fill pool skipped, pool is at sufficient level.
2026-03-27 10:46:59.409 DEBUG 10280 --- [nnection closer] com.zaxxer.hikari.pool.PoolBase          : ConnDb-Santa_Cruz - Closing connection ConnectionID:17 ClientConnectionId: 4925c27e-d18d-4214-92bf-81556c8c8420: (connection has passed idleTimeout)
2026-03-27 10:46:59.410 DEBUG 10280 --- [nnection closer] com.zaxxer.hikari.pool.HikariPool        : ConnDb-Santa_Cruz - Fill pool skipped, pool is at sufficient level.
2026-03-27 10:47:20.141 DEBUG 10280 --- [ool housekeeper] com.zaxxer.hikari.pool.HikariPool        : CentralHikariPool - Before cleanup stats (total=0, active=0, idle=0, waiting=0)
2026-03-27 10:47:20.142 DEBUG 10280 --- [ool housekeeper] com.zaxxer.hikari.pool.HikariPool        : CentralHikariPool - After cleanup  stats (total=0, active=0, idle=0, waiting=0)
2026-03-27 10:47:20.145 DEBUG 10280 --- [ool housekeeper] com.zaxxer.hikari.pool.HikariPool        : CentralHikariPool - Fill pool skipped, pool is at sufficient level.
2026-03-27 10:47:25.581 DEBUG 10280 --- [ruz housekeeper] com.zaxxer.hikari.pool.HikariPool        : ConnDb-Santa_Cruz - Before cleanup stats (total=0, active=0, idle=0, waiting=0)
2026-03-27 10:47:25.582 DEBUG 10280 --- [ruz housekeeper] com.zaxxer.hikari.pool.HikariPool        : ConnDb-Santa_Cruz - After cleanup  stats (total=0, active=0, idle=0, waiting=0)
2026-03-27 10:47:25.583 DEBUG 10280 --- [ruz housekeeper] com.zaxxer.hikari.pool.HikariPool        : ConnDb-Santa_Cruz - Fill pool skipped, pool is at sufficient level.
2026-03-27 10:47:27.869 DEBUG 10280 --- [l-1 housekeeper] com.zaxxer.hikari.pool.HikariPool        : HikariPool-1 - Before cleanup stats (total=0, active=0, idle=0, waiting=0)
2026-03-27 10:47:27.870 DEBUG 10280 --- [l-1 housekeeper] com.zaxxer.hikari.pool.HikariPool        : HikariPool-1 - After cleanup  stats (total=0, active=0, idle=0, waiting=0)
2026-03-27 10:47:27.870 DEBUG 10280 --- [l-1 housekeeper] com.zaxxer.hikari.pool.HikariPool        : HikariPool-1 - Fill pool skipped, pool is at sufficient level.
2026-03-27 10:47:29.411 DEBUG 10280 --- [ruz housekeeper] com.zaxxer.hikari.pool.HikariPool        : ConnDb-Santa_Cruz - Before cleanup stats (total=0, active=0, idle=0, waiting=0)
2026-03-27 10:47:29.502 DEBUG 10280 --- [ruz housekeeper] com.zaxxer.hikari.pool.HikariPool        : ConnDb-Santa_Cruz - After cleanup  stats (total=0, active=0, idle=0, waiting=0)
2026-03-27 10:47:29.632 DEBUG 10280 --- [ruz housekeeper] com.zaxxer.hikari.pool.HikariPool        : ConnDb-Santa_Cruz - Fill pool skipped, pool is at sufficient level.
2026-03-27 10:47:50.154 DEBUG 10280 --- [ool housekeeper] com.zaxxer.hikari.pool.HikariPool        : CentralHikariPool - Before cleanup stats (total=0, active=0, idle=0, waiting=0)
2026-03-27 10:47:50.348 DEBUG 10280 --- [ool housekeeper] com.zaxxer.hikari.pool.HikariPool        : CentralHikariPool - After cleanup  stats (total=0, active=0, idle=0, waiting=0)
2026-03-27 10:47:50.415 DEBUG 10280 --- [ool housekeeper] com.zaxxer.hikari.pool.HikariPool        : CentralHikariPool - Fill pool skipped, pool is at sufficient level.
